time_utc,Download_Key,value,rolling_median,departure,Flags
2024-10-01 19:00:00,BLU.Flow-In.Ave.15Minutes.3Hours.MIXED-COMPUTED-REV,-12.07,4.42,-16.49,NEGATIVE
2024-10-01 20:00:00,BLU.Flow-In.Ave.15Minutes.3Hours.MIXED-COMPUTED-REV,-14.79,0.90,-15.69,NEGATIVE
2024-10-01 21:00:00,BLU.Flow-In.Ave.15Minutes.3Hours.MIXED-COMPUTED-REV,-14.17,-1.95,-12.23,NEGATIVE
2024-10-01 22:00:00,BLU.Flow-In.Ave.15Minutes.3Hours.MIXED-COMPUTED-REV,-14.03,-1.95,-12.08,NEGATIVE
2024-10-01 23:00:00,BLU.Flow-In.Ave.15Minutes.3Hours.MIXED-COMPUTED-REV,-13.76,-1.95,-11.82,NEGATIVE
2024-10-02 00:00:00,BLU.Flow-In.Ave.15Minutes.3Hours.MIXED-COMPUTED-REV,-13.56,-2.15,-11.41,NEGATIVE
2024-10-02 01:00:00,BLU.Flow-In.Ave.15Minutes.3Hours.MIXED-COMPUTED-REV,-13.21,-3.46,-9.75,NEGATIVE
2024-10-02 02:00:00,BLU.Flow-In.Ave.15Minutes.3Hours.MIXED-COMPUTED-REV,-12.53,-4.81,-7.72,NEGATIVE
2024-10-02 03:00:00,BLU.Flow-In.Ave.15Minutes.3Hours.MIXED-COMPUTED-REV,-5.38,-5.38,0.00,NEGATIVE
2024-10-02 06:00:00,BLU.Flow-In.Ave.15Minutes.3Hours.MIXED-COMPUTED-REV,-1.95,-9.81,7.86,NEGATIVE
2024-10-02 07:00:00,BLU.Flow-In.Ave.15Minutes.3Hours.MIXED-COMPUTED-REV,-11.58,-9.81,-1.77,NEGATIVE
2024-10-02 08:00:00,BLU.Flow-In.Ave.15Minutes.3Hours.MIXED-COMPUTED-REV,-10.29,-7.78,-2.51,NEGATIVE
2024-10-02 09:00:00,BLU.Flow-In.Ave.15Minutes.3Hours.MIXED-COMPUTED-REV,-3.46,-6.72,3.25,NEGATIVE
2024-10-02 12:00:00,BLU.Flow-In.Ave.15Minutes.3Hours.MIXED-COMPUTED-REV,-2.15,-3.46,1.31,NEGATIVE
2024-10-02 13:00:00,BLU.Flow-In.Ave.15Minutes.3Hours.MIXED-COMPUTED-REV,-4.81,-2.15,-2.66,NEGATIVE
2024-10-02 14:00:00,BLU.Flow-In.Ave.15Minutes.3Hours.MIXED-COMPUTED-REV,-10.36,-1.95,-8.41,NEGATIVE
2024-10-02 15:00:00,BLU.Flow-In.Ave.15Minutes.3Hours.MIXED-COMPUTED-REV,-7.78,3.13,-10.91,NEGATIVE
2024-10-02 16:00:00,BLU.Flow-In.Ave.15Minutes.3Hours.MIXED-COMPUTED-REV,-9.81,4.42,-14.23,NEGATIVE
2024-10-02 17:00:00,BLU.Flow-In.Ave.15Minutes.3Hours.MIXED-COMPUTED-REV,-10.17,4.54,-14.71,NEGATIVE
2024-10-02 18:00:00,BLU.Flow-In.Ave.15Minutes.3Hours.MIXED-COMPUTED-REV,-6.72,4.54,-11.26,NEGATIVE
2024-10-03 21:00:00,BLU.Flow-In.Ave.15Minutes.3Hours.MIXED-COMPUTED-REV,-0.23,3.03,-3.26,NEGATIVE
2024-10-03 22:00:00,BLU.Flow-In.Ave.15Minutes.3Hours.MIXED-COMPUTED-REV,-15.59,-0.23,-15.36,NEGATIVE
2024-10-03 23:00:00,BLU.Flow-In.Ave.15Minutes.3Hours.MIXED-COMPUTED-REV,-22.85,-0.27,-22.58,NEGATIVE
2024-10-04 00:00:00,BLU.Flow-In.Ave.15Minutes.3Hours.MIXED-COMPUTED-REV,-19.49,-3.03,-16.45,NEGATIVE
2024-10-04 01:00:00,BLU.Flow-In.Ave.15Minutes.3Hours.MIXED-COMPUTED-REV,-14.09,-6.24,-7.85,NEGATIVE
2024-10-04 02:00:00,BLU.Flow-In.Ave.15Minutes.3Hours.MIXED-COMPUTED-REV,-8.55,-8.55,0.00,NEGATIVE
2024-10-04 03:00:00,BLU.Flow-In.Ave.15Minutes.3Hours.MIXED-COMPUTED-REV,-10.52,-10.52,0.00,NEGATIVE
2024-10-04 04:00:00,BLU.Flow-In.Ave.15Minutes.3Hours.MIXED-COMPUTED-REV,-6.24,-10.74,4.50,NEGATIVE
2024-10-04 05:00:00,BLU.Flow-In.Ave.15Minutes.3Hours.MIXED-COMPUTED-REV,-0.27,-10.80,10.52,NEGATIVE
2024-10-04 07:00:00,BLU.Flow-In.Ave.15Minutes.3Hours.MIXED-COMPUTED-REV,-3.03,-13.28,10.24,NEGATIVE
2024-10-04 08:00:00,BLU.Flow-In.Ave.15Minutes.3Hours.MIXED-COMPUTED-REV,-10.74,-13.28,2.54,NEGATIVE
2024-10-04 09:00:00,BLU.Flow-In.Ave.15Minutes.3Hours.MIXED-COMPUTED-REV,-14.73,-13.28,-1.45,NEGATIVE
2024-10-04 10:00:00,BLU.Flow-In.Ave.15Minutes.3Hours.MIXED-COMPUTED-REV,-14.62,-13.28,-1.34,NEGATIVE
2024-10-04 11:00:00,BLU.Flow-In.Ave.15Minutes.3Hours.MIXED-COMPUTED-REV,-12.11,-12.11,0.00,NEGATIVE
2024-10-04 12:00:00,BLU.Flow-In.Ave.15Minutes.3Hours.MIXED-COMPUTED-REV,-14.76,-10.80,-3.96,NEGATIVE
2024-10-04 13:00:00,BLU.Flow-In.Ave.15Minutes.3Hours.MIXED-COMPUTED-REV,-10.80,-10.74,-0.06,NEGATIVE
2024-10-04 14:00:00,BLU.Flow-In.Ave.15Minutes.3Hours.MIXED-COMPUTED-REV,-13.28,-10.52,-2.76,NEGATIVE
2024-10-04 15:00:00,BLU.Flow-In.Ave.15Minutes.3Hours.MIXED-COMPUTED-REV,-13.34,-10.52,-2.83,NEGATIVE
2024-10-04 16:00:00,BLU.Flow-In.Ave.15Minutes.3Hours.MIXED-COMPUTED-REV,-21.69,-9.51,-12.18,NEGATIVE
2024-10-04 17:00:00,BLU.Flow-In.Ave.15Minutes.3Hours.MIXED-COMPUTED-REV,-23.28,-9.51,-13.76,NEGATIVE
2024-10-04 18:00:00,BLU.Flow-In.Ave.15Minutes.3Hours.MIXED-COMPUTED-REV,-23.54,-9.51,-14.03,NEGATIVE
2024-10-04 19:00:00,BLU.Flow-In.Ave.15Minutes.3Hours.MIXED-COMPUTED-REV,-17.92,-9.51,-8.40,NEGATIVE
2024-10-04 20:00:00,BLU.Flow-In.Ave.15Minutes.3Hours.MIXED-COMPUTED-REV,-9.51,-9.51,0.00,NEGATIVE
2024-10-07 01:00:00,BLU.Flow-In.Ave.15Minutes.3Hours.MIXED-COMPUTED-REV,-0.66,-0.66,0.00,NEGATIVE
2024-10-07 02:00:00,BLU.Flow-In.Ave.15Minutes.3Hours.MIXED-COMPUTED-REV,-6.70,-4.60,-2.10,NEGATIVE
2024-10-07 03:00:00,BLU.Flow-In.Ave.15Minutes.3Hours.MIXED-COMPUTED-REV,-7.90,-6.70,-1.20,NEGATIVE
2024-10-07 04:00:00,BLU.Flow-In.Ave.15Minutes.3Hours.MIXED-COMPUTED-REV,-4.60,-7.90,3.30,NEGATIVE
2024-10-07 05:00:00,BLU.Flow-In.Ave.15Minutes.3Hours.MIXED-COMPUTED-REV,-13.43,-11.88,-1.55,NEGATIVE
2024-10-07 06:00:00,BLU.Flow-In.Ave.15Minutes.3Hours.MIXED-COMPUTED-REV,-11.88,-13.12,1.24,NEGATIVE
2024-10-07 07:00:00,BLU.Flow-In.Ave.15Minutes.3Hours.MIXED-COMPUTED-REV,-14.30,-13.43,-0.87,NEGATIVE
2024-10-07 08:00:00,BLU.Flow-In.Ave.15Minutes.3Hours.MIXED-COMPUTED-REV,-13.12,-14.30,1.18,NEGATIVE
2024-10-07 09:00:00,BLU.Flow-In.Ave.15Minutes.3Hours.MIXED-COMPUTED-REV,-17.09,-15.41,-1.67,NEGATIVE
2024-10-07 10:00:00,BLU.Flow-In.Ave.15Minutes.3Hours.MIXED-COMPUTED-REV,-18.88,-16.95,-1.93,NEGATIVE
2024-10-07 11:00:00,BLU.Flow-In.Ave.15Minutes.3Hours.MIXED-COMPUTED-REV,-18.86,-16.95,-1.91,NEGATIVE
2024-10-07 12:00:00,BLU.Flow-In.Ave.15Minutes.3Hours.MIXED-COMPUTED-REV,-15.41,-16.95,1.54,NEGATIVE
2024-10-07 13:00:00,BLU.Flow-In.Ave.15Minutes.3Hours.MIXED-COMPUTED-REV,-16.95,-16.95,0.00,NEGATIVE
2024-10-07 14:00:00,BLU.Flow-In.Ave.15Minutes.3Hours.MIXED-COMPUTED-REV,-18.65,-16.95,-1.70,NEGATIVE
2024-10-07 15:00:00,BLU.Flow-In.Ave.15Minutes.3Hours.MIXED-COMPUTED-REV,-21.99,-16.95,-5.04,NEGATIVE
2024-10-07 16:00:00,BLU.Flow-In.Ave.15Minutes.3Hours.MIXED-COMPUTED-REV,-20.29,-16.95,-3.34,NEGATIVE
2024-10-07 17:00:00,BLU.Flow-In.Ave.15Minutes.3Hours.MIXED-COMPUTED-REV,-18.62,-16.95,-1.66,NEGATIVE
2024-10-07 18:00:00,BLU.Flow-In.Ave.15Minutes.3Hours.MIXED-COMPUTED-REV,-19.53,-16.95,-2.57,NEGATIVE
2024-10-07 19:00:00,BLU.Flow-In.Ave.15Minutes.3Hours.MIXED-COMPUTED-REV,-26.93,-16.95,-9.97,NEGATIVE
2024-10-07 20:00:00,BLU.Flow-In.Ave.15Minutes.3Hours.MIXED-COMPUTED-REV,-36.19,-16.95,-19.23,NEGATIVE
2024-10-07 21:00:00,BLU.Flow-In.Ave.15Minutes.3Hours.MIXED-COMPUTED-REV,-36.11,-16.95,-19.16,NEGATIVE
2024-10-07 22:00:00,BLU.Flow-In.Ave.15Minutes.3Hours.MIXED-COMPUTED-REV,-24.48,-15.41,-9.07,NEGATIVE
2024-10-20 19:00:00,BLU.Flow-In.Ave.15Minutes.3Hours.MIXED-COMPUTED-REV,-1.97,8.53,-10.50,NEGATIVE
2024-10-20 20:00:00,BLU.Flow-In.Ave.15Minutes.3Hours.MIXED-COMPUTED-REV,-4.20,9.94,-14.15,NEGATIVE
2024-10-20 21:00:00,BLU.Flow-In.Ave.15Minutes.3Hours.MIXED-COMPUTED-REV,-1.65,9.94,-11.60,NEGATIVE
2024-10-25 15:00:00,BLU.Flow-In.Ave.15Minutes.3Hours.MIXED-COMPUTED-REV,-0.87,3.62,-4.48,NEGATIVE
2024-10-25 16:00:00,BLU.Flow-In.Ave.15Minutes.3Hours.MIXED-COMPUTED-REV,-1.31,2.94,-4.25,NEGATIVE
2024-10-25 17:00:00,BLU.Flow-In.Ave.15Minutes.3Hours.MIXED-COMPUTED-REV,-4.52,2.38,-6.90,NEGATIVE
2024-10-25 18:00:00,BLU.Flow-In.Ave.15Minutes.3Hours.MIXED-COMPUTED-REV,-4.21,2.38,-6.59,NEGATIVE
2024-10-25 19:00:00,BLU.Flow-In.Ave.15Minutes.3Hours.MIXED-COMPUTED-REV,-6.54,2.38,-8.92,NEGATIVE
2024-10-25 20:00:00,BLU.Flow-In.Ave.15Minutes.3Hours.MIXED-COMPUTED-REV,-1.99,2.38,-4.37,NEGATIVE
2024-10-25 21:00:00,BLU.Flow-In.Ave.15Minutes.3Hours.MIXED-COMPUTED-REV,-5.19,2.38,-7.57,NEGATIVE
2024-10-25 22:00:00,BLU.Flow-In.Ave.15Minutes.3Hours.MIXED-COMPUTED-REV,-7.07,2.38,-9.45,NEGATIVE
2024-10-25 23:00:00,BLU.Flow-In.Ave.15Minutes.3Hours.MIXED-COMPUTED-REV,-9.26,2.38,-11.64,NEGATIVE
2024-10-26 00:00:00,BLU.Flow-In.Ave.15Minutes.3Hours.MIXED-COMPUTED-REV,-4.98,2.38,-7.36,NEGATIVE
2024-10-26 01:00:00,BLU.Flow-In.Ave.15Minutes.3Hours.MIXED-COMPUTED-REV,-0.69,2.38,-3.07,NEGATIVE
2024-11-01 21:00:00,BLU.Flow-In.Ave.15Minutes.3Hours.MIXED-COMPUTED-REV,1196.17,933.66,262.51,SPIKE
2024-11-01 22:00:00,BLU.Flow-In.Ave.15Minutes.3Hours.MIXED-COMPUTED-REV,1188.60,933.66,254.94,SPIKE
2024-11-08 16:00:00,BLU.Flow-In.Ave.15Minutes.3Hours.MIXED-COMPUTED-REV,-19.68,116.74,-136.42,NEGATIVE
2024-11-08 17:00:00,BLU.Flow-In.Ave.15Minutes.3Hours.MIXED-COMPUTED-REV,-30.96,108.30,-139.25,NEGATIVE
2024-11-08 23:00:00,BLU.Flow-In.Ave.15Minutes.3Hours.MIXED-COMPUTED-REV,-66.25,90.43,-156.68,NEGATIVE
2024-11-09 00:00:00,BLU.Flow-In.Ave.15Minutes.3Hours.MIXED-COMPUTED-REV,-55.48,66.75,-122.23,NEGATIVE
2024-11-09 05:00:00,BLU.Flow-In.Ave.15Minutes.3Hours.MIXED-COMPUTED-REV,-27.07,51.25,-78.32,NEGATIVE
2024-11-09 06:00:00,BLU.Flow-In.Ave.15Minutes.3Hours.MIXED-COMPUTED-REV,-110.57,66.75,-177.32,NEGATIVE
2024-11-09 07:00:00,BLU.Flow-In.Ave.15Minutes.3Hours.MIXED-COMPUTED-REV,-62.12,78.07,-140.18,NEGATIVE
2024-11-09 12:00:00,BLU.Flow-In.Ave.15Minutes.3Hours.MIXED-COMPUTED-REV,-124.38,0.90,-125.28,NEGATIVE
2024-11-09 13:00:00,BLU.Flow-In.Ave.15Minutes.3Hours.MIXED-COMPUTED-REV,-143.65,51.12,-194.77,NEGATIVE
2024-11-09 14:00:00,BLU.Flow-In.Ave.15Minutes.3Hours.MIXED-COMPUTED-REV,-37.86,51.12,-88.98,NEGATIVE
2024-11-09 21:00:00,BLU.Flow-In.Ave.15Minutes.3Hours.MIXED-COMPUTED-REV,-139.85,78.07,-217.92,NEGATIVE
2024-11-09 22:00:00,BLU.Flow-In.Ave.15Minutes.3Hours.MIXED-COMPUTED-REV,-217.00,71.21,-288.21,NEGATIVE
2024-11-09 23:00:00,BLU.Flow-In.Ave.15Minutes.3Hours.MIXED-COMPUTED-REV,-139.13,65.03,-204.16,NEGATIVE
2024-11-10 00:00:00,BLU.Flow-In.Ave.15Minutes.3Hours.MIXED-COMPUTED-REV,-9.93,65.03,-74.95,NEGATIVE
2024-11-10 11:00:00,BLU.Flow-In.Ave.15Minutes.3Hours.MIXED-COMPUTED-REV,-137.63,-4.37,-133.26,NEGATIVE
2024-11-10 12:00:00,BLU.Flow-In.Ave.15Minutes.3Hours.MIXED-COMPUTED-REV,-277.49,-4.37,-273.13,"SPIKE,NEGATIVE"
2024-11-10 13:00:00,BLU.Flow-In.Ave.15Minutes.3Hours.MIXED-COMPUTED-REV,-307.43,-4.37,-303.06,"SPIKE,NEGATIVE"
2024-11-10 14:00:00,BLU.Flow-In.Ave.15Minutes.3Hours.MIXED-COMPUTED-REV,-191.88,-12.66,-179.22,NEGATIVE
2024-11-10 15:00:00,BLU.Flow-In.Ave.15Minutes.3Hours.MIXED-COMPUTED-REV,-64.08,-18.22,-45.86,NEGATIVE
2024-11-10 18:00:00,BLU.Flow-In.Ave.15Minutes.3Hours.MIXED-COMPUTED-REV,-4.37,-45.75,41.38,NEGATIVE
2024-11-10 19:00:00,BLU.Flow-In.Ave.15Minutes.3Hours.MIXED-COMPUTED-REV,-12.66,-54.65,41.99,NEGATIVE
2024-11-10 20:00:00,BLU.Flow-In.Ave.15Minutes.3Hours.MIXED-COMPUTED-REV,-18.22,-60.63,42.41,NEGATIVE
2024-11-10 21:00:00,BLU.Flow-In.Ave.15Minutes.3Hours.MIXED-COMPUTED-REV,-25.28,-64.08,38.80,NEGATIVE
2024-11-10 22:00:00,BLU.Flow-In.Ave.15Minutes.3Hours.MIXED-COMPUTED-REV,-36.26,-64.48,28.22,NEGATIVE
2024-11-10 23:00:00,BLU.Flow-In.Ave.15Minutes.3Hours.MIXED-COMPUTED-REV,-45.75,-71.95,26.21,NEGATIVE
2024-11-11 00:00:00,BLU.Flow-In.Ave.15Minutes.3Hours.MIXED-COMPUTED-REV,-54.65,-71.95,17.31,NEGATIVE
2024-11-11 01:00:00,BLU.Flow-In.Ave.15Minutes.3Hours.MIXED-COMPUTED-REV,-60.63,-71.95,11.33,NEGATIVE
2024-11-11 02:00:00,BLU.Flow-In.Ave.15Minutes.3Hours.MIXED-COMPUTED-REV,-64.48,-71.95,7.48,NEGATIVE
2024-11-11 03:00:00,BLU.Flow-In.Ave.15Minutes.3Hours.MIXED-COMPUTED-REV,-71.95,-71.95,0.00,NEGATIVE
2024-11-11 04:00:00,BLU.Flow-In.Ave.15Minutes.3Hours.MIXED-COMPUTED-REV,-76.92,-76.92,0.00,NEGATIVE
2024-11-11 05:00:00,BLU.Flow-In.Ave.15Minutes.3Hours.MIXED-COMPUTED-REV,-83.81,-83.81,0.00,NEGATIVE
2024-11-11 06:00:00,BLU.Flow-In.Ave.15Minutes.3Hours.MIXED-COMPUTED-REV,-89.77,-83.81,-5.96,NEGATIVE
2024-11-11 07:00:00,BLU.Flow-In.Ave.15Minutes.3Hours.MIXED-COMPUTED-REV,-95.86,-83.81,-12.05,NEGATIVE
2024-11-11 08:00:00,BLU.Flow-In.Ave.15Minutes.3Hours.MIXED-COMPUTED-REV,-104.37,-83.81,-20.56,NEGATIVE
2024-11-11 09:00:00,BLU.Flow-In.Ave.15Minutes.3Hours.MIXED-COMPUTED-REV,-106.76,-83.81,-22.95,NEGATIVE
2024-11-11 10:00:00,BLU.Flow-In.Ave.15Minutes.3Hours.MIXED-COMPUTED-REV,-113.23,-83.81,-29.42,NEGATIVE
2024-11-11 11:00:00,BLU.Flow-In.Ave.15Minutes.3Hours.MIXED-COMPUTED-REV,-119.37,-83.81,-35.56,NEGATIVE
2024-11-11 12:00:00,BLU.Flow-In.Ave.15Minutes.3Hours.MIXED-COMPUTED-REV,-120.76,-83.81,-36.95,NEGATIVE
2024-11-11 13:00:00,BLU.Flow-In.Ave.15Minutes.3Hours.MIXED-COMPUTED-REV,-118.53,-83.81,-34.72,NEGATIVE
2024-11-11 14:00:00,BLU.Flow-In.Ave.15Minutes.3Hours.MIXED-COMPUTED-REV,-113.46,-83.81,-29.65,NEGATIVE
2024-11-11 15:00:00,BLU.Flow-In.Ave.15Minutes.3Hours.MIXED-COMPUTED-REV,-114.58,-83.81,-30.77,NEGATIVE
2024-11-11 16:00:00,BLU.Flow-In.Ave.15Minutes.3Hours.MIXED-COMPUTED-REV,-117.77,-83.81,-33.96,NEGATIVE
2024-11-11 17:00:00,BLU.Flow-In.Ave.15Minutes.3Hours.MIXED-COMPUTED-REV,-103.43,-83.81,-19.62,NEGATIVE
2024-11-11 18:00:00,BLU.Flow-In.Ave.15Minutes.3Hours.MIXED-COMPUTED-REV,-4.29,-81.49,77.19,NEGATIVE
2024-11-11 23:00:00,BLU.Flow-In.Ave.15Minutes.3Hours.MIXED-COMPUTED-REV,-68.51,-31.14,-37.37,NEGATIVE
2024-11-12 00:00:00,BLU.Flow-In.Ave.15Minutes.3Hours.MIXED-COMPUTED-REV,-81.49,-4.29,-77.19,NEGATIVE
2024-11-12 01:00:00,BLU.Flow-In.Ave.15Minutes.3Hours.MIXED-COMPUTED-REV,-79.19,30.41,-109.60,NEGATIVE
2024-11-12 02:00:00,BLU.Flow-In.Ave.15Minutes.3Hours.MIXED-COMPUTED-REV,-77.60,103.76,-181.36,NEGATIVE
2024-11-12 03:00:00,BLU.Flow-In.Ave.15Minutes.3Hours.MIXED-COMPUTED-REV,-74.64,148.64,-223.27,NEGATIVE
2024-11-12 04:00:00,BLU.Flow-In.Ave.15Minutes.3Hours.MIXED-COMPUTED-REV,-31.14,171.60,-202.74,NEGATIVE
2024-11-16 16:00:00,BLU.Flow-In.Ave.15Minutes.3Hours.MIXED-COMPUTED-REV,-25.88,6.23,-32.10,NEGATIVE
2024-11-16 18:00:00,BLU.Flow-In.Ave.15Minutes.3Hours.MIXED-COMPUTED-REV,-16.94,-16.94,0.00,NEGATIVE
2024-11-16 19:00:00,BLU.Flow-In.Ave.15Minutes.3Hours.MIXED-COMPUTED-REV,-189.12,-16.94,-172.18,NEGATIVE
2024-11-16 20:00:00,BLU.Flow-In.Ave.15Minutes.3Hours.MIXED-COMPUTED-REV,-259.13,-16.94,-242.19,NEGATIVE
2024-11-16 21:00:00,BLU.Flow-In.Ave.15Minutes.3Hours.MIXED-COMPUTED-REV,-173.54,-16.94,-156.60,NEGATIVE
2024-11-16 22:00:00,BLU.Flow-In.Ave.15Minutes.3Hours.MIXED-COMPUTED-REV,-262.79,-16.94,-245.85,NEGATIVE
2024-11-16 23:00:00,BLU.Flow-In.Ave.15Minutes.3Hours.MIXED-COMPUTED-REV,-500.37,-16.94,-483.43,"SPIKE,NEGATIVE"
2024-11-17 00:00:00,BLU.Flow-In.Ave.15Minutes.3Hours.MIXED-COMPUTED-REV,-565.25,-16.94,-548.31,"SPIKE,NEGATIVE"
2024-11-17 01:00:00,BLU.Flow-In.Ave.15Minutes.3Hours.MIXED-COMPUTED-REV,-437.26,-16.94,-420.32,"SPIKE,NEGATIVE"
2024-11-17 02:00:00,BLU.Flow-In.Ave.15Minutes.3Hours.MIXED-COMPUTED-REV,-309.66,-16.94,-292.72,"SPIKE,NEGATIVE"
2024-11-17 03:00:00,BLU.Flow-In.Ave.15Minutes.3Hours.MIXED-COMPUTED-REV,-306.72,-16.94,-289.78,"SPIKE,NEGATIVE"
2024-11-17 04:00:00,BLU.Flow-In.Ave.15Minutes.3Hours.MIXED-COMPUTED-REV,-257.42,-16.94,-240.48,NEGATIVE
2024-11-17 05:00:00,BLU.Flow-In.Ave.15Minutes.3Hours.MIXED-COMPUTED-REV,-146.29,-0.62,-145.67,NEGATIVE
2024-11-17 06:00:00,BLU.Flow-In.Ave.15Minutes.3Hours.MIXED-COMPUTED-REV,-0.62,-0.62,0.00,NEGATIVE
2024-11-18 01:00:00,BLU.Flow-In.Ave.15Minutes.3Hours.MIXED-COMPUTED-REV,4743.45,3771.28,972.17,SPIKE
2024-11-18 02:00:00,BLU.Flow-In.Ave.15Minutes.3Hours.MIXED-COMPUTED-REV,4761.06,3771.28,989.79,SPIKE
2024-11-20 04:00:00,BLU.Flow-In.Ave.15Minutes.3Hours.MIXED-COMPUTED-REV,340.60,754.03,-413.43,SPIKE
2024-11-25 08:00:00,BLU.Flow-In.Ave.15Minutes.3Hours.MIXED-COMPUTED-REV,436.19,828.41,-392.22,SPIKE
2024-11-25 09:00:00,BLU.Flow-In.Ave.15Minutes.3Hours.MIXED-COMPUTED-REV,445.26,830.19,-384.93,SPIKE
2024-12-17 21:00:00,BLU.Flow-In.Ave.15Minutes.3Hours.MIXED-COMPUTED-REV,3031.41,2378.15,653.26,SPIKE
2024-12-21 06:00:00,BLU.Flow-In.Ave.15Minutes.3Hours.MIXED-COMPUTED-REV,394.90,728.73,-333.84,SPIKE
2024-12-23 12:00:00,BLU.Flow-In.Ave.15Minutes.3Hours.MIXED-COMPUTED-REV,1331.90,981.92,349.98,SPIKE
2024-12-23 13:00:00,BLU.Flow-In.Ave.15Minutes.3Hours.MIXED-COMPUTED-REV,1350.71,994.00,356.71,SPIKE
2024-12-23 14:00:00,BLU.Flow-In.Ave.15Minutes.3Hours.MIXED-COMPUTED-REV,1257.67,994.00,263.67,SPIKE
2024-12-24 05:00:00,BLU.Flow-In.Ave.15Minutes.3Hours.MIXED-COMPUTED-REV,720.71,994.00,-273.29,SPIKE
2024-12-24 06:00:00,BLU.Flow-In.Ave.15Minutes.3Hours.MIXED-COMPUTED-REV,679.26,994.00,-314.75,SPIKE
2024-12-24 07:00:00,BLU.Flow-In.Ave.15Minutes.3Hours.MIXED-COMPUTED-REV,692.68,994.00,-301.32,SPIKE
2024-12-24 08:00:00,BLU.Flow-In.Ave.15Minutes.3Hours.MIXED-COMPUTED-REV,736.13,1016.29,-280.17,SPIKE
2025-01-20 23:00:00,BLU.Flow-In.Ave.15Minutes.3Hours.MIXED-COMPUTED-REV,-3.66,51.40,-55.06,NEGATIVE
2025-01-21 00:00:00,BLU.Flow-In.Ave.15Minutes.3Hours.MIXED-COMPUTED-REV,-7.91,54.38,-62.29,NEGATIVE
2025-01-21 01:00:00,BLU.Flow-In.Ave.15Minutes.3Hours.MIXED-COMPUTED-REV,-9.95,83.52,-93.46,NEGATIVE
2025-01-21 02:00:00,BLU.Flow-In.Ave.15Minutes.3Hours.MIXED-COMPUTED-REV,-6.49,104.98,-111.47,NEGATIVE
2025-01-21 10:00:00,BLU.Flow-In.Ave.15Minutes.3Hours.MIXED-COMPUTED-REV,-20.54,10.61,-31.15,NEGATIVE
2025-01-21 16:00:00,BLU.Flow-In.Ave.15Minutes.3Hours.MIXED-COMPUTED-REV,-0.26,54.38,-54.65,NEGATIVE
2025-01-21 17:00:00,BLU.Flow-In.Ave.15Minutes.3Hours.MIXED-COMPUTED-REV,-77.65,39.05,-116.70,NEGATIVE
2025-01-21 18:00:00,BLU.Flow-In.Ave.15Minutes.3Hours.MIXED-COMPUTED-REV,-93.03,39.05,-132.08,NEGATIVE
2025-01-21 19:00:00,BLU.Flow-In.Ave.15Minutes.3Hours.MIXED-COMPUTED-REV,-101.22,39.05,-140.26,NEGATIVE
2025-01-21 20:00:00,BLU.Flow-In.Ave.15Minutes.3Hours.MIXED-COMPUTED-REV,-102.71,39.05,-141.76,NEGATIVE
2025-01-21 21:00:00,BLU.Flow-In.Ave.15Minutes.3Hours.MIXED-COMPUTED-REV,-64.96,39.05,-104.01,NEGATIVE
2025-01-22 03:00:00,BLU.Flow-In.Ave.15Minutes.3Hours.MIXED-COMPUTED-REV,-94.12,26.52,-120.64,NEGATIVE
2025-01-22 04:00:00,BLU.Flow-In.Ave.15Minutes.3Hours.MIXED-COMPUTED-REV,-70.11,26.52,-96.63,NEGATIVE
2025-01-22 12:00:00,BLU.Flow-In.Ave.15Minutes.3Hours.MIXED-COMPUTED-REV,-57.10,39.05,-96.15,NEGATIVE
2025-01-22 13:00:00,BLU.Flow-In.Ave.15Minutes.3Hours.MIXED-COMPUTED-REV,-151.94,39.05,-190.98,NEGATIVE
2025-01-22 14:00:00,BLU.Flow-In.Ave.15Minutes.3Hours.MIXED-COMPUTED-REV,-100.31,39.05,-139.35,NEGATIVE
2025-01-22 20:00:00,BLU.Flow-In.Ave.15Minutes.3Hours.MIXED-COMPUTED-REV,-40.53,140.12,-180.65,NEGATIVE
2025-01-22 21:00:00,BLU.Flow-In.Ave.15Minutes.3Hours.MIXED-COMPUTED-REV,-39.69,140.12,-179.81,NEGATIVE
2025-01-22 22:00:00,BLU.Flow-In.Ave.15Minutes.3Hours.MIXED-COMPUTED-REV,-20.67,140.12,-160.78,NEGATIVE
2025-02-24 02:00:00,BLU.Flow-In.Ave.15Minutes.3Hours.MIXED-COMPUTED-REV,9222.57,7335.19,1887.38,SPIKE
2025-02-24 03:00:00,BLU.Flow-In.Ave.15Minutes.3Hours.MIXED-COMPUTED-REV,9363.35,7335.19,2028.16,SPIKE
2025-02-24 04:00:00,BLU.Flow-In.Ave.15Minutes.3Hours.MIXED-COMPUTED-REV,9250.29,7335.19,1915.10,SPIKE
2025-03-16 15:00:00,BLU.Flow-In.Ave.15Minutes.3Hours.MIXED-COMPUTED-REV,3828.56,2847.69,980.87,SPIKE
2025-03-16 16:00:00,BLU.Flow-In.Ave.15Minutes.3Hours.MIXED-COMPUTED-REV,4229.59,2847.69,1381.91,SPIKE
2025-03-16 17:00:00,BLU.Flow-In.Ave.15Minutes.3Hours.MIXED-COMPUTED-REV,4407.05,2847.69,1559.36,SPIKE
2025-03-16 18:00:00,BLU.Flow-In.Ave.15Minutes.3Hours.MIXED-COMPUTED-REV,4349.62,2847.69,1501.93,SPIKE
2025-03-16 19:00:00,BLU.Flow-In.Ave.15Minutes.3Hours.MIXED-COMPUTED-REV,4141.94,2847.69,1294.26,SPIKE
2025-03-16 20:00:00,BLU.Flow-In.Ave.15Minutes.3Hours.MIXED-COMPUTED-REV,3889.43,2847.69,1041.74,SPIKE
2025-03-16 21:00:00,BLU.Flow-In.Ave.15Minutes.3Hours.MIXED-COMPUTED-REV,3707.43,2847.69,859.75,SPIKE
2025-03-16 22:00:00,BLU.Flow-In.Ave.15Minutes.3Hours.MIXED-COMPUTED-REV,3625.76,2847.69,778.08,SPIKE
2025-03-16 23:00:00,BLU.Flow-In.Ave.15Minutes.3Hours.MIXED-COMPUTED-REV,3593.65,2847.69,745.97,SPIKE
2025-03-22 11:00:00,BLU.Flow-In.Ave.15Minutes.3Hours.MIXED-COMPUTED-REV,3914.52,3114.97,799.55,SPIKE
2025-03-22 12:00:00,BLU.Flow-In.Ave.15Minutes.3Hours.MIXED-COMPUTED-REV,4000.34,3114.97,885.36,SPIKE
2025-03-22 13:00:00,BLU.Flow-In.Ave.15Minutes.3Hours.MIXED-COMPUTED-REV,4012.09,3114.97,897.11,SPIKE
2025-07-04 17:00:00,BLU.Flow-In.Ave.15Minutes.3Hours.MIXED-COMPUTED-REV,-1.04,-0.38,-0.66,NEGATIVE
2025-07-04 18:00:00,BLU.Flow-In.Ave.15Minutes.3Hours.MIXED-COMPUTED-REV,-24.22,-1.04,-23.17,NEGATIVE
2025-07-04 19:00:00,BLU.Flow-In.Ave.15Minutes.3Hours.MIXED-COMPUTED-REV,-30.16,-3.68,-26.48,NEGATIVE
2025-07-04 20:00:00,BLU.Flow-In.Ave.15Minutes.3Hours.MIXED-COMPUTED-REV,-31.29,-5.45,-25.84,NEGATIVE
2025-07-04 21:00:00,BLU.Flow-In.Ave.15Minutes.3Hours.MIXED-COMPUTED-REV,-25.66,-5.74,-19.92,NEGATIVE
2025-07-04 22:00:00,BLU.Flow-In.Ave.15Minutes.3Hours.MIXED-COMPUTED-REV,-28.29,-7.55,-20.74,NEGATIVE
2025-07-04 23:00:00,BLU.Flow-In.Ave.15Minutes.3Hours.MIXED-COMPUTED-REV,-14.12,-9.88,-4.24,NEGATIVE
2025-07-05 00:00:00,BLU.Flow-In.Ave.15Minutes.3Hours.MIXED-COMPUTED-REV,-5.45,-12.07,6.62,NEGATIVE
2025-07-05 01:00:00,BLU.Flow-In.Ave.15Minutes.3Hours.MIXED-COMPUTED-REV,-0.38,-12.66,12.28,NEGATIVE
2025-07-05 02:00:00,BLU.Flow-In.Ave.15Minutes.3Hours.MIXED-COMPUTED-REV,-7.55,-12.66,5.11,NEGATIVE
2025-07-05 03:00:00,BLU.Flow-In.Ave.15Minutes.3Hours.MIXED-COMPUTED-REV,-9.88,-13.21,3.33,NEGATIVE
2025-07-05 04:00:00,BLU.Flow-In.Ave.15Minutes.3Hours.MIXED-COMPUTED-REV,-3.68,-13.26,9.58,NEGATIVE
2025-07-05 05:00:00,BLU.Flow-In.Ave.15Minutes.3Hours.MIXED-COMPUTED-REV,-5.74,-13.66,7.92,NEGATIVE
2025-07-05 06:00:00,BLU.Flow-In.Ave.15Minutes.3Hours.MIXED-COMPUTED-REV,-12.66,-14.12,1.46,NEGATIVE
2025-07-05 07:00:00,BLU.Flow-In.Ave.15Minutes.3Hours.MIXED-COMPUTED-REV,-17.43,-14.12,-3.31,NEGATIVE
2025-07-05 08:00:00,BLU.Flow-In.Ave.15Minutes.3Hours.MIXED-COMPUTED-REV,-18.65,-14.12,-4.52,NEGATIVE
2025-07-05 09:00:00,BLU.Flow-In.Ave.15Minutes.3Hours.MIXED-COMPUTED-REV,-13.26,-14.12,0.86,NEGATIVE
2025-07-05 10:00:00,BLU.Flow-In.Ave.15Minutes.3Hours.MIXED-COMPUTED-REV,-13.21,-14.12,0.91,NEGATIVE
2025-07-05 11:00:00,BLU.Flow-In.Ave.15Minutes.3Hours.MIXED-COMPUTED-REV,-15.24,-14.12,-1.12,NEGATIVE
2025-07-05 12:00:00,BLU.Flow-In.Ave.15Minutes.3Hours.MIXED-COMPUTED-REV,-12.07,-13.66,1.59,NEGATIVE
2025-07-05 13:00:00,BLU.Flow-In.Ave.15Minutes.3Hours.MIXED-COMPUTED-REV,-13.66,-13.66,0.00,NEGATIVE
2025-07-05 14:00:00,BLU.Flow-In.Ave.15Minutes.3Hours.MIXED-COMPUTED-REV,-8.52,-13.66,5.14,NEGATIVE
2025-07-05 15:00:00,BLU.Flow-In.Ave.15Minutes.3Hours.MIXED-COMPUTED-REV,-16.94,-13.66,-3.28,NEGATIVE
2025-07-05 16:00:00,BLU.Flow-In.Ave.15Minutes.3Hours.MIXED-COMPUTED-REV,-23.62,-13.66,-9.97,NEGATIVE
2025-07-05 17:00:00,BLU.Flow-In.Ave.15Minutes.3Hours.MIXED-COMPUTED-REV,-30.14,-13.66,-16.48,NEGATIVE
2025-07-05 18:00:00,BLU.Flow-In.Ave.15Minutes.3Hours.MIXED-COMPUTED-REV,-29.53,-13.66,-15.87,NEGATIVE
2025-07-05 19:00:00,BLU.Flow-In.Ave.15Minutes.3Hours.MIXED-COMPUTED-REV,-22.11,-13.66,-8.46,NEGATIVE
2025-07-05 20:00:00,BLU.Flow-In.Ave.15Minutes.3Hours.MIXED-COMPUTED-REV,-19.65,-13.26,-6.38,NEGATIVE
2025-07-05 21:00:00,BLU.Flow-In.Ave.15Minutes.3Hours.MIXED-COMPUTED-REV,-27.27,-13.21,-14.06,NEGATIVE
2025-07-05 22:00:00,BLU.Flow-In.Ave.15Minutes.3Hours.MIXED-COMPUTED-REV,-28.57,-12.07,-16.50,NEGATIVE
2025-07-05 23:00:00,BLU.Flow-In.Ave.15Minutes.3Hours.MIXED-COMPUTED-REV,-18.59,-10.90,-7.69,NEGATIVE
2025-07-06 00:00:00,BLU.Flow-In.Ave.15Minutes.3Hours.MIXED-COMPUTED-REV,-5.59,-10.90,5.31,NEGATIVE
2025-07-06 01:00:00,BLU.Flow-In.Ave.15Minutes.3Hours.MIXED-COMPUTED-REV,-2.52,-8.52,6.00,NEGATIVE
2025-07-06 02:00:00,BLU.Flow-In.Ave.15Minutes.3Hours.MIXED-COMPUTED-REV,-10.90,-5.59,-5.31,NEGATIVE
2025-07-06 03:00:00,BLU.Flow-In.Ave.15Minutes.3Hours.MIXED-COMPUTED-REV,-10.90,-2.52,-8.38,NEGATIVE
2025-07-06 04:00:00,BLU.Flow-In.Ave.15Minutes.3Hours.MIXED-COMPUTED-REV,-1.89,-1.89,0.00,NEGATIVE
2025-07-08 16:00:00,BLU.Flow-In.Ave.15Minutes.3Hours.MIXED-COMPUTED-REV,-1.06,15.47,-16.53,NEGATIVE
2025-07-08 17:00:00,BLU.Flow-In.Ave.15Minutes.3Hours.MIXED-COMPUTED-REV,-5.07,15.47,-20.55,NEGATIVE
2025-07-08 18:00:00,BLU.Flow-In.Ave.15Minutes.3Hours.MIXED-COMPUTED-REV,-3.16,15.47,-18.63,NEGATIVE
2025-07-09 17:00:00,BLU.Flow-In.Ave.15Minutes.3Hours.MIXED-COMPUTED-REV,-2.89,10.01,-12.90,NEGATIVE
2025-07-09 18:00:00,BLU.Flow-In.Ave.15Minutes.3Hours.MIXED-COMPUTED-REV,-12.70,9.90,-22.60,NEGATIVE
2025-07-09 19:00:00,BLU.Flow-In.Ave.15Minutes.3Hours.MIXED-COMPUTED-REV,-10.40,9.82,-20.21,NEGATIVE
2025-07-10 15:00:00,BLU.Flow-In.Ave.15Minutes.3Hours.MIXED-COMPUTED-REV,-5.62,11.77,-17.39,NEGATIVE
2025-07-10 16:00:00,BLU.Flow-In.Ave.15Minutes.3Hours.MIXED-COMPUTED-REV,-3.64,12.27,-15.91,NEGATIVE
2025-07-10 17:00:00,BLU.Flow-In.Ave.15Minutes.3Hours.MIXED-COMPUTED-REV,-7.65,12.27,-19.91,NEGATIVE
2025-07-12 14:00:00,BLU.Flow-In.Ave.15Minutes.3Hours.MIXED-COMPUTED-REV,-1.51,16.19,-17.70,NEGATIVE
2025-07-12 15:00:00,BLU.Flow-In.Ave.15Minutes.3Hours.MIXED-COMPUTED-REV,-15.09,8.38,-23.47,NEGATIVE
2025-07-12 16:00:00,BLU.Flow-In.Ave.15Minutes.3Hours.MIXED-COMPUTED-REV,-16.50,7.69,-24.19,NEGATIVE
2025-07-12 17:00:00,BLU.Flow-In.Ave.15Minutes.3Hours.MIXED-COMPUTED-REV,-11.82,7.69,-19.51,NEGATIVE
2025-07-12 18:00:00,BLU.Flow-In.Ave.15Minutes.3Hours.MIXED-COMPUTED-REV,-9.97,7.69,-17.66,NEGATIVE
2025-07-12 19:00:00,BLU.Flow-In.Ave.15Minutes.3Hours.MIXED-COMPUTED-REV,-6.19,6.77,-12.97,NEGATIVE
2025-07-12 22:00:00,BLU.Flow-In.Ave.15Minutes.3Hours.MIXED-COMPUTED-REV,-1.27,6.77,-8.04,NEGATIVE
2025-07-12 23:00:00,BLU.Flow-In.Ave.15Minutes.3Hours.MIXED-COMPUTED-REV,-4.05,6.77,-10.82,NEGATIVE
2025-07-13 14:00:00,BLU.Flow-In.Ave.15Minutes.3Hours.MIXED-COMPUTED-REV,-11.05,8.00,-19.05,NEGATIVE
2025-07-13 15:00:00,BLU.Flow-In.Ave.15Minutes.3Hours.MIXED-COMPUTED-REV,-14.11,8.00,-22.11,NEGATIVE
2025-07-13 16:00:00,BLU.Flow-In.Ave.15Minutes.3Hours.MIXED-COMPUTED-REV,-2.18,8.51,-10.69,NEGATIVE
2025-07-13 17:00:00,BLU.Flow-In.Ave.15Minutes.3Hours.MIXED-COMPUTED-REV,-5.13,8.89,-14.03,NEGATIVE
2025-07-13 18:00:00,BLU.Flow-In.Ave.15Minutes.3Hours.MIXED-COMPUTED-REV,-9.21,11.45,-20.66,NEGATIVE
2025-07-13 19:00:00,BLU.Flow-In.Ave.15Minutes.3Hours.MIXED-COMPUTED-REV,-9.84,14.66,-24.50,NEGATIVE
2025-07-13 20:00:00,BLU.Flow-In.Ave.15Minutes.3Hours.MIXED-COMPUTED-REV,-7.32,14.83,-22.15,NEGATIVE
2025-07-13 21:00:00,BLU.Flow-In.Ave.15Minutes.3Hours.MIXED-COMPUTED-REV,-3.20,16.35,-19.56,NEGATIVE
2025-07-15 13:00:00,BLU.Flow-In.Ave.15Minutes.3Hours.MIXED-COMPUTED-REV,-1.21,10.47,-11.68,NEGATIVE
2025-07-15 14:00:00,BLU.Flow-In.Ave.15Minutes.3Hours.MIXED-COMPUTED-REV,-2.94,8.23,-11.18,NEGATIVE
2025-07-15 15:00:00,BLU.Flow-In.Ave.15Minutes.3Hours.MIXED-COMPUTED-REV,-18.71,0.67,-19.38,NEGATIVE
2025-07-15 16:00:00,BLU.Flow-In.Ave.15Minutes.3Hours.MIXED-COMPUTED-REV,-17.20,-0.41,-16.79,NEGATIVE
2025-07-15 17:00:00,BLU.Flow-In.Ave.15Minutes.3Hours.MIXED-COMPUTED-REV,-19.56,-1.21,-18.35,NEGATIVE
2025-07-15 18:00:00,BLU.Flow-In.Ave.15Minutes.3Hours.MIXED-COMPUTED-REV,-8.14,-2.19,-5.94,NEGATIVE
2025-07-15 19:00:00,BLU.Flow-In.Ave.15Minutes.3Hours.MIXED-COMPUTED-REV,-16.40,-2.19,-14.21,NEGATIVE
2025-07-15 20:00:00,BLU.Flow-In.Ave.15Minutes.3Hours.MIXED-COMPUTED-REV,-12.83,-2.30,-10.53,NEGATIVE
2025-07-15 21:00:00,BLU.Flow-In.Ave.15Minutes.3Hours.MIXED-COMPUTED-REV,-0.41,-2.94,2.54,NEGATIVE
2025-07-16 00:00:00,BLU.Flow-In.Ave.15Minutes.3Hours.MIXED-COMPUTED-REV,-4.55,-3.48,-1.07,NEGATIVE
2025-07-16 01:00:00,BLU.Flow-In.Ave.15Minutes.3Hours.MIXED-COMPUTED-REV,-10.73,-4.55,-6.18,NEGATIVE
2025-07-16 02:00:00,BLU.Flow-In.Ave.15Minutes.3Hours.MIXED-COMPUTED-REV,-6.69,-5.69,-1.01,NEGATIVE
2025-07-16 04:00:00,BLU.Flow-In.Ave.15Minutes.3Hours.MIXED-COMPUTED-REV,-2.30,-6.69,4.39,NEGATIVE
2025-07-16 05:00:00,BLU.Flow-In.Ave.15Minutes.3Hours.MIXED-COMPUTED-REV,-2.19,-6.69,4.50,NEGATIVE
2025-07-16 06:00:00,BLU.Flow-In.Ave.15Minutes.3Hours.MIXED-COMPUTED-REV,-3.48,-6.69,3.21,NEGATIVE
2025-07-16 08:00:00,BLU.Flow-In.Ave.15Minutes.3Hours.MIXED-COMPUTED-REV,-9.57,-6.69,-2.88,NEGATIVE
2025-07-16 09:00:00,BLU.Flow-In.Ave.15Minutes.3Hours.MIXED-COMPUTED-REV,-9.54,-6.69,-2.85,NEGATIVE
2025-07-16 10:00:00,BLU.Flow-In.Ave.15Minutes.3Hours.MIXED-COMPUTED-REV,-8.16,-6.69,-1.46,NEGATIVE
2025-07-16 11:00:00,BLU.Flow-In.Ave.15Minutes.3Hours.MIXED-COMPUTED-REV,-2.30,-6.69,4.39,NEGATIVE
2025-07-16 12:00:00,BLU.Flow-In.Ave.15Minutes.3Hours.MIXED-COMPUTED-REV,-0.83,-6.69,5.86,NEGATIVE
2025-07-16 13:00:00,BLU.Flow-In.Ave.15Minutes.3Hours.MIXED-COMPUTED-REV,-5.69,-6.69,1.01,NEGATIVE
2025-07-16 14:00:00,BLU.Flow-In.Ave.15Minutes.3Hours.MIXED-COMPUTED-REV,-8.75,-5.69,-3.06,NEGATIVE
2025-07-16 15:00:00,BLU.Flow-In.Ave.15Minutes.3Hours.MIXED-COMPUTED-REV,-12.01,-3.48,-8.54,NEGATIVE
2025-07-16 16:00:00,BLU.Flow-In.Ave.15Minutes.3Hours.MIXED-COMPUTED-REV,-17.98,-3.48,-14.50,NEGATIVE
2025-07-16 17:00:00,BLU.Flow-In.Ave.15Minutes.3Hours.MIXED-COMPUTED-REV,-19.21,-3.48,-15.73,NEGATIVE
2025-07-16 18:00:00,BLU.Flow-In.Ave.15Minutes.3Hours.MIXED-COMPUTED-REV,-20.29,-3.48,-16.82,NEGATIVE
2025-07-16 19:00:00,BLU.Flow-In.Ave.15Minutes.3Hours.MIXED-COMPUTED-REV,-24.07,-2.30,-21.77,NEGATIVE
2025-07-16 20:00:00,BLU.Flow-In.Ave.15Minutes.3Hours.MIXED-COMPUTED-REV,-24.78,-2.30,-22.48,NEGATIVE
2025-07-16 21:00:00,BLU.Flow-In.Ave.15Minutes.3Hours.MIXED-COMPUTED-REV,-12.07,-1.59,-10.48,NEGATIVE
2025-07-16 22:00:00,BLU.Flow-In.Ave.15Minutes.3Hours.MIXED-COMPUTED-REV,-1.59,-0.83,-0.76,NEGATIVE
2025-07-21 07:00:00,BLU.Flow-In.Ave.15Minutes.3Hours.MIXED-COMPUTED-REV,-1.48,-1.48,0.00,NEGATIVE
2025-07-21 08:00:00,BLU.Flow-In.Ave.15Minutes.3Hours.MIXED-COMPUTED-REV,-12.13,-12.09,-0.05,NEGATIVE
2025-07-21 09:00:00,BLU.Flow-In.Ave.15Minutes.3Hours.MIXED-COMPUTED-REV,-19.34,-12.13,-7.21,NEGATIVE
2025-07-21 10:00:00,BLU.Flow-In.Ave.15Minutes.3Hours.MIXED-COMPUTED-REV,-19.61,-18.48,-1.13,NEGATIVE
2025-07-21 11:00:00,BLU.Flow-In.Ave.15Minutes.3Hours.MIXED-COMPUTED-REV,-24.44,-18.48,-5.96,NEGATIVE
2025-07-21 12:00:00,BLU.Flow-In.Ave.15Minutes.3Hours.MIXED-COMPUTED-REV,-19.97,-18.63,-1.34,NEGATIVE
2025-07-21 13:00:00,BLU.Flow-In.Ave.15Minutes.3Hours.MIXED-COMPUTED-REV,-18.63,-19.34,0.72,NEGATIVE
2025-07-21 14:00:00,BLU.Flow-In.Ave.15Minutes.3Hours.MIXED-COMPUTED-REV,-18.48,-19.61,1.13,NEGATIVE
2025-07-21 15:00:00,BLU.Flow-In.Ave.15Minutes.3Hours.MIXED-COMPUTED-REV,-12.09,-19.61,7.52,NEGATIVE
2025-07-21 16:00:00,BLU.Flow-In.Ave.15Minutes.3Hours.MIXED-COMPUTED-REV,-24.06,-19.61,-4.46,NEGATIVE
2025-07-21 17:00:00,BLU.Flow-In.Ave.15Minutes.3Hours.MIXED-COMPUTED-REV,-32.87,-19.61,-13.26,NEGATIVE
2025-07-21 18:00:00,BLU.Flow-In.Ave.15Minutes.3Hours.MIXED-COMPUTED-REV,-34.15,-19.61,-14.54,NEGATIVE
2025-07-21 19:00:00,BLU.Flow-In.Ave.15Minutes.3Hours.MIXED-COMPUTED-REV,-24.79,-19.61,-5.18,NEGATIVE
2025-07-21 20:00:00,BLU.Flow-In.Ave.15Minutes.3Hours.MIXED-COMPUTED-REV,-23.03,-19.61,-3.42,NEGATIVE
2025-07-21 21:00:00,BLU.Flow-In.Ave.15Minutes.3Hours.MIXED-COMPUTED-REV,-22.86,-19.61,-3.25,NEGATIVE
2025-07-21 22:00:00,BLU.Flow-In.Ave.15Minutes.3Hours.MIXED-COMPUTED-REV,-20.89,-19.61,-1.28,NEGATIVE
2025-07-21 23:00:00,BLU.Flow-In.Ave.15Minutes.3Hours.MIXED-COMPUTED-REV,-14.46,-18.63,4.17,NEGATIVE
2025-07-22 00:00:00,BLU.Flow-In.Ave.15Minutes.3Hours.MIXED-COMPUTED-REV,-20.07,-18.48,-1.59,NEGATIVE
2025-07-22 01:00:00,BLU.Flow-In.Ave.15Minutes.3Hours.MIXED-COMPUTED-REV,-24.32,-18.12,-6.19,NEGATIVE
2025-07-22 02:00:00,BLU.Flow-In.Ave.15Minutes.3Hours.MIXED-COMPUTED-REV,-21.21,-17.04,-4.17,NEGATIVE
2025-07-22 03:00:00,BLU.Flow-In.Ave.15Minutes.3Hours.MIXED-COMPUTED-REV,-4.96,-16.96,12.00,NEGATIVE
2025-07-22 05:00:00,BLU.Flow-In.Ave.15Minutes.3Hours.MIXED-COMPUTED-REV,-10.73,-17.04,6.32,NEGATIVE
2025-07-22 06:00:00,BLU.Flow-In.Ave.15Minutes.3Hours.MIXED-COMPUTED-REV,-17.04,-17.04,0.00,NEGATIVE
2025-07-22 07:00:00,BLU.Flow-In.Ave.15Minutes.3Hours.MIXED-COMPUTED-REV,-16.96,-16.96,0.00,NEGATIVE
2025-07-22 08:00:00,BLU.Flow-In.Ave.15Minutes.3Hours.MIXED-COMPUTED-REV,-12.26,-14.46,2.20,NEGATIVE
2025-07-22 09:00:00,BLU.Flow-In.Ave.15Minutes.3Hours.MIXED-COMPUTED-REV,-18.12,-13.43,-4.69,NEGATIVE
2025-07-22 10:00:00,BLU.Flow-In.Ave.15Minutes.3Hours.MIXED-COMPUTED-REV,-13.43,-12.26,-1.18,NEGATIVE
2025-07-22 11:00:00,BLU.Flow-In.Ave.15Minutes.3Hours.MIXED-COMPUTED-REV,-7.46,-12.25,4.79,NEGATIVE
2025-07-22 12:00:00,BLU.Flow-In.Ave.15Minutes.3Hours.MIXED-COMPUTED-REV,-7.64,-11.73,4.09,NEGATIVE
2025-07-22 13:00:00,BLU.Flow-In.Ave.15Minutes.3Hours.MIXED-COMPUTED-REV,-12.25,-10.73,-1.52,NEGATIVE
2025-07-22 14:00:00,BLU.Flow-In.Ave.15Minutes.3Hours.MIXED-COMPUTED-REV,-9.09,-9.09,0.00,NEGATIVE
2025-07-22 15:00:00,BLU.Flow-In.Ave.15Minutes.3Hours.MIXED-COMPUTED-REV,-11.73,-7.64,-4.09,NEGATIVE
2025-07-22 16:00:00,BLU.Flow-In.Ave.15Minutes.3Hours.MIXED-COMPUTED-REV,-19.94,-7.64,-12.30,NEGATIVE
2025-07-22 17:00:00,BLU.Flow-In.Ave.15Minutes.3Hours.MIXED-COMPUTED-REV,-33.33,-7.64,-25.69,NEGATIVE
2025-07-22 18:00:00,BLU.Flow-In.Ave.15Minutes.3Hours.MIXED-COMPUTED-REV,-19.15,-7.46,-11.69,NEGATIVE
2025-07-22 19:00:00,BLU.Flow-In.Ave.15Minutes.3Hours.MIXED-COMPUTED-REV,-7.02,-7.02,0.00,NEGATIVE
2025-07-23 16:00:00,BLU.Flow-In.Ave.15Minutes.3Hours.MIXED-COMPUTED-REV,-1.63,15.51,-17.14,NEGATIVE
2025-07-23 17:00:00,BLU.Flow-In.Ave.15Minutes.3Hours.MIXED-COMPUTED-REV,-2.93,15.62,-18.55,NEGATIVE
2025-07-23 18:00:00,BLU.Flow-In.Ave.15Minutes.3Hours.MIXED-COMPUTED-REV,-0.06,16.61,-16.67,NEGATIVE
2025-07-24 19:00:00,BLU.Flow-In.Ave.15Minutes.3Hours.MIXED-COMPUTED-REV,-0.08,12.43,-12.51,NEGATIVE
2025-07-25 15:00:00,BLU.Flow-In.Ave.15Minutes.3Hours.MIXED-COMPUTED-REV,-2.16,8.96,-11.12,NEGATIVE
2025-07-25 16:00:00,BLU.Flow-In.Ave.15Minutes.3Hours.MIXED-COMPUTED-REV,-7.18,8.96,-16.14,NEGATIVE
2025-07-25 17:00:00,BLU.Flow-In.Ave.15Minutes.3Hours.MIXED-COMPUTED-REV,-5.86,8.96,-14.82,NEGATIVE
2025-07-25 18:00:00,BLU.Flow-In.Ave.15Minutes.3Hours.MIXED-COMPUTED-REV,-1.43,8.96,-10.39,NEGATIVE
2025-07-26 18:00:00,BLU.Flow-In.Ave.15Minutes.3Hours.MIXED-COMPUTED-REV,-0.11,7.55,-7.65,NEGATIVE
2025-07-27 02:00:00,BLU.Flow-In.Ave.15Minutes.3Hours.MIXED-COMPUTED-REV,-5.12,7.55,-12.66,NEGATIVE
2025-07-27 16:00:00,BLU.Flow-In.Ave.15Minutes.3Hours.MIXED-COMPUTED-REV,-3.12,9.03,-12.15,NEGATIVE
2025-07-27 18:00:00,BLU.Flow-In.Ave.15Minutes.3Hours.MIXED-COMPUTED-REV,-2.79,8.05,-10.84,NEGATIVE
2025-07-27 19:00:00,BLU.Flow-In.Ave.15Minutes.3Hours.MIXED-COMPUTED-REV,-4.77,8.05,-12.82,NEGATIVE
2025-07-27 20:00:00,BLU.Flow-In.Ave.15Minutes.3Hours.MIXED-COMPUTED-REV,-3.88,8.05,-11.93,NEGATIVE
2025-07-29 22:00:00,BLU.Flow-In.Ave.15Minutes.3Hours.MIXED-COMPUTED-REV,-5.83,14.42,-20.25,NEGATIVE
2025-07-29 23:00:00,BLU.Flow-In.Ave.15Minutes.3Hours.MIXED-COMPUTED-REV,-10.59,13.23,-23.82,NEGATIVE
2025-07-30 00:00:00,BLU.Flow-In.Ave.15Minutes.3Hours.MIXED-COMPUTED-REV,-4.53,12.63,-17.16,NEGATIVE
2025-07-30 15:00:00,BLU.Flow-In.Ave.15Minutes.3Hours.MIXED-COMPUTED-REV,-4.81,4.89,-9.70,NEGATIVE
2025-07-30 16:00:00,BLU.Flow-In.Ave.15Minutes.3Hours.MIXED-COMPUTED-REV,-0.51,4.89,-5.40,NEGATIVE
2025-07-30 19:00:00,BLU.Flow-In.Ave.15Minutes.3Hours.MIXED-COMPUTED-REV,-6.01,4.46,-10.48,NEGATIVE
2025-07-30 20:00:00,BLU.Flow-In.Ave.15Minutes.3Hours.MIXED-COMPUTED-REV,-10.49,3.13,-13.61,NEGATIVE
2025-07-30 21:00:00,BLU.Flow-In.Ave.15Minutes.3Hours.MIXED-COMPUTED-REV,-3.15,3.13,-6.28,NEGATIVE
2025-07-31 00:00:00,BLU.Flow-In.Ave.15Minutes.3Hours.MIXED-COMPUTED-REV,-3.21,4.46,-7.67,NEGATIVE
2025-07-31 07:00:00,BLU.Flow-In.Ave.15Minutes.3Hours.MIXED-COMPUTED-REV,-3.46,4.93,-8.38,NEGATIVE
2025-07-31 08:00:00,BLU.Flow-In.Ave.15Minutes.3Hours.MIXED-COMPUTED-REV,-1.03,4.93,-5.95,NEGATIVE
2025-07-31 13:00:00,BLU.Flow-In.Ave.15Minutes.3Hours.MIXED-COMPUTED-REV,-3.25,4.93,-8.18,NEGATIVE
2025-07-31 14:00:00,BLU.Flow-In.Ave.15Minutes.3Hours.MIXED-COMPUTED-REV,-5.81,2.41,-8.22,NEGATIVE
2025-07-31 19:00:00,BLU.Flow-In.Ave.15Minutes.3Hours.MIXED-COMPUTED-REV,-4.96,2.41,-7.36,NEGATIVE
2025-07-31 20:00:00,BLU.Flow-In.Ave.15Minutes.3Hours.MIXED-COMPUTED-REV,-12.51,3.35,-15.86,NEGATIVE
2025-07-31 21:00:00,BLU.Flow-In.Ave.15Minutes.3Hours.MIXED-COMPUTED-REV,-13.37,3.35,-16.72,NEGATIVE
2025-07-31 22:00:00,BLU.Flow-In.Ave.15Minutes.3Hours.MIXED-COMPUTED-REV,-2.26,3.35,-5.61,NEGATIVE
2025-08-01 00:00:00,BLU.Flow-In.Ave.15Minutes.3Hours.MIXED-COMPUTED-REV,-10.82,3.35,-14.17,NEGATIVE
2025-08-01 01:00:00,BLU.Flow-In.Ave.15Minutes.3Hours.MIXED-COMPUTED-REV,-14.70,3.35,-18.05,NEGATIVE
2025-08-01 15:00:00,BLU.Flow-In.Ave.15Minutes.3Hours.MIXED-COMPUTED-REV,-0.82,-0.82,0.00,NEGATIVE
2025-08-01 16:00:00,BLU.Flow-In.Ave.15Minutes.3Hours.MIXED-COMPUTED-REV,-14.77,-14.09,-0.69,NEGATIVE
2025-08-01 17:00:00,BLU.Flow-In.Ave.15Minutes.3Hours.MIXED-COMPUTED-REV,-29.83,-14.09,-15.75,NEGATIVE
2025-08-01 18:00:00,BLU.Flow-In.Ave.15Minutes.3Hours.MIXED-COMPUTED-REV,-25.90,-14.09,-11.82,NEGATIVE
2025-08-01 19:00:00,BLU.Flow-In.Ave.15Minutes.3Hours.MIXED-COMPUTED-REV,-22.31,-14.73,-7.58,NEGATIVE
2025-08-01 20:00:00,BLU.Flow-In.Ave.15Minutes.3Hours.MIXED-COMPUTED-REV,-14.73,-14.77,0.05,NEGATIVE
2025-08-01 21:00:00,BLU.Flow-In.Ave.15Minutes.3Hours.MIXED-COMPUTED-REV,-29.46,-14.77,-14.69,NEGATIVE
2025-08-01 22:00:00,BLU.Flow-In.Ave.15Minutes.3Hours.MIXED-COMPUTED-REV,-28.58,-14.77,-13.81,NEGATIVE
2025-08-01 23:00:00,BLU.Flow-In.Ave.15Minutes.3Hours.MIXED-COMPUTED-REV,-25.57,-14.77,-10.79,NEGATIVE
2025-08-02 00:00:00,BLU.Flow-In.Ave.15Minutes.3Hours.MIXED-COMPUTED-REV,-14.09,-14.77,0.69,NEGATIVE
2025-08-02 01:00:00,BLU.Flow-In.Ave.15Minutes.3Hours.MIXED-COMPUTED-REV,-16.62,-14.77,-1.84,NEGATIVE
2025-08-02 02:00:00,BLU.Flow-In.Ave.15Minutes.3Hours.MIXED-COMPUTED-REV,-24.00,-14.77,-9.23,NEGATIVE
2025-08-02 03:00:00,BLU.Flow-In.Ave.15Minutes.3Hours.MIXED-COMPUTED-REV,-27.00,-14.77,-12.23,NEGATIVE
2025-08-02 04:00:00,BLU.Flow-In.Ave.15Minutes.3Hours.MIXED-COMPUTED-REV,-17.40,-14.77,-2.63,NEGATIVE
2025-08-02 05:00:00,BLU.Flow-In.Ave.15Minutes.3Hours.MIXED-COMPUTED-REV,-4.87,-14.73,9.85,NEGATIVE
2025-08-02 06:00:00,BLU.Flow-In.Ave.15Minutes.3Hours.MIXED-COMPUTED-REV,-9.85,-14.09,4.23,NEGATIVE
2025-08-02 07:00:00,BLU.Flow-In.Ave.15Minutes.3Hours.MIXED-COMPUTED-REV,-14.94,-9.85,-5.09,NEGATIVE
2025-08-02 08:00:00,BLU.Flow-In.Ave.15Minutes.3Hours.MIXED-COMPUTED-REV,-16.21,-9.84,-6.38,NEGATIVE
2025-08-02 09:00:00,BLU.Flow-In.Ave.15Minutes.3Hours.MIXED-COMPUTED-REV,-6.91,-6.91,0.00,NEGATIVE
2025-08-02 10:00:00,BLU.Flow-In.Ave.15Minutes.3Hours.MIXED-COMPUTED-REV,-9.84,-4.87,-4.96,NEGATIVE
2025-08-03 07:00:00,BLU.Flow-In.Ave.15Minutes.3Hours.MIXED-COMPUTED-REV,-4.31,-4.31,0.00,NEGATIVE
2025-08-03 08:00:00,BLU.Flow-In.Ave.15Minutes.3Hours.MIXED-COMPUTED-REV,-21.57,-18.54,-3.03,NEGATIVE
2025-08-03 09:00:00,BLU.Flow-In.Ave.15Minutes.3Hours.MIXED-COMPUTED-REV,-18.54,-21.57,3.03,NEGATIVE
2025-08-03 10:00:00,BLU.Flow-In.Ave.15Minutes.3Hours.MIXED-COMPUTED-REV,-25.08,-22.37,-2.71,NEGATIVE
2025-08-03 11:00:00,BLU.Flow-In.Ave.15Minutes.3Hours.MIXED-COMPUTED-REV,-34.62,-24.71,-9.91,NEGATIVE
2025-08-03 12:00:00,BLU.Flow-In.Ave.15Minutes.3Hours.MIXED-COMPUTED-REV,-42.30,-25.08,-17.22,NEGATIVE
2025-08-03 13:00:00,BLU.Flow-In.Ave.15Minutes.3Hours.MIXED-COMPUTED-REV,-34.94,-25.08,-9.86,NEGATIVE
2025-08-03 14:00:00,BLU.Flow-In.Ave.15Minutes.3Hours.MIXED-COMPUTED-REV,-22.37,-25.08,2.71,NEGATIVE
2025-08-03 15:00:00,BLU.Flow-In.Ave.15Minutes.3Hours.MIXED-COMPUTED-REV,-24.71,-25.08,0.37,NEGATIVE
2025-08-03 16:00:00,BLU.Flow-In.Ave.15Minutes.3Hours.MIXED-COMPUTED-REV,-40.58,-25.08,-15.50,NEGATIVE
2025-08-03 17:00:00,BLU.Flow-In.Ave.15Minutes.3Hours.MIXED-COMPUTED-REV,-51.06,-25.08,-25.98,NEGATIVE
2025-08-03 18:00:00,BLU.Flow-In.Ave.15Minutes.3Hours.MIXED-COMPUTED-REV,-46.01,-25.08,-20.93,NEGATIVE
2025-08-03 19:00:00,BLU.Flow-In.Ave.15Minutes.3Hours.MIXED-COMPUTED-REV,-39.68,-25.08,-14.60,NEGATIVE
2025-08-03 20:00:00,BLU.Flow-In.Ave.15Minutes.3Hours.MIXED-COMPUTED-REV,-41.63,-25.08,-16.55,NEGATIVE
2025-08-03 21:00:00,BLU.Flow-In.Ave.15Minutes.3Hours.MIXED-COMPUTED-REV,-40.89,-25.08,-15.81,NEGATIVE
2025-08-03 22:00:00,BLU.Flow-In.Ave.15Minutes.3Hours.MIXED-COMPUTED-REV,-41.71,-25.08,-16.63,NEGATIVE
2025-08-03 23:00:00,BLU.Flow-In.Ave.15Minutes.3Hours.MIXED-COMPUTED-REV,-46.80,-24.71,-22.09,NEGATIVE
2025-08-04 00:00:00,BLU.Flow-In.Ave.15Minutes.3Hours.MIXED-COMPUTED-REV,-30.09,-22.37,-7.72,NEGATIVE
2025-08-04 20:00:00,BLU.Flow-In.Ave.15Minutes.3Hours.MIXED-COMPUTED-REV,-11.35,-11.35,0.00,NEGATIVE
2025-08-04 21:00:00,BLU.Flow-In.Ave.15Minutes.3Hours.MIXED-COMPUTED-REV,-33.43,-17.18,-16.25,NEGATIVE
2025-08-04 22:00:00,BLU.Flow-In.Ave.15Minutes.3Hours.MIXED-COMPUTED-REV,-43.46,-20.98,-22.47,NEGATIVE
2025-08-04 23:00:00,BLU.Flow-In.Ave.15Minutes.3Hours.MIXED-COMPUTED-REV,-40.07,-23.69,-16.38,NEGATIVE
2025-08-05 00:00:00,BLU.Flow-In.Ave.15Minutes.3Hours.MIXED-COMPUTED-REV,-47.45,-26.99,-20.46,NEGATIVE
2025-08-05 01:00:00,BLU.Flow-In.Ave.15Minutes.3Hours.MIXED-COMPUTED-REV,-48.28,-28.46,-19.83,NEGATIVE
2025-08-05 02:00:00,BLU.Flow-In.Ave.15Minutes.3Hours.MIXED-COMPUTED-REV,-46.85,-28.46,-18.39,NEGATIVE
2025-08-05 03:00:00,BLU.Flow-In.Ave.15Minutes.3Hours.MIXED-COMPUTED-REV,-33.76,-28.46,-5.30,NEGATIVE
2025-08-05 04:00:00,BLU.Flow-In.Ave.15Minutes.3Hours.MIXED-COMPUTED-REV,-23.69,-28.46,4.77,NEGATIVE
2025-08-05 05:00:00,BLU.Flow-In.Ave.15Minutes.3Hours.MIXED-COMPUTED-REV,-17.18,-28.46,11.27,NEGATIVE
2025-08-05 06:00:00,BLU.Flow-In.Ave.15Minutes.3Hours.MIXED-COMPUTED-REV,-20.98,-28.46,7.47,NEGATIVE
2025-08-05 07:00:00,BLU.Flow-In.Ave.15Minutes.3Hours.MIXED-COMPUTED-REV,-28.59,-28.46,-0.13,NEGATIVE
2025-08-05 08:00:00,BLU.Flow-In.Ave.15Minutes.3Hours.MIXED-COMPUTED-REV,-32.43,-28.46,-3.98,NEGATIVE
2025-08-05 09:00:00,BLU.Flow-In.Ave.15Minutes.3Hours.MIXED-COMPUTED-REV,-28.46,-28.46,0.00,NEGATIVE
2025-08-05 10:00:00,BLU.Flow-In.Ave.15Minutes.3Hours.MIXED-COMPUTED-REV,-26.99,-26.99,0.00,NEGATIVE
2025-08-05 11:00:00,BLU.Flow-In.Ave.15Minutes.3Hours.MIXED-COMPUTED-REV,-31.08,-23.69,-7.40,NEGATIVE
2025-08-05 12:00:00,BLU.Flow-In.Ave.15Minutes.3Hours.MIXED-COMPUTED-REV,-33.72,-20.98,-12.74,NEGATIVE
2025-08-05 13:00:00,BLU.Flow-In.Ave.15Minutes.3Hours.MIXED-COMPUTED-REV,-33.46,-18.94,-14.52,NEGATIVE
2025-08-05 14:00:00,BLU.Flow-In.Ave.15Minutes.3Hours.MIXED-COMPUTED-REV,-18.94,-17.18,-1.76,NEGATIVE
2025-08-05 15:00:00,BLU.Flow-In.Ave.15Minutes.3Hours.MIXED-COMPUTED-REV,-11.74,-11.74,0.00,NEGATIVE
2025-08-05 16:00:00,BLU.Flow-In.Ave.15Minutes.3Hours.MIXED-COMPUTED-REV,-0.83,-0.83,0.00,NEGATIVE
2025-08-07 04:00:00,BLU.Flow-In.Ave.15Minutes.3Hours.MIXED-COMPUTED-REV,-11.37,-11.37,0.00,NEGATIVE
2025-08-07 05:00:00,BLU.Flow-In.Ave.15Minutes.3Hours.MIXED-COMPUTED-REV,-31.10,-31.10,0.00,NEGATIVE
2025-08-07 06:00:00,BLU.Flow-In.Ave.15Minutes.3Hours.MIXED-COMPUTED-REV,-50.59,-32.01,-18.58,NEGATIVE
2025-08-07 07:00:00,BLU.Flow-In.Ave.15Minutes.3Hours.MIXED-COMPUTED-REV,-41.33,-32.01,-9.32,NEGATIVE
2025-08-07 08:00:00,BLU.Flow-In.Ave.15Minutes.3Hours.MIXED-COMPUTED-REV,-36.34,-34.54,-1.80,NEGATIVE
2025-08-07 09:00:00,BLU.Flow-In.Ave.15Minutes.3Hours.MIXED-COMPUTED-REV,-32.01,-36.34,4.33,NEGATIVE
2025-08-07 10:00:00,BLU.Flow-In.Ave.15Minutes.3Hours.MIXED-COMPUTED-REV,-44.11,-36.41,-7.70,NEGATIVE
2025-08-07 11:00:00,BLU.Flow-In.Ave.15Minutes.3Hours.MIXED-COMPUTED-REV,-56.28,-36.41,-19.86,NEGATIVE
2025-08-07 12:00:00,BLU.Flow-In.Ave.15Minutes.3Hours.MIXED-COMPUTED-REV,-56.11,-36.41,-19.70,NEGATIVE
2025-08-07 13:00:00,BLU.Flow-In.Ave.15Minutes.3Hours.MIXED-COMPUTED-REV,-47.78,-36.41,-11.37,NEGATIVE
2025-08-07 14:00:00,BLU.Flow-In.Ave.15Minutes.3Hours.MIXED-COMPUTED-REV,-42.21,-36.41,-5.79,NEGATIVE
2025-08-07 15:00:00,BLU.Flow-In.Ave.15Minutes.3Hours.MIXED-COMPUTED-REV,-37.98,-36.41,-1.57,NEGATIVE
2025-08-07 16:00:00,BLU.Flow-In.Ave.15Minutes.3Hours.MIXED-COMPUTED-REV,-43.30,-36.41,-6.89,NEGATIVE
2025-08-07 17:00:00,BLU.Flow-In.Ave.15Minutes.3Hours.MIXED-COMPUTED-REV,-39.93,-36.41,-3.52,NEGATIVE
2025-08-07 18:00:00,BLU.Flow-In.Ave.15Minutes.3Hours.MIXED-COMPUTED-REV,-41.66,-36.41,-5.24,NEGATIVE
2025-08-07 19:00:00,BLU.Flow-In.Ave.15Minutes.3Hours.MIXED-COMPUTED-REV,-27.34,-36.34,9.00,NEGATIVE
2025-08-07 20:00:00,BLU.Flow-In.Ave.15Minutes.3Hours.MIXED-COMPUTED-REV,-34.54,-34.54,0.00,NEGATIVE
2025-08-07 21:00:00,BLU.Flow-In.Ave.15Minutes.3Hours.MIXED-COMPUTED-REV,-45.49,-32.01,-13.48,NEGATIVE
2025-08-07 22:00:00,BLU.Flow-In.Ave.15Minutes.3Hours.MIXED-COMPUTED-REV,-36.41,-27.34,-9.07,NEGATIVE
2025-08-07 23:00:00,BLU.Flow-In.Ave.15Minutes.3Hours.MIXED-COMPUTED-REV,-12.14,-12.14,0.00,NEGATIVE
2025-08-08 17:00:00,BLU.Flow-In.Ave.15Minutes.3Hours.MIXED-COMPUTED-REV,-9.44,16.09,-25.54,NEGATIVE
2025-08-08 18:00:00,BLU.Flow-In.Ave.15Minutes.3Hours.MIXED-COMPUTED-REV,-6.30,16.09,-22.39,NEGATIVE
2025-08-09 14:00:00,BLU.Flow-In.Ave.15Minutes.3Hours.MIXED-COMPUTED-REV,-1.17,10.54,-11.71,NEGATIVE
2025-08-09 15:00:00,BLU.Flow-In.Ave.15Minutes.3Hours.MIXED-COMPUTED-REV,-7.14,10.54,-17.68,NEGATIVE
2025-08-09 16:00:00,BLU.Flow-In.Ave.15Minutes.3Hours.MIXED-COMPUTED-REV,-7.03,10.54,-17.57,NEGATIVE
2025-08-09 17:00:00,BLU.Flow-In.Ave.15Minutes.3Hours.MIXED-COMPUTED-REV,-10.00,10.54,-20.54,NEGATIVE
2025-08-09 18:00:00,BLU.Flow-In.Ave.15Minutes.3Hours.MIXED-COMPUTED-REV,-10.06,10.54,-20.60,NEGATIVE
2025-08-10 14:00:00,BLU.Flow-In.Ave.15Minutes.3Hours.MIXED-COMPUTED-REV,-3.94,7.30,-11.25,NEGATIVE
2025-08-10 16:00:00,BLU.Flow-In.Ave.15Minutes.3Hours.MIXED-COMPUTED-REV,-1.85,7.30,-9.16,NEGATIVE
2025-08-10 17:00:00,BLU.Flow-In.Ave.15Minutes.3Hours.MIXED-COMPUTED-REV,-6.37,7.30,-13.67,NEGATIVE
2025-08-10 18:00:00,BLU.Flow-In.Ave.15Minutes.3Hours.MIXED-COMPUTED-REV,-10.61,7.30,-17.91,NEGATIVE
2025-08-10 19:00:00,BLU.Flow-In.Ave.15Minutes.3Hours.MIXED-COMPUTED-REV,-12.31,7.30,-19.62,NEGATIVE
2025-08-10 20:00:00,BLU.Flow-In.Ave.15Minutes.3Hours.MIXED-COMPUTED-REV,-7.06,7.30,-14.36,NEGATIVE
2025-08-10 21:00:00,BLU.Flow-In.Ave.15Minutes.3Hours.MIXED-COMPUTED-REV,-2.97,7.30,-10.28,NEGATIVE
2025-08-11 14:00:00,BLU.Flow-In.Ave.15Minutes.3Hours.MIXED-COMPUTED-REV,-3.87,-0.53,-3.34,NEGATIVE
2025-08-11 15:00:00,BLU.Flow-In.Ave.15Minutes.3Hours.MIXED-COMPUTED-REV,-1.37,-1.37,0.00,NEGATIVE
2025-08-11 16:00:00,BLU.Flow-In.Ave.15Minutes.3Hours.MIXED-COMPUTED-REV,-0.53,-3.87,3.34,NEGATIVE
2025-08-11 17:00:00,BLU.Flow-In.Ave.15Minutes.3Hours.MIXED-COMPUTED-REV,-34.93,-34.93,0.00,NEGATIVE
2025-08-11 18:00:00,BLU.Flow-In.Ave.15Minutes.3Hours.MIXED-COMPUTED-REV,-89.80,-89.80,0.00,NEGATIVE
2025-08-11 19:00:00,BLU.Flow-In.Ave.15Minutes.3Hours.MIXED-COMPUTED-REV,-132.46,-114.77,-17.69,NEGATIVE
2025-08-11 20:00:00,BLU.Flow-In.Ave.15Minutes.3Hours.MIXED-COMPUTED-REV,-147.29,-117.82,-29.47,NEGATIVE
2025-08-11 21:00:00,BLU.Flow-In.Ave.15Minutes.3Hours.MIXED-COMPUTED-REV,-142.12,-119.50,-22.62,NEGATIVE
2025-08-11 22:00:00,BLU.Flow-In.Ave.15Minutes.3Hours.MIXED-COMPUTED-REV,-133.57,-120.67,-12.91,NEGATIVE
2025-08-11 23:00:00,BLU.Flow-In.Ave.15Minutes.3Hours.MIXED-COMPUTED-REV,-123.59,-120.67,-2.92,NEGATIVE
2025-08-12 00:00:00,BLU.Flow-In.Ave.15Minutes.3Hours.MIXED-COMPUTED-REV,-136.38,-120.67,-15.72,NEGATIVE
2025-08-12 01:00:00,BLU.Flow-In.Ave.15Minutes.3Hours.MIXED-COMPUTED-REV,-147.75,-120.67,-27.08,NEGATIVE
2025-08-12 02:00:00,BLU.Flow-In.Ave.15Minutes.3Hours.MIXED-COMPUTED-REV,-153.40,-120.67,-32.73,NEGATIVE
2025-08-12 03:00:00,BLU.Flow-In.Ave.15Minutes.3Hours.MIXED-COMPUTED-REV,-125.88,-120.67,-5.21,NEGATIVE
2025-08-12 04:00:00,BLU.Flow-In.Ave.15Minutes.3Hours.MIXED-COMPUTED-REV,-119.50,-120.67,1.16,NEGATIVE
2025-08-12 05:00:00,BLU.Flow-In.Ave.15Minutes.3Hours.MIXED-COMPUTED-REV,-114.77,-120.67,5.90,NEGATIVE
2025-08-12 06:00:00,BLU.Flow-In.Ave.15Minutes.3Hours.MIXED-COMPUTED-REV,-117.82,-120.67,2.85,NEGATIVE
2025-08-12 07:00:00,BLU.Flow-In.Ave.15Minutes.3Hours.MIXED-COMPUTED-REV,-125.32,-120.67,-4.66,NEGATIVE
2025-08-12 08:00:00,BLU.Flow-In.Ave.15Minutes.3Hours.MIXED-COMPUTED-REV,-125.08,-119.50,-5.57,NEGATIVE
2025-08-12 09:00:00,BLU.Flow-In.Ave.15Minutes.3Hours.MIXED-COMPUTED-REV,-124.83,-117.82,-7.01,NEGATIVE
2025-08-12 10:00:00,BLU.Flow-In.Ave.15Minutes.3Hours.MIXED-COMPUTED-REV,-120.67,-114.77,-5.90,NEGATIVE
2025-08-12 11:00:00,BLU.Flow-In.Ave.15Minutes.3Hours.MIXED-COMPUTED-REV,-85.98,-85.98,0.00,NEGATIVE
2025-08-12 12:00:00,BLU.Flow-In.Ave.15Minutes.3Hours.MIXED-COMPUTED-REV,-14.57,-14.57,0.00,NEGATIVE
2025-08-13 08:00:00,BLU.Flow-In.Ave.15Minutes.3Hours.MIXED-COMPUTED-REV,-7.06,-3.29,-3.77,NEGATIVE
2025-08-13 09:00:00,BLU.Flow-In.Ave.15Minutes.3Hours.MIXED-COMPUTED-REV,-3.29,-4.12,0.83,NEGATIVE
2025-08-13 10:00:00,BLU.Flow-In.Ave.15Minutes.3Hours.MIXED-COMPUTED-REV,-4.12,-5.07,0.95,NEGATIVE
2025-08-13 11:00:00,BLU.Flow-In.Ave.15Minutes.3Hours.MIXED-COMPUTED-REV,-5.07,-7.06,1.99,NEGATIVE
2025-08-13 12:00:00,BLU.Flow-In.Ave.15Minutes.3Hours.MIXED-COMPUTED-REV,-8.51,-7.58,-0.93,NEGATIVE
2025-08-13 13:00:00,BLU.Flow-In.Ave.15Minutes.3Hours.MIXED-COMPUTED-REV,-10.80,-8.31,-2.49,NEGATIVE
2025-08-13 14:00:00,BLU.Flow-In.Ave.15Minutes.3Hours.MIXED-COMPUTED-REV,-13.40,-8.51,-4.90,NEGATIVE
2025-08-13 15:00:00,BLU.Flow-In.Ave.15Minutes.3Hours.MIXED-COMPUTED-REV,-9.82,-9.73,-0.09,NEGATIVE
2025-08-13 16:00:00,BLU.Flow-In.Ave.15Minutes.3Hours.MIXED-COMPUTED-REV,-13.11,-9.82,-3.29,NEGATIVE
2025-08-13 17:00:00,BLU.Flow-In.Ave.15Minutes.3Hours.MIXED-COMPUTED-REV,-19.64,-10.80,-8.84,NEGATIVE
2025-08-13 18:00:00,BLU.Flow-In.Ave.15Minutes.3Hours.MIXED-COMPUTED-REV,-27.11,-12.24,-14.87,NEGATIVE
2025-08-13 19:00:00,BLU.Flow-In.Ave.15Minutes.3Hours.MIXED-COMPUTED-REV,-31.15,-12.24,-18.91,NEGATIVE
2025-08-13 20:00:00,BLU.Flow-In.Ave.15Minutes.3Hours.MIXED-COMPUTED-REV,-23.89,-12.51,-11.38,NEGATIVE
2025-08-13 21:00:00,BLU.Flow-In.Ave.15Minutes.3Hours.MIXED-COMPUTED-REV,-20.21,-12.71,-7.50,NEGATIVE
2025-08-13 22:00:00,BLU.Flow-In.Ave.15Minutes.3Hours.MIXED-COMPUTED-REV,-8.31,-12.71,4.40,NEGATIVE
2025-08-13 23:00:00,BLU.Flow-In.Ave.15Minutes.3Hours.MIXED-COMPUTED-REV,-7.58,-12.71,5.13,NEGATIVE
2025-08-14 00:00:00,BLU.Flow-In.Ave.15Minutes.3Hours.MIXED-COMPUTED-REV,-9.73,-13.11,3.38,NEGATIVE
2025-08-14 01:00:00,BLU.Flow-In.Ave.15Minutes.3Hours.MIXED-COMPUTED-REV,-16.73,-13.40,-3.32,NEGATIVE
2025-08-14 02:00:00,BLU.Flow-In.Ave.15Minutes.3Hours.MIXED-COMPUTED-REV,-12.51,-13.40,0.90,NEGATIVE
2025-08-14 03:00:00,BLU.Flow-In.Ave.15Minutes.3Hours.MIXED-COMPUTED-REV,-12.24,-13.11,0.87,NEGATIVE
2025-08-14 04:00:00,BLU.Flow-In.Ave.15Minutes.3Hours.MIXED-COMPUTED-REV,-17.04,-13.11,-3.93,NEGATIVE
2025-08-14 05:00:00,BLU.Flow-In.Ave.15Minutes.3Hours.MIXED-COMPUTED-REV,-19.85,-12.71,-7.14,NEGATIVE
2025-08-14 06:00:00,BLU.Flow-In.Ave.15Minutes.3Hours.MIXED-COMPUTED-REV,-15.62,-12.51,-3.11,NEGATIVE
2025-08-14 07:00:00,BLU.Flow-In.Ave.15Minutes.3Hours.MIXED-COMPUTED-REV,-8.49,-12.24,3.75,NEGATIVE
2025-08-14 08:00:00,BLU.Flow-In.Ave.15Minutes.3Hours.MIXED-COMPUTED-REV,-12.71,-10.93,-1.78,NEGATIVE
2025-08-14 09:00:00,BLU.Flow-In.Ave.15Minutes.3Hours.MIXED-COMPUTED-REV,-14.49,-10.57,-3.92,NEGATIVE
2025-08-14 10:00:00,BLU.Flow-In.Ave.15Minutes.3Hours.MIXED-COMPUTED-REV,-10.93,-9.73,-1.21,NEGATIVE
2025-08-14 11:00:00,BLU.Flow-In.Ave.15Minutes.3Hours.MIXED-COMPUTED-REV,-10.57,-9.73,-0.84,NEGATIVE
2025-08-14 12:00:00,BLU.Flow-In.Ave.15Minutes.3Hours.MIXED-COMPUTED-REV,-13.75,-9.73,-4.02,NEGATIVE
2025-08-14 13:00:00,BLU.Flow-In.Ave.15Minutes.3Hours.MIXED-COMPUTED-REV,-16.84,-9.66,-7.18,NEGATIVE
2025-08-14 14:00:00,BLU.Flow-In.Ave.15Minutes.3Hours.MIXED-COMPUTED-REV,-9.66,-8.49,-1.17,NEGATIVE
2025-08-14 15:00:00,BLU.Flow-In.Ave.15Minutes.3Hours.MIXED-COMPUTED-REV,-5.74,-5.74,0.00,NEGATIVE
2025-08-14 16:00:00,BLU.Flow-In.Ave.15Minutes.3Hours.MIXED-COMPUTED-REV,-2.60,-2.60,0.00,NEGATIVE
2025-08-15 12:00:00,BLU.Flow-In.Ave.15Minutes.3Hours.MIXED-COMPUTED-REV,-8.15,-4.76,-3.39,NEGATIVE
2025-08-15 13:00:00,BLU.Flow-In.Ave.15Minutes.3Hours.MIXED-COMPUTED-REV,-16.60,-8.15,-8.45,NEGATIVE
2025-08-15 14:00:00,BLU.Flow-In.Ave.15Minutes.3Hours.MIXED-COMPUTED-REV,-27.33,-13.30,-14.03,NEGATIVE
2025-08-15 15:00:00,BLU.Flow-In.Ave.15Minutes.3Hours.MIXED-COMPUTED-REV,-33.05,-14.06,-18.99,NEGATIVE
2025-08-15 16:00:00,BLU.Flow-In.Ave.15Minutes.3Hours.MIXED-COMPUTED-REV,-30.32,-15.80,-14.52,NEGATIVE
2025-08-15 17:00:00,BLU.Flow-In.Ave.15Minutes.3Hours.MIXED-COMPUTED-REV,-15.80,-16.60,0.80,NEGATIVE
2025-08-15 18:00:00,BLU.Flow-In.Ave.15Minutes.3Hours.MIXED-COMPUTED-REV,-14.06,-19.87,5.81,NEGATIVE
2025-08-15 19:00:00,BLU.Flow-In.Ave.15Minutes.3Hours.MIXED-COMPUTED-REV,-25.01,-20.67,-4.34,NEGATIVE
2025-08-15 20:00:00,BLU.Flow-In.Ave.15Minutes.3Hours.MIXED-COMPUTED-REV,-41.05,-21.36,-19.69,NEGATIVE
2025-08-15 21:00:00,BLU.Flow-In.Ave.15Minutes.3Hours.MIXED-COMPUTED-REV,-31.15,-21.36,-9.79,NEGATIVE
2025-08-15 22:00:00,BLU.Flow-In.Ave.15Minutes.3Hours.MIXED-COMPUTED-REV,-20.67,-21.36,0.69,NEGATIVE
2025-08-15 23:00:00,BLU.Flow-In.Ave.15Minutes.3Hours.MIXED-COMPUTED-REV,-4.76,-21.36,16.60,NEGATIVE
2025-08-16 00:00:00,BLU.Flow-In.Ave.15Minutes.3Hours.MIXED-COMPUTED-REV,-13.30,-21.36,8.05,NEGATIVE
2025-08-16 01:00:00,BLU.Flow-In.Ave.15Minutes.3Hours.MIXED-COMPUTED-REV,-21.36,-21.36,0.00,NEGATIVE
2025-08-16 02:00:00,BLU.Flow-In.Ave.15Minutes.3Hours.MIXED-COMPUTED-REV,-35.64,-21.36,-14.29,NEGATIVE
2025-08-16 03:00:00,BLU.Flow-In.Ave.15Minutes.3Hours.MIXED-COMPUTED-REV,-31.92,-20.67,-11.25,NEGATIVE
2025-08-16 04:00:00,BLU.Flow-In.Ave.15Minutes.3Hours.MIXED-COMPUTED-REV,-22.70,-19.87,-2.82,NEGATIVE
2025-08-16 05:00:00,BLU.Flow-In.Ave.15Minutes.3Hours.MIXED-COMPUTED-REV,-19.87,-15.80,-4.08,NEGATIVE
2025-08-16 06:00:00,BLU.Flow-In.Ave.15Minutes.3Hours.MIXED-COMPUTED-REV,-24.47,-14.06,-10.41,NEGATIVE
2025-08-16 07:00:00,BLU.Flow-In.Ave.15Minutes.3Hours.MIXED-COMPUTED-REV,-33.74,-13.30,-20.44,NEGATIVE
2025-08-16 08:00:00,BLU.Flow-In.Ave.15Minutes.3Hours.MIXED-COMPUTED-REV,-25.09,-13.30,-11.79,NEGATIVE
2025-08-16 09:00:00,BLU.Flow-In.Ave.15Minutes.3Hours.MIXED-COMPUTED-REV,-13.24,-13.24,0.00,NEGATIVE
2025-08-16 10:00:00,BLU.Flow-In.Ave.15Minutes.3Hours.MIXED-COMPUTED-REV,-0.29,-11.42,11.13,NEGATIVE
2025-08-16 15:00:00,BLU.Flow-In.Ave.15Minutes.3Hours.MIXED-COMPUTED-REV,-3.73,-0.78,-2.95,NEGATIVE
2025-08-16 16:00:00,BLU.Flow-In.Ave.15Minutes.3Hours.MIXED-COMPUTED-REV,-0.78,-0.29,-0.49,NEGATIVE
2025-08-16 17:00:00,BLU.Flow-In.Ave.15Minutes.3Hours.MIXED-COMPUTED-REV,-0.12,-0.12,0.00,NEGATIVE
2025-08-16 18:00:00,BLU.Flow-In.Ave.15Minutes.3Hours.MIXED-COMPUTED-REV,-1.11,1.93,-3.04,NEGATIVE
2025-08-16 19:00:00,BLU.Flow-In.Ave.15Minutes.3Hours.MIXED-COMPUTED-REV,-11.42,6.40,-17.82,NEGATIVE
2025-08-16 20:00:00,BLU.Flow-In.Ave.15Minutes.3Hours.MIXED-COMPUTED-REV,-15.57,8.02,-23.59,NEGATIVE
2025-08-16 21:00:00,BLU.Flow-In.Ave.15Minutes.3Hours.MIXED-COMPUTED-REV,-6.25,10.59,-16.85,NEGATIVE
2025-08-17 17:00:00,BLU.Flow-In.Ave.15Minutes.3Hours.MIXED-COMPUTED-REV,-12.72,-12.72,0.00,NEGATIVE
2025-08-17 18:00:00,BLU.Flow-In.Ave.15Minutes.3Hours.MIXED-COMPUTED-REV,-23.40,-18.82,-4.58,NEGATIVE
2025-08-17 19:00:00,BLU.Flow-In.Ave.15Minutes.3Hours.MIXED-COMPUTED-REV,-33.74,-18.82,-14.92,NEGATIVE
2025-08-17 20:00:00,BLU.Flow-In.Ave.15Minutes.3Hours.MIXED-COMPUTED-REV,-40.57,-18.82,-21.75,NEGATIVE
2025-08-17 21:00:00,BLU.Flow-In.Ave.15Minutes.3Hours.MIXED-COMPUTED-REV,-44.31,-18.82,-25.49,NEGATIVE
2025-08-17 22:00:00,BLU.Flow-In.Ave.15Minutes.3Hours.MIXED-COMPUTED-REV,-47.45,-18.82,-28.63,NEGATIVE
2025-08-17 23:00:00,BLU.Flow-In.Ave.15Minutes.3Hours.MIXED-COMPUTED-REV,-35.37,-18.82,-16.55,NEGATIVE
2025-08-18 00:00:00,BLU.Flow-In.Ave.15Minutes.3Hours.MIXED-COMPUTED-REV,-29.76,-18.82,-10.94,NEGATIVE
2025-08-18 01:00:00,BLU.Flow-In.Ave.15Minutes.3Hours.MIXED-COMPUTED-REV,-18.82,-18.82,0.00,NEGATIVE
2025-08-18 02:00:00,BLU.Flow-In.Ave.15Minutes.3Hours.MIXED-COMPUTED-REV,-29.37,-18.82,-10.55,NEGATIVE
2025-08-18 03:00:00,BLU.Flow-In.Ave.15Minutes.3Hours.MIXED-COMPUTED-REV,-35.96,-18.82,-17.14,NEGATIVE
2025-08-18 04:00:00,BLU.Flow-In.Ave.15Minutes.3Hours.MIXED-COMPUTED-REV,-42.61,-18.82,-23.79,NEGATIVE
2025-08-18 05:00:00,BLU.Flow-In.Ave.15Minutes.3Hours.MIXED-COMPUTED-REV,-35.44,-18.82,-16.62,NEGATIVE
2025-08-18 06:00:00,BLU.Flow-In.Ave.15Minutes.3Hours.MIXED-COMPUTED-REV,-29.46,-18.82,-10.64,NEGATIVE
2025-08-18 07:00:00,BLU.Flow-In.Ave.15Minutes.3Hours.MIXED-COMPUTED-REV,-17.53,-17.53,0.00,NEGATIVE
2025-08-18 08:00:00,BLU.Flow-In.Ave.15Minutes.3Hours.MIXED-COMPUTED-REV,-5.07,-5.07,0.00,NEGATIVE
2025-08-20 07:00:00,BLU.Flow-In.Ave.15Minutes.3Hours.MIXED-COMPUTED-REV,-7.98,-7.98,0.00,NEGATIVE
2025-08-20 08:00:00,BLU.Flow-In.Ave.15Minutes.3Hours.MIXED-COMPUTED-REV,-40.77,-40.77,0.00,NEGATIVE
2025-08-20 09:00:00,BLU.Flow-In.Ave.15Minutes.3Hours.MIXED-COMPUTED-REV,-58.49,-58.49,0.00,NEGATIVE
2025-08-20 10:00:00,BLU.Flow-In.Ave.15Minutes.3Hours.MIXED-COMPUTED-REV,-61.82,-58.49,-3.33,NEGATIVE
2025-08-20 11:00:00,BLU.Flow-In.Ave.15Minutes.3Hours.MIXED-COMPUTED-REV,-61.96,-58.49,-3.48,NEGATIVE
2025-08-20 12:00:00,BLU.Flow-In.Ave.15Minutes.3Hours.MIXED-COMPUTED-REV,-63.06,-58.49,-4.57,NEGATIVE
2025-08-20 13:00:00,BLU.Flow-In.Ave.15Minutes.3Hours.MIXED-COMPUTED-REV,-66.02,-58.49,-7.53,NEGATIVE
2025-08-20 14:00:00,BLU.Flow-In.Ave.15Minutes.3Hours.MIXED-COMPUTED-REV,-71.76,-58.49,-13.28,NEGATIVE
2025-08-20 15:00:00,BLU.Flow-In.Ave.15Minutes.3Hours.MIXED-COMPUTED-REV,-68.00,-58.49,-9.52,NEGATIVE
2025-08-20 16:00:00,BLU.Flow-In.Ave.15Minutes.3Hours.MIXED-COMPUTED-REV,-65.92,-58.49,-7.44,NEGATIVE
2025-08-20 17:00:00,BLU.Flow-In.Ave.15Minutes.3Hours.MIXED-COMPUTED-REV,-65.01,-58.49,-6.52,NEGATIVE
2025-08-20 18:00:00,BLU.Flow-In.Ave.15Minutes.3Hours.MIXED-COMPUTED-REV,-66.44,-58.49,-7.96,NEGATIVE
2025-08-20 19:00:00,BLU.Flow-In.Ave.15Minutes.3Hours.MIXED-COMPUTED-REV,-66.93,-58.49,-8.44,NEGATIVE
2025-08-20 20:00:00,BLU.Flow-In.Ave.15Minutes.3Hours.MIXED-COMPUTED-REV,-58.85,-58.49,-0.36,NEGATIVE
2025-08-20 21:00:00,BLU.Flow-In.Ave.15Minutes.3Hours.MIXED-COMPUTED-REV,-58.86,-58.49,-0.38,NEGATIVE
2025-08-20 22:00:00,BLU.Flow-In.Ave.15Minutes.3Hours.MIXED-COMPUTED-REV,-43.29,-43.29,0.00,NEGATIVE
2025-08-20 23:00:00,BLU.Flow-In.Ave.15Minutes.3Hours.MIXED-COMPUTED-REV,-17.16,-17.16,0.00,NEGATIVE
2025-08-21 20:00:00,BLU.Flow-In.Ave.15Minutes.3Hours.MIXED-COMPUTED-REV,-2.32,9.04,-11.36,NEGATIVE
2025-08-21 21:00:00,BLU.Flow-In.Ave.15Minutes.3Hours.MIXED-COMPUTED-REV,-2.88,9.04,-11.92,NEGATIVE
2025-08-21 22:00:00,BLU.Flow-In.Ave.15Minutes.3Hours.MIXED-COMPUTED-REV,-1.34,8.97,-10.31,NEGATIVE
2025-08-22 11:00:00,BLU.Flow-In.Ave.15Minutes.3Hours.MIXED-COMPUTED-REV,-2.65,3.21,-5.86,NEGATIVE
2025-08-22 12:00:00,BLU.Flow-In.Ave.15Minutes.3Hours.MIXED-COMPUTED-REV,-7.40,0.04,-7.43,NEGATIVE
2025-08-22 13:00:00,BLU.Flow-In.Ave.15Minutes.3Hours.MIXED-COMPUTED-REV,-3.22,-0.33,-2.88,NEGATIVE
2025-08-22 14:00:00,BLU.Flow-In.Ave.15Minutes.3Hours.MIXED-COMPUTED-REV,-0.33,-0.33,0.00,NEGATIVE
2025-08-22 17:00:00,BLU.Flow-In.Ave.15Minutes.3Hours.MIXED-COMPUTED-REV,-2.23,-0.33,-1.89,NEGATIVE
2025-08-22 18:00:00,BLU.Flow-In.Ave.15Minutes.3Hours.MIXED-COMPUTED-REV,-6.89,-0.33,-6.55,NEGATIVE
2025-08-22 19:00:00,BLU.Flow-In.Ave.15Minutes.3Hours.MIXED-COMPUTED-REV,-17.58,-0.33,-17.25,NEGATIVE
2025-08-22 20:00:00,BLU.Flow-In.Ave.15Minutes.3Hours.MIXED-COMPUTED-REV,-19.85,-0.33,-19.52,NEGATIVE
2025-08-22 21:00:00,BLU.Flow-In.Ave.15Minutes.3Hours.MIXED-COMPUTED-REV,-18.01,-0.33,-17.68,NEGATIVE
2025-08-22 22:00:00,BLU.Flow-In.Ave.15Minutes.3Hours.MIXED-COMPUTED-REV,-11.95,-0.33,-11.61,NEGATIVE
2025-08-22 23:00:00,BLU.Flow-In.Ave.15Minutes.3Hours.MIXED-COMPUTED-REV,-8.96,-0.33,-8.63,NEGATIVE
2025-08-23 00:00:00,BLU.Flow-In.Ave.15Minutes.3Hours.MIXED-COMPUTED-REV,-1.21,0.04,-1.25,NEGATIVE
2025-08-23 01:00:00,BLU.Flow-In.Ave.15Minutes.3Hours.MIXED-COMPUTED-REV,-5.71,1.83,-7.54,NEGATIVE
2025-08-24 04:00:00,BLU.Flow-In.Ave.15Minutes.3Hours.MIXED-COMPUTED-REV,-0.81,-0.81,0.00,NEGATIVE
2025-08-24 05:00:00,BLU.Flow-In.Ave.15Minutes.3Hours.MIXED-COMPUTED-REV,-3.90,-3.90,0.00,NEGATIVE
2025-08-24 06:00:00,BLU.Flow-In.Ave.15Minutes.3Hours.MIXED-COMPUTED-REV,-8.70,-6.66,-2.04,NEGATIVE
2025-08-24 07:00:00,BLU.Flow-In.Ave.15Minutes.3Hours.MIXED-COMPUTED-REV,-16.51,-7.23,-9.28,NEGATIVE
2025-08-24 08:00:00,BLU.Flow-In.Ave.15Minutes.3Hours.MIXED-COMPUTED-REV,-13.30,-8.70,-4.61,NEGATIVE
2025-08-24 09:00:00,BLU.Flow-In.Ave.15Minutes.3Hours.MIXED-COMPUTED-REV,-9.07,-9.07,0.00,NEGATIVE
2025-08-24 10:00:00,BLU.Flow-In.Ave.15Minutes.3Hours.MIXED-COMPUTED-REV,-6.66,-10.65,3.99,NEGATIVE
2025-08-24 11:00:00,BLU.Flow-In.Ave.15Minutes.3Hours.MIXED-COMPUTED-REV,-7.23,-10.65,3.42,NEGATIVE
2025-08-24 12:00:00,BLU.Flow-In.Ave.15Minutes.3Hours.MIXED-COMPUTED-REV,-14.03,-12.91,-1.11,NEGATIVE
2025-08-24 13:00:00,BLU.Flow-In.Ave.15Minutes.3Hours.MIXED-COMPUTED-REV,-13.70,-13.30,-0.40,NEGATIVE
2025-08-24 14:00:00,BLU.Flow-In.Ave.15Minutes.3Hours.MIXED-COMPUTED-REV,-14.50,-13.70,-0.80,NEGATIVE
2025-08-24 15:00:00,BLU.Flow-In.Ave.15Minutes.3Hours.MIXED-COMPUTED-REV,-10.65,-14.03,3.38,NEGATIVE
2025-08-24 16:00:00,BLU.Flow-In.Ave.15Minutes.3Hours.MIXED-COMPUTED-REV,-21.15,-14.50,-6.64,NEGATIVE
2025-08-24 17:00:00,BLU.Flow-In.Ave.15Minutes.3Hours.MIXED-COMPUTED-REV,-34.72,-14.50,-20.22,NEGATIVE
2025-08-24 18:00:00,BLU.Flow-In.Ave.15Minutes.3Hours.MIXED-COMPUTED-REV,-33.65,-14.50,-19.15,NEGATIVE
2025-08-24 19:00:00,BLU.Flow-In.Ave.15Minutes.3Hours.MIXED-COMPUTED-REV,-31.12,-14.50,-16.62,NEGATIVE
2025-08-24 20:00:00,BLU.Flow-In.Ave.15Minutes.3Hours.MIXED-COMPUTED-REV,-28.35,-14.03,-14.33,NEGATIVE
2025-08-24 21:00:00,BLU.Flow-In.Ave.15Minutes.3Hours.MIXED-COMPUTED-REV,-27.09,-14.03,-13.06,NEGATIVE
2025-08-24 22:00:00,BLU.Flow-In.Ave.15Minutes.3Hours.MIXED-COMPUTED-REV,-16.71,-14.03,-2.68,NEGATIVE
2025-08-24 23:00:00,BLU.Flow-In.Ave.15Minutes.3Hours.MIXED-COMPUTED-REV,-5.39,-14.03,8.64,NEGATIVE
2025-08-25 00:00:00,BLU.Flow-In.Ave.15Minutes.3Hours.MIXED-COMPUTED-REV,-12.91,-14.03,1.11,NEGATIVE
2025-08-25 01:00:00,BLU.Flow-In.Ave.15Minutes.3Hours.MIXED-COMPUTED-REV,-21.59,-13.70,-7.89,NEGATIVE
2025-08-25 02:00:00,BLU.Flow-In.Ave.15Minutes.3Hours.MIXED-COMPUTED-REV,-29.90,-12.91,-16.98,NEGATIVE
2025-08-25 03:00:00,BLU.Flow-In.Ave.15Minutes.3Hours.MIXED-COMPUTED-REV,-24.62,-12.11,-12.51,NEGATIVE
2025-08-25 04:00:00,BLU.Flow-In.Ave.15Minutes.3Hours.MIXED-COMPUTED-REV,-21.06,-12.11,-8.95,NEGATIVE
2025-08-25 05:00:00,BLU.Flow-In.Ave.15Minutes.3Hours.MIXED-COMPUTED-REV,-12.11,-7.93,-4.19,NEGATIVE
2025-08-25 06:00:00,BLU.Flow-In.Ave.15Minutes.3Hours.MIXED-COMPUTED-REV,-7.93,-5.39,-2.54,NEGATIVE
2025-08-25 23:00:00,BLU.Flow-In.Ave.15Minutes.3Hours.MIXED-COMPUTED-REV,-33.44,-16.21,-17.23,NEGATIVE
2025-08-26 00:00:00,BLU.Flow-In.Ave.15Minutes.3Hours.MIXED-COMPUTED-REV,-46.53,-16.21,-30.32,NEGATIVE
2025-08-26 01:00:00,BLU.Flow-In.Ave.15Minutes.3Hours.MIXED-COMPUTED-REV,-45.77,-16.21,-29.56,NEGATIVE
2025-08-26 02:00:00,BLU.Flow-In.Ave.15Minutes.3Hours.MIXED-COMPUTED-REV,-52.53,-16.21,-36.32,NEGATIVE
2025-08-26 03:00:00,BLU.Flow-In.Ave.15Minutes.3Hours.MIXED-COMPUTED-REV,-44.01,-16.21,-27.80,NEGATIVE
2025-08-26 04:00:00,BLU.Flow-In.Ave.15Minutes.3Hours.MIXED-COMPUTED-REV,-38.18,-16.21,-21.96,NEGATIVE
2025-08-26 05:00:00,BLU.Flow-In.Ave.15Minutes.3Hours.MIXED-COMPUTED-REV,-28.32,-16.21,-12.11,NEGATIVE
2025-08-26 06:00:00,BLU.Flow-In.Ave.15Minutes.3Hours.MIXED-COMPUTED-REV,-29.85,-16.21,-13.64,NEGATIVE
2025-08-26 07:00:00,BLU.Flow-In.Ave.15Minutes.3Hours.MIXED-COMPUTED-REV,-32.86,-16.21,-16.65,NEGATIVE
2025-08-26 08:00:00,BLU.Flow-In.Ave.15Minutes.3Hours.MIXED-COMPUTED-REV,-35.05,-16.21,-18.84,NEGATIVE
2025-08-26 09:00:00,BLU.Flow-In.Ave.15Minutes.3Hours.MIXED-COMPUTED-REV,-34.26,-16.21,-18.05,NEGATIVE
2025-08-26 10:00:00,BLU.Flow-In.Ave.15Minutes.3Hours.MIXED-COMPUTED-REV,-30.59,-16.21,-14.38,NEGATIVE
2025-08-26 11:00:00,BLU.Flow-In.Ave.15Minutes.3Hours.MIXED-COMPUTED-REV,-16.21,-16.21,0.00,NEGATIVE
2025-08-27 02:00:00,BLU.Flow-In.Ave.15Minutes.3Hours.MIXED-COMPUTED-REV,-16.54,-16.54,0.00,NEGATIVE
2025-08-27 03:00:00,BLU.Flow-In.Ave.15Minutes.3Hours.MIXED-COMPUTED-REV,-27.76,-27.76,0.00,NEGATIVE
2025-08-27 04:00:00,BLU.Flow-In.Ave.15Minutes.3Hours.MIXED-COMPUTED-REV,-33.41,-27.76,-5.65,NEGATIVE
2025-08-27 05:00:00,BLU.Flow-In.Ave.15Minutes.3Hours.MIXED-COMPUTED-REV,-38.39,-27.76,-10.63,NEGATIVE
2025-08-27 06:00:00,BLU.Flow-In.Ave.15Minutes.3Hours.MIXED-COMPUTED-REV,-39.06,-27.76,-11.30,NEGATIVE
2025-08-27 07:00:00,BLU.Flow-In.Ave.15Minutes.3Hours.MIXED-COMPUTED-REV,-36.05,-27.76,-8.29,NEGATIVE
2025-08-27 08:00:00,BLU.Flow-In.Ave.15Minutes.3Hours.MIXED-COMPUTED-REV,-36.08,-27.76,-8.32,NEGATIVE
2025-08-27 09:00:00,BLU.Flow-In.Ave.15Minutes.3Hours.MIXED-COMPUTED-REV,-39.79,-27.76,-12.04,NEGATIVE
2025-08-27 10:00:00,BLU.Flow-In.Ave.15Minutes.3Hours.MIXED-COMPUTED-REV,-47.62,-27.76,-19.86,NEGATIVE
2025-08-27 11:00:00,BLU.Flow-In.Ave.15Minutes.3Hours.MIXED-COMPUTED-REV,-50.00,-27.76,-22.24,NEGATIVE
2025-08-27 12:00:00,BLU.Flow-In.Ave.15Minutes.3Hours.MIXED-COMPUTED-REV,-49.16,-27.76,-21.40,NEGATIVE
2025-08-27 13:00:00,BLU.Flow-In.Ave.15Minutes.3Hours.MIXED-COMPUTED-REV,-49.40,-27.76,-21.64,NEGATIVE
2025-08-27 14:00:00,BLU.Flow-In.Ave.15Minutes.3Hours.MIXED-COMPUTED-REV,-46.94,-27.76,-19.18,NEGATIVE
2025-08-27 15:00:00,BLU.Flow-In.Ave.15Minutes.3Hours.MIXED-COMPUTED-REV,-33.01,-27.76,-5.25,NEGATIVE
2025-08-27 16:00:00,BLU.Flow-In.Ave.15Minutes.3Hours.MIXED-COMPUTED-REV,-11.29,-11.29,0.00,NEGATIVE
2025-08-29 09:00:00,BLU.Flow-In.Ave.15Minutes.3Hours.MIXED-COMPUTED-REV,-21.72,-21.72,0.00,NEGATIVE
2025-08-29 10:00:00,BLU.Flow-In.Ave.15Minutes.3Hours.MIXED-COMPUTED-REV,-56.76,-35.69,-21.07,NEGATIVE
2025-08-29 11:00:00,BLU.Flow-In.Ave.15Minutes.3Hours.MIXED-COMPUTED-REV,-73.20,-35.69,-37.51,NEGATIVE
2025-08-29 12:00:00,BLU.Flow-In.Ave.15Minutes.3Hours.MIXED-COMPUTED-REV,-75.67,-35.69,-39.98,NEGATIVE
2025-08-29 13:00:00,BLU.Flow-In.Ave.15Minutes.3Hours.MIXED-COMPUTED-REV,-78.94,-35.69,-43.25,NEGATIVE
2025-08-29 14:00:00,BLU.Flow-In.Ave.15Minutes.3Hours.MIXED-COMPUTED-REV,-85.54,-35.69,-49.84,NEGATIVE
2025-08-29 15:00:00,BLU.Flow-In.Ave.15Minutes.3Hours.MIXED-COMPUTED-REV,-82.00,-35.69,-46.30,NEGATIVE
2025-08-29 16:00:00,BLU.Flow-In.Ave.15Minutes.3Hours.MIXED-COMPUTED-REV,-78.83,-35.69,-43.14,NEGATIVE
2025-08-29 17:00:00,BLU.Flow-In.Ave.15Minutes.3Hours.MIXED-COMPUTED-REV,-77.19,-35.69,-41.49,NEGATIVE
2025-08-29 18:00:00,BLU.Flow-In.Ave.15Minutes.3Hours.MIXED-COMPUTED-REV,-85.40,-35.69,-49.70,NEGATIVE
2025-08-29 19:00:00,BLU.Flow-In.Ave.15Minutes.3Hours.MIXED-COMPUTED-REV,-97.04,-35.69,-61.35,NEGATIVE
2025-08-29 20:00:00,BLU.Flow-In.Ave.15Minutes.3Hours.MIXED-COMPUTED-REV,-94.17,-35.69,-58.48,NEGATIVE
2025-08-29 21:00:00,BLU.Flow-In.Ave.15Minutes.3Hours.MIXED-COMPUTED-REV,-66.46,-35.69,-30.77,NEGATIVE
2025-08-29 22:00:00,BLU.Flow-In.Ave.15Minutes.3Hours.MIXED-COMPUTED-REV,-35.69,-35.69,0.00,NEGATIVE
2025-08-29 23:00:00,BLU.Flow-In.Ave.15Minutes.3Hours.MIXED-COMPUTED-REV,-10.70,-10.70,0.00,NEGATIVE
2025-08-30 00:00:00,BLU.Flow-In.Ave.15Minutes.3Hours.MIXED-COMPUTED-REV,-0.59,-0.59,0.00,NEGATIVE
2025-08-30 17:00:00,BLU.Flow-In.Ave.15Minutes.3Hours.MIXED-COMPUTED-REV,-1.34,9.85,-11.19,NEGATIVE
2025-08-30 18:00:00,BLU.Flow-In.Ave.15Minutes.3Hours.MIXED-COMPUTED-REV,-3.34,9.85,-13.19,NEGATIVE
2025-08-30 19:00:00,BLU.Flow-In.Ave.15Minutes.3Hours.MIXED-COMPUTED-REV,-3.84,9.85,-13.69,NEGATIVE
2025-08-30 20:00:00,BLU.Flow-In.Ave.15Minutes.3Hours.MIXED-COMPUTED-REV,-0.46,9.85,-10.32,NEGATIVE
2025-08-31 12:00:00,BLU.Flow-In.Ave.15Minutes.3Hours.MIXED-COMPUTED-REV,-6.08,1.69,-7.78,NEGATIVE
2025-08-31 13:00:00,BLU.Flow-In.Ave.15Minutes.3Hours.MIXED-COMPUTED-REV,-9.41,-0.97,-8.44,NEGATIVE
2025-08-31 14:00:00,BLU.Flow-In.Ave.15Minutes.3Hours.MIXED-COMPUTED-REV,-0.97,-5.07,4.10,NEGATIVE
2025-08-31 16:00:00,BLU.Flow-In.Ave.15Minutes.3Hours.MIXED-COMPUTED-REV,-7.19,-6.58,-0.61,NEGATIVE
2025-08-31 17:00:00,BLU.Flow-In.Ave.15Minutes.3Hours.MIXED-COMPUTED-REV,-13.23,-6.58,-6.65,NEGATIVE
2025-08-31 18:00:00,BLU.Flow-In.Ave.15Minutes.3Hours.MIXED-COMPUTED-REV,-18.08,-6.58,-11.50,NEGATIVE
2025-08-31 19:00:00,BLU.Flow-In.Ave.15Minutes.3Hours.MIXED-COMPUTED-REV,-19.51,-6.91,-12.60,NEGATIVE
2025-08-31 20:00:00,BLU.Flow-In.Ave.15Minutes.3Hours.MIXED-COMPUTED-REV,-18.07,-6.93,-11.13,NEGATIVE
2025-08-31 21:00:00,BLU.Flow-In.Ave.15Minutes.3Hours.MIXED-COMPUTED-REV,-16.50,-7.19,-9.31,NEGATIVE
2025-08-31 22:00:00,BLU.Flow-In.Ave.15Minutes.3Hours.MIXED-COMPUTED-REV,-17.13,-7.32,-9.81,NEGATIVE
2025-08-31 23:00:00,BLU.Flow-In.Ave.15Minutes.3Hours.MIXED-COMPUTED-REV,-18.17,-9.41,-8.77,NEGATIVE
2025-09-01 00:00:00,BLU.Flow-In.Ave.15Minutes.3Hours.MIXED-COMPUTED-REV,-16.57,-12.06,-4.51,NEGATIVE
2025-09-01 01:00:00,BLU.Flow-In.Ave.15Minutes.3Hours.MIXED-COMPUTED-REV,-6.93,-12.93,6.00,NEGATIVE
2025-09-01 02:00:00,BLU.Flow-In.Ave.15Minutes.3Hours.MIXED-COMPUTED-REV,-5.07,-13.23,8.17,NEGATIVE
2025-09-01 03:00:00,BLU.Flow-In.Ave.15Minutes.3Hours.MIXED-COMPUTED-REV,-6.58,-15.01,8.43,NEGATIVE
2025-09-01 04:00:00,BLU.Flow-In.Ave.15Minutes.3Hours.MIXED-COMPUTED-REV,-6.91,-16.50,9.59,NEGATIVE
2025-09-01 05:00:00,BLU.Flow-In.Ave.15Minutes.3Hours.MIXED-COMPUTED-REV,-1.96,-16.57,14.62,NEGATIVE
2025-09-01 06:00:00,BLU.Flow-In.Ave.15Minutes.3Hours.MIXED-COMPUTED-REV,-4.26,-17.13,12.87,NEGATIVE
2025-09-01 07:00:00,BLU.Flow-In.Ave.15Minutes.3Hours.MIXED-COMPUTED-REV,-7.32,-17.13,9.81,NEGATIVE
2025-09-01 08:00:00,BLU.Flow-In.Ave.15Minutes.3Hours.MIXED-COMPUTED-REV,-12.93,-17.13,4.20,NEGATIVE
2025-09-01 09:00:00,BLU.Flow-In.Ave.15Minutes.3Hours.MIXED-COMPUTED-REV,-12.06,-16.57,4.51,NEGATIVE
2025-09-01 10:00:00,BLU.Flow-In.Ave.15Minutes.3Hours.MIXED-COMPUTED-REV,-15.01,-16.57,1.56,NEGATIVE
2025-09-01 11:00:00,BLU.Flow-In.Ave.15Minutes.3Hours.MIXED-COMPUTED-REV,-22.54,-15.01,-7.52,NEGATIVE
2025-09-01 12:00:00,BLU.Flow-In.Ave.15Minutes.3Hours.MIXED-COMPUTED-REV,-23.35,-12.93,-10.42,NEGATIVE
2025-09-01 13:00:00,BLU.Flow-In.Ave.15Minutes.3Hours.MIXED-COMPUTED-REV,-27.47,-12.06,-15.41,NEGATIVE
2025-09-01 14:00:00,BLU.Flow-In.Ave.15Minutes.3Hours.MIXED-COMPUTED-REV,-18.79,-12.06,-6.73,NEGATIVE
2025-09-01 15:00:00,BLU.Flow-In.Ave.15Minutes.3Hours.MIXED-COMPUTED-REV,-19.42,-12.06,-7.36,NEGATIVE
2025-09-01 16:00:00,BLU.Flow-In.Ave.15Minutes.3Hours.MIXED-COMPUTED-REV,-19.58,-12.06,-7.52,NEGATIVE
2025-09-01 17:00:00,BLU.Flow-In.Ave.15Minutes.3Hours.MIXED-COMPUTED-REV,-26.05,-12.06,-13.99,NEGATIVE
2025-09-01 18:00:00,BLU.Flow-In.Ave.15Minutes.3Hours.MIXED-COMPUTED-REV,-21.33,-12.06,-9.27,NEGATIVE
2025-09-01 19:00:00,BLU.Flow-In.Ave.15Minutes.3Hours.MIXED-COMPUTED-REV,-24.38,-12.06,-12.32,NEGATIVE
2025-09-01 20:00:00,BLU.Flow-In.Ave.15Minutes.3Hours.MIXED-COMPUTED-REV,-22.28,-12.06,-10.22,NEGATIVE
2025-09-01 21:00:00,BLU.Flow-In.Ave.15Minutes.3Hours.MIXED-COMPUTED-REV,-10.59,-10.59,0.00,NEGATIVE
2025-09-02 11:00:00,BLU.Flow-In.Ave.15Minutes.3Hours.MIXED-COMPUTED-REV,-9.16,32.60,-41.76,NEGATIVE
2025-09-02 12:00:00,BLU.Flow-In.Ave.15Minutes.3Hours.MIXED-COMPUTED-REV,-26.66,32.60,-59.25,NEGATIVE
2025-09-02 13:00:00,BLU.Flow-In.Ave.15Minutes.3Hours.MIXED-COMPUTED-REV,-23.12,32.60,-55.71,NEGATIVE
2025-09-02 14:00:00,BLU.Flow-In.Ave.15Minutes.3Hours.MIXED-COMPUTED-REV,-28.10,32.60,-60.70,NEGATIVE
2025-09-02 15:00:00,BLU.Flow-In.Ave.15Minutes.3Hours.MIXED-COMPUTED-REV,-28.60,32.60,-61.20,NEGATIVE
2025-09-02 16:00:00,BLU.Flow-In.Ave.15Minutes.3Hours.MIXED-COMPUTED-REV,-38.99,32.60,-71.59,NEGATIVE
2025-09-02 17:00:00,BLU.Flow-In.Ave.15Minutes.3Hours.MIXED-COMPUTED-REV,-44.89,32.60,-77.49,NEGATIVE
2025-09-02 18:00:00,BLU.Flow-In.Ave.15Minutes.3Hours.MIXED-COMPUTED-REV,-44.96,32.60,-77.55,NEGATIVE
2025-09-02 19:00:00,BLU.Flow-In.Ave.15Minutes.3Hours.MIXED-COMPUTED-REV,-37.73,32.60,-70.32,NEGATIVE
2025-09-02 20:00:00,BLU.Flow-In.Ave.15Minutes.3Hours.MIXED-COMPUTED-REV,-27.29,32.60,-59.88,NEGATIVE
2025-09-02 21:00:00,BLU.Flow-In.Ave.15Minutes.3Hours.MIXED-COMPUTED-REV,-2.52,18.73,-21.25,NEGATIVE
2025-09-03 10:00:00,BLU.Flow-In.Ave.15Minutes.3Hours.MIXED-COMPUTED-REV,-32.57,27.60,-60.17,NEGATIVE
2025-09-03 11:00:00,BLU.Flow-In.Ave.15Minutes.3Hours.MIXED-COMPUTED-REV,-43.27,27.60,-70.86,NEGATIVE
2025-09-03 12:00:00,BLU.Flow-In.Ave.15Minutes.3Hours.MIXED-COMPUTED-REV,-30.03,27.60,-57.63,NEGATIVE
2025-09-03 13:00:00,BLU.Flow-In.Ave.15Minutes.3Hours.MIXED-COMPUTED-REV,-30.39,27.60,-57.99,NEGATIVE
2025-09-03 14:00:00,BLU.Flow-In.Ave.15Minutes.3Hours.MIXED-COMPUTED-REV,-32.98,27.60,-60.58,NEGATIVE
2025-09-03 15:00:00,BLU.Flow-In.Ave.15Minutes.3Hours.MIXED-COMPUTED-REV,-37.60,27.60,-65.19,NEGATIVE
2025-09-03 16:00:00,BLU.Flow-In.Ave.15Minutes.3Hours.MIXED-COMPUTED-REV,-40.60,27.60,-68.20,NEGATIVE
2025-09-03 17:00:00,BLU.Flow-In.Ave.15Minutes.3Hours.MIXED-COMPUTED-REV,-45.47,27.60,-73.07,NEGATIVE
2025-09-03 18:00:00,BLU.Flow-In.Ave.15Minutes.3Hours.MIXED-COMPUTED-REV,-45.66,27.60,-73.26,NEGATIVE
2025-09-03 19:00:00,BLU.Flow-In.Ave.15Minutes.3Hours.MIXED-COMPUTED-REV,-32.42,27.60,-60.01,NEGATIVE
2025-09-03 20:00:00,BLU.Flow-In.Ave.15Minutes.3Hours.MIXED-COMPUTED-REV,-3.75,27.60,-31.35,NEGATIVE
2025-09-04 20:00:00,BLU.Flow-In.Ave.15Minutes.3Hours.MIXED-COMPUTED-REV,-33.00,16.84,-49.85,NEGATIVE
2025-09-04 21:00:00,BLU.Flow-In.Ave.15Minutes.3Hours.MIXED-COMPUTED-REV,-61.31,16.84,-78.16,NEGATIVE
2025-09-04 22:00:00,BLU.Flow-In.Ave.15Minutes.3Hours.MIXED-COMPUTED-REV,-59.61,16.84,-76.46,NEGATIVE
2025-09-04 23:00:00,BLU.Flow-In.Ave.15Minutes.3Hours.MIXED-COMPUTED-REV,-51.99,16.84,-68.83,NEGATIVE
2025-09-05 00:00:00,BLU.Flow-In.Ave.15Minutes.3Hours.MIXED-COMPUTED-REV,-54.84,16.84,-71.69,NEGATIVE
2025-09-05 01:00:00,BLU.Flow-In.Ave.15Minutes.3Hours.MIXED-COMPUTED-REV,-59.21,16.84,-76.05,NEGATIVE
2025-09-05 02:00:00,BLU.Flow-In.Ave.15Minutes.3Hours.MIXED-COMPUTED-REV,-55.72,16.84,-72.56,NEGATIVE
2025-09-05 03:00:00,BLU.Flow-In.Ave.15Minutes.3Hours.MIXED-COMPUTED-REV,-47.45,16.84,-64.30,NEGATIVE
2025-09-05 04:00:00,BLU.Flow-In.Ave.15Minutes.3Hours.MIXED-COMPUTED-REV,-39.42,16.84,-56.26,NEGATIVE
2025-09-05 05:00:00,BLU.Flow-In.Ave.15Minutes.3Hours.MIXED-COMPUTED-REV,-31.25,16.84,-48.09,NEGATIVE
2025-09-05 06:00:00,BLU.Flow-In.Ave.15Minutes.3Hours.MIXED-COMPUTED-REV,-11.78,16.84,-28.62,NEGATIVE
2024-11-24 10:00:00,CGR.Flow-In.Ave.15Minutes.3Hours.MIXED-COMPUTED-REV,1317.94,1765.09,-447.15,SPIKE
2025-01-01 01:00:00,CGR.Flow-In.Ave.15Minutes.3Hours.MIXED-COMPUTED-REV,3261.33,2607.53,653.79,SPIKE
2025-01-20 23:00:00,CGR.Flow-In.Ave.15Minutes.3Hours.MIXED-COMPUTED-REV,1211.94,868.80,343.15,SPIKE
2025-01-21 02:00:00,CGR.Flow-In.Ave.15Minutes.3Hours.MIXED-COMPUTED-REV,500.69,857.54,-356.86,SPIKE
2025-01-26 00:00:00,CGR.Flow-In.Ave.15Minutes.3Hours.MIXED-COMPUTED-REV,1106.41,829.68,276.73,SPIKE
2025-01-26 01:00:00,CGR.Flow-In.Ave.15Minutes.3Hours.MIXED-COMPUTED-REV,1119.09,829.68,289.41,SPIKE
2025-02-11 11:00:00,CGR.Flow-In.Ave.15Minutes.3Hours.MIXED-COMPUTED-REV,56.91,479.96,-423.05,SPIKE
2025-02-11 12:00:00,CGR.Flow-In.Ave.15Minutes.3Hours.MIXED-COMPUTED-REV,-344.75,479.96,-824.71,"SPIKE,NEGATIVE"
2025-02-11 13:00:00,CGR.Flow-In.Ave.15Minutes.3Hours.MIXED-COMPUTED-REV,-361.42,479.86,-841.29,"SPIKE,NEGATIVE"
2025-02-11 14:00:00,CGR.Flow-In.Ave.15Minutes.3Hours.MIXED-COMPUTED-REV,18.70,479.02,-460.32,SPIKE
2025-02-13 15:00:00,CGR.Flow-In.Ave.15Minutes.3Hours.MIXED-COMPUTED-REV,1037.08,501.44,535.64,SPIKE
2025-02-13 16:00:00,CGR.Flow-In.Ave.15Minutes.3Hours.MIXED-COMPUTED-REV,1355.90,501.44,854.46,SPIKE
2025-02-13 17:00:00,CGR.Flow-In.Ave.15Minutes.3Hours.MIXED-COMPUTED-REV,1248.30,501.44,746.85,SPIKE
2025-02-13 18:00:00,CGR.Flow-In.Ave.15Minutes.3Hours.MIXED-COMPUTED-REV,896.96,501.44,395.52,SPIKE
2025-02-24 05:00:00,CGR.Flow-In.Ave.15Minutes.3Hours.MIXED-COMPUTED-REV,8502.18,6776.78,1725.41,SPIKE
2025-02-24 06:00:00,CGR.Flow-In.Ave.15Minutes.3Hours.MIXED-COMPUTED-REV,8479.15,6776.78,1702.38,SPIKE
2025-03-14 02:00:00,CGR.Flow-In.Ave.15Minutes.3Hours.MIXED-COMPUTED-REV,1402.32,1093.61,308.72,SPIKE
2025-03-16 19:00:00,CGR.Flow-In.Ave.15Minutes.3Hours.MIXED-COMPUTED-REV,3052.02,2433.36,618.66,SPIKE
2025-03-16 20:00:00,CGR.Flow-In.Ave.15Minutes.3Hours.MIXED-COMPUTED-REV,3117.83,2433.36,684.47,SPIKE
2025-03-16 21:00:00,CGR.Flow-In.Ave.15Minutes.3Hours.MIXED-COMPUTED-REV,3185.40,2433.36,752.04,SPIKE
2025-03-16 22:00:00,CGR.Flow-In.Ave.15Minutes.3Hours.MIXED-COMPUTED-REV,3172.86,2433.36,739.50,SPIKE
2025-03-24 14:00:00,CGR.Flow-In.Ave.15Minutes.3Hours.MIXED-COMPUTED-REV,-138.09,2370.61,-2508.70,"SPIKE,NEGATIVE"
2025-03-24 15:00:00,CGR.Flow-In.Ave.15Minutes.3Hours.MIXED-COMPUTED-REV,-158.12,2392.82,-2550.94,"SPIKE,NEGATIVE"
2024-10-01 19:00:00,COT.Flow-In.Ave.15Minutes.3Hours.MIXED-COMPUTED-REV,-12.94,20.35,-33.29,NEGATIVE
2024-10-02 17:00:00,COT.Flow-In.Ave.15Minutes.3Hours.MIXED-COMPUTED-REV,-16.34,18.17,-34.52,NEGATIVE
2024-10-02 18:00:00,COT.Flow-In.Ave.15Minutes.3Hours.MIXED-COMPUTED-REV,-32.61,18.17,-50.78,NEGATIVE
2024-10-02 19:00:00,COT.Flow-In.Ave.15Minutes.3Hours.MIXED-COMPUTED-REV,-52.86,18.17,-71.04,NEGATIVE
2024-10-02 20:00:00,COT.Flow-In.Ave.15Minutes.3Hours.MIXED-COMPUTED-REV,-82.58,20.27,-102.85,NEGATIVE
2024-10-02 21:00:00,COT.Flow-In.Ave.15Minutes.3Hours.MIXED-COMPUTED-REV,-58.73,20.27,-79.01,NEGATIVE
2024-10-02 22:00:00,COT.Flow-In.Ave.15Minutes.3Hours.MIXED-COMPUTED-REV,-32.41,20.27,-52.68,NEGATIVE
2024-10-03 19:00:00,COT.Flow-In.Ave.15Minutes.3Hours.MIXED-COMPUTED-REV,-1.79,22.45,-24.24,NEGATIVE
2024-10-05 03:00:00,COT.Flow-In.Ave.15Minutes.3Hours.MIXED-COMPUTED-REV,-6.38,25.68,-32.05,NEGATIVE
2024-10-06 18:00:00,COT.Flow-In.Ave.15Minutes.3Hours.MIXED-COMPUTED-REV,-5.25,42.41,-47.65,NEGATIVE
2024-10-06 19:00:00,COT.Flow-In.Ave.15Minutes.3Hours.MIXED-COMPUTED-REV,-2.95,43.35,-46.30,NEGATIVE
2024-10-13 01:00:00,COT.Flow-In.Ave.15Minutes.3Hours.MIXED-COMPUTED-REV,-0.97,31.98,-32.95,NEGATIVE
2024-10-13 02:00:00,COT.Flow-In.Ave.15Minutes.3Hours.MIXED-COMPUTED-REV,-5.14,32.48,-37.62,NEGATIVE
2024-10-13 16:00:00,COT.Flow-In.Ave.15Minutes.3Hours.MIXED-COMPUTED-REV,-3.01,35.94,-38.95,NEGATIVE
2024-10-13 23:00:00,COT.Flow-In.Ave.15Minutes.3Hours.MIXED-COMPUTED-REV,-9.58,30.54,-40.11,NEGATIVE
2024-10-14 07:00:00,COT.Flow-In.Ave.15Minutes.3Hours.MIXED-COMPUTED-REV,-0.30,30.54,-30.83,NEGATIVE
2024-10-14 13:00:00,COT.Flow-In.Ave.15Minutes.3Hours.MIXED-COMPUTED-REV,-2.97,30.54,-33.50,NEGATIVE
2024-10-14 14:00:00,COT.Flow-In.Ave.15Minutes.3Hours.MIXED-COMPUTED-REV,-5.32,25.85,-31.17,NEGATIVE
2024-10-14 19:00:00,COT.Flow-In.Ave.15Minutes.3Hours.MIXED-COMPUTED-REV,-1.09,22.49,-23.58,NEGATIVE
2024-10-14 20:00:00,COT.Flow-In.Ave.15Minutes.3Hours.MIXED-COMPUTED-REV,-16.37,25.85,-42.22,NEGATIVE
2024-10-14 21:00:00,COT.Flow-In.Ave.15Minutes.3Hours.MIXED-COMPUTED-REV,-9.63,34.58,-44.22,NEGATIVE
2024-10-15 03:00:00,COT.Flow-In.Ave.15Minutes.3Hours.MIXED-COMPUTED-REV,-0.87,25.85,-26.72,NEGATIVE
2024-10-15 04:00:00,COT.Flow-In.Ave.15Minutes.3Hours.MIXED-COMPUTED-REV,-5.08,25.85,-30.93,NEGATIVE
2024-10-16 00:00:00,COT.Flow-In.Ave.15Minutes.3Hours.MIXED-COMPUTED-REV,-0.21,25.40,-25.61,NEGATIVE
2024-10-17 17:00:00,COT.Flow-In.Ave.15Minutes.3Hours.MIXED-COMPUTED-REV,-31.82,31.14,-62.96,NEGATIVE
2024-10-17 18:00:00,COT.Flow-In.Ave.15Minutes.3Hours.MIXED-COMPUTED-REV,-64.07,31.14,-95.22,NEGATIVE
2024-10-17 19:00:00,COT.Flow-In.Ave.15Minutes.3Hours.MIXED-COMPUTED-REV,-39.53,32.29,-71.82,NEGATIVE
2024-12-13 19:00:00,COT.Flow-In.Ave.15Minutes.3Hours.MIXED-COMPUTED-REV,-13.42,92.07,-105.49,NEGATIVE
2024-12-13 20:00:00,COT.Flow-In.Ave.15Minutes.3Hours.MIXED-COMPUTED-REV,-24.90,92.07,-116.97,NEGATIVE
2024-12-13 21:00:00,COT.Flow-In.Ave.15Minutes.3Hours.MIXED-COMPUTED-REV,-3.21,92.07,-95.29,NEGATIVE
2024-12-19 18:00:00,COT.Flow-In.Ave.15Minutes.3Hours.MIXED-COMPUTED-REV,126.34,462.32,-335.98,SPIKE
2024-12-19 19:00:00,COT.Flow-In.Ave.15Minutes.3Hours.MIXED-COMPUTED-REV,115.35,458.13,-342.78,SPIKE
2024-12-20 11:00:00,COT.Flow-In.Ave.15Minutes.3Hours.MIXED-COMPUTED-REV,134.81,411.00,-276.19,SPIKE
2024-12-29 17:00:00,COT.Flow-In.Ave.15Minutes.3Hours.MIXED-COMPUTED-REV,3987.97,3097.73,890.24,SPIKE
2024-12-29 18:00:00,COT.Flow-In.Ave.15Minutes.3Hours.MIXED-COMPUTED-REV,4109.57,3097.73,1011.83,SPIKE
2024-12-29 19:00:00,COT.Flow-In.Ave.15Minutes.3Hours.MIXED-COMPUTED-REV,4095.73,3097.73,997.99,SPIKE
2024-12-29 20:00:00,COT.Flow-In.Ave.15Minutes.3Hours.MIXED-COMPUTED-REV,4001.27,3097.73,903.54,SPIKE
2024-12-31 15:00:00,COT.Flow-In.Ave.15Minutes.3Hours.MIXED-COMPUTED-REV,68.75,1138.88,-1070.13,SPIKE
2024-12-31 16:00:00,COT.Flow-In.Ave.15Minutes.3Hours.MIXED-COMPUTED-REV,-1214.03,1138.88,-2352.91,"SPIKE,NEGATIVE"
2024-12-31 17:00:00,COT.Flow-In.Ave.15Minutes.3Hours.MIXED-COMPUTED-REV,-1619.01,1115.46,-2734.47,"SPIKE,NEGATIVE"
2024-12-31 18:00:00,COT.Flow-In.Ave.15Minutes.3Hours.MIXED-COMPUTED-REV,-595.49,1112.88,-1708.37,"SPIKE,NEGATIVE"
2024-12-31 23:00:00,COT.Flow-In.Ave.15Minutes.3Hours.MIXED-COMPUTED-REV,-489.04,966.20,-1455.23,"SPIKE,NEGATIVE"
2025-01-01 00:00:00,COT.Flow-In.Ave.15Minutes.3Hours.MIXED-COMPUTED-REV,-642.96,966.20,-1609.15,"SPIKE,NEGATIVE"
2025-01-09 09:00:00,COT.Flow-In.Ave.15Minutes.3Hours.MIXED-COMPUTED-REV,1679.93,756.40,923.53,SPIKE
2025-01-09 10:00:00,COT.Flow-In.Ave.15Minutes.3Hours.MIXED-COMPUTED-REV,2071.54,754.16,1317.38,SPIKE
2025-01-09 11:00:00,COT.Flow-In.Ave.15Minutes.3Hours.MIXED-COMPUTED-REV,1924.56,752.42,1172.15,SPIKE
2025-01-09 12:00:00,COT.Flow-In.Ave.15Minutes.3Hours.MIXED-COMPUTED-REV,1068.41,743.87,324.53,SPIKE
2025-02-24 05:00:00,COT.Flow-In.Ave.15Minutes.3Hours.MIXED-COMPUTED-REV,2911.72,2326.25,585.47,SPIKE
2025-03-02 17:00:00,COT.Flow-In.Ave.15Minutes.3Hours.MIXED-COMPUTED-REV,706.25,446.13,260.13,SPIKE
2025-03-02 18:00:00,COT.Flow-In.Ave.15Minutes.3Hours.MIXED-COMPUTED-REV,715.57,446.13,269.45,SPIKE
2025-03-03 22:00:00,COT.Flow-In.Ave.15Minutes.3Hours.MIXED-COMPUTED-REV,771.03,421.71,349.32,SPIKE
2025-03-04 18:00:00,COT.Flow-In.Ave.15Minutes.3Hours.MIXED-COMPUTED-REV,641.37,374.77,266.60,SPIKE
2025-03-14 12:00:00,COT.Flow-In.Ave.15Minutes.3Hours.MIXED-COMPUTED-REV,317.36,587.65,-270.29,SPIKE
2025-03-14 13:00:00,COT.Flow-In.Ave.15Minutes.3Hours.MIXED-COMPUTED-REV,252.65,591.07,-338.42,SPIKE
2025-03-14 14:00:00,COT.Flow-In.Ave.15Minutes.3Hours.MIXED-COMPUTED-REV,300.89,591.07,-290.18,SPIKE
2025-03-14 15:00:00,COT.Flow-In.Ave.15Minutes.3Hours.MIXED-COMPUTED-REV,325.87,591.07,-265.21,SPIKE
2025-05-04 19:00:00,COT.Flow-In.Ave.15Minutes.3Hours.MIXED-COMPUTED-REV,-3.10,86.81,-89.91,NEGATIVE
2025-05-04 20:00:00,COT.Flow-In.Ave.15Minutes.3Hours.MIXED-COMPUTED-REV,-13.04,86.81,-99.85,NEGATIVE
2025-05-05 21:00:00,COT.Flow-In.Ave.15Minutes.3Hours.MIXED-COMPUTED-REV,-7.81,86.59,-94.40,NEGATIVE
2025-05-10 20:00:00,COT.Flow-In.Ave.15Minutes.3Hours.MIXED-COMPUTED-REV,-4.35,69.94,-74.29,NEGATIVE
2025-05-11 17:00:00,COT.Flow-In.Ave.15Minutes.3Hours.MIXED-COMPUTED-REV,-11.65,88.30,-99.95,NEGATIVE
2025-05-12 17:00:00,COT.Flow-In.Ave.15Minutes.3Hours.MIXED-COMPUTED-REV,-43.92,84.19,-128.11,NEGATIVE
2025-05-12 18:00:00,COT.Flow-In.Ave.15Minutes.3Hours.MIXED-COMPUTED-REV,-27.23,84.19,-111.42,NEGATIVE
2025-05-17 11:00:00,COT.Flow-In.Ave.15Minutes.3Hours.MIXED-COMPUTED-REV,-2.71,80.28,-82.99,NEGATIVE
2025-05-25 03:00:00,COT.Flow-In.Ave.15Minutes.3Hours.MIXED-COMPUTED-REV,-4.85,57.85,-62.70,NEGATIVE
2025-05-25 04:00:00,COT.Flow-In.Ave.15Minutes.3Hours.MIXED-COMPUTED-REV,-26.20,62.04,-88.24,NEGATIVE
2025-05-28 19:00:00,COT.Flow-In.Ave.15Minutes.3Hours.MIXED-COMPUTED-REV,-19.57,52.02,-71.59,NEGATIVE
2025-05-28 20:00:00,COT.Flow-In.Ave.15Minutes.3Hours.MIXED-COMPUTED-REV,-61.22,51.83,-113.05,NEGATIVE
2025-05-29 01:00:00,COT.Flow-In.Ave.15Minutes.3Hours.MIXED-COMPUTED-REV,-24.86,49.21,-74.07,NEGATIVE
2025-05-29 02:00:00,COT.Flow-In.Ave.15Minutes.3Hours.MIXED-COMPUTED-REV,-31.44,49.79,-81.24,NEGATIVE
2025-05-31 00:00:00,COT.Flow-In.Ave.15Minutes.3Hours.MIXED-COMPUTED-REV,-0.54,47.50,-48.04,NEGATIVE
2025-05-31 21:00:00,COT.Flow-In.Ave.15Minutes.3Hours.MIXED-COMPUTED-REV,-22.87,37.58,-60.45,NEGATIVE
2025-05-31 22:00:00,COT.Flow-In.Ave.15Minutes.3Hours.MIXED-COMPUTED-REV,-39.40,37.58,-76.98,NEGATIVE
2025-05-31 23:00:00,COT.Flow-In.Ave.15Minutes.3Hours.MIXED-COMPUTED-REV,-21.00,37.58,-58.59,NEGATIVE
2025-06-01 16:00:00,COT.Flow-In.Ave.15Minutes.3Hours.MIXED-COMPUTED-REV,-35.78,34.39,-70.17,NEGATIVE
2025-06-01 17:00:00,COT.Flow-In.Ave.15Minutes.3Hours.MIXED-COMPUTED-REV,-65.13,44.84,-109.96,NEGATIVE
2025-06-01 18:00:00,COT.Flow-In.Ave.15Minutes.3Hours.MIXED-COMPUTED-REV,-63.11,45.43,-108.54,NEGATIVE
2025-06-01 19:00:00,COT.Flow-In.Ave.15Minutes.3Hours.MIXED-COMPUTED-REV,-46.19,44.84,-91.03,NEGATIVE
2025-06-01 20:00:00,COT.Flow-In.Ave.15Minutes.3Hours.MIXED-COMPUTED-REV,-14.48,44.84,-59.31,NEGATIVE
2025-06-02 18:00:00,COT.Flow-In.Ave.15Minutes.3Hours.MIXED-COMPUTED-REV,-10.79,49.55,-60.34,NEGATIVE
2025-06-02 19:00:00,COT.Flow-In.Ave.15Minutes.3Hours.MIXED-COMPUTED-REV,-4.12,49.55,-53.67,NEGATIVE
2025-06-02 20:00:00,COT.Flow-In.Ave.15Minutes.3Hours.MIXED-COMPUTED-REV,-5.65,51.52,-57.17,NEGATIVE
2025-06-02 22:00:00,COT.Flow-In.Ave.15Minutes.3Hours.MIXED-COMPUTED-REV,-3.69,49.55,-53.24,NEGATIVE
2025-06-02 23:00:00,COT.Flow-In.Ave.15Minutes.3Hours.MIXED-COMPUTED-REV,-1.80,49.55,-51.35,NEGATIVE
2025-06-03 00:00:00,COT.Flow-In.Ave.15Minutes.3Hours.MIXED-COMPUTED-REV,-14.66,46.60,-61.26,NEGATIVE
2025-06-03 01:00:00,COT.Flow-In.Ave.15Minutes.3Hours.MIXED-COMPUTED-REV,-6.29,44.13,-50.43,NEGATIVE
2025-06-03 17:00:00,COT.Flow-In.Ave.15Minutes.3Hours.MIXED-COMPUTED-REV,-33.39,49.01,-82.40,NEGATIVE
2025-06-03 18:00:00,COT.Flow-In.Ave.15Minutes.3Hours.MIXED-COMPUTED-REV,-21.76,49.01,-70.77,NEGATIVE
2025-06-03 19:00:00,COT.Flow-In.Ave.15Minutes.3Hours.MIXED-COMPUTED-REV,-6.96,49.01,-55.97,NEGATIVE
2025-06-04 20:00:00,COT.Flow-In.Ave.15Minutes.3Hours.MIXED-COMPUTED-REV,-2.68,45.42,-48.09,NEGATIVE
2025-06-04 21:00:00,COT.Flow-In.Ave.15Minutes.3Hours.MIXED-COMPUTED-REV,-17.32,45.42,-62.74,NEGATIVE
2025-06-04 22:00:00,COT.Flow-In.Ave.15Minutes.3Hours.MIXED-COMPUTED-REV,-23.76,43.60,-67.36,NEGATIVE
2025-06-05 23:00:00,COT.Flow-In.Ave.15Minutes.3Hours.MIXED-COMPUTED-REV,-0.35,39.54,-39.89,NEGATIVE
2025-06-06 20:00:00,COT.Flow-In.Ave.15Minutes.3Hours.MIXED-COMPUTED-REV,-33.53,41.02,-74.55,NEGATIVE
2025-06-06 21:00:00,COT.Flow-In.Ave.15Minutes.3Hours.MIXED-COMPUTED-REV,-40.17,42.30,-82.47,NEGATIVE
2025-06-07 18:00:00,COT.Flow-In.Ave.15Minutes.3Hours.MIXED-COMPUTED-REV,-19.68,39.84,-59.52,NEGATIVE
2025-06-07 19:00:00,COT.Flow-In.Ave.15Minutes.3Hours.MIXED-COMPUTED-REV,-27.78,39.84,-67.62,NEGATIVE
2025-06-07 20:00:00,COT.Flow-In.Ave.15Minutes.3Hours.MIXED-COMPUTED-REV,-12.80,39.77,-52.57,NEGATIVE
2025-06-08 18:00:00,COT.Flow-In.Ave.15Minutes.3Hours.MIXED-COMPUTED-REV,-26.76,42.92,-69.68,NEGATIVE
2025-06-08 19:00:00,COT.Flow-In.Ave.15Minutes.3Hours.MIXED-COMPUTED-REV,-30.01,42.92,-72.93,NEGATIVE
2025-06-08 20:00:00,COT.Flow-In.Ave.15Minutes.3Hours.MIXED-COMPUTED-REV,-8.49,39.77,-48.26,NEGATIVE
2025-06-08 22:00:00,COT.Flow-In.Ave.15Minutes.3Hours.MIXED-COMPUTED-REV,-1.49,37.89,-39.37,NEGATIVE
2025-06-08 23:00:00,COT.Flow-In.Ave.15Minutes.3Hours.MIXED-COMPUTED-REV,-6.35,34.52,-40.86,NEGATIVE
2025-06-09 23:00:00,COT.Flow-In.Ave.15Minutes.3Hours.MIXED-COMPUTED-REV,-23.09,29.06,-52.15,NEGATIVE
2025-06-10 00:00:00,COT.Flow-In.Ave.15Minutes.3Hours.MIXED-COMPUTED-REV,-5.20,29.06,-34.25,NEGATIVE
2025-06-10 04:00:00,COT.Flow-In.Ave.15Minutes.3Hours.MIXED-COMPUTED-REV,-1.96,27.09,-29.05,NEGATIVE
2025-06-10 20:00:00,COT.Flow-In.Ave.15Minutes.3Hours.MIXED-COMPUTED-REV,-9.97,21.50,-31.47,NEGATIVE
2025-06-11 01:00:00,COT.Flow-In.Ave.15Minutes.3Hours.MIXED-COMPUTED-REV,-58.14,15.69,-73.83,NEGATIVE
2025-06-11 02:00:00,COT.Flow-In.Ave.15Minutes.3Hours.MIXED-COMPUTED-REV,-56.50,15.05,-71.55,NEGATIVE
2025-06-11 10:00:00,COT.Flow-In.Ave.15Minutes.3Hours.MIXED-COMPUTED-REV,-6.20,16.62,-22.82,NEGATIVE
2025-06-11 13:00:00,COT.Flow-In.Ave.15Minutes.3Hours.MIXED-COMPUTED-REV,-3.34,16.62,-19.96,NEGATIVE
2025-06-11 14:00:00,COT.Flow-In.Ave.15Minutes.3Hours.MIXED-COMPUTED-REV,-77.93,22.39,-100.32,NEGATIVE
2025-06-11 15:00:00,COT.Flow-In.Ave.15Minutes.3Hours.MIXED-COMPUTED-REV,-77.89,30.48,-108.36,NEGATIVE
2025-06-11 20:00:00,COT.Flow-In.Ave.15Minutes.3Hours.MIXED-COMPUTED-REV,-9.91,27.28,-37.19,NEGATIVE
2025-06-11 22:00:00,COT.Flow-In.Ave.15Minutes.3Hours.MIXED-COMPUTED-REV,-18.85,31.17,-50.02,NEGATIVE
2025-06-12 18:00:00,COT.Flow-In.Ave.15Minutes.3Hours.MIXED-COMPUTED-REV,-10.83,22.99,-33.83,NEGATIVE
2025-06-12 19:00:00,COT.Flow-In.Ave.15Minutes.3Hours.MIXED-COMPUTED-REV,-57.17,25.98,-83.15,NEGATIVE
2025-06-12 20:00:00,COT.Flow-In.Ave.15Minutes.3Hours.MIXED-COMPUTED-REV,-65.39,25.98,-91.37,NEGATIVE
2025-06-12 21:00:00,COT.Flow-In.Ave.15Minutes.3Hours.MIXED-COMPUTED-REV,-2.02,25.98,-28.00,NEGATIVE
2025-06-12 23:00:00,COT.Flow-In.Ave.15Minutes.3Hours.MIXED-COMPUTED-REV,-30.29,25.98,-56.26,NEGATIVE
2025-06-13 00:00:00,COT.Flow-In.Ave.15Minutes.3Hours.MIXED-COMPUTED-REV,-51.52,28.03,-79.55,NEGATIVE
2025-06-13 16:00:00,COT.Flow-In.Ave.15Minutes.3Hours.MIXED-COMPUTED-REV,-8.79,30.18,-38.97,NEGATIVE
2025-06-13 17:00:00,COT.Flow-In.Ave.15Minutes.3Hours.MIXED-COMPUTED-REV,-28.01,22.32,-50.33,NEGATIVE
2025-06-13 18:00:00,COT.Flow-In.Ave.15Minutes.3Hours.MIXED-COMPUTED-REV,-13.38,22.32,-35.69,NEGATIVE
2025-06-14 04:00:00,COT.Flow-In.Ave.15Minutes.3Hours.MIXED-COMPUTED-REV,-1.69,25.58,-27.28,NEGATIVE
2025-06-14 16:00:00,COT.Flow-In.Ave.15Minutes.3Hours.MIXED-COMPUTED-REV,-17.82,22.32,-40.14,NEGATIVE
2025-06-14 17:00:00,COT.Flow-In.Ave.15Minutes.3Hours.MIXED-COMPUTED-REV,-3.28,25.58,-28.87,NEGATIVE
2025-06-14 21:00:00,COT.Flow-In.Ave.15Minutes.3Hours.MIXED-COMPUTED-REV,-36.90,26.92,-63.83,NEGATIVE
2025-06-14 22:00:00,COT.Flow-In.Ave.15Minutes.3Hours.MIXED-COMPUTED-REV,-48.13,26.92,-75.06,NEGATIVE
2025-06-14 23:00:00,COT.Flow-In.Ave.15Minutes.3Hours.MIXED-COMPUTED-REV,-56.16,26.92,-83.09,NEGATIVE
2025-06-15 17:00:00,COT.Flow-In.Ave.15Minutes.3Hours.MIXED-COMPUTED-REV,-14.19,21.06,-35.26,NEGATIVE
2025-06-15 18:00:00,COT.Flow-In.Ave.15Minutes.3Hours.MIXED-COMPUTED-REV,-47.87,16.19,-64.06,NEGATIVE
2025-06-15 19:00:00,COT.Flow-In.Ave.15Minutes.3Hours.MIXED-COMPUTED-REV,-9.36,14.16,-23.52,NEGATIVE
2025-06-15 23:00:00,COT.Flow-In.Ave.15Minutes.3Hours.MIXED-COMPUTED-REV,-14.26,13.89,-28.15,NEGATIVE
2025-06-16 06:00:00,COT.Flow-In.Ave.15Minutes.3Hours.MIXED-COMPUTED-REV,-7.83,17.76,-25.58,NEGATIVE
2025-06-16 07:00:00,COT.Flow-In.Ave.15Minutes.3Hours.MIXED-COMPUTED-REV,-3.03,19.41,-22.43,NEGATIVE
2025-06-16 12:00:00,COT.Flow-In.Ave.15Minutes.3Hours.MIXED-COMPUTED-REV,-3.05,17.76,-20.81,NEGATIVE
2025-06-16 16:00:00,COT.Flow-In.Ave.15Minutes.3Hours.MIXED-COMPUTED-REV,-9.38,11.31,-20.68,NEGATIVE
2025-06-16 21:00:00,COT.Flow-In.Ave.15Minutes.3Hours.MIXED-COMPUTED-REV,-49.31,21.09,-70.40,NEGATIVE
2025-06-16 22:00:00,COT.Flow-In.Ave.15Minutes.3Hours.MIXED-COMPUTED-REV,-54.10,17.76,-71.85,NEGATIVE
2025-06-17 11:00:00,COT.Flow-In.Ave.15Minutes.3Hours.MIXED-COMPUTED-REV,-15.72,8.30,-24.02,NEGATIVE
2025-06-17 12:00:00,COT.Flow-In.Ave.15Minutes.3Hours.MIXED-COMPUTED-REV,-31.77,5.33,-37.10,NEGATIVE
2025-06-17 19:00:00,COT.Flow-In.Ave.15Minutes.3Hours.MIXED-COMPUTED-REV,-2.81,11.51,-14.32,NEGATIVE
2025-06-17 20:00:00,COT.Flow-In.Ave.15Minutes.3Hours.MIXED-COMPUTED-REV,-28.30,11.51,-39.81,NEGATIVE
2025-06-17 21:00:00,COT.Flow-In.Ave.15Minutes.3Hours.MIXED-COMPUTED-REV,-31.40,11.51,-42.90,NEGATIVE
2025-06-17 22:00:00,COT.Flow-In.Ave.15Minutes.3Hours.MIXED-COMPUTED-REV,-47.29,11.51,-58.79,NEGATIVE
2025-06-18 05:00:00,COT.Flow-In.Ave.15Minutes.3Hours.MIXED-COMPUTED-REV,-33.02,15.02,-48.04,NEGATIVE
2025-06-18 14:00:00,COT.Flow-In.Ave.15Minutes.3Hours.MIXED-COMPUTED-REV,-37.62,22.86,-60.48,NEGATIVE
2025-06-18 15:00:00,COT.Flow-In.Ave.15Minutes.3Hours.MIXED-COMPUTED-REV,-43.95,18.20,-62.16,NEGATIVE
2025-06-18 22:00:00,COT.Flow-In.Ave.15Minutes.3Hours.MIXED-COMPUTED-REV,-0.61,22.86,-23.47,NEGATIVE
2025-06-19 01:00:00,COT.Flow-In.Ave.15Minutes.3Hours.MIXED-COMPUTED-REV,-41.96,21.29,-63.25,NEGATIVE
2025-06-19 02:00:00,COT.Flow-In.Ave.15Minutes.3Hours.MIXED-COMPUTED-REV,-54.75,18.23,-72.98,NEGATIVE
2025-06-19 03:00:00,COT.Flow-In.Ave.15Minutes.3Hours.MIXED-COMPUTED-REV,-27.76,18.23,-45.99,NEGATIVE
2025-06-19 16:00:00,COT.Flow-In.Ave.15Minutes.3Hours.MIXED-COMPUTED-REV,-13.60,18.23,-31.83,NEGATIVE
2025-06-19 17:00:00,COT.Flow-In.Ave.15Minutes.3Hours.MIXED-COMPUTED-REV,-69.17,18.19,-87.35,NEGATIVE
2025-06-19 18:00:00,COT.Flow-In.Ave.15Minutes.3Hours.MIXED-COMPUTED-REV,-56.47,18.19,-74.66,NEGATIVE
2025-06-19 19:00:00,COT.Flow-In.Ave.15Minutes.3Hours.MIXED-COMPUTED-REV,-7.26,18.19,-25.45,NEGATIVE
2025-06-20 01:00:00,COT.Flow-In.Ave.15Minutes.3Hours.MIXED-COMPUTED-REV,-13.43,10.28,-23.72,NEGATIVE
2025-06-20 02:00:00,COT.Flow-In.Ave.15Minutes.3Hours.MIXED-COMPUTED-REV,-24.72,10.28,-35.01,NEGATIVE
2025-06-20 03:00:00,COT.Flow-In.Ave.15Minutes.3Hours.MIXED-COMPUTED-REV,-35.89,10.28,-46.18,NEGATIVE
2025-06-20 04:00:00,COT.Flow-In.Ave.15Minutes.3Hours.MIXED-COMPUTED-REV,-8.53,-0.49,-8.05,NEGATIVE
2025-06-20 05:00:00,COT.Flow-In.Ave.15Minutes.3Hours.MIXED-COMPUTED-REV,-0.49,-0.49,0.00,NEGATIVE
2025-06-20 10:00:00,COT.Flow-In.Ave.15Minutes.3Hours.MIXED-COMPUTED-REV,-48.99,25.83,-74.82,NEGATIVE
2025-06-20 11:00:00,COT.Flow-In.Ave.15Minutes.3Hours.MIXED-COMPUTED-REV,-81.23,25.83,-107.06,NEGATIVE
2025-06-20 12:00:00,COT.Flow-In.Ave.15Minutes.3Hours.MIXED-COMPUTED-REV,-28.75,25.83,-54.58,NEGATIVE
2025-06-20 16:00:00,COT.Flow-In.Ave.15Minutes.3Hours.MIXED-COMPUTED-REV,-51.75,41.51,-93.26,NEGATIVE
2025-06-20 17:00:00,COT.Flow-In.Ave.15Minutes.3Hours.MIXED-COMPUTED-REV,-85.66,41.51,-127.17,NEGATIVE
2025-06-21 06:00:00,COT.Flow-In.Ave.15Minutes.3Hours.MIXED-COMPUTED-REV,-36.93,45.20,-82.13,NEGATIVE
2025-06-21 15:00:00,COT.Flow-In.Ave.15Minutes.3Hours.MIXED-COMPUTED-REV,-67.74,59.87,-127.61,NEGATIVE
2025-06-21 16:00:00,COT.Flow-In.Ave.15Minutes.3Hours.MIXED-COMPUTED-REV,-85.51,59.87,-145.38,NEGATIVE
2025-06-21 17:00:00,COT.Flow-In.Ave.15Minutes.3Hours.MIXED-COMPUTED-REV,-53.24,59.87,-113.12,NEGATIVE
2025-06-24 16:00:00,COT.Flow-In.Ave.15Minutes.3Hours.MIXED-COMPUTED-REV,-0.30,19.18,-19.48,NEGATIVE
2025-06-24 17:00:00,COT.Flow-In.Ave.15Minutes.3Hours.MIXED-COMPUTED-REV,-6.76,19.18,-25.94,NEGATIVE
2025-06-24 21:00:00,COT.Flow-In.Ave.15Minutes.3Hours.MIXED-COMPUTED-REV,-3.49,17.53,-21.02,NEGATIVE
2025-06-24 22:00:00,COT.Flow-In.Ave.15Minutes.3Hours.MIXED-COMPUTED-REV,-8.95,17.53,-26.47,NEGATIVE
2025-06-25 00:00:00,COT.Flow-In.Ave.15Minutes.3Hours.MIXED-COMPUTED-REV,-20.45,17.53,-37.97,NEGATIVE
2025-06-25 01:00:00,COT.Flow-In.Ave.15Minutes.3Hours.MIXED-COMPUTED-REV,-35.76,25.13,-60.89,NEGATIVE
2025-06-25 02:00:00,COT.Flow-In.Ave.15Minutes.3Hours.MIXED-COMPUTED-REV,-27.55,18.88,-46.43,NEGATIVE
2025-06-25 07:00:00,COT.Flow-In.Ave.15Minutes.3Hours.MIXED-COMPUTED-REV,-12.01,12.64,-24.66,NEGATIVE
2025-06-25 20:00:00,COT.Flow-In.Ave.15Minutes.3Hours.MIXED-COMPUTED-REV,-1.70,18.88,-20.58,NEGATIVE
2025-06-25 21:00:00,COT.Flow-In.Ave.15Minutes.3Hours.MIXED-COMPUTED-REV,-14.59,22.12,-36.71,NEGATIVE
2025-06-26 05:00:00,COT.Flow-In.Ave.15Minutes.3Hours.MIXED-COMPUTED-REV,-22.83,12.64,-35.48,NEGATIVE
2025-06-26 06:00:00,COT.Flow-In.Ave.15Minutes.3Hours.MIXED-COMPUTED-REV,-17.95,12.64,-30.59,NEGATIVE
2025-06-26 11:00:00,COT.Flow-In.Ave.15Minutes.3Hours.MIXED-COMPUTED-REV,-18.14,12.43,-30.57,NEGATIVE
2025-06-26 12:00:00,COT.Flow-In.Ave.15Minutes.3Hours.MIXED-COMPUTED-REV,-13.41,12.43,-25.84,NEGATIVE
2025-06-26 20:00:00,COT.Flow-In.Ave.15Minutes.3Hours.MIXED-COMPUTED-REV,-1.91,20.65,-22.57,NEGATIVE
2025-06-26 21:00:00,COT.Flow-In.Ave.15Minutes.3Hours.MIXED-COMPUTED-REV,-41.90,14.19,-56.08,NEGATIVE
2025-06-26 22:00:00,COT.Flow-In.Ave.15Minutes.3Hours.MIXED-COMPUTED-REV,-72.51,12.71,-85.22,NEGATIVE
2025-06-26 23:00:00,COT.Flow-In.Ave.15Minutes.3Hours.MIXED-COMPUTED-REV,-56.52,12.43,-68.96,NEGATIVE
2025-06-27 00:00:00,COT.Flow-In.Ave.15Minutes.3Hours.MIXED-COMPUTED-REV,-22.74,12.71,-35.46,NEGATIVE
2025-06-27 10:00:00,COT.Flow-In.Ave.15Minutes.3Hours.MIXED-COMPUTED-REV,-1.84,14.42,-16.26,NEGATIVE
2025-06-27 20:00:00,COT.Flow-In.Ave.15Minutes.3Hours.MIXED-COMPUTED-REV,-15.76,14.19,-29.95,NEGATIVE
2025-06-27 21:00:00,COT.Flow-In.Ave.15Minutes.3Hours.MIXED-COMPUTED-REV,-7.74,12.87,-20.62,NEGATIVE
2025-06-27 22:00:00,COT.Flow-In.Ave.15Minutes.3Hours.MIXED-COMPUTED-REV,-9.40,12.87,-22.28,NEGATIVE
2025-06-27 23:00:00,COT.Flow-In.Ave.15Minutes.3Hours.MIXED-COMPUTED-REV,-9.54,14.42,-23.96,NEGATIVE
2025-06-28 00:00:00,COT.Flow-In.Ave.15Minutes.3Hours.MIXED-COMPUTED-REV,-32.13,14.42,-46.55,NEGATIVE
2025-06-28 01:00:00,COT.Flow-In.Ave.15Minutes.3Hours.MIXED-COMPUTED-REV,-1.73,14.42,-16.15,NEGATIVE
2025-06-28 17:00:00,COT.Flow-In.Ave.15Minutes.3Hours.MIXED-COMPUTED-REV,-7.76,12.87,-20.63,NEGATIVE
2025-06-28 18:00:00,COT.Flow-In.Ave.15Minutes.3Hours.MIXED-COMPUTED-REV,-57.10,12.87,-69.97,NEGATIVE
2025-06-28 19:00:00,COT.Flow-In.Ave.15Minutes.3Hours.MIXED-COMPUTED-REV,-69.88,12.87,-82.76,NEGATIVE
2025-06-28 20:00:00,COT.Flow-In.Ave.15Minutes.3Hours.MIXED-COMPUTED-REV,-81.00,12.87,-93.88,NEGATIVE
2025-06-28 21:00:00,COT.Flow-In.Ave.15Minutes.3Hours.MIXED-COMPUTED-REV,-20.33,13.16,-33.49,NEGATIVE
2025-06-28 22:00:00,COT.Flow-In.Ave.15Minutes.3Hours.MIXED-COMPUTED-REV,-13.87,14.82,-28.70,NEGATIVE
2025-06-28 23:00:00,COT.Flow-In.Ave.15Minutes.3Hours.MIXED-COMPUTED-REV,-9.06,14.82,-23.88,NEGATIVE
2025-06-29 00:00:00,COT.Flow-In.Ave.15Minutes.3Hours.MIXED-COMPUTED-REV,-10.64,13.22,-23.86,NEGATIVE
2025-06-29 01:00:00,COT.Flow-In.Ave.15Minutes.3Hours.MIXED-COMPUTED-REV,-7.45,13.22,-20.67,NEGATIVE
2025-06-29 13:00:00,COT.Flow-In.Ave.15Minutes.3Hours.MIXED-COMPUTED-REV,-6.01,13.16,-19.17,NEGATIVE
2025-06-29 18:00:00,COT.Flow-In.Ave.15Minutes.3Hours.MIXED-COMPUTED-REV,-21.77,13.22,-34.99,NEGATIVE
2025-06-29 19:00:00,COT.Flow-In.Ave.15Minutes.3Hours.MIXED-COMPUTED-REV,-67.77,13.22,-80.99,NEGATIVE
2025-06-29 20:00:00,COT.Flow-In.Ave.15Minutes.3Hours.MIXED-COMPUTED-REV,-89.99,13.22,-103.21,NEGATIVE
2025-06-29 21:00:00,COT.Flow-In.Ave.15Minutes.3Hours.MIXED-COMPUTED-REV,-34.35,13.37,-47.72,NEGATIVE
2025-06-30 15:00:00,COT.Flow-In.Ave.15Minutes.3Hours.MIXED-COMPUTED-REV,-10.55,16.51,-27.06,NEGATIVE
2025-06-30 16:00:00,COT.Flow-In.Ave.15Minutes.3Hours.MIXED-COMPUTED-REV,-1.07,16.51,-17.58,NEGATIVE
2025-06-30 17:00:00,COT.Flow-In.Ave.15Minutes.3Hours.MIXED-COMPUTED-REV,-12.14,16.51,-28.65,NEGATIVE
2025-06-30 18:00:00,COT.Flow-In.Ave.15Minutes.3Hours.MIXED-COMPUTED-REV,-10.49,16.51,-27.01,NEGATIVE
2025-06-30 19:00:00,COT.Flow-In.Ave.15Minutes.3Hours.MIXED-COMPUTED-REV,-50.03,16.51,-66.55,NEGATIVE
2025-06-30 20:00:00,COT.Flow-In.Ave.15Minutes.3Hours.MIXED-COMPUTED-REV,-84.79,16.51,-101.30,NEGATIVE
2025-06-30 21:00:00,COT.Flow-In.Ave.15Minutes.3Hours.MIXED-COMPUTED-REV,-53.09,14.95,-68.04,NEGATIVE
2025-06-30 22:00:00,COT.Flow-In.Ave.15Minutes.3Hours.MIXED-COMPUTED-REV,-24.62,13.49,-38.10,NEGATIVE
2025-07-01 00:00:00,COT.Flow-In.Ave.15Minutes.3Hours.MIXED-COMPUTED-REV,-11.96,11.63,-23.60,NEGATIVE
2025-07-01 16:00:00,COT.Flow-In.Ave.15Minutes.3Hours.MIXED-COMPUTED-REV,-5.56,11.63,-17.20,NEGATIVE
2025-07-01 17:00:00,COT.Flow-In.Ave.15Minutes.3Hours.MIXED-COMPUTED-REV,-7.12,6.84,-13.97,NEGATIVE
2025-07-01 19:00:00,COT.Flow-In.Ave.15Minutes.3Hours.MIXED-COMPUTED-REV,-5.37,5.45,-10.82,NEGATIVE
2025-07-01 20:00:00,COT.Flow-In.Ave.15Minutes.3Hours.MIXED-COMPUTED-REV,-36.86,5.45,-42.31,NEGATIVE
2025-07-01 21:00:00,COT.Flow-In.Ave.15Minutes.3Hours.MIXED-COMPUTED-REV,-103.10,5.45,-108.55,NEGATIVE
2025-07-01 22:00:00,COT.Flow-In.Ave.15Minutes.3Hours.MIXED-COMPUTED-REV,-76.24,5.45,-81.69,NEGATIVE
2025-07-01 23:00:00,COT.Flow-In.Ave.15Minutes.3Hours.MIXED-COMPUTED-REV,-19.41,5.45,-24.86,NEGATIVE
2025-07-02 05:00:00,COT.Flow-In.Ave.15Minutes.3Hours.MIXED-COMPUTED-REV,-0.53,-0.52,-0.00,NEGATIVE
2025-07-02 06:00:00,COT.Flow-In.Ave.15Minutes.3Hours.MIXED-COMPUTED-REV,-8.42,4.01,-12.43,NEGATIVE
2025-07-02 11:00:00,COT.Flow-In.Ave.15Minutes.3Hours.MIXED-COMPUTED-REV,-2.13,1.49,-3.62,NEGATIVE
2025-07-02 12:00:00,COT.Flow-In.Ave.15Minutes.3Hours.MIXED-COMPUTED-REV,-2.12,1.49,-3.61,NEGATIVE
2025-07-02 13:00:00,COT.Flow-In.Ave.15Minutes.3Hours.MIXED-COMPUTED-REV,-3.69,1.49,-5.17,NEGATIVE
2025-07-02 14:00:00,COT.Flow-In.Ave.15Minutes.3Hours.MIXED-COMPUTED-REV,-0.52,1.49,-2.01,NEGATIVE
2025-07-02 16:00:00,COT.Flow-In.Ave.15Minutes.3Hours.MIXED-COMPUTED-REV,-6.71,1.49,-8.20,NEGATIVE
2025-07-02 19:00:00,COT.Flow-In.Ave.15Minutes.3Hours.MIXED-COMPUTED-REV,-18.96,4.70,-23.67,NEGATIVE
2025-07-02 20:00:00,COT.Flow-In.Ave.15Minutes.3Hours.MIXED-COMPUTED-REV,-48.86,4.23,-53.09,NEGATIVE
2025-07-02 21:00:00,COT.Flow-In.Ave.15Minutes.3Hours.MIXED-COMPUTED-REV,-37.93,4.23,-42.16,NEGATIVE
2025-07-02 22:00:00,COT.Flow-In.Ave.15Minutes.3Hours.MIXED-COMPUTED-REV,-25.32,4.23,-29.54,NEGATIVE
2025-07-03 12:00:00,COT.Flow-In.Ave.15Minutes.3Hours.MIXED-COMPUTED-REV,-1.57,5.22,-6.79,NEGATIVE
2025-07-03 13:00:00,COT.Flow-In.Ave.15Minutes.3Hours.MIXED-COMPUTED-REV,-6.25,7.65,-13.89,NEGATIVE
2025-07-03 18:00:00,COT.Flow-In.Ave.15Minutes.3Hours.MIXED-COMPUTED-REV,-6.21,10.97,-17.18,NEGATIVE
2025-07-03 19:00:00,COT.Flow-In.Ave.15Minutes.3Hours.MIXED-COMPUTED-REV,-26.39,7.77,-34.16,NEGATIVE
2025-07-03 20:00:00,COT.Flow-In.Ave.15Minutes.3Hours.MIXED-COMPUTED-REV,-1.15,5.22,-6.37,NEGATIVE
2025-07-03 22:00:00,COT.Flow-In.Ave.15Minutes.3Hours.MIXED-COMPUTED-REV,-27.62,10.97,-38.59,NEGATIVE
2025-07-03 23:00:00,COT.Flow-In.Ave.15Minutes.3Hours.MIXED-COMPUTED-REV,-68.23,12.54,-80.76,NEGATIVE
2025-07-04 00:00:00,COT.Flow-In.Ave.15Minutes.3Hours.MIXED-COMPUTED-REV,-72.88,13.17,-86.05,NEGATIVE
2025-07-04 07:00:00,COT.Flow-In.Ave.15Minutes.3Hours.MIXED-COMPUTED-REV,-30.77,13.17,-43.93,NEGATIVE
2025-07-04 08:00:00,COT.Flow-In.Ave.15Minutes.3Hours.MIXED-COMPUTED-REV,-32.21,13.17,-45.37,NEGATIVE
2025-07-04 14:00:00,COT.Flow-In.Ave.15Minutes.3Hours.MIXED-COMPUTED-REV,-40.26,9.92,-50.18,NEGATIVE
2025-07-04 15:00:00,COT.Flow-In.Ave.15Minutes.3Hours.MIXED-COMPUTED-REV,-113.82,-0.69,-113.12,NEGATIVE
2025-07-04 16:00:00,COT.Flow-In.Ave.15Minutes.3Hours.MIXED-COMPUTED-REV,-90.18,-0.69,-89.49,NEGATIVE
2025-07-04 20:00:00,COT.Flow-In.Ave.15Minutes.3Hours.MIXED-COMPUTED-REV,-0.69,9.92,-10.61,NEGATIVE
2025-07-04 21:00:00,COT.Flow-In.Ave.15Minutes.3Hours.MIXED-COMPUTED-REV,-28.82,16.24,-45.06,NEGATIVE
2025-07-04 22:00:00,COT.Flow-In.Ave.15Minutes.3Hours.MIXED-COMPUTED-REV,-22.50,16.24,-38.74,NEGATIVE
2025-07-04 23:00:00,COT.Flow-In.Ave.15Minutes.3Hours.MIXED-COMPUTED-REV,-42.77,16.24,-59.01,NEGATIVE
2025-07-05 00:00:00,COT.Flow-In.Ave.15Minutes.3Hours.MIXED-COMPUTED-REV,-33.27,9.92,-43.19,NEGATIVE
2025-07-05 01:00:00,COT.Flow-In.Ave.15Minutes.3Hours.MIXED-COMPUTED-REV,-52.02,8.16,-60.18,NEGATIVE
2025-07-05 02:00:00,COT.Flow-In.Ave.15Minutes.3Hours.MIXED-COMPUTED-REV,-25.69,8.11,-33.81,NEGATIVE
2025-07-05 03:00:00,COT.Flow-In.Ave.15Minutes.3Hours.MIXED-COMPUTED-REV,-16.45,8.16,-24.61,NEGATIVE
2025-07-05 16:00:00,COT.Flow-In.Ave.15Minutes.3Hours.MIXED-COMPUTED-REV,-39.81,12.92,-52.73,NEGATIVE
2025-07-05 17:00:00,COT.Flow-In.Ave.15Minutes.3Hours.MIXED-COMPUTED-REV,-72.33,12.92,-85.25,NEGATIVE
2025-07-05 18:00:00,COT.Flow-In.Ave.15Minutes.3Hours.MIXED-COMPUTED-REV,-50.42,12.92,-63.34,NEGATIVE
2025-07-05 19:00:00,COT.Flow-In.Ave.15Minutes.3Hours.MIXED-COMPUTED-REV,-22.34,12.92,-35.26,NEGATIVE
2025-07-05 20:00:00,COT.Flow-In.Ave.15Minutes.3Hours.MIXED-COMPUTED-REV,-14.58,12.92,-27.50,NEGATIVE
2025-07-05 21:00:00,COT.Flow-In.Ave.15Minutes.3Hours.MIXED-COMPUTED-REV,-38.05,12.92,-50.97,NEGATIVE
2025-07-05 23:00:00,COT.Flow-In.Ave.15Minutes.3Hours.MIXED-COMPUTED-REV,-5.65,8.11,-13.76,NEGATIVE
2025-07-06 01:00:00,COT.Flow-In.Ave.15Minutes.3Hours.MIXED-COMPUTED-REV,-2.49,8.16,-10.65,NEGATIVE
2025-07-06 15:00:00,COT.Flow-In.Ave.15Minutes.3Hours.MIXED-COMPUTED-REV,-11.82,3.32,-15.14,NEGATIVE
2025-07-06 16:00:00,COT.Flow-In.Ave.15Minutes.3Hours.MIXED-COMPUTED-REV,-24.41,3.32,-27.73,NEGATIVE
2025-07-06 17:00:00,COT.Flow-In.Ave.15Minutes.3Hours.MIXED-COMPUTED-REV,-62.14,3.32,-65.47,NEGATIVE
2025-07-06 18:00:00,COT.Flow-In.Ave.15Minutes.3Hours.MIXED-COMPUTED-REV,-73.32,3.32,-76.65,NEGATIVE
2025-07-06 19:00:00,COT.Flow-In.Ave.15Minutes.3Hours.MIXED-COMPUTED-REV,-62.61,3.32,-65.93,NEGATIVE
2025-07-06 20:00:00,COT.Flow-In.Ave.15Minutes.3Hours.MIXED-COMPUTED-REV,-54.95,3.32,-58.28,NEGATIVE
2025-07-06 21:00:00,COT.Flow-In.Ave.15Minutes.3Hours.MIXED-COMPUTED-REV,-33.04,3.32,-36.36,NEGATIVE
2025-07-07 01:00:00,COT.Flow-In.Ave.15Minutes.3Hours.MIXED-COMPUTED-REV,-3.11,1.62,-4.73,NEGATIVE
2025-07-07 03:00:00,COT.Flow-In.Ave.15Minutes.3Hours.MIXED-COMPUTED-REV,-15.68,0.20,-15.89,NEGATIVE
2025-07-07 13:00:00,COT.Flow-In.Ave.15Minutes.3Hours.MIXED-COMPUTED-REV,-4.48,1.62,-6.11,NEGATIVE
2025-07-07 16:00:00,COT.Flow-In.Ave.15Minutes.3Hours.MIXED-COMPUTED-REV,-0.04,9.60,-9.64,NEGATIVE
2025-07-07 17:00:00,COT.Flow-In.Ave.15Minutes.3Hours.MIXED-COMPUTED-REV,-14.14,9.60,-23.74,NEGATIVE
2025-07-07 18:00:00,COT.Flow-In.Ave.15Minutes.3Hours.MIXED-COMPUTED-REV,-32.80,6.63,-39.43,NEGATIVE
2025-07-07 19:00:00,COT.Flow-In.Ave.15Minutes.3Hours.MIXED-COMPUTED-REV,-48.32,3.63,-51.95,NEGATIVE
2025-07-07 20:00:00,COT.Flow-In.Ave.15Minutes.3Hours.MIXED-COMPUTED-REV,-33.98,3.63,-37.61,NEGATIVE
2025-07-07 21:00:00,COT.Flow-In.Ave.15Minutes.3Hours.MIXED-COMPUTED-REV,-18.26,3.63,-21.89,NEGATIVE
2025-07-08 06:00:00,COT.Flow-In.Ave.15Minutes.3Hours.MIXED-COMPUTED-REV,-14.51,13.96,-28.47,NEGATIVE
2025-07-08 07:00:00,COT.Flow-In.Ave.15Minutes.3Hours.MIXED-COMPUTED-REV,-6.58,13.96,-20.54,NEGATIVE
2025-07-08 15:00:00,COT.Flow-In.Ave.15Minutes.3Hours.MIXED-COMPUTED-REV,-1.60,-1.60,0.00,NEGATIVE
2025-07-08 16:00:00,COT.Flow-In.Ave.15Minutes.3Hours.MIXED-COMPUTED-REV,-15.55,-1.60,-13.96,NEGATIVE
2025-07-08 17:00:00,COT.Flow-In.Ave.15Minutes.3Hours.MIXED-COMPUTED-REV,-26.58,-1.60,-24.98,NEGATIVE
2025-07-08 18:00:00,COT.Flow-In.Ave.15Minutes.3Hours.MIXED-COMPUTED-REV,-20.18,-1.60,-18.59,NEGATIVE
2025-07-08 21:00:00,COT.Flow-In.Ave.15Minutes.3Hours.MIXED-COMPUTED-REV,-16.84,8.27,-25.10,NEGATIVE
2025-07-08 22:00:00,COT.Flow-In.Ave.15Minutes.3Hours.MIXED-COMPUTED-REV,-21.74,8.00,-29.74,NEGATIVE
2025-07-08 23:00:00,COT.Flow-In.Ave.15Minutes.3Hours.MIXED-COMPUTED-REV,-24.87,8.00,-32.87,NEGATIVE
2025-07-09 00:00:00,COT.Flow-In.Ave.15Minutes.3Hours.MIXED-COMPUTED-REV,-17.02,6.29,-23.31,NEGATIVE
2025-07-09 01:00:00,COT.Flow-In.Ave.15Minutes.3Hours.MIXED-COMPUTED-REV,-56.06,5.02,-61.08,NEGATIVE
2025-07-09 02:00:00,COT.Flow-In.Ave.15Minutes.3Hours.MIXED-COMPUTED-REV,-63.95,0.21,-64.16,NEGATIVE
2025-07-09 03:00:00,COT.Flow-In.Ave.15Minutes.3Hours.MIXED-COMPUTED-REV,-38.95,-1.60,-37.35,NEGATIVE
2025-07-09 14:00:00,COT.Flow-In.Ave.15Minutes.3Hours.MIXED-COMPUTED-REV,-32.51,6.29,-38.80,NEGATIVE
2025-07-09 15:00:00,COT.Flow-In.Ave.15Minutes.3Hours.MIXED-COMPUTED-REV,-51.44,8.00,-59.44,NEGATIVE
2025-07-10 00:00:00,COT.Flow-In.Ave.15Minutes.3Hours.MIXED-COMPUTED-REV,-20.61,4.74,-25.35,NEGATIVE
2025-07-10 01:00:00,COT.Flow-In.Ave.15Minutes.3Hours.MIXED-COMPUTED-REV,-22.20,4.25,-26.45,NEGATIVE
2025-07-10 02:00:00,COT.Flow-In.Ave.15Minutes.3Hours.MIXED-COMPUTED-REV,-6.64,4.74,-11.39,NEGATIVE
2025-07-10 08:00:00,COT.Flow-In.Ave.15Minutes.3Hours.MIXED-COMPUTED-REV,-0.19,5.68,-5.87,NEGATIVE
2025-07-10 13:00:00,COT.Flow-In.Ave.15Minutes.3Hours.MIXED-COMPUTED-REV,-7.06,6.95,-14.01,NEGATIVE
2025-07-10 15:00:00,COT.Flow-In.Ave.15Minutes.3Hours.MIXED-COMPUTED-REV,-5.38,7.11,-12.49,NEGATIVE
2025-07-11 09:00:00,COT.Flow-In.Ave.15Minutes.3Hours.MIXED-COMPUTED-REV,-0.82,11.07,-11.89,NEGATIVE
2025-07-11 16:00:00,COT.Flow-In.Ave.15Minutes.3Hours.MIXED-COMPUTED-REV,-3.86,10.19,-14.05,NEGATIVE
2025-07-11 17:00:00,COT.Flow-In.Ave.15Minutes.3Hours.MIXED-COMPUTED-REV,-40.99,10.19,-51.18,NEGATIVE
2025-07-11 18:00:00,COT.Flow-In.Ave.15Minutes.3Hours.MIXED-COMPUTED-REV,-79.59,10.19,-89.78,NEGATIVE
2025-07-11 19:00:00,COT.Flow-In.Ave.15Minutes.3Hours.MIXED-COMPUTED-REV,-82.50,10.19,-92.69,NEGATIVE
2025-07-11 20:00:00,COT.Flow-In.Ave.15Minutes.3Hours.MIXED-COMPUTED-REV,-71.54,10.19,-81.73,NEGATIVE
2025-07-12 00:00:00,COT.Flow-In.Ave.15Minutes.3Hours.MIXED-COMPUTED-REV,-32.39,11.89,-44.27,NEGATIVE
2025-07-12 01:00:00,COT.Flow-In.Ave.15Minutes.3Hours.MIXED-COMPUTED-REV,-43.44,11.89,-55.33,NEGATIVE
2025-07-12 16:00:00,COT.Flow-In.Ave.15Minutes.3Hours.MIXED-COMPUTED-REV,-4.97,13.56,-18.53,NEGATIVE
2025-07-12 17:00:00,COT.Flow-In.Ave.15Minutes.3Hours.MIXED-COMPUTED-REV,-26.49,13.56,-40.06,NEGATIVE
2025-07-12 18:00:00,COT.Flow-In.Ave.15Minutes.3Hours.MIXED-COMPUTED-REV,-109.79,13.56,-123.35,NEGATIVE
2025-07-12 19:00:00,COT.Flow-In.Ave.15Minutes.3Hours.MIXED-COMPUTED-REV,-128.34,13.56,-141.90,NEGATIVE
2025-07-12 20:00:00,COT.Flow-In.Ave.15Minutes.3Hours.MIXED-COMPUTED-REV,-112.94,13.56,-126.50,NEGATIVE
2025-07-12 21:00:00,COT.Flow-In.Ave.15Minutes.3Hours.MIXED-COMPUTED-REV,-25.06,13.56,-38.62,NEGATIVE
2025-07-13 11:00:00,COT.Flow-In.Ave.15Minutes.3Hours.MIXED-COMPUTED-REV,-14.33,5.70,-20.02,NEGATIVE
2025-07-13 12:00:00,COT.Flow-In.Ave.15Minutes.3Hours.MIXED-COMPUTED-REV,-14.38,2.65,-17.03,NEGATIVE
2025-07-13 13:00:00,COT.Flow-In.Ave.15Minutes.3Hours.MIXED-COMPUTED-REV,-8.24,0.99,-9.22,NEGATIVE
2025-07-13 17:00:00,COT.Flow-In.Ave.15Minutes.3Hours.MIXED-COMPUTED-REV,-3.60,-3.49,-0.10,NEGATIVE
2025-07-13 18:00:00,COT.Flow-In.Ave.15Minutes.3Hours.MIXED-COMPUTED-REV,-29.60,-3.49,-26.10,NEGATIVE
2025-07-13 19:00:00,COT.Flow-In.Ave.15Minutes.3Hours.MIXED-COMPUTED-REV,-47.74,-3.49,-44.25,NEGATIVE
2025-07-13 20:00:00,COT.Flow-In.Ave.15Minutes.3Hours.MIXED-COMPUTED-REV,-67.65,-3.49,-64.16,NEGATIVE
2025-07-13 21:00:00,COT.Flow-In.Ave.15Minutes.3Hours.MIXED-COMPUTED-REV,-47.74,-3.49,-44.25,NEGATIVE
2025-07-13 22:00:00,COT.Flow-In.Ave.15Minutes.3Hours.MIXED-COMPUTED-REV,-31.05,-3.60,-27.45,NEGATIVE
2025-07-13 23:00:00,COT.Flow-In.Ave.15Minutes.3Hours.MIXED-COMPUTED-REV,-3.49,-8.24,4.74,NEGATIVE
2025-07-14 00:00:00,COT.Flow-In.Ave.15Minutes.3Hours.MIXED-COMPUTED-REV,-29.49,-3.60,-25.90,NEGATIVE
2025-07-14 01:00:00,COT.Flow-In.Ave.15Minutes.3Hours.MIXED-COMPUTED-REV,-23.18,-3.49,-19.68,NEGATIVE
2025-07-14 02:00:00,COT.Flow-In.Ave.15Minutes.3Hours.MIXED-COMPUTED-REV,-18.61,-3.49,-15.12,NEGATIVE
2025-07-14 10:00:00,COT.Flow-In.Ave.15Minutes.3Hours.MIXED-COMPUTED-REV,-9.34,1.03,-10.37,NEGATIVE
2025-07-14 11:00:00,COT.Flow-In.Ave.15Minutes.3Hours.MIXED-COMPUTED-REV,-9.48,1.03,-10.51,NEGATIVE
2025-07-14 14:00:00,COT.Flow-In.Ave.15Minutes.3Hours.MIXED-COMPUTED-REV,-3.60,1.36,-4.96,NEGATIVE
2025-07-14 17:00:00,COT.Flow-In.Ave.15Minutes.3Hours.MIXED-COMPUTED-REV,-21.72,4.18,-25.90,NEGATIVE
2025-07-14 18:00:00,COT.Flow-In.Ave.15Minutes.3Hours.MIXED-COMPUTED-REV,-88.93,4.18,-93.12,NEGATIVE
2025-07-14 19:00:00,COT.Flow-In.Ave.15Minutes.3Hours.MIXED-COMPUTED-REV,-87.40,4.18,-91.58,NEGATIVE
2025-07-14 20:00:00,COT.Flow-In.Ave.15Minutes.3Hours.MIXED-COMPUTED-REV,-33.81,4.18,-37.99,NEGATIVE
2025-07-14 23:00:00,COT.Flow-In.Ave.15Minutes.3Hours.MIXED-COMPUTED-REV,-27.76,2.73,-30.48,NEGATIVE
2025-07-15 00:00:00,COT.Flow-In.Ave.15Minutes.3Hours.MIXED-COMPUTED-REV,-24.74,2.73,-27.47,NEGATIVE
2025-07-15 01:00:00,COT.Flow-In.Ave.15Minutes.3Hours.MIXED-COMPUTED-REV,-26.27,2.73,-28.99,NEGATIVE
2025-07-15 10:00:00,COT.Flow-In.Ave.15Minutes.3Hours.MIXED-COMPUTED-REV,-3.39,-0.29,-3.10,NEGATIVE
2025-07-15 12:00:00,COT.Flow-In.Ave.15Minutes.3Hours.MIXED-COMPUTED-REV,-6.42,-1.66,-4.76,NEGATIVE
2025-07-15 14:00:00,COT.Flow-In.Ave.15Minutes.3Hours.MIXED-COMPUTED-REV,-0.29,2.73,-3.02,NEGATIVE
2025-07-15 16:00:00,COT.Flow-In.Ave.15Minutes.3Hours.MIXED-COMPUTED-REV,-18.56,2.73,-21.28,NEGATIVE
2025-07-15 17:00:00,COT.Flow-In.Ave.15Minutes.3Hours.MIXED-COMPUTED-REV,-33.77,2.73,-36.50,NEGATIVE
2025-07-15 18:00:00,COT.Flow-In.Ave.15Minutes.3Hours.MIXED-COMPUTED-REV,-36.80,2.73,-39.53,NEGATIVE
2025-07-15 19:00:00,COT.Flow-In.Ave.15Minutes.3Hours.MIXED-COMPUTED-REV,-10.89,2.73,-13.62,NEGATIVE
2025-07-15 20:00:00,COT.Flow-In.Ave.15Minutes.3Hours.MIXED-COMPUTED-REV,-21.52,-0.29,-21.23,NEGATIVE
2025-07-15 21:00:00,COT.Flow-In.Ave.15Minutes.3Hours.MIXED-COMPUTED-REV,-38.26,-0.29,-37.97,NEGATIVE
2025-07-15 22:00:00,COT.Flow-In.Ave.15Minutes.3Hours.MIXED-COMPUTED-REV,-58.02,-0.29,-57.73,NEGATIVE
2025-07-15 23:00:00,COT.Flow-In.Ave.15Minutes.3Hours.MIXED-COMPUTED-REV,-30.60,2.73,-33.33,NEGATIVE
2025-07-16 00:00:00,COT.Flow-In.Ave.15Minutes.3Hours.MIXED-COMPUTED-REV,-1.66,4.29,-5.96,NEGATIVE
2025-07-16 08:00:00,COT.Flow-In.Ave.15Minutes.3Hours.MIXED-COMPUTED-REV,-3.15,-1.47,-1.68,NEGATIVE
2025-07-16 14:00:00,COT.Flow-In.Ave.15Minutes.3Hours.MIXED-COMPUTED-REV,-9.18,5.89,-15.07,NEGATIVE
2025-07-16 15:00:00,COT.Flow-In.Ave.15Minutes.3Hours.MIXED-COMPUTED-REV,-1.47,-1.44,-0.03,NEGATIVE
2025-07-16 16:00:00,COT.Flow-In.Ave.15Minutes.3Hours.MIXED-COMPUTED-REV,-1.53,-1.47,-0.06,NEGATIVE
2025-07-16 17:00:00,COT.Flow-In.Ave.15Minutes.3Hours.MIXED-COMPUTED-REV,-6.13,-1.47,-4.66,NEGATIVE
2025-07-16 18:00:00,COT.Flow-In.Ave.15Minutes.3Hours.MIXED-COMPUTED-REV,-15.30,-1.47,-13.83,NEGATIVE
2025-07-16 19:00:00,COT.Flow-In.Ave.15Minutes.3Hours.MIXED-COMPUTED-REV,-21.53,-1.47,-20.06,NEGATIVE
2025-07-16 20:00:00,COT.Flow-In.Ave.15Minutes.3Hours.MIXED-COMPUTED-REV,-24.85,-1.47,-23.38,NEGATIVE
2025-07-16 21:00:00,COT.Flow-In.Ave.15Minutes.3Hours.MIXED-COMPUTED-REV,-51.43,-1.47,-49.96,NEGATIVE
2025-07-16 22:00:00,COT.Flow-In.Ave.15Minutes.3Hours.MIXED-COMPUTED-REV,-54.96,-1.53,-53.43,NEGATIVE
2025-07-16 23:00:00,COT.Flow-In.Ave.15Minutes.3Hours.MIXED-COMPUTED-REV,-41.40,-5.94,-35.46,NEGATIVE
2025-07-17 02:00:00,COT.Flow-In.Ave.15Minutes.3Hours.MIXED-COMPUTED-REV,-1.44,-7.42,5.98,NEGATIVE
2025-07-17 03:00:00,COT.Flow-In.Ave.15Minutes.3Hours.MIXED-COMPUTED-REV,-43.17,-6.13,-37.04,NEGATIVE
2025-07-17 04:00:00,COT.Flow-In.Ave.15Minutes.3Hours.MIXED-COMPUTED-REV,-16.96,-6.13,-10.83,NEGATIVE
2025-07-17 09:00:00,COT.Flow-In.Ave.15Minutes.3Hours.MIXED-COMPUTED-REV,-7.42,-7.58,0.16,NEGATIVE
2025-07-17 10:00:00,COT.Flow-In.Ave.15Minutes.3Hours.MIXED-COMPUTED-REV,-5.94,-7.58,1.64,NEGATIVE
2025-07-17 11:00:00,COT.Flow-In.Ave.15Minutes.3Hours.MIXED-COMPUTED-REV,-7.58,-7.58,0.00,NEGATIVE
2025-07-17 12:00:00,COT.Flow-In.Ave.15Minutes.3Hours.MIXED-COMPUTED-REV,-9.07,-7.42,-1.65,NEGATIVE
2025-07-17 13:00:00,COT.Flow-In.Ave.15Minutes.3Hours.MIXED-COMPUTED-REV,-12.08,-7.42,-4.66,NEGATIVE
2025-07-17 14:00:00,COT.Flow-In.Ave.15Minutes.3Hours.MIXED-COMPUTED-REV,-1.21,-7.58,6.37,NEGATIVE
2025-07-17 17:00:00,COT.Flow-In.Ave.15Minutes.3Hours.MIXED-COMPUTED-REV,-9.36,-7.42,-1.93,NEGATIVE
2025-07-17 18:00:00,COT.Flow-In.Ave.15Minutes.3Hours.MIXED-COMPUTED-REV,-21.69,-7.42,-14.27,NEGATIVE
2025-07-17 19:00:00,COT.Flow-In.Ave.15Minutes.3Hours.MIXED-COMPUTED-REV,-23.00,-7.42,-15.58,NEGATIVE
2025-07-17 20:00:00,COT.Flow-In.Ave.15Minutes.3Hours.MIXED-COMPUTED-REV,-12.06,-7.42,-4.64,NEGATIVE
2025-07-17 21:00:00,COT.Flow-In.Ave.15Minutes.3Hours.MIXED-COMPUTED-REV,-19.51,-7.42,-12.09,NEGATIVE
2025-07-17 22:00:00,COT.Flow-In.Ave.15Minutes.3Hours.MIXED-COMPUTED-REV,-13.24,-5.94,-7.30,NEGATIVE
2025-07-17 23:00:00,COT.Flow-In.Ave.15Minutes.3Hours.MIXED-COMPUTED-REV,-13.28,-3.07,-10.20,NEGATIVE
2025-07-18 01:00:00,COT.Flow-In.Ave.15Minutes.3Hours.MIXED-COMPUTED-REV,-1.33,-1.29,-0.04,NEGATIVE
2025-07-18 02:00:00,COT.Flow-In.Ave.15Minutes.3Hours.MIXED-COMPUTED-REV,-33.78,-1.29,-32.49,NEGATIVE
2025-07-18 03:00:00,COT.Flow-In.Ave.15Minutes.3Hours.MIXED-COMPUTED-REV,-21.55,-1.33,-20.22,NEGATIVE
2025-07-18 04:00:00,COT.Flow-In.Ave.15Minutes.3Hours.MIXED-COMPUTED-REV,-3.07,-3.07,0.00,NEGATIVE
2025-07-18 12:00:00,COT.Flow-In.Ave.15Minutes.3Hours.MIXED-COMPUTED-REV,-1.29,-1.33,0.04,NEGATIVE
2025-07-18 14:00:00,COT.Flow-In.Ave.15Minutes.3Hours.MIXED-COMPUTED-REV,-5.69,-4.12,-1.56,NEGATIVE
2025-07-18 15:00:00,COT.Flow-In.Ave.15Minutes.3Hours.MIXED-COMPUTED-REV,-4.12,-4.12,0.00,NEGATIVE
2025-07-18 16:00:00,COT.Flow-In.Ave.15Minutes.3Hours.MIXED-COMPUTED-REV,-8.87,-3.07,-5.80,NEGATIVE
2025-07-18 17:00:00,COT.Flow-In.Ave.15Minutes.3Hours.MIXED-COMPUTED-REV,-15.06,-1.29,-13.78,NEGATIVE
2025-07-18 18:00:00,COT.Flow-In.Ave.15Minutes.3Hours.MIXED-COMPUTED-REV,-16.49,-1.29,-15.21,NEGATIVE
2025-07-18 19:00:00,COT.Flow-In.Ave.15Minutes.3Hours.MIXED-COMPUTED-REV,-57.50,-1.29,-56.22,NEGATIVE
2025-07-18 20:00:00,COT.Flow-In.Ave.15Minutes.3Hours.MIXED-COMPUTED-REV,-92.53,-1.29,-91.25,NEGATIVE
2025-07-18 21:00:00,COT.Flow-In.Ave.15Minutes.3Hours.MIXED-COMPUTED-REV,-72.70,-1.29,-71.41,NEGATIVE
2025-07-18 22:00:00,COT.Flow-In.Ave.15Minutes.3Hours.MIXED-COMPUTED-REV,-5.59,-4.12,-1.46,NEGATIVE
2025-07-19 01:00:00,COT.Flow-In.Ave.15Minutes.3Hours.MIXED-COMPUTED-REV,-15.32,-4.12,-11.19,NEGATIVE
2025-07-19 02:00:00,COT.Flow-In.Ave.15Minutes.3Hours.MIXED-COMPUTED-REV,-23.07,-4.12,-18.94,NEGATIVE
2025-07-19 03:00:00,COT.Flow-In.Ave.15Minutes.3Hours.MIXED-COMPUTED-REV,-27.84,-4.12,-23.72,NEGATIVE
2025-07-19 10:00:00,COT.Flow-In.Ave.15Minutes.3Hours.MIXED-COMPUTED-REV,-7.21,-2.68,-4.52,NEGATIVE
2025-07-19 12:00:00,COT.Flow-In.Ave.15Minutes.3Hours.MIXED-COMPUTED-REV,-2.68,-1.18,-1.50,NEGATIVE
2025-07-19 14:00:00,COT.Flow-In.Ave.15Minutes.3Hours.MIXED-COMPUTED-REV,-1.18,-2.68,1.50,NEGATIVE
2025-07-19 15:00:00,COT.Flow-In.Ave.15Minutes.3Hours.MIXED-COMPUTED-REV,-7.27,-1.18,-6.08,NEGATIVE
2025-07-19 16:00:00,COT.Flow-In.Ave.15Minutes.3Hours.MIXED-COMPUTED-REV,-43.89,3.42,-47.31,NEGATIVE
2025-07-19 17:00:00,COT.Flow-In.Ave.15Minutes.3Hours.MIXED-COMPUTED-REV,-54.62,3.42,-58.04,NEGATIVE
2025-07-19 18:00:00,COT.Flow-In.Ave.15Minutes.3Hours.MIXED-COMPUTED-REV,-63.77,3.42,-67.19,NEGATIVE
2025-07-19 19:00:00,COT.Flow-In.Ave.15Minutes.3Hours.MIXED-COMPUTED-REV,-54.56,3.42,-57.98,NEGATIVE
2025-07-19 20:00:00,COT.Flow-In.Ave.15Minutes.3Hours.MIXED-COMPUTED-REV,-80.40,3.42,-83.82,NEGATIVE
2025-07-19 21:00:00,COT.Flow-In.Ave.15Minutes.3Hours.MIXED-COMPUTED-REV,-36.15,-1.18,-34.97,NEGATIVE
2025-07-20 01:00:00,COT.Flow-In.Ave.15Minutes.3Hours.MIXED-COMPUTED-REV,-16.20,3.60,-19.80,NEGATIVE
2025-07-20 02:00:00,COT.Flow-In.Ave.15Minutes.3Hours.MIXED-COMPUTED-REV,-13.32,-1.18,-12.13,NEGATIVE
2025-07-20 09:00:00,COT.Flow-In.Ave.15Minutes.3Hours.MIXED-COMPUTED-REV,-11.59,4.98,-16.57,NEGATIVE
2025-07-20 13:00:00,COT.Flow-In.Ave.15Minutes.3Hours.MIXED-COMPUTED-REV,-5.44,0.63,-6.07,NEGATIVE
2025-07-20 14:00:00,COT.Flow-In.Ave.15Minutes.3Hours.MIXED-COMPUTED-REV,-14.43,3.60,-18.03,NEGATIVE
2025-07-20 18:00:00,COT.Flow-In.Ave.15Minutes.3Hours.MIXED-COMPUTED-REV,-48.13,0.18,-48.31,NEGATIVE
2025-07-20 19:00:00,COT.Flow-In.Ave.15Minutes.3Hours.MIXED-COMPUTED-REV,-28.46,0.18,-28.64,NEGATIVE
2025-07-20 20:00:00,COT.Flow-In.Ave.15Minutes.3Hours.MIXED-COMPUTED-REV,-14.72,0.18,-14.90,NEGATIVE
2025-07-20 21:00:00,COT.Flow-In.Ave.15Minutes.3Hours.MIXED-COMPUTED-REV,-34.30,0.18,-34.48,NEGATIVE
2025-07-20 22:00:00,COT.Flow-In.Ave.15Minutes.3Hours.MIXED-COMPUTED-REV,-64.64,0.63,-65.27,NEGATIVE
2025-07-20 23:00:00,COT.Flow-In.Ave.15Minutes.3Hours.MIXED-COMPUTED-REV,-60.23,0.63,-60.86,NEGATIVE
2025-07-21 04:00:00,COT.Flow-In.Ave.15Minutes.3Hours.MIXED-COMPUTED-REV,-28.52,0.18,-28.70,NEGATIVE
2025-07-21 05:00:00,COT.Flow-In.Ave.15Minutes.3Hours.MIXED-COMPUTED-REV,-22.52,0.18,-22.69,NEGATIVE
2025-07-21 06:00:00,COT.Flow-In.Ave.15Minutes.3Hours.MIXED-COMPUTED-REV,-7.40,0.18,-7.58,NEGATIVE
2025-07-21 13:00:00,COT.Flow-In.Ave.15Minutes.3Hours.MIXED-COMPUTED-REV,-4.25,0.70,-4.95,NEGATIVE
2025-07-21 14:00:00,COT.Flow-In.Ave.15Minutes.3Hours.MIXED-COMPUTED-REV,-7.22,0.70,-7.92,NEGATIVE
2025-07-21 15:00:00,COT.Flow-In.Ave.15Minutes.3Hours.MIXED-COMPUTED-REV,-10.17,0.70,-10.87,NEGATIVE
2025-07-21 19:00:00,COT.Flow-In.Ave.15Minutes.3Hours.MIXED-COMPUTED-REV,-3.66,9.58,-13.24,NEGATIVE
2025-07-21 21:00:00,COT.Flow-In.Ave.15Minutes.3Hours.MIXED-COMPUTED-REV,-40.25,8.39,-48.64,NEGATIVE
2025-07-21 22:00:00,COT.Flow-In.Ave.15Minutes.3Hours.MIXED-COMPUTED-REV,-55.45,4.80,-60.25,NEGATIVE
2025-07-21 23:00:00,COT.Flow-In.Ave.15Minutes.3Hours.MIXED-COMPUTED-REV,-75.00,1.80,-76.80,NEGATIVE
2025-07-22 00:00:00,COT.Flow-In.Ave.15Minutes.3Hours.MIXED-COMPUTED-REV,-41.69,1.80,-43.49,NEGATIVE
2025-07-22 01:00:00,COT.Flow-In.Ave.15Minutes.3Hours.MIXED-COMPUTED-REV,-40.11,0.70,-40.82,NEGATIVE
2025-07-22 11:00:00,COT.Flow-In.Ave.15Minutes.3Hours.MIXED-COMPUTED-REV,-4.18,0.29,-4.47,NEGATIVE
2025-07-22 13:00:00,COT.Flow-In.Ave.15Minutes.3Hours.MIXED-COMPUTED-REV,-14.34,3.34,-17.68,NEGATIVE
2025-07-22 14:00:00,COT.Flow-In.Ave.15Minutes.3Hours.MIXED-COMPUTED-REV,-27.88,3.34,-31.22,NEGATIVE
2025-07-22 18:00:00,COT.Flow-In.Ave.15Minutes.3Hours.MIXED-COMPUTED-REV,-49.06,3.34,-52.40,NEGATIVE
2025-07-22 19:00:00,COT.Flow-In.Ave.15Minutes.3Hours.MIXED-COMPUTED-REV,-29.62,3.34,-32.96,NEGATIVE
2025-07-22 20:00:00,COT.Flow-In.Ave.15Minutes.3Hours.MIXED-COMPUTED-REV,-40.14,3.35,-43.48,NEGATIVE
2025-07-22 21:00:00,COT.Flow-In.Ave.15Minutes.3Hours.MIXED-COMPUTED-REV,-19.14,3.35,-22.48,NEGATIVE
2025-07-22 22:00:00,COT.Flow-In.Ave.15Minutes.3Hours.MIXED-COMPUTED-REV,-41.63,3.34,-44.97,NEGATIVE
2025-07-22 23:00:00,COT.Flow-In.Ave.15Minutes.3Hours.MIXED-COMPUTED-REV,-25.16,3.34,-28.50,NEGATIVE
2025-07-23 02:00:00,COT.Flow-In.Ave.15Minutes.3Hours.MIXED-COMPUTED-REV,-14.64,3.35,-17.99,NEGATIVE
2025-07-23 10:00:00,COT.Flow-In.Ave.15Minutes.3Hours.MIXED-COMPUTED-REV,-2.46,3.34,-5.80,NEGATIVE
2025-07-23 11:00:00,COT.Flow-In.Ave.15Minutes.3Hours.MIXED-COMPUTED-REV,-21.91,3.34,-25.25,NEGATIVE
2025-07-23 12:00:00,COT.Flow-In.Ave.15Minutes.3Hours.MIXED-COMPUTED-REV,-18.92,3.34,-22.26,NEGATIVE
2025-07-23 16:00:00,COT.Flow-In.Ave.15Minutes.3Hours.MIXED-COMPUTED-REV,-5.40,-0.91,-4.50,NEGATIVE
2025-07-23 17:00:00,COT.Flow-In.Ave.15Minutes.3Hours.MIXED-COMPUTED-REV,-0.91,-0.91,0.00,NEGATIVE
2025-07-23 19:00:00,COT.Flow-In.Ave.15Minutes.3Hours.MIXED-COMPUTED-REV,-2.46,-0.91,-1.56,NEGATIVE
2025-07-23 20:00:00,COT.Flow-In.Ave.15Minutes.3Hours.MIXED-COMPUTED-REV,-23.41,-0.91,-22.50,NEGATIVE
2025-07-23 21:00:00,COT.Flow-In.Ave.15Minutes.3Hours.MIXED-COMPUTED-REV,-53.31,-0.91,-52.40,NEGATIVE
2025-07-23 22:00:00,COT.Flow-In.Ave.15Minutes.3Hours.MIXED-COMPUTED-REV,-57.76,-0.91,-56.86,NEGATIVE
2025-07-23 23:00:00,COT.Flow-In.Ave.15Minutes.3Hours.MIXED-COMPUTED-REV,-18.87,-0.77,-18.10,NEGATIVE
2025-07-24 00:00:00,COT.Flow-In.Ave.15Minutes.3Hours.MIXED-COMPUTED-REV,-2.40,-0.77,-1.63,NEGATIVE
2025-07-24 01:00:00,COT.Flow-In.Ave.15Minutes.3Hours.MIXED-COMPUTED-REV,-12.74,-0.73,-12.02,NEGATIVE
2025-07-24 02:00:00,COT.Flow-In.Ave.15Minutes.3Hours.MIXED-COMPUTED-REV,-21.68,-0.73,-20.95,NEGATIVE
2025-07-24 03:00:00,COT.Flow-In.Ave.15Minutes.3Hours.MIXED-COMPUTED-REV,-0.77,-0.73,-0.04,NEGATIVE
2025-07-24 10:00:00,COT.Flow-In.Ave.15Minutes.3Hours.MIXED-COMPUTED-REV,-0.73,-2.40,1.67,NEGATIVE
2025-07-24 11:00:00,COT.Flow-In.Ave.15Minutes.3Hours.MIXED-COMPUTED-REV,-0.71,-0.77,0.05,NEGATIVE
2025-07-24 12:00:00,COT.Flow-In.Ave.15Minutes.3Hours.MIXED-COMPUTED-REV,-9.65,-0.73,-8.92,NEGATIVE
2025-07-24 14:00:00,COT.Flow-In.Ave.15Minutes.3Hours.MIXED-COMPUTED-REV,-0.68,-0.71,0.03,NEGATIVE
2025-07-24 15:00:00,COT.Flow-In.Ave.15Minutes.3Hours.MIXED-COMPUTED-REV,-0.65,-0.71,0.06,NEGATIVE
2025-07-24 16:00:00,COT.Flow-In.Ave.15Minutes.3Hours.MIXED-COMPUTED-REV,-39.27,-0.68,-38.58,NEGATIVE
2025-07-24 17:00:00,COT.Flow-In.Ave.15Minutes.3Hours.MIXED-COMPUTED-REV,-34.75,-0.68,-34.06,NEGATIVE
2025-07-24 18:00:00,COT.Flow-In.Ave.15Minutes.3Hours.MIXED-COMPUTED-REV,-46.63,-0.68,-45.95,NEGATIVE
2025-07-24 19:00:00,COT.Flow-In.Ave.15Minutes.3Hours.MIXED-COMPUTED-REV,-6.51,-0.68,-5.83,NEGATIVE
2025-07-24 20:00:00,COT.Flow-In.Ave.15Minutes.3Hours.MIXED-COMPUTED-REV,-22.90,-0.68,-22.21,NEGATIVE
2025-07-24 21:00:00,COT.Flow-In.Ave.15Minutes.3Hours.MIXED-COMPUTED-REV,-10.98,-0.68,-10.30,NEGATIVE
2025-07-24 22:00:00,COT.Flow-In.Ave.15Minutes.3Hours.MIXED-COMPUTED-REV,-25.83,-0.71,-25.12,NEGATIVE
2025-07-25 02:00:00,COT.Flow-In.Ave.15Minutes.3Hours.MIXED-COMPUTED-REV,-33.35,-0.65,-32.70,NEGATIVE
2025-07-25 03:00:00,COT.Flow-In.Ave.15Minutes.3Hours.MIXED-COMPUTED-REV,-24.42,6.85,-31.27,NEGATIVE
2025-07-25 10:00:00,COT.Flow-In.Ave.15Minutes.3Hours.MIXED-COMPUTED-REV,-15.32,6.98,-22.30,NEGATIVE
2025-07-25 11:00:00,COT.Flow-In.Ave.15Minutes.3Hours.MIXED-COMPUTED-REV,-15.35,6.98,-22.33,NEGATIVE
2025-07-25 16:00:00,COT.Flow-In.Ave.15Minutes.3Hours.MIXED-COMPUTED-REV,-6.34,6.98,-13.32,NEGATIVE
2025-07-25 18:00:00,COT.Flow-In.Ave.15Minutes.3Hours.MIXED-COMPUTED-REV,-10.72,6.85,-17.56,NEGATIVE
2025-07-25 19:00:00,COT.Flow-In.Ave.15Minutes.3Hours.MIXED-COMPUTED-REV,-16.81,6.85,-23.65,NEGATIVE
2025-07-25 20:00:00,COT.Flow-In.Ave.15Minutes.3Hours.MIXED-COMPUTED-REV,-55.70,6.85,-62.55,NEGATIVE
2025-07-25 21:00:00,COT.Flow-In.Ave.15Minutes.3Hours.MIXED-COMPUTED-REV,-41.08,6.85,-47.93,NEGATIVE
2025-07-25 22:00:00,COT.Flow-In.Ave.15Minutes.3Hours.MIXED-COMPUTED-REV,-42.94,-6.34,-36.59,NEGATIVE
2025-07-25 23:00:00,COT.Flow-In.Ave.15Minutes.3Hours.MIXED-COMPUTED-REV,-40.48,-4.27,-36.21,NEGATIVE
2025-07-26 00:00:00,COT.Flow-In.Ave.15Minutes.3Hours.MIXED-COMPUTED-REV,-10.54,-2.64,-7.91,NEGATIVE
2025-07-26 01:00:00,COT.Flow-In.Ave.15Minutes.3Hours.MIXED-COMPUTED-REV,-8.98,-2.64,-6.34,NEGATIVE
2025-07-26 06:00:00,COT.Flow-In.Ave.15Minutes.3Hours.MIXED-COMPUTED-REV,-17.83,-4.27,-13.56,NEGATIVE
2025-07-26 10:00:00,COT.Flow-In.Ave.15Minutes.3Hours.MIXED-COMPUTED-REV,-14.93,-4.27,-10.65,NEGATIVE
2025-07-26 11:00:00,COT.Flow-In.Ave.15Minutes.3Hours.MIXED-COMPUTED-REV,-4.27,-4.27,0.00,NEGATIVE
2025-07-26 12:00:00,COT.Flow-In.Ave.15Minutes.3Hours.MIXED-COMPUTED-REV,-2.64,-2.78,0.14,NEGATIVE
2025-07-26 14:00:00,COT.Flow-In.Ave.15Minutes.3Hours.MIXED-COMPUTED-REV,-1.20,-1.20,0.00,NEGATIVE
2025-07-26 16:00:00,COT.Flow-In.Ave.15Minutes.3Hours.MIXED-COMPUTED-REV,-2.78,-2.78,0.00,NEGATIVE
2025-07-26 17:00:00,COT.Flow-In.Ave.15Minutes.3Hours.MIXED-COMPUTED-REV,-19.25,-4.27,-14.97,NEGATIVE
2025-07-26 18:00:00,COT.Flow-In.Ave.15Minutes.3Hours.MIXED-COMPUTED-REV,-67.11,-4.27,-62.83,NEGATIVE
2025-07-26 19:00:00,COT.Flow-In.Ave.15Minutes.3Hours.MIXED-COMPUTED-REV,-76.01,-2.78,-73.24,NEGATIVE
2025-07-26 20:00:00,COT.Flow-In.Ave.15Minutes.3Hours.MIXED-COMPUTED-REV,-53.58,-2.78,-50.80,NEGATIVE
2025-07-26 21:00:00,COT.Flow-In.Ave.15Minutes.3Hours.MIXED-COMPUTED-REV,-31.12,-2.78,-28.34,NEGATIVE
2025-07-26 22:00:00,COT.Flow-In.Ave.15Minutes.3Hours.MIXED-COMPUTED-REV,-11.66,-2.78,-8.88,NEGATIVE
2025-07-26 23:00:00,COT.Flow-In.Ave.15Minutes.3Hours.MIXED-COMPUTED-REV,-35.49,-2.64,-32.86,NEGATIVE
2025-07-27 03:00:00,COT.Flow-In.Ave.15Minutes.3Hours.MIXED-COMPUTED-REV,-5.45,-0.99,-4.47,NEGATIVE
2025-07-27 04:00:00,COT.Flow-In.Ave.15Minutes.3Hours.MIXED-COMPUTED-REV,-26.50,-2.78,-23.72,NEGATIVE
2025-07-27 05:00:00,COT.Flow-In.Ave.15Minutes.3Hours.MIXED-COMPUTED-REV,-19.10,-3.98,-15.11,NEGATIVE
2025-07-27 11:00:00,COT.Flow-In.Ave.15Minutes.3Hours.MIXED-COMPUTED-REV,-0.99,-3.98,3.00,NEGATIVE
2025-07-27 12:00:00,COT.Flow-In.Ave.15Minutes.3Hours.MIXED-COMPUTED-REV,-3.98,-3.98,0.00,NEGATIVE
2025-07-27 16:00:00,COT.Flow-In.Ave.15Minutes.3Hours.MIXED-COMPUTED-REV,-9.84,-3.98,-5.86,NEGATIVE
2025-07-27 17:00:00,COT.Flow-In.Ave.15Minutes.3Hours.MIXED-COMPUTED-REV,-14.38,-0.99,-13.40,NEGATIVE
2025-07-27 18:00:00,COT.Flow-In.Ave.15Minutes.3Hours.MIXED-COMPUTED-REV,-20.37,2.07,-22.44,NEGATIVE
2025-07-27 19:00:00,COT.Flow-In.Ave.15Minutes.3Hours.MIXED-COMPUTED-REV,-48.79,2.07,-50.86,NEGATIVE
2025-07-27 20:00:00,COT.Flow-In.Ave.15Minutes.3Hours.MIXED-COMPUTED-REV,-71.24,2.07,-73.31,NEGATIVE
2025-07-27 21:00:00,COT.Flow-In.Ave.15Minutes.3Hours.MIXED-COMPUTED-REV,-80.26,0.74,-81.00,NEGATIVE
2025-07-27 22:00:00,COT.Flow-In.Ave.15Minutes.3Hours.MIXED-COMPUTED-REV,-38.50,0.74,-39.24,NEGATIVE
2025-07-27 23:00:00,COT.Flow-In.Ave.15Minutes.3Hours.MIXED-COMPUTED-REV,-13.16,-0.99,-12.18,NEGATIVE
2025-07-28 00:00:00,COT.Flow-In.Ave.15Minutes.3Hours.MIXED-COMPUTED-REV,-35.48,-3.98,-31.49,NEGATIVE
2025-07-28 01:00:00,COT.Flow-In.Ave.15Minutes.3Hours.MIXED-COMPUTED-REV,-25.01,-5.39,-19.62,NEGATIVE
2025-07-28 11:00:00,COT.Flow-In.Ave.15Minutes.3Hours.MIXED-COMPUTED-REV,-5.39,-5.39,0.00,NEGATIVE
2025-07-28 12:00:00,COT.Flow-In.Ave.15Minutes.3Hours.MIXED-COMPUTED-REV,-32.28,0.43,-32.71,NEGATIVE
2025-07-28 13:00:00,COT.Flow-In.Ave.15Minutes.3Hours.MIXED-COMPUTED-REV,-39.66,0.74,-40.40,NEGATIVE
2025-07-28 14:00:00,COT.Flow-In.Ave.15Minutes.3Hours.MIXED-COMPUTED-REV,-42.42,12.62,-55.05,NEGATIVE
2025-07-28 18:00:00,COT.Flow-In.Ave.15Minutes.3Hours.MIXED-COMPUTED-REV,-17.11,12.62,-29.74,NEGATIVE
2025-07-28 19:00:00,COT.Flow-In.Ave.15Minutes.3Hours.MIXED-COMPUTED-REV,-20.15,9.78,-29.93,NEGATIVE
2025-07-28 20:00:00,COT.Flow-In.Ave.15Minutes.3Hours.MIXED-COMPUTED-REV,-36.48,9.78,-46.25,NEGATIVE
2025-07-28 21:00:00,COT.Flow-In.Ave.15Minutes.3Hours.MIXED-COMPUTED-REV,-45.36,9.74,-55.10,NEGATIVE
2025-07-28 22:00:00,COT.Flow-In.Ave.15Minutes.3Hours.MIXED-COMPUTED-REV,-52.81,9.74,-62.55,NEGATIVE
2025-07-28 23:00:00,COT.Flow-In.Ave.15Minutes.3Hours.MIXED-COMPUTED-REV,-30.66,0.43,-31.09,NEGATIVE
2025-07-29 10:00:00,COT.Flow-In.Ave.15Minutes.3Hours.MIXED-COMPUTED-REV,-0.66,-0.66,0.00,NEGATIVE
2025-07-29 11:00:00,COT.Flow-In.Ave.15Minutes.3Hours.MIXED-COMPUTED-REV,-6.58,0.43,-7.00,NEGATIVE
2025-07-29 12:00:00,COT.Flow-In.Ave.15Minutes.3Hours.MIXED-COMPUTED-REV,-9.58,0.43,-10.00,NEGATIVE
2025-07-29 15:00:00,COT.Flow-In.Ave.15Minutes.3Hours.MIXED-COMPUTED-REV,-4.77,-3.78,-0.98,NEGATIVE
2025-07-29 16:00:00,COT.Flow-In.Ave.15Minutes.3Hours.MIXED-COMPUTED-REV,-23.96,-3.78,-20.18,NEGATIVE
2025-07-29 17:00:00,COT.Flow-In.Ave.15Minutes.3Hours.MIXED-COMPUTED-REV,-35.88,-3.78,-32.10,NEGATIVE
2025-07-29 18:00:00,COT.Flow-In.Ave.15Minutes.3Hours.MIXED-COMPUTED-REV,-9.37,-3.78,-5.58,NEGATIVE
2025-07-29 19:00:00,COT.Flow-In.Ave.15Minutes.3Hours.MIXED-COMPUTED-REV,-53.62,-3.78,-49.84,NEGATIVE
2025-07-29 20:00:00,COT.Flow-In.Ave.15Minutes.3Hours.MIXED-COMPUTED-REV,-60.88,-3.78,-57.10,NEGATIVE
2025-07-29 21:00:00,COT.Flow-In.Ave.15Minutes.3Hours.MIXED-COMPUTED-REV,-56.39,-4.77,-51.62,NEGATIVE
2025-07-29 22:00:00,COT.Flow-In.Ave.15Minutes.3Hours.MIXED-COMPUTED-REV,-9.27,-4.77,-4.50,NEGATIVE
2025-07-30 00:00:00,COT.Flow-In.Ave.15Minutes.3Hours.MIXED-COMPUTED-REV,-17.01,-4.77,-12.25,NEGATIVE
2025-07-30 01:00:00,COT.Flow-In.Ave.15Minutes.3Hours.MIXED-COMPUTED-REV,-3.78,-3.78,0.00,NEGATIVE
2025-07-30 02:00:00,COT.Flow-In.Ave.15Minutes.3Hours.MIXED-COMPUTED-REV,-5.16,-4.77,-0.39,NEGATIVE
2025-07-30 09:00:00,COT.Flow-In.Ave.15Minutes.3Hours.MIXED-COMPUTED-REV,-6.37,-3.78,-2.58,NEGATIVE
2025-07-30 12:00:00,COT.Flow-In.Ave.15Minutes.3Hours.MIXED-COMPUTED-REV,-6.41,-3.78,-2.63,NEGATIVE
2025-07-30 13:00:00,COT.Flow-In.Ave.15Minutes.3Hours.MIXED-COMPUTED-REV,-1.84,-1.84,0.00,NEGATIVE
2025-07-30 14:00:00,COT.Flow-In.Ave.15Minutes.3Hours.MIXED-COMPUTED-REV,-10.54,-0.28,-10.26,NEGATIVE
2025-07-30 16:00:00,COT.Flow-In.Ave.15Minutes.3Hours.MIXED-COMPUTED-REV,-6.08,0.96,-7.04,NEGATIVE
2025-07-30 17:00:00,COT.Flow-In.Ave.15Minutes.3Hours.MIXED-COMPUTED-REV,-0.28,-0.28,0.00,NEGATIVE
2025-07-30 18:00:00,COT.Flow-In.Ave.15Minutes.3Hours.MIXED-COMPUTED-REV,-4.83,-1.78,-3.05,NEGATIVE
2025-07-30 19:00:00,COT.Flow-In.Ave.15Minutes.3Hours.MIXED-COMPUTED-REV,-54.88,-1.78,-53.09,NEGATIVE
2025-07-30 20:00:00,COT.Flow-In.Ave.15Minutes.3Hours.MIXED-COMPUTED-REV,-101.87,-1.78,-100.09,NEGATIVE
2025-07-30 21:00:00,COT.Flow-In.Ave.15Minutes.3Hours.MIXED-COMPUTED-REV,-107.68,-1.78,-105.90,NEGATIVE
2025-07-30 22:00:00,COT.Flow-In.Ave.15Minutes.3Hours.MIXED-COMPUTED-REV,-53.29,-1.78,-51.51,NEGATIVE
2025-07-30 23:00:00,COT.Flow-In.Ave.15Minutes.3Hours.MIXED-COMPUTED-REV,-19.57,-1.81,-17.76,NEGATIVE
2025-07-31 05:00:00,COT.Flow-In.Ave.15Minutes.3Hours.MIXED-COMPUTED-REV,-1.78,-0.28,-1.50,NEGATIVE
2025-07-31 06:00:00,COT.Flow-In.Ave.15Minutes.3Hours.MIXED-COMPUTED-REV,-1.81,-1.78,-0.03,NEGATIVE
2025-07-31 10:00:00,COT.Flow-In.Ave.15Minutes.3Hours.MIXED-COMPUTED-REV,-9.40,-1.78,-7.62,NEGATIVE
2025-07-31 11:00:00,COT.Flow-In.Ave.15Minutes.3Hours.MIXED-COMPUTED-REV,-6.41,-1.78,-4.63,NEGATIVE
2025-07-31 12:00:00,COT.Flow-In.Ave.15Minutes.3Hours.MIXED-COMPUTED-REV,-4.83,-1.78,-3.05,NEGATIVE
2025-07-31 17:00:00,COT.Flow-In.Ave.15Minutes.3Hours.MIXED-COMPUTED-REV,-3.09,-1.81,-1.28,NEGATIVE
2025-07-31 18:00:00,COT.Flow-In.Ave.15Minutes.3Hours.MIXED-COMPUTED-REV,-5.96,-3.09,-2.87,NEGATIVE
2025-07-31 19:00:00,COT.Flow-In.Ave.15Minutes.3Hours.MIXED-COMPUTED-REV,-23.44,-3.09,-20.35,NEGATIVE
2025-07-31 20:00:00,COT.Flow-In.Ave.15Minutes.3Hours.MIXED-COMPUTED-REV,-32.13,-3.09,-29.04,NEGATIVE
2025-07-31 21:00:00,COT.Flow-In.Ave.15Minutes.3Hours.MIXED-COMPUTED-REV,-49.67,-3.09,-46.58,NEGATIVE
2025-07-31 22:00:00,COT.Flow-In.Ave.15Minutes.3Hours.MIXED-COMPUTED-REV,-61.45,-3.09,-58.36,NEGATIVE
2025-07-31 23:00:00,COT.Flow-In.Ave.15Minutes.3Hours.MIXED-COMPUTED-REV,-57.03,-3.09,-53.95,NEGATIVE
2025-08-01 00:00:00,COT.Flow-In.Ave.15Minutes.3Hours.MIXED-COMPUTED-REV,-27.88,0.24,-28.12,NEGATIVE
2025-08-01 05:00:00,COT.Flow-In.Ave.15Minutes.3Hours.MIXED-COMPUTED-REV,-43.42,-2.81,-40.61,NEGATIVE
2025-08-01 06:00:00,COT.Flow-In.Ave.15Minutes.3Hours.MIXED-COMPUTED-REV,-41.93,-2.81,-39.12,NEGATIVE
2025-08-01 11:00:00,COT.Flow-In.Ave.15Minutes.3Hours.MIXED-COMPUTED-REV,-6.91,-2.80,-4.12,NEGATIVE
2025-08-01 13:00:00,COT.Flow-In.Ave.15Minutes.3Hours.MIXED-COMPUTED-REV,-2.80,-2.80,0.00,NEGATIVE
2025-08-01 15:00:00,COT.Flow-In.Ave.15Minutes.3Hours.MIXED-COMPUTED-REV,-2.81,-2.80,-0.01,NEGATIVE
2025-08-01 17:00:00,COT.Flow-In.Ave.15Minutes.3Hours.MIXED-COMPUTED-REV,-18.91,-2.80,-16.11,NEGATIVE
2025-08-01 18:00:00,COT.Flow-In.Ave.15Minutes.3Hours.MIXED-COMPUTED-REV,-18.95,0.08,-19.03,NEGATIVE
2025-08-01 19:00:00,COT.Flow-In.Ave.15Minutes.3Hours.MIXED-COMPUTED-REV,-52.32,0.09,-52.41,NEGATIVE
2025-08-01 20:00:00,COT.Flow-In.Ave.15Minutes.3Hours.MIXED-COMPUTED-REV,-68.21,0.08,-68.29,NEGATIVE
2025-08-01 21:00:00,COT.Flow-In.Ave.15Minutes.3Hours.MIXED-COMPUTED-REV,-82.71,-2.56,-80.14,NEGATIVE
2025-08-01 22:00:00,COT.Flow-In.Ave.15Minutes.3Hours.MIXED-COMPUTED-REV,-27.57,-2.58,-24.99,NEGATIVE
2025-08-02 00:00:00,COT.Flow-In.Ave.15Minutes.3Hours.MIXED-COMPUTED-REV,-17.14,-2.56,-14.58,NEGATIVE
2025-08-02 01:00:00,COT.Flow-In.Ave.15Minutes.3Hours.MIXED-COMPUTED-REV,-25.73,-2.56,-23.17,NEGATIVE
2025-08-02 08:00:00,COT.Flow-In.Ave.15Minutes.3Hours.MIXED-COMPUTED-REV,-2.56,-4.09,1.53,NEGATIVE
2025-08-02 09:00:00,COT.Flow-In.Ave.15Minutes.3Hours.MIXED-COMPUTED-REV,-6.85,-4.09,-2.77,NEGATIVE
2025-08-02 10:00:00,COT.Flow-In.Ave.15Minutes.3Hours.MIXED-COMPUTED-REV,-2.58,-4.09,1.50,NEGATIVE
2025-08-02 14:00:00,COT.Flow-In.Ave.15Minutes.3Hours.MIXED-COMPUTED-REV,-5.57,-2.56,-3.01,NEGATIVE
2025-08-02 15:00:00,COT.Flow-In.Ave.15Minutes.3Hours.MIXED-COMPUTED-REV,-4.09,-2.58,-1.50,NEGATIVE
2025-08-02 16:00:00,COT.Flow-In.Ave.15Minutes.3Hours.MIXED-COMPUTED-REV,-24.30,-4.09,-20.21,NEGATIVE
2025-08-02 17:00:00,COT.Flow-In.Ave.15Minutes.3Hours.MIXED-COMPUTED-REV,-30.00,-4.09,-25.92,NEGATIVE
2025-08-02 18:00:00,COT.Flow-In.Ave.15Minutes.3Hours.MIXED-COMPUTED-REV,-38.67,-5.57,-33.10,NEGATIVE
2025-08-02 19:00:00,COT.Flow-In.Ave.15Minutes.3Hours.MIXED-COMPUTED-REV,-58.99,-5.57,-53.42,NEGATIVE
2025-08-02 20:00:00,COT.Flow-In.Ave.15Minutes.3Hours.MIXED-COMPUTED-REV,-53.40,-5.57,-47.83,NEGATIVE
2025-08-02 21:00:00,COT.Flow-In.Ave.15Minutes.3Hours.MIXED-COMPUTED-REV,-43.44,-5.57,-37.87,NEGATIVE
2025-08-02 22:00:00,COT.Flow-In.Ave.15Minutes.3Hours.MIXED-COMPUTED-REV,-36.21,-4.09,-32.13,NEGATIVE
2025-08-02 23:00:00,COT.Flow-In.Ave.15Minutes.3Hours.MIXED-COMPUTED-REV,-17.40,-5.57,-11.83,NEGATIVE
2025-08-03 03:00:00,COT.Flow-In.Ave.15Minutes.3Hours.MIXED-COMPUTED-REV,-12.82,-4.09,-8.73,NEGATIVE
2025-08-03 04:00:00,COT.Flow-In.Ave.15Minutes.3Hours.MIXED-COMPUTED-REV,-51.88,-2.90,-48.99,NEGATIVE
2025-08-03 05:00:00,COT.Flow-In.Ave.15Minutes.3Hours.MIXED-COMPUTED-REV,-0.15,-0.69,0.54,NEGATIVE
2025-08-03 06:00:00,COT.Flow-In.Ave.15Minutes.3Hours.MIXED-COMPUTED-REV,-7.70,-0.69,-7.02,NEGATIVE
2025-08-03 11:00:00,COT.Flow-In.Ave.15Minutes.3Hours.MIXED-COMPUTED-REV,-5.80,-0.69,-5.12,NEGATIVE
2025-08-03 12:00:00,COT.Flow-In.Ave.15Minutes.3Hours.MIXED-COMPUTED-REV,-2.90,-0.15,-2.75,NEGATIVE
2025-08-03 14:00:00,COT.Flow-In.Ave.15Minutes.3Hours.MIXED-COMPUTED-REV,-0.69,-0.15,-0.54,NEGATIVE
2025-08-03 18:00:00,COT.Flow-In.Ave.15Minutes.3Hours.MIXED-COMPUTED-REV,-8.02,0.31,-8.33,NEGATIVE
2025-08-03 19:00:00,COT.Flow-In.Ave.15Minutes.3Hours.MIXED-COMPUTED-REV,-27.39,0.31,-27.70,NEGATIVE
2025-08-03 20:00:00,COT.Flow-In.Ave.15Minutes.3Hours.MIXED-COMPUTED-REV,-93.61,0.31,-93.92,NEGATIVE
2025-08-03 21:00:00,COT.Flow-In.Ave.15Minutes.3Hours.MIXED-COMPUTED-REV,-112.76,0.31,-113.07,NEGATIVE
2025-08-03 22:00:00,COT.Flow-In.Ave.15Minutes.3Hours.MIXED-COMPUTED-REV,-89.31,0.31,-89.62,NEGATIVE
2025-08-03 23:00:00,COT.Flow-In.Ave.15Minutes.3Hours.MIXED-COMPUTED-REV,-30.61,0.31,-30.92,NEGATIVE
2025-08-04 05:00:00,COT.Flow-In.Ave.15Minutes.3Hours.MIXED-COMPUTED-REV,-19.83,3.80,-23.63,NEGATIVE
2025-08-04 06:00:00,COT.Flow-In.Ave.15Minutes.3Hours.MIXED-COMPUTED-REV,-50.64,0.31,-50.95,NEGATIVE
2025-08-04 07:00:00,COT.Flow-In.Ave.15Minutes.3Hours.MIXED-COMPUTED-REV,-21.31,3.64,-24.95,NEGATIVE
2025-08-04 14:00:00,COT.Flow-In.Ave.15Minutes.3Hours.MIXED-COMPUTED-REV,-1.86,4.02,-5.88,NEGATIVE
2025-08-04 16:00:00,COT.Flow-In.Ave.15Minutes.3Hours.MIXED-COMPUTED-REV,-0.62,4.02,-4.64,NEGATIVE
2025-08-04 18:00:00,COT.Flow-In.Ave.15Minutes.3Hours.MIXED-COMPUTED-REV,-3.60,5.15,-8.75,NEGATIVE
2025-08-04 20:00:00,COT.Flow-In.Ave.15Minutes.3Hours.MIXED-COMPUTED-REV,-6.35,5.15,-11.51,NEGATIVE
2025-08-04 21:00:00,COT.Flow-In.Ave.15Minutes.3Hours.MIXED-COMPUTED-REV,-74.78,4.02,-78.80,NEGATIVE
2025-08-04 22:00:00,COT.Flow-In.Ave.15Minutes.3Hours.MIXED-COMPUTED-REV,-89.26,3.64,-92.91,NEGATIVE
2025-08-04 23:00:00,COT.Flow-In.Ave.15Minutes.3Hours.MIXED-COMPUTED-REV,-84.97,2.12,-87.10,NEGATIVE
2025-08-05 00:00:00,COT.Flow-In.Ave.15Minutes.3Hours.MIXED-COMPUTED-REV,-7.77,0.66,-8.42,NEGATIVE
2025-08-05 07:00:00,COT.Flow-In.Ave.15Minutes.3Hours.MIXED-COMPUTED-REV,-3.63,-3.54,-0.09,NEGATIVE
2025-08-05 08:00:00,COT.Flow-In.Ave.15Minutes.3Hours.MIXED-COMPUTED-REV,-5.15,-3.63,-1.52,NEGATIVE
2025-08-05 11:00:00,COT.Flow-In.Ave.15Minutes.3Hours.MIXED-COMPUTED-REV,-3.54,-3.54,0.00,NEGATIVE
2025-08-05 12:00:00,COT.Flow-In.Ave.15Minutes.3Hours.MIXED-COMPUTED-REV,-13.63,0.66,-14.28,NEGATIVE
2025-08-05 13:00:00,COT.Flow-In.Ave.15Minutes.3Hours.MIXED-COMPUTED-REV,-16.65,2.12,-18.77,NEGATIVE
2025-08-05 17:00:00,COT.Flow-In.Ave.15Minutes.3Hours.MIXED-COMPUTED-REV,-18.23,-3.54,-14.69,NEGATIVE
2025-08-05 18:00:00,COT.Flow-In.Ave.15Minutes.3Hours.MIXED-COMPUTED-REV,-19.54,-3.54,-16.00,NEGATIVE
2025-08-05 19:00:00,COT.Flow-In.Ave.15Minutes.3Hours.MIXED-COMPUTED-REV,-23.88,-3.54,-20.34,NEGATIVE
2025-08-05 20:00:00,COT.Flow-In.Ave.15Minutes.3Hours.MIXED-COMPUTED-REV,-48.63,-3.54,-45.09,NEGATIVE
2025-08-05 21:00:00,COT.Flow-In.Ave.15Minutes.3Hours.MIXED-COMPUTED-REV,-60.42,-3.54,-56.88,NEGATIVE
2025-08-05 22:00:00,COT.Flow-In.Ave.15Minutes.3Hours.MIXED-COMPUTED-REV,-35.78,-4.95,-30.83,NEGATIVE
2025-08-06 02:00:00,COT.Flow-In.Ave.15Minutes.3Hours.MIXED-COMPUTED-REV,-20.87,-4.95,-15.92,NEGATIVE
2025-08-06 03:00:00,COT.Flow-In.Ave.15Minutes.3Hours.MIXED-COMPUTED-REV,-35.47,-4.95,-30.52,NEGATIVE
2025-08-06 08:00:00,COT.Flow-In.Ave.15Minutes.3Hours.MIXED-COMPUTED-REV,-4.95,-3.10,-1.86,NEGATIVE
2025-08-06 09:00:00,COT.Flow-In.Ave.15Minutes.3Hours.MIXED-COMPUTED-REV,-18.02,-3.10,-14.93,NEGATIVE
2025-08-06 10:00:00,COT.Flow-In.Ave.15Minutes.3Hours.MIXED-COMPUTED-REV,-18.09,-3.10,-14.99,NEGATIVE
2025-08-06 11:00:00,COT.Flow-In.Ave.15Minutes.3Hours.MIXED-COMPUTED-REV,-2.19,-3.10,0.91,NEGATIVE
2025-08-06 12:00:00,COT.Flow-In.Ave.15Minutes.3Hours.MIXED-COMPUTED-REV,-38.39,-4.95,-33.44,NEGATIVE
2025-08-06 13:00:00,COT.Flow-In.Ave.15Minutes.3Hours.MIXED-COMPUTED-REV,-15.10,-6.32,-8.78,NEGATIVE
2025-08-06 17:00:00,COT.Flow-In.Ave.15Minutes.3Hours.MIXED-COMPUTED-REV,-3.10,-3.10,0.00,NEGATIVE
2025-08-06 18:00:00,COT.Flow-In.Ave.15Minutes.3Hours.MIXED-COMPUTED-REV,-14.76,-3.10,-11.66,NEGATIVE
2025-08-06 19:00:00,COT.Flow-In.Ave.15Minutes.3Hours.MIXED-COMPUTED-REV,-13.30,-3.10,-10.21,NEGATIVE
2025-08-06 20:00:00,COT.Flow-In.Ave.15Minutes.3Hours.MIXED-COMPUTED-REV,-1.89,-3.10,1.20,NEGATIVE
2025-08-06 21:00:00,COT.Flow-In.Ave.15Minutes.3Hours.MIXED-COMPUTED-REV,-6.32,-3.10,-3.23,NEGATIVE
2025-08-06 22:00:00,COT.Flow-In.Ave.15Minutes.3Hours.MIXED-COMPUTED-REV,-16.53,-2.19,-14.34,NEGATIVE
2025-08-06 23:00:00,COT.Flow-In.Ave.15Minutes.3Hours.MIXED-COMPUTED-REV,-58.45,-1.95,-56.50,NEGATIVE
2025-08-07 00:00:00,COT.Flow-In.Ave.15Minutes.3Hours.MIXED-COMPUTED-REV,-82.91,-1.89,-81.02,NEGATIVE
2025-08-07 01:00:00,COT.Flow-In.Ave.15Minutes.3Hours.MIXED-COMPUTED-REV,-56.82,-0.48,-56.34,NEGATIVE
2025-08-07 02:00:00,COT.Flow-In.Ave.15Minutes.3Hours.MIXED-COMPUTED-REV,-1.95,2.44,-4.38,NEGATIVE
2025-08-07 09:00:00,COT.Flow-In.Ave.15Minutes.3Hours.MIXED-COMPUTED-REV,-8.99,2.44,-11.42,NEGATIVE
2025-08-07 11:00:00,COT.Flow-In.Ave.15Minutes.3Hours.MIXED-COMPUTED-REV,-0.48,5.40,-5.88,NEGATIVE
2025-08-07 18:00:00,COT.Flow-In.Ave.15Minutes.3Hours.MIXED-COMPUTED-REV,-2.87,5.40,-8.28,NEGATIVE
2025-08-07 19:00:00,COT.Flow-In.Ave.15Minutes.3Hours.MIXED-COMPUTED-REV,-2.98,5.40,-8.38,NEGATIVE
2025-08-07 20:00:00,COT.Flow-In.Ave.15Minutes.3Hours.MIXED-COMPUTED-REV,-13.16,4.06,-17.22,NEGATIVE
2025-08-07 21:00:00,COT.Flow-In.Ave.15Minutes.3Hours.MIXED-COMPUTED-REV,-11.77,4.06,-15.84,NEGATIVE
2025-08-08 00:00:00,COT.Flow-In.Ave.15Minutes.3Hours.MIXED-COMPUTED-REV,-6.02,4.06,-10.09,NEGATIVE
2025-08-08 01:00:00,COT.Flow-In.Ave.15Minutes.3Hours.MIXED-COMPUTED-REV,-40.34,2.57,-42.91,NEGATIVE
2025-08-08 02:00:00,COT.Flow-In.Ave.15Minutes.3Hours.MIXED-COMPUTED-REV,-70.39,2.57,-72.96,NEGATIVE
2025-08-08 03:00:00,COT.Flow-In.Ave.15Minutes.3Hours.MIXED-COMPUTED-REV,-15.91,2.55,-18.45,NEGATIVE
2025-08-08 08:00:00,COT.Flow-In.Ave.15Minutes.3Hours.MIXED-COMPUTED-REV,-1.54,-1.54,0.00,NEGATIVE
2025-08-08 12:00:00,COT.Flow-In.Ave.15Minutes.3Hours.MIXED-COMPUTED-REV,-8.76,-1.54,-7.22,NEGATIVE
2025-08-08 16:00:00,COT.Flow-In.Ave.15Minutes.3Hours.MIXED-COMPUTED-REV,-46.03,2.55,-48.58,NEGATIVE
2025-08-08 17:00:00,COT.Flow-In.Ave.15Minutes.3Hours.MIXED-COMPUTED-REV,-33.17,2.55,-35.72,NEGATIVE
2025-08-08 18:00:00,COT.Flow-In.Ave.15Minutes.3Hours.MIXED-COMPUTED-REV,-48.86,2.55,-51.41,NEGATIVE
2025-08-08 19:00:00,COT.Flow-In.Ave.15Minutes.3Hours.MIXED-COMPUTED-REV,-75.96,2.55,-78.51,NEGATIVE
2025-08-08 20:00:00,COT.Flow-In.Ave.15Minutes.3Hours.MIXED-COMPUTED-REV,-104.52,2.55,-107.06,NEGATIVE
2025-08-08 21:00:00,COT.Flow-In.Ave.15Minutes.3Hours.MIXED-COMPUTED-REV,-68.76,2.55,-71.30,NEGATIVE
2025-08-08 22:00:00,COT.Flow-In.Ave.15Minutes.3Hours.MIXED-COMPUTED-REV,-7.26,2.55,-9.80,NEGATIVE
2025-08-09 00:00:00,COT.Flow-In.Ave.15Minutes.3Hours.MIXED-COMPUTED-REV,-1.51,1.32,-2.83,NEGATIVE
2025-08-09 09:00:00,COT.Flow-In.Ave.15Minutes.3Hours.MIXED-COMPUTED-REV,-1.17,3.12,-4.29,NEGATIVE
2025-08-09 11:00:00,COT.Flow-In.Ave.15Minutes.3Hours.MIXED-COMPUTED-REV,-24.19,7.65,-31.84,NEGATIVE
2025-08-09 12:00:00,COT.Flow-In.Ave.15Minutes.3Hours.MIXED-COMPUTED-REV,-32.67,7.41,-40.08,NEGATIVE
2025-08-09 13:00:00,COT.Flow-In.Ave.15Minutes.3Hours.MIXED-COMPUTED-REV,-8.31,7.65,-15.96,NEGATIVE
2025-08-09 17:00:00,COT.Flow-In.Ave.15Minutes.3Hours.MIXED-COMPUTED-REV,-39.50,7.41,-46.91,NEGATIVE
2025-08-09 18:00:00,COT.Flow-In.Ave.15Minutes.3Hours.MIXED-COMPUTED-REV,-111.84,7.41,-119.25,NEGATIVE
2025-08-09 19:00:00,COT.Flow-In.Ave.15Minutes.3Hours.MIXED-COMPUTED-REV,-147.32,7.40,-154.72,NEGATIVE
2025-08-09 20:00:00,COT.Flow-In.Ave.15Minutes.3Hours.MIXED-COMPUTED-REV,-91.92,4.59,-96.51,NEGATIVE
2025-08-09 21:00:00,COT.Flow-In.Ave.15Minutes.3Hours.MIXED-COMPUTED-REV,-16.67,3.45,-20.12,NEGATIVE
2025-08-10 08:00:00,COT.Flow-In.Ave.15Minutes.3Hours.MIXED-COMPUTED-REV,-2.51,4.59,-7.10,NEGATIVE
2025-08-10 13:00:00,COT.Flow-In.Ave.15Minutes.3Hours.MIXED-COMPUTED-REV,-6.84,3.20,-10.05,NEGATIVE
2025-08-10 15:00:00,COT.Flow-In.Ave.15Minutes.3Hours.MIXED-COMPUTED-REV,-3.99,3.20,-7.19,NEGATIVE
2025-08-10 17:00:00,COT.Flow-In.Ave.15Minutes.3Hours.MIXED-COMPUTED-REV,-8.21,3.20,-11.42,NEGATIVE
2025-08-10 19:00:00,COT.Flow-In.Ave.15Minutes.3Hours.MIXED-COMPUTED-REV,-39.30,3.20,-42.50,NEGATIVE
2025-08-10 20:00:00,COT.Flow-In.Ave.15Minutes.3Hours.MIXED-COMPUTED-REV,-60.49,3.20,-63.69,NEGATIVE
2025-08-10 21:00:00,COT.Flow-In.Ave.15Minutes.3Hours.MIXED-COMPUTED-REV,-74.61,3.20,-77.81,NEGATIVE
2025-08-10 22:00:00,COT.Flow-In.Ave.15Minutes.3Hours.MIXED-COMPUTED-REV,-46.27,1.71,-47.99,NEGATIVE
2025-08-10 23:00:00,COT.Flow-In.Ave.15Minutes.3Hours.MIXED-COMPUTED-REV,-43.39,1.71,-45.10,NEGATIVE
2025-08-11 00:00:00,COT.Flow-In.Ave.15Minutes.3Hours.MIXED-COMPUTED-REV,-46.18,1.71,-47.89,NEGATIVE
2025-08-11 01:00:00,COT.Flow-In.Ave.15Minutes.3Hours.MIXED-COMPUTED-REV,-36.27,1.71,-37.98,NEGATIVE
2025-08-11 09:00:00,COT.Flow-In.Ave.15Minutes.3Hours.MIXED-COMPUTED-REV,-2.36,-2.36,0.00,NEGATIVE
2025-08-11 10:00:00,COT.Flow-In.Ave.15Minutes.3Hours.MIXED-COMPUTED-REV,-3.76,-2.36,-1.40,NEGATIVE
2025-08-11 14:00:00,COT.Flow-In.Ave.15Minutes.3Hours.MIXED-COMPUTED-REV,-2.31,4.77,-7.08,NEGATIVE
2025-08-11 15:00:00,COT.Flow-In.Ave.15Minutes.3Hours.MIXED-COMPUTED-REV,-14.99,4.77,-19.76,NEGATIVE
2025-08-11 16:00:00,COT.Flow-In.Ave.15Minutes.3Hours.MIXED-COMPUTED-REV,-6.51,4.77,-11.28,NEGATIVE
2025-08-11 18:00:00,COT.Flow-In.Ave.15Minutes.3Hours.MIXED-COMPUTED-REV,-13.52,4.77,-18.29,NEGATIVE
2025-08-11 19:00:00,COT.Flow-In.Ave.15Minutes.3Hours.MIXED-COMPUTED-REV,-20.53,4.77,-25.30,NEGATIVE
2025-08-11 20:00:00,COT.Flow-In.Ave.15Minutes.3Hours.MIXED-COMPUTED-REV,-14.83,-2.31,-12.52,NEGATIVE
2025-08-11 21:00:00,COT.Flow-In.Ave.15Minutes.3Hours.MIXED-COMPUTED-REV,-13.40,-2.36,-11.04,NEGATIVE
2025-08-11 22:00:00,COT.Flow-In.Ave.15Minutes.3Hours.MIXED-COMPUTED-REV,-50.73,-3.13,-47.60,NEGATIVE
2025-08-11 23:00:00,COT.Flow-In.Ave.15Minutes.3Hours.MIXED-COMPUTED-REV,-77.96,-3.10,-74.85,NEGATIVE
2025-08-12 00:00:00,COT.Flow-In.Ave.15Minutes.3Hours.MIXED-COMPUTED-REV,-55.71,-3.10,-52.60,NEGATIVE
2025-08-12 08:00:00,COT.Flow-In.Ave.15Minutes.3Hours.MIXED-COMPUTED-REV,-3.14,-3.13,-0.01,NEGATIVE
2025-08-12 09:00:00,COT.Flow-In.Ave.15Minutes.3Hours.MIXED-COMPUTED-REV,-3.13,-3.10,-0.02,NEGATIVE
2025-08-12 10:00:00,COT.Flow-In.Ave.15Minutes.3Hours.MIXED-COMPUTED-REV,-8.84,-3.10,-5.74,NEGATIVE
2025-08-12 11:00:00,COT.Flow-In.Ave.15Minutes.3Hours.MIXED-COMPUTED-REV,-3.10,-3.10,0.00,NEGATIVE
2025-08-12 12:00:00,COT.Flow-In.Ave.15Minutes.3Hours.MIXED-COMPUTED-REV,-0.23,-3.10,2.88,NEGATIVE
2025-08-12 16:00:00,COT.Flow-In.Ave.15Minutes.3Hours.MIXED-COMPUTED-REV,-7.41,-3.13,-4.28,NEGATIVE
2025-08-12 17:00:00,COT.Flow-In.Ave.15Minutes.3Hours.MIXED-COMPUTED-REV,-14.63,-3.13,-11.50,NEGATIVE
2025-08-12 18:00:00,COT.Flow-In.Ave.15Minutes.3Hours.MIXED-COMPUTED-REV,-14.66,-3.13,-11.53,NEGATIVE
2025-08-12 19:00:00,COT.Flow-In.Ave.15Minutes.3Hours.MIXED-COMPUTED-REV,-30.21,-3.13,-27.08,NEGATIVE
2025-08-12 20:00:00,COT.Flow-In.Ave.15Minutes.3Hours.MIXED-COMPUTED-REV,-27.26,-3.13,-24.13,NEGATIVE
2025-08-12 21:00:00,COT.Flow-In.Ave.15Minutes.3Hours.MIXED-COMPUTED-REV,-1.60,-3.10,1.50,NEGATIVE
2025-08-12 22:00:00,COT.Flow-In.Ave.15Minutes.3Hours.MIXED-COMPUTED-REV,-13.55,-3.10,-10.45,NEGATIVE
2025-08-12 23:00:00,COT.Flow-In.Ave.15Minutes.3Hours.MIXED-COMPUTED-REV,-44.05,-1.60,-42.45,NEGATIVE
2025-08-13 00:00:00,COT.Flow-In.Ave.15Minutes.3Hours.MIXED-COMPUTED-REV,-69.62,-1.60,-68.02,NEGATIVE
2025-08-13 01:00:00,COT.Flow-In.Ave.15Minutes.3Hours.MIXED-COMPUTED-REV,-14.65,-4.18,-10.47,NEGATIVE
2025-08-13 02:00:00,COT.Flow-In.Ave.15Minutes.3Hours.MIXED-COMPUTED-REV,-13.54,-5.44,-8.10,NEGATIVE
2025-08-13 10:00:00,COT.Flow-In.Ave.15Minutes.3Hours.MIXED-COMPUTED-REV,-4.18,-8.24,4.06,NEGATIVE
2025-08-13 12:00:00,COT.Flow-In.Ave.15Minutes.3Hours.MIXED-COMPUTED-REV,-8.30,-6.85,-1.46,NEGATIVE
2025-08-13 13:00:00,COT.Flow-In.Ave.15Minutes.3Hours.MIXED-COMPUTED-REV,-5.44,-5.44,0.00,NEGATIVE
2025-08-13 14:00:00,COT.Flow-In.Ave.15Minutes.3Hours.MIXED-COMPUTED-REV,-6.85,-5.44,-1.41,NEGATIVE
2025-08-13 15:00:00,COT.Flow-In.Ave.15Minutes.3Hours.MIXED-COMPUTED-REV,-1.14,-5.44,4.29,NEGATIVE
2025-08-13 16:00:00,COT.Flow-In.Ave.15Minutes.3Hours.MIXED-COMPUTED-REV,-8.24,-5.44,-2.80,NEGATIVE
2025-08-13 17:00:00,COT.Flow-In.Ave.15Minutes.3Hours.MIXED-COMPUTED-REV,-28.12,-5.44,-22.69,NEGATIVE
2025-08-13 18:00:00,COT.Flow-In.Ave.15Minutes.3Hours.MIXED-COMPUTED-REV,-60.84,-5.44,-55.40,NEGATIVE
2025-08-13 19:00:00,COT.Flow-In.Ave.15Minutes.3Hours.MIXED-COMPUTED-REV,-46.67,-5.44,-41.24,NEGATIVE
2025-08-13 20:00:00,COT.Flow-In.Ave.15Minutes.3Hours.MIXED-COMPUTED-REV,-35.40,-5.44,-29.96,NEGATIVE
2025-08-13 21:00:00,COT.Flow-In.Ave.15Minutes.3Hours.MIXED-COMPUTED-REV,-12.71,-5.44,-7.27,NEGATIVE
2025-08-13 22:00:00,COT.Flow-In.Ave.15Minutes.3Hours.MIXED-COMPUTED-REV,-55.26,-5.44,-49.82,NEGATIVE
2025-08-13 23:00:00,COT.Flow-In.Ave.15Minutes.3Hours.MIXED-COMPUTED-REV,-46.76,-5.44,-41.32,NEGATIVE
2025-08-14 02:00:00,COT.Flow-In.Ave.15Minutes.3Hours.MIXED-COMPUTED-REV,-5.98,-5.98,0.00,NEGATIVE
2025-08-14 03:00:00,COT.Flow-In.Ave.15Minutes.3Hours.MIXED-COMPUTED-REV,-17.26,-1.14,-16.11,NEGATIVE
2025-08-14 13:00:00,COT.Flow-In.Ave.15Minutes.3Hours.MIXED-COMPUTED-REV,-6.72,3.33,-10.05,NEGATIVE
2025-08-14 14:00:00,COT.Flow-In.Ave.15Minutes.3Hours.MIXED-COMPUTED-REV,-20.70,1.65,-22.34,NEGATIVE
2025-08-14 16:00:00,COT.Flow-In.Ave.15Minutes.3Hours.MIXED-COMPUTED-REV,-16.49,3.33,-19.82,NEGATIVE
2025-08-14 17:00:00,COT.Flow-In.Ave.15Minutes.3Hours.MIXED-COMPUTED-REV,-64.62,1.65,-66.27,NEGATIVE
2025-08-14 18:00:00,COT.Flow-In.Ave.15Minutes.3Hours.MIXED-COMPUTED-REV,-20.91,1.65,-22.56,NEGATIVE
2025-08-14 22:00:00,COT.Flow-In.Ave.15Minutes.3Hours.MIXED-COMPUTED-REV,-19.49,1.65,-21.14,NEGATIVE
2025-08-14 23:00:00,COT.Flow-In.Ave.15Minutes.3Hours.MIXED-COMPUTED-REV,-22.33,1.65,-23.98,NEGATIVE
2025-08-15 00:00:00,COT.Flow-In.Ave.15Minutes.3Hours.MIXED-COMPUTED-REV,-39.29,-6.72,-32.57,NEGATIVE
2025-08-15 01:00:00,COT.Flow-In.Ave.15Minutes.3Hours.MIXED-COMPUTED-REV,-11.09,-9.54,-1.55,NEGATIVE
2025-08-15 03:00:00,COT.Flow-In.Ave.15Minutes.3Hours.MIXED-COMPUTED-REV,-9.54,1.65,-11.19,NEGATIVE
2025-08-15 05:00:00,COT.Flow-In.Ave.15Minutes.3Hours.MIXED-COMPUTED-REV,-19.28,1.65,-20.93,NEGATIVE
2025-08-15 11:00:00,COT.Flow-In.Ave.15Minutes.3Hours.MIXED-COMPUTED-REV,-35.05,-9.54,-25.51,NEGATIVE
2025-08-15 12:00:00,COT.Flow-In.Ave.15Minutes.3Hours.MIXED-COMPUTED-REV,-34.83,1.65,-36.48,NEGATIVE
2025-08-15 13:00:00,COT.Flow-In.Ave.15Minutes.3Hours.MIXED-COMPUTED-REV,-10.79,1.79,-12.58,NEGATIVE
2025-08-15 17:00:00,COT.Flow-In.Ave.15Minutes.3Hours.MIXED-COMPUTED-REV,-19.25,2.27,-21.52,NEGATIVE
2025-08-15 18:00:00,COT.Flow-In.Ave.15Minutes.3Hours.MIXED-COMPUTED-REV,-89.22,2.27,-91.49,NEGATIVE
2025-08-15 19:00:00,COT.Flow-In.Ave.15Minutes.3Hours.MIXED-COMPUTED-REV,-111.55,1.79,-113.33,NEGATIVE
2025-08-15 20:00:00,COT.Flow-In.Ave.15Minutes.3Hours.MIXED-COMPUTED-REV,-137.98,-2.38,-135.60,NEGATIVE
2025-08-15 21:00:00,COT.Flow-In.Ave.15Minutes.3Hours.MIXED-COMPUTED-REV,-46.75,-2.38,-44.37,NEGATIVE
2025-08-16 04:00:00,COT.Flow-In.Ave.15Minutes.3Hours.MIXED-COMPUTED-REV,-13.60,2.27,-15.87,NEGATIVE
2025-08-16 05:00:00,COT.Flow-In.Ave.15Minutes.3Hours.MIXED-COMPUTED-REV,-57.05,2.27,-59.32,NEGATIVE
2025-08-16 06:00:00,COT.Flow-In.Ave.15Minutes.3Hours.MIXED-COMPUTED-REV,-37.44,2.39,-39.83,NEGATIVE
2025-08-16 07:00:00,COT.Flow-In.Ave.15Minutes.3Hours.MIXED-COMPUTED-REV,-12.19,10.72,-22.91,NEGATIVE
2025-08-16 08:00:00,COT.Flow-In.Ave.15Minutes.3Hours.MIXED-COMPUTED-REV,-2.38,10.72,-13.10,NEGATIVE
2025-08-16 22:00:00,COT.Flow-In.Ave.15Minutes.3Hours.MIXED-COMPUTED-REV,-0.40,10.56,-10.96,NEGATIVE
2025-08-17 02:00:00,COT.Flow-In.Ave.15Minutes.3Hours.MIXED-COMPUTED-REV,-0.72,9.29,-10.01,NEGATIVE
2025-08-17 05:00:00,COT.Flow-In.Ave.15Minutes.3Hours.MIXED-COMPUTED-REV,-14.45,6.45,-20.89,NEGATIVE
2025-08-17 06:00:00,COT.Flow-In.Ave.15Minutes.3Hours.MIXED-COMPUTED-REV,-17.29,6.45,-23.73,NEGATIVE
2025-08-17 11:00:00,COT.Flow-In.Ave.15Minutes.3Hours.MIXED-COMPUTED-REV,-10.11,5.12,-15.24,NEGATIVE
2025-08-17 16:00:00,COT.Flow-In.Ave.15Minutes.3Hours.MIXED-COMPUTED-REV,-0.43,5.07,-5.50,NEGATIVE
2025-08-17 20:00:00,COT.Flow-In.Ave.15Minutes.3Hours.MIXED-COMPUTED-REV,-9.91,5.07,-14.99,NEGATIVE
2025-08-17 21:00:00,COT.Flow-In.Ave.15Minutes.3Hours.MIXED-COMPUTED-REV,-4.25,2.40,-6.65,NEGATIVE
2025-08-17 22:00:00,COT.Flow-In.Ave.15Minutes.3Hours.MIXED-COMPUTED-REV,-9.75,2.37,-12.12,NEGATIVE
2025-08-17 23:00:00,COT.Flow-In.Ave.15Minutes.3Hours.MIXED-COMPUTED-REV,-25.04,2.37,-27.41,NEGATIVE
2025-08-18 00:00:00,COT.Flow-In.Ave.15Minutes.3Hours.MIXED-COMPUTED-REV,-25.22,2.40,-27.62,NEGATIVE
2025-08-18 04:00:00,COT.Flow-In.Ave.15Minutes.3Hours.MIXED-COMPUTED-REV,-15.63,2.37,-18.00,NEGATIVE
2025-08-18 05:00:00,COT.Flow-In.Ave.15Minutes.3Hours.MIXED-COMPUTED-REV,-69.73,2.40,-72.14,NEGATIVE
2025-08-18 06:00:00,COT.Flow-In.Ave.15Minutes.3Hours.MIXED-COMPUTED-REV,-18.41,2.40,-20.81,NEGATIVE
2025-08-18 09:00:00,COT.Flow-In.Ave.15Minutes.3Hours.MIXED-COMPUTED-REV,-26.37,5.28,-31.65,NEGATIVE
2025-08-18 10:00:00,COT.Flow-In.Ave.15Minutes.3Hours.MIXED-COMPUTED-REV,-33.20,5.28,-38.47,NEGATIVE
2025-08-18 16:00:00,COT.Flow-In.Ave.15Minutes.3Hours.MIXED-COMPUTED-REV,-0.33,2.60,-2.93,NEGATIVE
2025-08-18 22:00:00,COT.Flow-In.Ave.15Minutes.3Hours.MIXED-COMPUTED-REV,-7.23,2.60,-9.83,NEGATIVE
2025-08-18 23:00:00,COT.Flow-In.Ave.15Minutes.3Hours.MIXED-COMPUTED-REV,-8.65,2.61,-11.26,NEGATIVE
2025-08-19 00:00:00,COT.Flow-In.Ave.15Minutes.3Hours.MIXED-COMPUTED-REV,-7.30,2.61,-9.91,NEGATIVE
2025-08-19 03:00:00,COT.Flow-In.Ave.15Minutes.3Hours.MIXED-COMPUTED-REV,-2.91,2.61,-5.52,NEGATIVE
2025-08-19 04:00:00,COT.Flow-In.Ave.15Minutes.3Hours.MIXED-COMPUTED-REV,-14.01,2.61,-16.62,NEGATIVE
2025-08-19 05:00:00,COT.Flow-In.Ave.15Minutes.3Hours.MIXED-COMPUTED-REV,-4.36,2.61,-6.97,NEGATIVE
2025-08-19 07:00:00,COT.Flow-In.Ave.15Minutes.3Hours.MIXED-COMPUTED-REV,-1.44,2.60,-4.04,NEGATIVE
2025-08-19 08:00:00,COT.Flow-In.Ave.15Minutes.3Hours.MIXED-COMPUTED-REV,-48.34,-1.44,-46.90,NEGATIVE
2025-08-19 09:00:00,COT.Flow-In.Ave.15Minutes.3Hours.MIXED-COMPUTED-REV,-37.57,-2.91,-34.66,NEGATIVE
2025-08-19 17:00:00,COT.Flow-In.Ave.15Minutes.3Hours.MIXED-COMPUTED-REV,-44.42,2.61,-47.03,NEGATIVE
2025-08-19 18:00:00,COT.Flow-In.Ave.15Minutes.3Hours.MIXED-COMPUTED-REV,-42.99,5.14,-48.13,NEGATIVE
2025-08-19 19:00:00,COT.Flow-In.Ave.15Minutes.3Hours.MIXED-COMPUTED-REV,-27.76,7.99,-35.75,NEGATIVE
2025-08-19 20:00:00,COT.Flow-In.Ave.15Minutes.3Hours.MIXED-COMPUTED-REV,-15.25,9.19,-24.43,NEGATIVE
2025-08-19 21:00:00,COT.Flow-In.Ave.15Minutes.3Hours.MIXED-COMPUTED-REV,-14.00,9.19,-23.18,NEGATIVE
2025-08-19 22:00:00,COT.Flow-In.Ave.15Minutes.3Hours.MIXED-COMPUTED-REV,-37.51,9.19,-46.70,NEGATIVE
2025-08-19 23:00:00,COT.Flow-In.Ave.15Minutes.3Hours.MIXED-COMPUTED-REV,-47.21,7.99,-55.20,NEGATIVE
2025-08-20 00:00:00,COT.Flow-In.Ave.15Minutes.3Hours.MIXED-COMPUTED-REV,-27.94,7.99,-35.93,NEGATIVE
2025-08-20 09:00:00,COT.Flow-In.Ave.15Minutes.3Hours.MIXED-COMPUTED-REV,-6.96,-6.96,0.00,NEGATIVE
2025-08-20 10:00:00,COT.Flow-In.Ave.15Minutes.3Hours.MIXED-COMPUTED-REV,-47.16,-6.96,-40.20,NEGATIVE
2025-08-20 11:00:00,COT.Flow-In.Ave.15Minutes.3Hours.MIXED-COMPUTED-REV,-27.79,-6.96,-20.83,NEGATIVE
2025-08-20 14:00:00,COT.Flow-In.Ave.15Minutes.3Hours.MIXED-COMPUTED-REV,-11.98,-11.98,0.00,NEGATIVE
2025-08-20 15:00:00,COT.Flow-In.Ave.15Minutes.3Hours.MIXED-COMPUTED-REV,-42.78,-11.98,-30.80,NEGATIVE
2025-08-20 16:00:00,COT.Flow-In.Ave.15Minutes.3Hours.MIXED-COMPUTED-REV,-12.32,-11.98,-0.34,NEGATIVE
2025-08-20 18:00:00,COT.Flow-In.Ave.15Minutes.3Hours.MIXED-COMPUTED-REV,-19.41,-11.98,-7.43,NEGATIVE
2025-08-20 19:00:00,COT.Flow-In.Ave.15Minutes.3Hours.MIXED-COMPUTED-REV,-25.01,-11.98,-13.03,NEGATIVE
2025-08-20 21:00:00,COT.Flow-In.Ave.15Minutes.3Hours.MIXED-COMPUTED-REV,-26.28,-12.32,-13.95,NEGATIVE
2025-08-20 22:00:00,COT.Flow-In.Ave.15Minutes.3Hours.MIXED-COMPUTED-REV,-72.33,-12.32,-60.01,NEGATIVE
2025-08-20 23:00:00,COT.Flow-In.Ave.15Minutes.3Hours.MIXED-COMPUTED-REV,-73.83,-11.98,-61.85,NEGATIVE
2025-08-21 00:00:00,COT.Flow-In.Ave.15Minutes.3Hours.MIXED-COMPUTED-REV,-45.96,1.61,-47.57,NEGATIVE
2025-08-21 01:00:00,COT.Flow-In.Ave.15Minutes.3Hours.MIXED-COMPUTED-REV,-26.31,-11.98,-14.33,NEGATIVE
2025-08-21 02:00:00,COT.Flow-In.Ave.15Minutes.3Hours.MIXED-COMPUTED-REV,-22.09,-12.12,-9.97,NEGATIVE
2025-08-21 08:00:00,COT.Flow-In.Ave.15Minutes.3Hours.MIXED-COMPUTED-REV,-25.05,-1.03,-24.02,NEGATIVE
2025-08-21 13:00:00,COT.Flow-In.Ave.15Minutes.3Hours.MIXED-COMPUTED-REV,-12.12,-1.03,-11.09,NEGATIVE
2025-08-21 14:00:00,COT.Flow-In.Ave.15Minutes.3Hours.MIXED-COMPUTED-REV,-14.91,3.07,-17.98,NEGATIVE
2025-08-21 15:00:00,COT.Flow-In.Ave.15Minutes.3Hours.MIXED-COMPUTED-REV,-1.03,4.22,-5.25,NEGATIVE
2025-08-21 18:00:00,COT.Flow-In.Ave.15Minutes.3Hours.MIXED-COMPUTED-REV,-20.42,3.07,-23.50,NEGATIVE
2025-08-21 19:00:00,COT.Flow-In.Ave.15Minutes.3Hours.MIXED-COMPUTED-REV,-61.93,-1.03,-60.90,NEGATIVE
2025-08-21 20:00:00,COT.Flow-In.Ave.15Minutes.3Hours.MIXED-COMPUTED-REV,-100.76,-2.42,-98.34,NEGATIVE
2025-08-21 21:00:00,COT.Flow-In.Ave.15Minutes.3Hours.MIXED-COMPUTED-REV,-84.30,-1.03,-83.27,NEGATIVE
2025-08-21 22:00:00,COT.Flow-In.Ave.15Minutes.3Hours.MIXED-COMPUTED-REV,-22.03,-1.03,-21.00,NEGATIVE
2025-08-21 23:00:00,COT.Flow-In.Ave.15Minutes.3Hours.MIXED-COMPUTED-REV,-15.04,-1.03,-14.01,NEGATIVE
2025-08-22 00:00:00,COT.Flow-In.Ave.15Minutes.3Hours.MIXED-COMPUTED-REV,-14.88,-1.03,-13.85,NEGATIVE
2025-08-22 06:00:00,COT.Flow-In.Ave.15Minutes.3Hours.MIXED-COMPUTED-REV,-2.42,-2.42,0.00,NEGATIVE
2025-08-22 07:00:00,COT.Flow-In.Ave.15Minutes.3Hours.MIXED-COMPUTED-REV,-17.48,-2.42,-15.06,NEGATIVE
2025-08-22 08:00:00,COT.Flow-In.Ave.15Minutes.3Hours.MIXED-COMPUTED-REV,-4.95,-2.42,-2.53,NEGATIVE
2025-08-22 16:00:00,COT.Flow-In.Ave.15Minutes.3Hours.MIXED-COMPUTED-REV,-15.97,0.59,-16.56,NEGATIVE
2025-08-22 17:00:00,COT.Flow-In.Ave.15Minutes.3Hours.MIXED-COMPUTED-REV,-25.81,0.59,-26.40,NEGATIVE
2025-08-22 18:00:00,COT.Flow-In.Ave.15Minutes.3Hours.MIXED-COMPUTED-REV,-64.45,0.59,-65.04,NEGATIVE
2025-08-22 19:00:00,COT.Flow-In.Ave.15Minutes.3Hours.MIXED-COMPUTED-REV,-101.67,5.99,-107.66,NEGATIVE
2025-08-22 20:00:00,COT.Flow-In.Ave.15Minutes.3Hours.MIXED-COMPUTED-REV,-45.21,5.99,-51.20,NEGATIVE
2025-08-22 21:00:00,COT.Flow-In.Ave.15Minutes.3Hours.MIXED-COMPUTED-REV,-21.76,5.99,-27.75,NEGATIVE
2025-08-22 22:00:00,COT.Flow-In.Ave.15Minutes.3Hours.MIXED-COMPUTED-REV,-1.05,0.59,-1.64,NEGATIVE
2025-08-22 23:00:00,COT.Flow-In.Ave.15Minutes.3Hours.MIXED-COMPUTED-REV,-40.96,0.59,-41.55,NEGATIVE
2025-08-23 00:00:00,COT.Flow-In.Ave.15Minutes.3Hours.MIXED-COMPUTED-REV,-2.42,0.59,-3.01,NEGATIVE
2025-08-23 08:00:00,COT.Flow-In.Ave.15Minutes.3Hours.MIXED-COMPUTED-REV,-6.37,-1.05,-5.31,NEGATIVE
2025-08-23 09:00:00,COT.Flow-In.Ave.15Minutes.3Hours.MIXED-COMPUTED-REV,-7.80,-1.05,-6.74,NEGATIVE
2025-08-23 10:00:00,COT.Flow-In.Ave.15Minutes.3Hours.MIXED-COMPUTED-REV,-2.36,-1.05,-1.30,NEGATIVE
2025-08-23 16:00:00,COT.Flow-In.Ave.15Minutes.3Hours.MIXED-COMPUTED-REV,-6.26,-2.36,-3.91,NEGATIVE
2025-08-23 17:00:00,COT.Flow-In.Ave.15Minutes.3Hours.MIXED-COMPUTED-REV,-10.37,-2.36,-8.01,NEGATIVE
2025-08-23 18:00:00,COT.Flow-In.Ave.15Minutes.3Hours.MIXED-COMPUTED-REV,-11.75,-2.36,-9.39,NEGATIVE
2025-08-23 19:00:00,COT.Flow-In.Ave.15Minutes.3Hours.MIXED-COMPUTED-REV,-17.28,-2.36,-14.92,NEGATIVE
2025-08-23 20:00:00,COT.Flow-In.Ave.15Minutes.3Hours.MIXED-COMPUTED-REV,-17.28,-3.39,-13.89,NEGATIVE
2025-08-23 21:00:00,COT.Flow-In.Ave.15Minutes.3Hours.MIXED-COMPUTED-REV,-14.58,-2.36,-12.23,NEGATIVE
2025-08-23 22:00:00,COT.Flow-In.Ave.15Minutes.3Hours.MIXED-COMPUTED-REV,-20.09,-0.48,-19.61,NEGATIVE
2025-08-23 23:00:00,COT.Flow-In.Ave.15Minutes.3Hours.MIXED-COMPUTED-REV,-74.78,0.54,-75.32,NEGATIVE
2025-08-24 00:00:00,COT.Flow-In.Ave.15Minutes.3Hours.MIXED-COMPUTED-REV,-92.49,-0.48,-92.02,NEGATIVE
2025-08-24 01:00:00,COT.Flow-In.Ave.15Minutes.3Hours.MIXED-COMPUTED-REV,-33.62,-3.39,-30.23,NEGATIVE
2025-08-24 08:00:00,COT.Flow-In.Ave.15Minutes.3Hours.MIXED-COMPUTED-REV,-3.39,-3.39,0.00,NEGATIVE
2025-08-24 10:00:00,COT.Flow-In.Ave.15Minutes.3Hours.MIXED-COMPUTED-REV,-0.48,-3.39,2.92,NEGATIVE
2025-08-24 12:00:00,COT.Flow-In.Ave.15Minutes.3Hours.MIXED-COMPUTED-REV,-5.91,-3.39,-2.52,NEGATIVE
2025-08-24 13:00:00,COT.Flow-In.Ave.15Minutes.3Hours.MIXED-COMPUTED-REV,-8.78,-0.48,-8.30,NEGATIVE
2025-08-24 14:00:00,COT.Flow-In.Ave.15Minutes.3Hours.MIXED-COMPUTED-REV,-3.44,0.87,-4.31,NEGATIVE
2025-08-24 18:00:00,COT.Flow-In.Ave.15Minutes.3Hours.MIXED-COMPUTED-REV,-16.87,0.87,-17.74,NEGATIVE
2025-08-24 19:00:00,COT.Flow-In.Ave.15Minutes.3Hours.MIXED-COMPUTED-REV,-64.53,0.87,-65.40,NEGATIVE
2025-08-24 20:00:00,COT.Flow-In.Ave.15Minutes.3Hours.MIXED-COMPUTED-REV,-95.81,0.87,-96.68,NEGATIVE
2025-08-24 21:00:00,COT.Flow-In.Ave.15Minutes.3Hours.MIXED-COMPUTED-REV,-49.56,0.87,-50.43,NEGATIVE
2025-08-24 22:00:00,COT.Flow-In.Ave.15Minutes.3Hours.MIXED-COMPUTED-REV,-40.11,-0.48,-39.63,NEGATIVE
2025-08-24 23:00:00,COT.Flow-In.Ave.15Minutes.3Hours.MIXED-COMPUTED-REV,-26.60,-3.44,-23.16,NEGATIVE
2025-08-25 00:00:00,COT.Flow-In.Ave.15Minutes.3Hours.MIXED-COMPUTED-REV,-26.64,-3.44,-23.19,NEGATIVE
2025-08-25 09:00:00,COT.Flow-In.Ave.15Minutes.3Hours.MIXED-COMPUTED-REV,-4.59,-0.49,-4.10,NEGATIVE
2025-08-25 10:00:00,COT.Flow-In.Ave.15Minutes.3Hours.MIXED-COMPUTED-REV,-9.99,-0.45,-9.55,NEGATIVE
2025-08-25 11:00:00,COT.Flow-In.Ave.15Minutes.3Hours.MIXED-COMPUTED-REV,-11.26,-0.45,-10.81,NEGATIVE
2025-08-25 13:00:00,COT.Flow-In.Ave.15Minutes.3Hours.MIXED-COMPUTED-REV,-3.08,-0.45,-2.64,NEGATIVE
2025-08-25 14:00:00,COT.Flow-In.Ave.15Minutes.3Hours.MIXED-COMPUTED-REV,-0.45,-0.49,0.04,NEGATIVE
2025-08-25 15:00:00,COT.Flow-In.Ave.15Minutes.3Hours.MIXED-COMPUTED-REV,-14.08,-3.08,-11.00,NEGATIVE
2025-08-25 16:00:00,COT.Flow-In.Ave.15Minutes.3Hours.MIXED-COMPUTED-REV,-33.09,-3.08,-30.01,NEGATIVE
2025-08-25 17:00:00,COT.Flow-In.Ave.15Minutes.3Hours.MIXED-COMPUTED-REV,-10.05,-3.08,-6.97,NEGATIVE
2025-08-25 18:00:00,COT.Flow-In.Ave.15Minutes.3Hours.MIXED-COMPUTED-REV,-7.30,-3.08,-4.22,NEGATIVE
2025-08-25 20:00:00,COT.Flow-In.Ave.15Minutes.3Hours.MIXED-COMPUTED-REV,-0.49,-3.08,2.60,NEGATIVE
2025-08-25 23:00:00,COT.Flow-In.Ave.15Minutes.3Hours.MIXED-COMPUTED-REV,-9.84,-0.45,-9.40,NEGATIVE
2025-08-26 00:00:00,COT.Flow-In.Ave.15Minutes.3Hours.MIXED-COMPUTED-REV,-17.92,-0.24,-17.68,NEGATIVE
2025-08-26 01:00:00,COT.Flow-In.Ave.15Minutes.3Hours.MIXED-COMPUTED-REV,-30.23,-0.45,-29.78,NEGATIVE
2025-08-26 02:00:00,COT.Flow-In.Ave.15Minutes.3Hours.MIXED-COMPUTED-REV,-49.32,-0.45,-48.87,NEGATIVE
2025-08-26 03:00:00,COT.Flow-In.Ave.15Minutes.3Hours.MIXED-COMPUTED-REV,-23.70,-0.49,-23.21,NEGATIVE
2025-08-26 09:00:00,COT.Flow-In.Ave.15Minutes.3Hours.MIXED-COMPUTED-REV,-0.24,-0.31,0.06,NEGATIVE
2025-08-26 13:00:00,COT.Flow-In.Ave.15Minutes.3Hours.MIXED-COMPUTED-REV,-9.68,-4.17,-5.52,NEGATIVE
2025-08-26 14:00:00,COT.Flow-In.Ave.15Minutes.3Hours.MIXED-COMPUTED-REV,-33.83,-0.31,-33.52,NEGATIVE
2025-08-26 15:00:00,COT.Flow-In.Ave.15Minutes.3Hours.MIXED-COMPUTED-REV,-14.89,-0.24,-14.65,NEGATIVE
2025-08-26 16:00:00,COT.Flow-In.Ave.15Minutes.3Hours.MIXED-COMPUTED-REV,-4.17,7.80,-11.97,NEGATIVE
2025-08-26 18:00:00,COT.Flow-In.Ave.15Minutes.3Hours.MIXED-COMPUTED-REV,-0.31,7.80,-8.11,NEGATIVE
2025-08-26 19:00:00,COT.Flow-In.Ave.15Minutes.3Hours.MIXED-COMPUTED-REV,-12.44,-0.24,-12.19,NEGATIVE
2025-08-26 20:00:00,COT.Flow-In.Ave.15Minutes.3Hours.MIXED-COMPUTED-REV,-85.00,-0.30,-84.70,NEGATIVE
2025-08-26 21:00:00,COT.Flow-In.Ave.15Minutes.3Hours.MIXED-COMPUTED-REV,-91.60,-0.31,-91.30,NEGATIVE
2025-08-26 22:00:00,COT.Flow-In.Ave.15Minutes.3Hours.MIXED-COMPUTED-REV,-41.77,-4.17,-37.60,NEGATIVE
2025-08-27 00:00:00,COT.Flow-In.Ave.15Minutes.3Hours.MIXED-COMPUTED-REV,-13.48,-9.61,-3.87,NEGATIVE
2025-08-27 01:00:00,COT.Flow-In.Ave.15Minutes.3Hours.MIXED-COMPUTED-REV,-59.24,-9.61,-49.63,NEGATIVE
2025-08-27 07:00:00,COT.Flow-In.Ave.15Minutes.3Hours.MIXED-COMPUTED-REV,-0.30,-3.98,3.68,NEGATIVE
2025-08-27 08:00:00,COT.Flow-In.Ave.15Minutes.3Hours.MIXED-COMPUTED-REV,-4.35,-2.95,-1.39,NEGATIVE
2025-08-27 09:00:00,COT.Flow-In.Ave.15Minutes.3Hours.MIXED-COMPUTED-REV,-9.79,-2.95,-6.84,NEGATIVE
2025-08-27 10:00:00,COT.Flow-In.Ave.15Minutes.3Hours.MIXED-COMPUTED-REV,-9.75,-2.95,-6.80,NEGATIVE
2025-08-27 11:00:00,COT.Flow-In.Ave.15Minutes.3Hours.MIXED-COMPUTED-REV,-9.61,-2.95,-6.66,NEGATIVE
2025-08-27 12:00:00,COT.Flow-In.Ave.15Minutes.3Hours.MIXED-COMPUTED-REV,-10.77,-3.98,-6.79,NEGATIVE
2025-08-27 13:00:00,COT.Flow-In.Ave.15Minutes.3Hours.MIXED-COMPUTED-REV,-5.37,-2.95,-2.41,NEGATIVE
2025-08-27 14:00:00,COT.Flow-In.Ave.15Minutes.3Hours.MIXED-COMPUTED-REV,-3.98,-0.30,-3.68,NEGATIVE
2025-08-27 16:00:00,COT.Flow-In.Ave.15Minutes.3Hours.MIXED-COMPUTED-REV,-2.95,-0.30,-2.65,NEGATIVE
2025-08-27 20:00:00,COT.Flow-In.Ave.15Minutes.3Hours.MIXED-COMPUTED-REV,-0.01,-2.51,2.50,NEGATIVE
2025-08-27 21:00:00,COT.Flow-In.Ave.15Minutes.3Hours.MIXED-COMPUTED-REV,-53.39,-2.51,-50.88,NEGATIVE
2025-08-27 22:00:00,COT.Flow-In.Ave.15Minutes.3Hours.MIXED-COMPUTED-REV,-110.85,-2.51,-108.34,NEGATIVE
2025-08-27 23:00:00,COT.Flow-In.Ave.15Minutes.3Hours.MIXED-COMPUTED-REV,-126.93,-2.51,-124.42,NEGATIVE
2025-08-28 00:00:00,COT.Flow-In.Ave.15Minutes.3Hours.MIXED-COMPUTED-REV,-60.10,-2.51,-57.58,NEGATIVE
2025-08-28 08:00:00,COT.Flow-In.Ave.15Minutes.3Hours.MIXED-COMPUTED-REV,-2.51,-4.79,2.28,NEGATIVE
2025-08-28 09:00:00,COT.Flow-In.Ave.15Minutes.3Hours.MIXED-COMPUTED-REV,-9.20,-4.96,-4.24,NEGATIVE
2025-08-28 10:00:00,COT.Flow-In.Ave.15Minutes.3Hours.MIXED-COMPUTED-REV,-19.82,-4.88,-14.94,NEGATIVE
2025-08-28 11:00:00,COT.Flow-In.Ave.15Minutes.3Hours.MIXED-COMPUTED-REV,-14.49,-4.88,-9.61,NEGATIVE
2025-08-28 12:00:00,COT.Flow-In.Ave.15Minutes.3Hours.MIXED-COMPUTED-REV,-8.12,-4.88,-3.24,NEGATIVE
2025-08-28 14:00:00,COT.Flow-In.Ave.15Minutes.3Hours.MIXED-COMPUTED-REV,-0.73,-6.54,5.81,NEGATIVE
2025-08-28 15:00:00,COT.Flow-In.Ave.15Minutes.3Hours.MIXED-COMPUTED-REV,-4.79,-8.54,3.75,NEGATIVE
2025-08-28 16:00:00,COT.Flow-In.Ave.15Minutes.3Hours.MIXED-COMPUTED-REV,-10.23,-8.54,-1.69,NEGATIVE
2025-08-28 18:00:00,COT.Flow-In.Ave.15Minutes.3Hours.MIXED-COMPUTED-REV,-4.96,-8.54,3.58,NEGATIVE
2025-08-28 19:00:00,COT.Flow-In.Ave.15Minutes.3Hours.MIXED-COMPUTED-REV,-8.97,-8.54,-0.42,NEGATIVE
2025-08-28 20:00:00,COT.Flow-In.Ave.15Minutes.3Hours.MIXED-COMPUTED-REV,-24.55,-9.09,-15.46,NEGATIVE
2025-08-28 21:00:00,COT.Flow-In.Ave.15Minutes.3Hours.MIXED-COMPUTED-REV,-15.13,-9.09,-6.04,NEGATIVE
2025-08-28 23:00:00,COT.Flow-In.Ave.15Minutes.3Hours.MIXED-COMPUTED-REV,-32.11,-7.68,-24.43,NEGATIVE
2025-08-29 00:00:00,COT.Flow-In.Ave.15Minutes.3Hours.MIXED-COMPUTED-REV,-44.27,-7.33,-36.94,NEGATIVE
2025-08-29 01:00:00,COT.Flow-In.Ave.15Minutes.3Hours.MIXED-COMPUTED-REV,-38.72,-6.67,-32.05,NEGATIVE
2025-08-29 02:00:00,COT.Flow-In.Ave.15Minutes.3Hours.MIXED-COMPUTED-REV,-41.29,-7.33,-33.96,NEGATIVE
2025-08-29 03:00:00,COT.Flow-In.Ave.15Minutes.3Hours.MIXED-COMPUTED-REV,-48.02,-7.33,-40.69,NEGATIVE
2025-08-29 08:00:00,COT.Flow-In.Ave.15Minutes.3Hours.MIXED-COMPUTED-REV,-20.89,-7.18,-13.71,NEGATIVE
2025-08-29 09:00:00,COT.Flow-In.Ave.15Minutes.3Hours.MIXED-COMPUTED-REV,-7.25,-7.18,-0.07,NEGATIVE
2025-08-29 10:00:00,COT.Flow-In.Ave.15Minutes.3Hours.MIXED-COMPUTED-REV,-3.27,-7.18,3.91,NEGATIVE
2025-08-29 12:00:00,COT.Flow-In.Ave.15Minutes.3Hours.MIXED-COMPUTED-REV,-7.41,-7.25,-0.16,NEGATIVE
2025-08-29 13:00:00,COT.Flow-In.Ave.15Minutes.3Hours.MIXED-COMPUTED-REV,-6.09,-7.11,1.02,NEGATIVE
2025-08-29 14:00:00,COT.Flow-In.Ave.15Minutes.3Hours.MIXED-COMPUTED-REV,-7.53,-6.09,-1.45,NEGATIVE
2025-08-29 15:00:00,COT.Flow-In.Ave.15Minutes.3Hours.MIXED-COMPUTED-REV,-6.08,-6.08,0.00,NEGATIVE
2025-08-29 16:00:00,COT.Flow-In.Ave.15Minutes.3Hours.MIXED-COMPUTED-REV,-5.97,-5.97,0.00,NEGATIVE
2025-08-29 17:00:00,COT.Flow-In.Ave.15Minutes.3Hours.MIXED-COMPUTED-REV,-7.11,-5.97,-1.14,NEGATIVE
2025-08-29 19:00:00,COT.Flow-In.Ave.15Minutes.3Hours.MIXED-COMPUTED-REV,-1.65,-5.97,4.32,NEGATIVE
2025-08-29 20:00:00,COT.Flow-In.Ave.15Minutes.3Hours.MIXED-COMPUTED-REV,-25.76,-6.08,-19.68,NEGATIVE
2025-08-29 21:00:00,COT.Flow-In.Ave.15Minutes.3Hours.MIXED-COMPUTED-REV,-72.86,-5.97,-66.89,NEGATIVE
2025-08-29 22:00:00,COT.Flow-In.Ave.15Minutes.3Hours.MIXED-COMPUTED-REV,-88.92,-4.41,-84.51,NEGATIVE
2025-08-29 23:00:00,COT.Flow-In.Ave.15Minutes.3Hours.MIXED-COMPUTED-REV,-64.64,-4.41,-60.24,NEGATIVE
2025-08-30 00:00:00,COT.Flow-In.Ave.15Minutes.3Hours.MIXED-COMPUTED-REV,-35.05,-5.97,-29.08,NEGATIVE
2025-08-30 01:00:00,COT.Flow-In.Ave.15Minutes.3Hours.MIXED-COMPUTED-REV,-4.41,-5.97,1.56,NEGATIVE
2025-08-30 08:00:00,COT.Flow-In.Ave.15Minutes.3Hours.MIXED-COMPUTED-REV,-7.10,-7.10,0.00,NEGATIVE
2025-08-30 09:00:00,COT.Flow-In.Ave.15Minutes.3Hours.MIXED-COMPUTED-REV,-0.33,-7.10,6.76,NEGATIVE
2025-08-30 10:00:00,COT.Flow-In.Ave.15Minutes.3Hours.MIXED-COMPUTED-REV,-3.02,-7.10,4.08,NEGATIVE
2025-08-30 11:00:00,COT.Flow-In.Ave.15Minutes.3Hours.MIXED-COMPUTED-REV,-0.36,-6.88,6.53,NEGATIVE
2025-08-30 12:00:00,COT.Flow-In.Ave.15Minutes.3Hours.MIXED-COMPUTED-REV,-37.81,-4.41,-33.40,NEGATIVE
2025-08-30 13:00:00,COT.Flow-In.Ave.15Minutes.3Hours.MIXED-COMPUTED-REV,-44.31,-4.41,-39.90,NEGATIVE
2025-08-30 14:00:00,COT.Flow-In.Ave.15Minutes.3Hours.MIXED-COMPUTED-REV,-10.75,-6.88,-3.87,NEGATIVE
2025-08-30 17:00:00,COT.Flow-In.Ave.15Minutes.3Hours.MIXED-COMPUTED-REV,-10.77,-6.88,-3.89,NEGATIVE
2025-08-30 18:00:00,COT.Flow-In.Ave.15Minutes.3Hours.MIXED-COMPUTED-REV,-9.47,-6.88,-2.59,NEGATIVE
2025-08-30 19:00:00,COT.Flow-In.Ave.15Minutes.3Hours.MIXED-COMPUTED-REV,-38.84,-7.10,-31.74,NEGATIVE
2025-08-30 20:00:00,COT.Flow-In.Ave.15Minutes.3Hours.MIXED-COMPUTED-REV,-41.48,-9.47,-32.01,NEGATIVE
2025-08-30 21:00:00,COT.Flow-In.Ave.15Minutes.3Hours.MIXED-COMPUTED-REV,-64.21,-10.75,-53.46,NEGATIVE
2025-08-30 22:00:00,COT.Flow-In.Ave.15Minutes.3Hours.MIXED-COMPUTED-REV,-34.95,-10.77,-24.18,NEGATIVE
2025-08-30 23:00:00,COT.Flow-In.Ave.15Minutes.3Hours.MIXED-COMPUTED-REV,-6.88,-13.42,6.53,NEGATIVE
2025-08-31 01:00:00,COT.Flow-In.Ave.15Minutes.3Hours.MIXED-COMPUTED-REV,-19.71,-10.77,-8.94,NEGATIVE
2025-08-31 02:00:00,COT.Flow-In.Ave.15Minutes.3Hours.MIXED-COMPUTED-REV,-35.61,-10.75,-24.85,NEGATIVE
2025-08-31 07:00:00,COT.Flow-In.Ave.15Minutes.3Hours.MIXED-COMPUTED-REV,-13.42,-13.42,0.00,NEGATIVE
2025-08-31 08:00:00,COT.Flow-In.Ave.15Minutes.3Hours.MIXED-COMPUTED-REV,-15.91,-13.42,-2.50,NEGATIVE
2025-08-31 09:00:00,COT.Flow-In.Ave.15Minutes.3Hours.MIXED-COMPUTED-REV,-73.09,-13.42,-59.68,NEGATIVE
2025-08-31 10:00:00,COT.Flow-In.Ave.15Minutes.3Hours.MIXED-COMPUTED-REV,-61.08,-13.42,-47.66,NEGATIVE
2025-08-31 11:00:00,COT.Flow-In.Ave.15Minutes.3Hours.MIXED-COMPUTED-REV,-14.52,-13.42,-1.10,NEGATIVE
2025-08-31 17:00:00,COT.Flow-In.Ave.15Minutes.3Hours.MIXED-COMPUTED-REV,-9.39,-9.39,0.00,NEGATIVE
2025-08-31 18:00:00,COT.Flow-In.Ave.15Minutes.3Hours.MIXED-COMPUTED-REV,-43.92,-9.39,-34.53,NEGATIVE
2025-08-31 19:00:00,COT.Flow-In.Ave.15Minutes.3Hours.MIXED-COMPUTED-REV,-100.99,-9.39,-91.60,NEGATIVE
2025-08-31 20:00:00,COT.Flow-In.Ave.15Minutes.3Hours.MIXED-COMPUTED-REV,-61.25,-2.01,-59.25,NEGATIVE
2025-08-31 21:00:00,COT.Flow-In.Ave.15Minutes.3Hours.MIXED-COMPUTED-REV,-32.12,-2.01,-30.11,NEGATIVE
2025-08-31 22:00:00,COT.Flow-In.Ave.15Minutes.3Hours.MIXED-COMPUTED-REV,-17.60,-2.01,-15.59,NEGATIVE
2025-08-31 23:00:00,COT.Flow-In.Ave.15Minutes.3Hours.MIXED-COMPUTED-REV,-22.71,-2.01,-20.71,NEGATIVE
2025-09-01 00:00:00,COT.Flow-In.Ave.15Minutes.3Hours.MIXED-COMPUTED-REV,-11.78,1.77,-13.54,NEGATIVE
2025-09-01 08:00:00,COT.Flow-In.Ave.15Minutes.3Hours.MIXED-COMPUTED-REV,-2.01,-3.95,1.94,NEGATIVE
2025-09-01 09:00:00,COT.Flow-In.Ave.15Minutes.3Hours.MIXED-COMPUTED-REV,-10.26,-2.77,-7.48,NEGATIVE
2025-09-01 10:00:00,COT.Flow-In.Ave.15Minutes.3Hours.MIXED-COMPUTED-REV,-3.95,-2.77,-1.17,NEGATIVE
2025-09-01 11:00:00,COT.Flow-In.Ave.15Minutes.3Hours.MIXED-COMPUTED-REV,-2.77,-2.77,0.00,NEGATIVE
2025-09-01 13:00:00,COT.Flow-In.Ave.15Minutes.3Hours.MIXED-COMPUTED-REV,-2.08,-2.01,-0.08,NEGATIVE
2025-09-01 14:00:00,COT.Flow-In.Ave.15Minutes.3Hours.MIXED-COMPUTED-REV,-7.13,-2.01,-5.13,NEGATIVE
2025-09-01 15:00:00,COT.Flow-In.Ave.15Minutes.3Hours.MIXED-COMPUTED-REV,-38.87,-2.01,-36.87,NEGATIVE
2025-09-01 16:00:00,COT.Flow-In.Ave.15Minutes.3Hours.MIXED-COMPUTED-REV,-41.73,-2.01,-39.73,NEGATIVE
2025-09-01 17:00:00,COT.Flow-In.Ave.15Minutes.3Hours.MIXED-COMPUTED-REV,-93.32,-2.08,-91.24,NEGATIVE
2025-09-01 18:00:00,COT.Flow-In.Ave.15Minutes.3Hours.MIXED-COMPUTED-REV,-81.57,-2.77,-78.79,NEGATIVE
2025-09-01 19:00:00,COT.Flow-In.Ave.15Minutes.3Hours.MIXED-COMPUTED-REV,-39.43,-2.77,-36.66,NEGATIVE
2025-09-01 22:00:00,COT.Flow-In.Ave.15Minutes.3Hours.MIXED-COMPUTED-REV,-37.71,-2.77,-34.94,NEGATIVE
2025-09-01 23:00:00,COT.Flow-In.Ave.15Minutes.3Hours.MIXED-COMPUTED-REV,-31.12,-2.77,-28.34,NEGATIVE
2025-09-02 05:00:00,COT.Flow-In.Ave.15Minutes.3Hours.MIXED-COMPUTED-REV,-32.68,0.46,-33.14,NEGATIVE
2025-09-02 06:00:00,COT.Flow-In.Ave.15Minutes.3Hours.MIXED-COMPUTED-REV,-27.40,12.17,-39.57,NEGATIVE
2025-09-02 10:00:00,COT.Flow-In.Ave.15Minutes.3Hours.MIXED-COMPUTED-REV,-27.02,0.46,-27.48,NEGATIVE
2025-09-02 11:00:00,COT.Flow-In.Ave.15Minutes.3Hours.MIXED-COMPUTED-REV,-49.46,0.46,-49.92,NEGATIVE
2025-09-02 12:00:00,COT.Flow-In.Ave.15Minutes.3Hours.MIXED-COMPUTED-REV,-25.76,0.46,-26.22,NEGATIVE
2025-09-02 13:00:00,COT.Flow-In.Ave.15Minutes.3Hours.MIXED-COMPUTED-REV,-9.78,-8.57,-1.20,NEGATIVE
2025-09-02 15:00:00,COT.Flow-In.Ave.15Minutes.3Hours.MIXED-COMPUTED-REV,-13.63,-8.57,-5.06,NEGATIVE
2025-09-02 20:00:00,COT.Flow-In.Ave.15Minutes.3Hours.MIXED-COMPUTED-REV,-11.46,-8.57,-2.89,NEGATIVE
2025-09-02 21:00:00,COT.Flow-In.Ave.15Minutes.3Hours.MIXED-COMPUTED-REV,-10.06,-8.57,-1.49,NEGATIVE
2025-09-02 22:00:00,COT.Flow-In.Ave.15Minutes.3Hours.MIXED-COMPUTED-REV,-9.94,-9.78,-0.17,NEGATIVE
2025-09-02 23:00:00,COT.Flow-In.Ave.15Minutes.3Hours.MIXED-COMPUTED-REV,-8.57,-9.78,1.20,NEGATIVE
2025-09-03 00:00:00,COT.Flow-In.Ave.15Minutes.3Hours.MIXED-COMPUTED-REV,-15.24,-8.57,-6.67,NEGATIVE
2025-09-03 01:00:00,COT.Flow-In.Ave.15Minutes.3Hours.MIXED-COMPUTED-REV,-20.54,-2.29,-18.26,NEGATIVE
2025-09-03 05:00:00,COT.Flow-In.Ave.15Minutes.3Hours.MIXED-COMPUTED-REV,-26.71,3.06,-29.76,NEGATIVE
2025-09-03 06:00:00,COT.Flow-In.Ave.15Minutes.3Hours.MIXED-COMPUTED-REV,-25.62,3.06,-28.67,NEGATIVE
2025-09-03 07:00:00,COT.Flow-In.Ave.15Minutes.3Hours.MIXED-COMPUTED-REV,-2.29,3.06,-5.34,NEGATIVE
2025-09-03 10:00:00,COT.Flow-In.Ave.15Minutes.3Hours.MIXED-COMPUTED-REV,-22.94,2.26,-25.20,NEGATIVE
2025-09-03 11:00:00,COT.Flow-In.Ave.15Minutes.3Hours.MIXED-COMPUTED-REV,-20.11,2.26,-22.37,NEGATIVE
2025-09-03 20:00:00,COT.Flow-In.Ave.15Minutes.3Hours.MIXED-COMPUTED-REV,-7.27,2.26,-9.53,NEGATIVE
2025-09-03 21:00:00,COT.Flow-In.Ave.15Minutes.3Hours.MIXED-COMPUTED-REV,-21.68,2.26,-23.94,NEGATIVE
2025-09-03 22:00:00,COT.Flow-In.Ave.15Minutes.3Hours.MIXED-COMPUTED-REV,-9.79,-4.35,-5.44,NEGATIVE
2025-09-03 23:00:00,COT.Flow-In.Ave.15Minutes.3Hours.MIXED-COMPUTED-REV,-4.35,2.26,-6.61,NEGATIVE
2025-09-04 00:00:00,COT.Flow-In.Ave.15Minutes.3Hours.MIXED-COMPUTED-REV,-40.58,3.17,-43.75,NEGATIVE
2025-09-04 01:00:00,COT.Flow-In.Ave.15Minutes.3Hours.MIXED-COMPUTED-REV,-48.60,3.17,-51.78,NEGATIVE
2025-09-04 02:00:00,COT.Flow-In.Ave.15Minutes.3Hours.MIXED-COMPUTED-REV,-12.46,3.17,-15.63,NEGATIVE
2025-09-04 04:00:00,COT.Flow-In.Ave.15Minutes.3Hours.MIXED-COMPUTED-REV,-12.29,2.29,-14.59,NEGATIVE
2025-09-04 05:00:00,COT.Flow-In.Ave.15Minutes.3Hours.MIXED-COMPUTED-REV,-38.17,-0.26,-37.90,NEGATIVE
2025-09-04 06:00:00,COT.Flow-In.Ave.15Minutes.3Hours.MIXED-COMPUTED-REV,-25.27,-2.90,-22.37,NEGATIVE
2025-09-04 10:00:00,COT.Flow-In.Ave.15Minutes.3Hours.MIXED-COMPUTED-REV,-28.96,-4.35,-24.61,NEGATIVE
2025-09-04 15:00:00,COT.Flow-In.Ave.15Minutes.3Hours.MIXED-COMPUTED-REV,-3.06,-2.90,-0.16,NEGATIVE
2025-09-04 17:00:00,COT.Flow-In.Ave.15Minutes.3Hours.MIXED-COMPUTED-REV,-0.26,-0.26,0.00,NEGATIVE
2025-09-04 18:00:00,COT.Flow-In.Ave.15Minutes.3Hours.MIXED-COMPUTED-REV,-2.90,2.29,-5.19,NEGATIVE
2025-09-04 19:00:00,COT.Flow-In.Ave.15Minutes.3Hours.MIXED-COMPUTED-REV,-6.86,4.80,-11.66,NEGATIVE
2025-09-04 20:00:00,COT.Flow-In.Ave.15Minutes.3Hours.MIXED-COMPUTED-REV,-20.99,2.29,-23.28,NEGATIVE
2025-09-04 21:00:00,COT.Flow-In.Ave.15Minutes.3Hours.MIXED-COMPUTED-REV,-7.80,-0.26,-7.53,NEGATIVE
2025-09-04 22:00:00,COT.Flow-In.Ave.15Minutes.3Hours.MIXED-COMPUTED-REV,-33.57,-0.99,-32.58,NEGATIVE
2025-09-04 23:00:00,COT.Flow-In.Ave.15Minutes.3Hours.MIXED-COMPUTED-REV,-32.32,-0.26,-32.05,NEGATIVE
2025-09-05 00:00:00,COT.Flow-In.Ave.15Minutes.3Hours.MIXED-COMPUTED-REV,-68.84,-0.26,-68.58,NEGATIVE
2025-09-05 01:00:00,COT.Flow-In.Ave.15Minutes.3Hours.MIXED-COMPUTED-REV,-15.70,-0.99,-14.71,NEGATIVE
2025-09-05 08:00:00,COT.Flow-In.Ave.15Minutes.3Hours.MIXED-COMPUTED-REV,-6.20,-6.20,0.00,NEGATIVE
2025-09-05 09:00:00,COT.Flow-In.Ave.15Minutes.3Hours.MIXED-COMPUTED-REV,-2.27,-6.20,3.93,NEGATIVE
2025-09-05 10:00:00,COT.Flow-In.Ave.15Minutes.3Hours.MIXED-COMPUTED-REV,-0.99,-6.20,5.20,NEGATIVE
2025-09-05 13:00:00,COT.Flow-In.Ave.15Minutes.3Hours.MIXED-COMPUTED-REV,-6.08,-6.20,0.11,NEGATIVE
2025-09-05 14:00:00,COT.Flow-In.Ave.15Minutes.3Hours.MIXED-COMPUTED-REV,-4.65,-6.20,1.55,NEGATIVE
2025-09-05 15:00:00,COT.Flow-In.Ave.15Minutes.3Hours.MIXED-COMPUTED-REV,-8.51,-6.20,-2.32,NEGATIVE
2025-09-05 16:00:00,COT.Flow-In.Ave.15Minutes.3Hours.MIXED-COMPUTED-REV,-9.75,-6.20,-3.56,NEGATIVE
2025-09-05 17:00:00,COT.Flow-In.Ave.15Minutes.3Hours.MIXED-COMPUTED-REV,-8.50,-6.20,-2.31,NEGATIVE
2025-09-05 18:00:00,COT.Flow-In.Ave.15Minutes.3Hours.MIXED-COMPUTED-REV,-20.37,-6.20,-14.17,NEGATIVE
2025-09-05 19:00:00,COT.Flow-In.Ave.15Minutes.3Hours.MIXED-COMPUTED-REV,-28.27,-8.50,-19.77,NEGATIVE
2025-09-05 20:00:00,COT.Flow-In.Ave.15Minutes.3Hours.MIXED-COMPUTED-REV,-24.25,-8.51,-15.74,NEGATIVE
2025-09-05 21:00:00,COT.Flow-In.Ave.15Minutes.3Hours.MIXED-COMPUTED-REV,-75.14,-8.51,-66.63,NEGATIVE
2025-09-05 22:00:00,COT.Flow-In.Ave.15Minutes.3Hours.MIXED-COMPUTED-REV,-105.20,-8.51,-96.69,NEGATIVE
2025-09-05 23:00:00,COT.Flow-In.Ave.15Minutes.3Hours.MIXED-COMPUTED-REV,-49.07,-8.51,-40.56,NEGATIVE
2025-09-06 00:00:00,COT.Flow-In.Ave.15Minutes.3Hours.MIXED-COMPUTED-REV,-35.99,-8.51,-27.48,NEGATIVE
2025-09-06 01:00:00,COT.Flow-In.Ave.15Minutes.3Hours.MIXED-COMPUTED-REV,-9.92,-8.51,-1.40,NEGATIVE
2025-09-06 02:00:00,COT.Flow-In.Ave.15Minutes.3Hours.MIXED-COMPUTED-REV,-49.31,-8.51,-40.80,NEGATIVE
2025-09-06 07:00:00,COT.Flow-In.Ave.15Minutes.3Hours.MIXED-COMPUTED-REV,-43.34,-9.92,-33.43,NEGATIVE
2025-09-06 08:00:00,COT.Flow-In.Ave.15Minutes.3Hours.MIXED-COMPUTED-REV,-30.48,3.52,-33.99,NEGATIVE
2025-09-06 15:00:00,COT.Flow-In.Ave.15Minutes.3Hours.MIXED-COMPUTED-REV,-51.19,3.52,-54.71,NEGATIVE
2025-09-06 16:00:00,COT.Flow-In.Ave.15Minutes.3Hours.MIXED-COMPUTED-REV,-103.43,-1.76,-101.67,NEGATIVE
2025-09-06 17:00:00,COT.Flow-In.Ave.15Minutes.3Hours.MIXED-COMPUTED-REV,-37.24,-1.76,-35.48,NEGATIVE
2025-09-06 21:00:00,COT.Flow-In.Ave.15Minutes.3Hours.MIXED-COMPUTED-REV,-19.95,-1.76,-18.19,NEGATIVE
2025-09-06 22:00:00,COT.Flow-In.Ave.15Minutes.3Hours.MIXED-COMPUTED-REV,-1.76,-1.76,0.00,NEGATIVE
2025-09-06 23:00:00,COT.Flow-In.Ave.15Minutes.3Hours.MIXED-COMPUTED-REV,-14.64,-1.76,-12.88,NEGATIVE
2025-09-07 00:00:00,COT.Flow-In.Ave.15Minutes.3Hours.MIXED-COMPUTED-REV,-28.84,-1.76,-27.08,NEGATIVE
2025-09-07 01:00:00,COT.Flow-In.Ave.15Minutes.3Hours.MIXED-COMPUTED-REV,-82.04,-5.36,-76.68,NEGATIVE
2025-09-07 02:00:00,COT.Flow-In.Ave.15Minutes.3Hours.MIXED-COMPUTED-REV,-107.96,-5.49,-102.47,NEGATIVE
2025-09-07 03:00:00,COT.Flow-In.Ave.15Minutes.3Hours.MIXED-COMPUTED-REV,-96.25,-10.07,-86.18,NEGATIVE
2025-09-07 04:00:00,COT.Flow-In.Ave.15Minutes.3Hours.MIXED-COMPUTED-REV,-5.49,-5.49,0.00,NEGATIVE
2025-09-07 07:00:00,COT.Flow-In.Ave.15Minutes.3Hours.MIXED-COMPUTED-REV,-5.36,-5.49,0.13,NEGATIVE
2025-09-07 08:00:00,COT.Flow-In.Ave.15Minutes.3Hours.MIXED-COMPUTED-REV,-71.51,-5.49,-66.02,NEGATIVE
2025-09-07 09:00:00,COT.Flow-In.Ave.15Minutes.3Hours.MIXED-COMPUTED-REV,-0.31,-5.49,5.18,NEGATIVE
2025-09-07 13:00:00,COT.Flow-In.Ave.15Minutes.3Hours.MIXED-COMPUTED-REV,-17.45,-5.49,-11.96,NEGATIVE
2025-09-07 14:00:00,COT.Flow-In.Ave.15Minutes.3Hours.MIXED-COMPUTED-REV,-27.34,-5.36,-21.98,NEGATIVE
2025-09-07 15:00:00,COT.Flow-In.Ave.15Minutes.3Hours.MIXED-COMPUTED-REV,-10.07,-0.31,-9.76,NEGATIVE
2025-09-07 17:00:00,COT.Flow-In.Ave.15Minutes.3Hours.MIXED-COMPUTED-REV,-33.73,0.08,-33.81,NEGATIVE
2025-09-07 18:00:00,COT.Flow-In.Ave.15Minutes.3Hours.MIXED-COMPUTED-REV,-14.31,-0.31,-14.01,NEGATIVE
2025-09-07 22:00:00,COT.Flow-In.Ave.15Minutes.3Hours.MIXED-COMPUTED-REV,-65.49,0.08,-65.57,NEGATIVE
2025-09-07 23:00:00,COT.Flow-In.Ave.15Minutes.3Hours.MIXED-COMPUTED-REV,-80.92,0.08,-81.00,NEGATIVE
2025-09-08 00:00:00,COT.Flow-In.Ave.15Minutes.3Hours.MIXED-COMPUTED-REV,-48.77,0.08,-48.85,NEGATIVE
2025-09-08 05:00:00,COT.Flow-In.Ave.15Minutes.3Hours.MIXED-COMPUTED-REV,-76.70,8.46,-85.16,NEGATIVE
2025-09-08 06:00:00,COT.Flow-In.Ave.15Minutes.3Hours.MIXED-COMPUTED-REV,-51.11,10.51,-61.62,NEGATIVE
2025-09-08 10:00:00,COT.Flow-In.Ave.15Minutes.3Hours.MIXED-COMPUTED-REV,-43.47,8.14,-51.61,NEGATIVE
2025-09-08 15:00:00,COT.Flow-In.Ave.15Minutes.3Hours.MIXED-COMPUTED-REV,-8.33,4.76,-13.09,NEGATIVE
2025-09-08 21:00:00,COT.Flow-In.Ave.15Minutes.3Hours.MIXED-COMPUTED-REV,-8.36,8.14,-16.50,NEGATIVE
2025-09-08 22:00:00,COT.Flow-In.Ave.15Minutes.3Hours.MIXED-COMPUTED-REV,-3.05,8.45,-11.50,NEGATIVE
2025-09-09 01:00:00,COT.Flow-In.Ave.15Minutes.3Hours.MIXED-COMPUTED-REV,-8.12,8.45,-16.57,NEGATIVE
2025-09-09 02:00:00,COT.Flow-In.Ave.15Minutes.3Hours.MIXED-COMPUTED-REV,-28.86,8.45,-37.31,NEGATIVE
2025-09-09 03:00:00,COT.Flow-In.Ave.15Minutes.3Hours.MIXED-COMPUTED-REV,-117.24,8.45,-125.69,NEGATIVE
2025-09-09 04:00:00,COT.Flow-In.Ave.15Minutes.3Hours.MIXED-COMPUTED-REV,-59.69,8.46,-68.15,NEGATIVE
2025-09-09 11:00:00,COT.Flow-In.Ave.15Minutes.3Hours.MIXED-COMPUTED-REV,-11.95,12.27,-24.22,NEGATIVE
2025-09-09 20:00:00,COT.Flow-In.Ave.15Minutes.3Hours.MIXED-COMPUTED-REV,-1.81,12.44,-14.25,NEGATIVE
2025-09-09 21:00:00,COT.Flow-In.Ave.15Minutes.3Hours.MIXED-COMPUTED-REV,-9.54,12.44,-21.99,NEGATIVE
2025-09-10 01:00:00,COT.Flow-In.Ave.15Minutes.3Hours.MIXED-COMPUTED-REV,-3.83,14.82,-18.64,NEGATIVE
2025-09-10 02:00:00,COT.Flow-In.Ave.15Minutes.3Hours.MIXED-COMPUTED-REV,-0.17,14.81,-14.97,NEGATIVE
2025-09-11 05:00:00,COT.Flow-In.Ave.15Minutes.3Hours.MIXED-COMPUTED-REV,-62.13,28.76,-90.90,NEGATIVE
2025-09-11 06:00:00,COT.Flow-In.Ave.15Minutes.3Hours.MIXED-COMPUTED-REV,-96.13,19.76,-115.89,NEGATIVE
2025-09-11 07:00:00,COT.Flow-In.Ave.15Minutes.3Hours.MIXED-COMPUTED-REV,-103.64,10.75,-114.38,NEGATIVE
2025-09-11 08:00:00,COT.Flow-In.Ave.15Minutes.3Hours.MIXED-COMPUTED-REV,-3.76,9.40,-13.16,NEGATIVE
2025-09-11 20:00:00,COT.Flow-In.Ave.15Minutes.3Hours.MIXED-COMPUTED-REV,-12.43,8.99,-21.42,NEGATIVE
2025-09-11 21:00:00,COT.Flow-In.Ave.15Minutes.3Hours.MIXED-COMPUTED-REV,-2.38,10.75,-13.13,NEGATIVE
2025-09-12 00:00:00,COT.Flow-In.Ave.15Minutes.3Hours.MIXED-COMPUTED-REV,-3.42,8.97,-12.39,NEGATIVE
2025-09-12 01:00:00,COT.Flow-In.Ave.15Minutes.3Hours.MIXED-COMPUTED-REV,-34.96,8.95,-43.91,NEGATIVE
2025-09-12 02:00:00,COT.Flow-In.Ave.15Minutes.3Hours.MIXED-COMPUTED-REV,-37.59,8.05,-45.64,NEGATIVE
2025-09-12 03:00:00,COT.Flow-In.Ave.15Minutes.3Hours.MIXED-COMPUTED-REV,-2.34,6.69,-9.03,NEGATIVE
2025-09-12 14:00:00,COT.Flow-In.Ave.15Minutes.3Hours.MIXED-COMPUTED-REV,-3.44,8.27,-11.71,NEGATIVE
2025-09-12 15:00:00,COT.Flow-In.Ave.15Minutes.3Hours.MIXED-COMPUTED-REV,-0.79,8.95,-9.75,NEGATIVE
2025-09-12 23:00:00,COT.Flow-In.Ave.15Minutes.3Hours.MIXED-COMPUTED-REV,-28.88,8.24,-37.12,NEGATIVE
2025-09-13 00:00:00,COT.Flow-In.Ave.15Minutes.3Hours.MIXED-COMPUTED-REV,-55.80,8.24,-64.04,NEGATIVE
2025-09-13 01:00:00,COT.Flow-In.Ave.15Minutes.3Hours.MIXED-COMPUTED-REV,-21.72,8.24,-29.96,NEGATIVE
2025-09-13 05:00:00,COT.Flow-In.Ave.15Minutes.3Hours.MIXED-COMPUTED-REV,-25.81,8.27,-34.08,NEGATIVE
2025-09-13 06:00:00,COT.Flow-In.Ave.15Minutes.3Hours.MIXED-COMPUTED-REV,-24.54,8.24,-32.78,NEGATIVE
2025-09-13 07:00:00,COT.Flow-In.Ave.15Minutes.3Hours.MIXED-COMPUTED-REV,-4.12,6.01,-10.14,NEGATIVE
2025-09-13 17:00:00,COT.Flow-In.Ave.15Minutes.3Hours.MIXED-COMPUTED-REV,-18.08,4.62,-22.70,NEGATIVE
2025-09-13 18:00:00,COT.Flow-In.Ave.15Minutes.3Hours.MIXED-COMPUTED-REV,-15.49,6.01,-21.50,NEGATIVE
2025-09-13 19:00:00,COT.Flow-In.Ave.15Minutes.3Hours.MIXED-COMPUTED-REV,-23.00,7.38,-30.39,NEGATIVE
2025-09-13 20:00:00,COT.Flow-In.Ave.15Minutes.3Hours.MIXED-COMPUTED-REV,-50.82,7.38,-58.20,NEGATIVE
2025-09-13 21:00:00,COT.Flow-In.Ave.15Minutes.3Hours.MIXED-COMPUTED-REV,-67.22,6.01,-73.23,NEGATIVE
2025-09-13 22:00:00,COT.Flow-In.Ave.15Minutes.3Hours.MIXED-COMPUTED-REV,-62.13,6.01,-68.14,NEGATIVE
2025-09-13 23:00:00,COT.Flow-In.Ave.15Minutes.3Hours.MIXED-COMPUTED-REV,-24.10,6.01,-30.11,NEGATIVE
2025-09-14 00:00:00,COT.Flow-In.Ave.15Minutes.3Hours.MIXED-COMPUTED-REV,-35.52,6.01,-41.54,NEGATIVE
2025-09-14 08:00:00,COT.Flow-In.Ave.15Minutes.3Hours.MIXED-COMPUTED-REV,-20.33,8.56,-28.89,NEGATIVE
2025-09-14 09:00:00,COT.Flow-In.Ave.15Minutes.3Hours.MIXED-COMPUTED-REV,-15.15,21.37,-36.52,NEGATIVE
2025-09-14 15:00:00,COT.Flow-In.Ave.15Minutes.3Hours.MIXED-COMPUTED-REV,-1.04,42.78,-43.82,NEGATIVE
2025-09-14 16:00:00,COT.Flow-In.Ave.15Minutes.3Hours.MIXED-COMPUTED-REV,-37.67,32.56,-70.23,NEGATIVE
2025-09-14 17:00:00,COT.Flow-In.Ave.15Minutes.3Hours.MIXED-COMPUTED-REV,-36.49,31.35,-67.84,NEGATIVE
2025-09-14 18:00:00,COT.Flow-In.Ave.15Minutes.3Hours.MIXED-COMPUTED-REV,-35.37,29.29,-64.67,NEGATIVE
2025-09-15 05:00:00,COT.Flow-In.Ave.15Minutes.3Hours.MIXED-COMPUTED-REV,-9.11,19.98,-29.09,NEGATIVE
2025-09-15 19:00:00,COT.Flow-In.Ave.15Minutes.3Hours.MIXED-COMPUTED-REV,-5.31,9.76,-15.07,NEGATIVE
2025-09-15 20:00:00,COT.Flow-In.Ave.15Minutes.3Hours.MIXED-COMPUTED-REV,-24.28,16.09,-40.38,NEGATIVE
2025-09-15 21:00:00,COT.Flow-In.Ave.15Minutes.3Hours.MIXED-COMPUTED-REV,-31.81,16.09,-47.90,NEGATIVE
2025-09-15 22:00:00,COT.Flow-In.Ave.15Minutes.3Hours.MIXED-COMPUTED-REV,-45.52,9.76,-55.28,NEGATIVE
2025-09-15 23:00:00,COT.Flow-In.Ave.15Minutes.3Hours.MIXED-COMPUTED-REV,-14.10,8.85,-22.95,NEGATIVE
2025-09-16 05:00:00,COT.Flow-In.Ave.15Minutes.3Hours.MIXED-COMPUTED-REV,-5.43,8.79,-14.22,NEGATIVE
2025-09-16 06:00:00,COT.Flow-In.Ave.15Minutes.3Hours.MIXED-COMPUTED-REV,-0.31,5.96,-6.26,NEGATIVE
2025-09-16 16:00:00,COT.Flow-In.Ave.15Minutes.3Hours.MIXED-COMPUTED-REV,-2.43,4.95,-7.38,NEGATIVE
2025-09-16 17:00:00,COT.Flow-In.Ave.15Minutes.3Hours.MIXED-COMPUTED-REV,-7.49,4.95,-12.44,NEGATIVE
2025-09-17 00:00:00,COT.Flow-In.Ave.15Minutes.3Hours.MIXED-COMPUTED-REV,-4.89,4.95,-9.83,NEGATIVE
2025-09-17 01:00:00,COT.Flow-In.Ave.15Minutes.3Hours.MIXED-COMPUTED-REV,-1.20,5.29,-6.49,NEGATIVE
2025-09-17 02:00:00,COT.Flow-In.Ave.15Minutes.3Hours.MIXED-COMPUTED-REV,-11.23,5.29,-16.52,NEGATIVE
2025-09-17 03:00:00,COT.Flow-In.Ave.15Minutes.3Hours.MIXED-COMPUTED-REV,-19.92,5.29,-25.21,NEGATIVE
2025-09-17 16:00:00,COT.Flow-In.Ave.15Minutes.3Hours.MIXED-COMPUTED-REV,-2.33,3.75,-6.08,NEGATIVE
2025-09-17 17:00:00,COT.Flow-In.Ave.15Minutes.3Hours.MIXED-COMPUTED-REV,-9.84,3.75,-13.59,NEGATIVE
2025-09-17 18:00:00,COT.Flow-In.Ave.15Minutes.3Hours.MIXED-COMPUTED-REV,-13.57,3.75,-17.31,NEGATIVE
2025-09-17 19:00:00,COT.Flow-In.Ave.15Minutes.3Hours.MIXED-COMPUTED-REV,-11.13,3.03,-14.16,NEGATIVE
2025-09-17 20:00:00,COT.Flow-In.Ave.15Minutes.3Hours.MIXED-COMPUTED-REV,-2.25,2.83,-5.07,NEGATIVE
2025-09-17 21:00:00,COT.Flow-In.Ave.15Minutes.3Hours.MIXED-COMPUTED-REV,-9.51,3.03,-12.55,NEGATIVE
2025-09-17 22:00:00,COT.Flow-In.Ave.15Minutes.3Hours.MIXED-COMPUTED-REV,-21.86,3.03,-24.90,NEGATIVE
2025-09-17 23:00:00,COT.Flow-In.Ave.15Minutes.3Hours.MIXED-COMPUTED-REV,-40.41,2.83,-43.23,NEGATIVE
2025-09-18 00:00:00,COT.Flow-In.Ave.15Minutes.3Hours.MIXED-COMPUTED-REV,-21.87,1.87,-23.73,NEGATIVE
2025-09-18 12:00:00,COT.Flow-In.Ave.15Minutes.3Hours.MIXED-COMPUTED-REV,-1.01,1.30,-2.31,NEGATIVE
2025-09-18 16:00:00,COT.Flow-In.Ave.15Minutes.3Hours.MIXED-COMPUTED-REV,-26.74,1.34,-28.08,NEGATIVE
2025-09-18 17:00:00,COT.Flow-In.Ave.15Minutes.3Hours.MIXED-COMPUTED-REV,-31.42,1.30,-32.72,NEGATIVE
2025-09-18 18:00:00,COT.Flow-In.Ave.15Minutes.3Hours.MIXED-COMPUTED-REV,-43.57,1.30,-44.86,NEGATIVE
2025-09-18 19:00:00,COT.Flow-In.Ave.15Minutes.3Hours.MIXED-COMPUTED-REV,-23.86,-0.35,-23.51,NEGATIVE
2025-09-18 20:00:00,COT.Flow-In.Ave.15Minutes.3Hours.MIXED-COMPUTED-REV,-11.69,-0.35,-11.34,NEGATIVE
2025-09-18 21:00:00,COT.Flow-In.Ave.15Minutes.3Hours.MIXED-COMPUTED-REV,-1.79,-0.35,-1.44,NEGATIVE
2025-09-18 22:00:00,COT.Flow-In.Ave.15Minutes.3Hours.MIXED-COMPUTED-REV,-13.91,-0.35,-13.56,NEGATIVE
2025-09-18 23:00:00,COT.Flow-In.Ave.15Minutes.3Hours.MIXED-COMPUTED-REV,-34.58,-0.35,-34.23,NEGATIVE
2025-09-19 00:00:00,COT.Flow-In.Ave.15Minutes.3Hours.MIXED-COMPUTED-REV,-34.47,-1.01,-33.46,NEGATIVE
2025-09-19 05:00:00,COT.Flow-In.Ave.15Minutes.3Hours.MIXED-COMPUTED-REV,-0.35,-1.38,1.04,NEGATIVE
2025-09-19 06:00:00,COT.Flow-In.Ave.15Minutes.3Hours.MIXED-COMPUTED-REV,-7.81,-0.35,-7.46,NEGATIVE
2025-09-19 07:00:00,COT.Flow-In.Ave.15Minutes.3Hours.MIXED-COMPUTED-REV,-7.83,-0.35,-7.48,NEGATIVE
2025-09-19 12:00:00,COT.Flow-In.Ave.15Minutes.3Hours.MIXED-COMPUTED-REV,-1.38,8.48,-9.86,NEGATIVE
2025-09-19 13:00:00,COT.Flow-In.Ave.15Minutes.3Hours.MIXED-COMPUTED-REV,-13.60,8.55,-22.15,NEGATIVE
2025-09-19 14:00:00,COT.Flow-In.Ave.15Minutes.3Hours.MIXED-COMPUTED-REV,-2.59,8.48,-11.07,NEGATIVE
2025-09-19 19:00:00,COT.Flow-In.Ave.15Minutes.3Hours.MIXED-COMPUTED-REV,-9.81,7.20,-17.01,NEGATIVE
2025-09-20 07:00:00,COT.Flow-In.Ave.15Minutes.3Hours.MIXED-COMPUTED-REV,-6.22,6.30,-12.52,NEGATIVE
2025-09-20 15:00:00,COT.Flow-In.Ave.15Minutes.3Hours.MIXED-COMPUTED-REV,-2.64,1.19,-3.84,NEGATIVE
2025-09-20 16:00:00,COT.Flow-In.Ave.15Minutes.3Hours.MIXED-COMPUTED-REV,-11.21,1.19,-12.40,NEGATIVE
2025-09-20 17:00:00,COT.Flow-In.Ave.15Minutes.3Hours.MIXED-COMPUTED-REV,-28.23,1.19,-29.42,NEGATIVE
2025-09-20 18:00:00,COT.Flow-In.Ave.15Minutes.3Hours.MIXED-COMPUTED-REV,-12.17,6.30,-18.47,NEGATIVE
2025-09-20 20:00:00,COT.Flow-In.Ave.15Minutes.3Hours.MIXED-COMPUTED-REV,-24.39,11.09,-35.47,NEGATIVE
2025-09-20 21:00:00,COT.Flow-In.Ave.15Minutes.3Hours.MIXED-COMPUTED-REV,-88.21,12.04,-100.25,NEGATIVE
2025-09-20 22:00:00,COT.Flow-In.Ave.15Minutes.3Hours.MIXED-COMPUTED-REV,-127.64,12.04,-139.68,NEGATIVE
2025-09-20 23:00:00,COT.Flow-In.Ave.15Minutes.3Hours.MIXED-COMPUTED-REV,-86.41,8.71,-95.12,NEGATIVE
2025-09-21 00:00:00,COT.Flow-In.Ave.15Minutes.3Hours.MIXED-COMPUTED-REV,-32.73,6.43,-39.16,NEGATIVE
2025-09-21 01:00:00,COT.Flow-In.Ave.15Minutes.3Hours.MIXED-COMPUTED-REV,-2.14,6.43,-8.56,NEGATIVE
2025-09-21 14:00:00,COT.Flow-In.Ave.15Minutes.3Hours.MIXED-COMPUTED-REV,-32.73,17.50,-50.22,NEGATIVE
2025-09-21 15:00:00,COT.Flow-In.Ave.15Minutes.3Hours.MIXED-COMPUTED-REV,-111.14,17.71,-128.86,NEGATIVE
2025-09-21 16:00:00,COT.Flow-In.Ave.15Minutes.3Hours.MIXED-COMPUTED-REV,-50.87,17.50,-68.37,NEGATIVE
2025-09-21 23:00:00,COT.Flow-In.Ave.15Minutes.3Hours.MIXED-COMPUTED-REV,-17.33,5.71,-23.04,NEGATIVE
2025-09-22 00:00:00,COT.Flow-In.Ave.15Minutes.3Hours.MIXED-COMPUTED-REV,-0.34,6.43,-6.77,NEGATIVE
2025-09-22 04:00:00,COT.Flow-In.Ave.15Minutes.3Hours.MIXED-COMPUTED-REV,-12.89,14.17,-27.06,NEGATIVE
2025-09-22 05:00:00,COT.Flow-In.Ave.15Minutes.3Hours.MIXED-COMPUTED-REV,-43.56,14.17,-57.73,NEGATIVE
2025-09-22 06:00:00,COT.Flow-In.Ave.15Minutes.3Hours.MIXED-COMPUTED-REV,-38.52,14.17,-52.69,NEGATIVE
2025-09-22 07:00:00,COT.Flow-In.Ave.15Minutes.3Hours.MIXED-COMPUTED-REV,-68.93,14.17,-83.10,NEGATIVE
2025-09-22 08:00:00,COT.Flow-In.Ave.15Minutes.3Hours.MIXED-COMPUTED-REV,-50.41,14.07,-64.48,NEGATIVE
2025-09-22 09:00:00,COT.Flow-In.Ave.15Minutes.3Hours.MIXED-COMPUTED-REV,-23.53,10.56,-34.09,NEGATIVE
2025-09-22 17:00:00,COT.Flow-In.Ave.15Minutes.3Hours.MIXED-COMPUTED-REV,-2.82,2.00,-4.82,NEGATIVE
2025-09-22 21:00:00,COT.Flow-In.Ave.15Minutes.3Hours.MIXED-COMPUTED-REV,-25.92,10.56,-36.48,NEGATIVE
2025-09-22 22:00:00,COT.Flow-In.Ave.15Minutes.3Hours.MIXED-COMPUTED-REV,-35.61,14.07,-49.68,NEGATIVE
2025-09-22 23:00:00,COT.Flow-In.Ave.15Minutes.3Hours.MIXED-COMPUTED-REV,-28.26,14.07,-42.33,NEGATIVE
2025-09-23 00:00:00,COT.Flow-In.Ave.15Minutes.3Hours.MIXED-COMPUTED-REV,-28.11,10.56,-38.67,NEGATIVE
2025-09-23 04:00:00,COT.Flow-In.Ave.15Minutes.3Hours.MIXED-COMPUTED-REV,-58.61,8.14,-66.75,NEGATIVE
2025-09-23 05:00:00,COT.Flow-In.Ave.15Minutes.3Hours.MIXED-COMPUTED-REV,-110.90,10.56,-121.46,NEGATIVE
2025-09-23 06:00:00,COT.Flow-In.Ave.15Minutes.3Hours.MIXED-COMPUTED-REV,-67.16,10.56,-77.72,NEGATIVE
2025-09-23 07:00:00,COT.Flow-In.Ave.15Minutes.3Hours.MIXED-COMPUTED-REV,-18.41,10.56,-28.96,NEGATIVE
2025-09-23 18:00:00,COT.Flow-In.Ave.15Minutes.3Hours.MIXED-COMPUTED-REV,-9.70,7.88,-17.58,NEGATIVE
2025-09-23 19:00:00,COT.Flow-In.Ave.15Minutes.3Hours.MIXED-COMPUTED-REV,-35.09,7.88,-42.97,NEGATIVE
2025-09-23 20:00:00,COT.Flow-In.Ave.15Minutes.3Hours.MIXED-COMPUTED-REV,-37.48,8.14,-45.62,NEGATIVE
2025-09-23 21:00:00,COT.Flow-In.Ave.15Minutes.3Hours.MIXED-COMPUTED-REV,-4.88,8.14,-13.02,NEGATIVE
2025-09-24 01:00:00,COT.Flow-In.Ave.15Minutes.3Hours.MIXED-COMPUTED-REV,-22.19,7.88,-30.07,NEGATIVE
2025-09-24 02:00:00,COT.Flow-In.Ave.15Minutes.3Hours.MIXED-COMPUTED-REV,-5.24,-2.28,-2.96,NEGATIVE
2025-09-24 03:00:00,COT.Flow-In.Ave.15Minutes.3Hours.MIXED-COMPUTED-REV,-2.59,-2.28,-0.30,NEGATIVE
2025-09-24 04:00:00,COT.Flow-In.Ave.15Minutes.3Hours.MIXED-COMPUTED-REV,-23.05,-2.28,-20.76,NEGATIVE
2025-09-24 05:00:00,COT.Flow-In.Ave.15Minutes.3Hours.MIXED-COMPUTED-REV,-85.72,-2.28,-83.43,NEGATIVE
2025-09-24 06:00:00,COT.Flow-In.Ave.15Minutes.3Hours.MIXED-COMPUTED-REV,-50.58,-2.28,-48.30,NEGATIVE
2025-09-24 07:00:00,COT.Flow-In.Ave.15Minutes.3Hours.MIXED-COMPUTED-REV,-10.59,-2.28,-8.31,NEGATIVE
2025-09-24 13:00:00,COT.Flow-In.Ave.15Minutes.3Hours.MIXED-COMPUTED-REV,-2.28,-2.28,0.00,NEGATIVE
2025-09-24 14:00:00,COT.Flow-In.Ave.15Minutes.3Hours.MIXED-COMPUTED-REV,-13.45,-1.58,-11.87,NEGATIVE
2025-09-24 15:00:00,COT.Flow-In.Ave.15Minutes.3Hours.MIXED-COMPUTED-REV,-1.58,6.61,-8.19,NEGATIVE
2025-09-24 19:00:00,COT.Flow-In.Ave.15Minutes.3Hours.MIXED-COMPUTED-REV,-4.24,6.61,-10.85,NEGATIVE
2025-09-24 20:00:00,COT.Flow-In.Ave.15Minutes.3Hours.MIXED-COMPUTED-REV,-10.35,6.61,-16.96,NEGATIVE
2025-09-24 22:00:00,COT.Flow-In.Ave.15Minutes.3Hours.MIXED-COMPUTED-REV,-35.58,6.61,-42.19,NEGATIVE
2025-09-24 23:00:00,COT.Flow-In.Ave.15Minutes.3Hours.MIXED-COMPUTED-REV,-40.25,6.61,-46.86,NEGATIVE
2025-09-25 04:00:00,COT.Flow-In.Ave.15Minutes.3Hours.MIXED-COMPUTED-REV,-29.55,6.61,-36.16,NEGATIVE
2025-09-25 05:00:00,COT.Flow-In.Ave.15Minutes.3Hours.MIXED-COMPUTED-REV,-47.24,6.61,-53.85,NEGATIVE
2025-09-25 06:00:00,COT.Flow-In.Ave.15Minutes.3Hours.MIXED-COMPUTED-REV,-65.15,6.61,-71.76,NEGATIVE
2025-09-25 07:00:00,COT.Flow-In.Ave.15Minutes.3Hours.MIXED-COMPUTED-REV,-29.35,-4.24,-25.11,NEGATIVE
2025-09-25 08:00:00,COT.Flow-In.Ave.15Minutes.3Hours.MIXED-COMPUTED-REV,-19.89,-6.39,-13.50,NEGATIVE
2025-09-25 13:00:00,COT.Flow-In.Ave.15Minutes.3Hours.MIXED-COMPUTED-REV,-6.39,9.80,-16.19,NEGATIVE
2025-09-25 14:00:00,COT.Flow-In.Ave.15Minutes.3Hours.MIXED-COMPUTED-REV,-14.83,9.80,-24.63,NEGATIVE
2025-09-25 15:00:00,COT.Flow-In.Ave.15Minutes.3Hours.MIXED-COMPUTED-REV,-11.45,9.80,-21.25,NEGATIVE
2025-09-25 19:00:00,COT.Flow-In.Ave.15Minutes.3Hours.MIXED-COMPUTED-REV,-36.41,10.10,-46.50,NEGATIVE
2025-09-25 20:00:00,COT.Flow-In.Ave.15Minutes.3Hours.MIXED-COMPUTED-REV,-72.17,13.62,-85.80,NEGATIVE
2025-09-25 21:00:00,COT.Flow-In.Ave.15Minutes.3Hours.MIXED-COMPUTED-REV,-38.79,16.12,-54.91,NEGATIVE
2025-09-26 05:00:00,COT.Flow-In.Ave.15Minutes.3Hours.MIXED-COMPUTED-REV,-56.29,16.12,-72.41,NEGATIVE
2025-09-26 06:00:00,COT.Flow-In.Ave.15Minutes.3Hours.MIXED-COMPUTED-REV,-109.59,16.12,-125.71,NEGATIVE
2025-09-26 07:00:00,COT.Flow-In.Ave.15Minutes.3Hours.MIXED-COMPUTED-REV,-43.00,16.12,-59.12,NEGATIVE
2025-09-26 11:00:00,COT.Flow-In.Ave.15Minutes.3Hours.MIXED-COMPUTED-REV,-3.86,10.10,-13.95,NEGATIVE
2025-09-26 12:00:00,COT.Flow-In.Ave.15Minutes.3Hours.MIXED-COMPUTED-REV,-88.17,-3.86,-84.31,NEGATIVE
2025-09-26 13:00:00,COT.Flow-In.Ave.15Minutes.3Hours.MIXED-COMPUTED-REV,-90.73,-3.86,-86.87,NEGATIVE
2025-09-26 14:00:00,COT.Flow-In.Ave.15Minutes.3Hours.MIXED-COMPUTED-REV,-63.39,-3.86,-59.53,NEGATIVE
2025-09-26 15:00:00,COT.Flow-In.Ave.15Minutes.3Hours.MIXED-COMPUTED-REV,-7.53,-3.86,-3.67,NEGATIVE
2025-09-26 20:00:00,COT.Flow-In.Ave.15Minutes.3Hours.MIXED-COMPUTED-REV,-31.11,-6.17,-24.94,NEGATIVE
2025-09-26 21:00:00,COT.Flow-In.Ave.15Minutes.3Hours.MIXED-COMPUTED-REV,-32.01,-6.17,-25.84,NEGATIVE
2025-09-26 22:00:00,COT.Flow-In.Ave.15Minutes.3Hours.MIXED-COMPUTED-REV,-22.50,-6.17,-16.33,NEGATIVE
2025-09-26 23:00:00,COT.Flow-In.Ave.15Minutes.3Hours.MIXED-COMPUTED-REV,-27.35,-6.17,-21.18,NEGATIVE
2025-09-27 00:00:00,COT.Flow-In.Ave.15Minutes.3Hours.MIXED-COMPUTED-REV,-6.17,-7.53,1.35,NEGATIVE
2025-09-27 01:00:00,COT.Flow-In.Ave.15Minutes.3Hours.MIXED-COMPUTED-REV,-2.41,-6.17,3.76,NEGATIVE
2025-09-27 05:00:00,COT.Flow-In.Ave.15Minutes.3Hours.MIXED-COMPUTED-REV,-42.28,6.19,-48.47,NEGATIVE
2025-09-27 06:00:00,COT.Flow-In.Ave.15Minutes.3Hours.MIXED-COMPUTED-REV,-45.91,6.19,-52.10,NEGATIVE
2025-09-27 07:00:00,COT.Flow-In.Ave.15Minutes.3Hours.MIXED-COMPUTED-REV,-30.52,3.50,-34.02,NEGATIVE
2025-09-27 08:00:00,COT.Flow-In.Ave.15Minutes.3Hours.MIXED-COMPUTED-REV,-9.22,3.50,-12.73,NEGATIVE
2025-09-27 12:00:00,COT.Flow-In.Ave.15Minutes.3Hours.MIXED-COMPUTED-REV,-38.80,6.19,-44.99,NEGATIVE
2025-09-27 22:00:00,COT.Flow-In.Ave.15Minutes.3Hours.MIXED-COMPUTED-REV,-8.12,7.03,-15.15,NEGATIVE
2025-09-28 02:00:00,COT.Flow-In.Ave.15Minutes.3Hours.MIXED-COMPUTED-REV,-15.41,8.33,-23.74,NEGATIVE
2025-09-28 03:00:00,COT.Flow-In.Ave.15Minutes.3Hours.MIXED-COMPUTED-REV,-47.71,7.03,-54.74,NEGATIVE
2025-09-28 04:00:00,COT.Flow-In.Ave.15Minutes.3Hours.MIXED-COMPUTED-REV,-86.37,6.19,-92.56,NEGATIVE
2025-09-28 05:00:00,COT.Flow-In.Ave.15Minutes.3Hours.MIXED-COMPUTED-REV,-61.68,6.19,-67.87,NEGATIVE
2025-09-28 06:00:00,COT.Flow-In.Ave.15Minutes.3Hours.MIXED-COMPUTED-REV,-18.99,7.03,-26.03,NEGATIVE
2025-09-28 14:00:00,COT.Flow-In.Ave.15Minutes.3Hours.MIXED-COMPUTED-REV,-12.79,5.19,-17.98,NEGATIVE
2025-09-28 15:00:00,COT.Flow-In.Ave.15Minutes.3Hours.MIXED-COMPUTED-REV,-15.26,8.49,-23.76,NEGATIVE
2025-09-28 16:00:00,COT.Flow-In.Ave.15Minutes.3Hours.MIXED-COMPUTED-REV,-11.56,11.05,-22.61,NEGATIVE
2025-09-28 19:00:00,COT.Flow-In.Ave.15Minutes.3Hours.MIXED-COMPUTED-REV,-5.22,11.05,-16.27,NEGATIVE
2025-09-28 20:00:00,COT.Flow-In.Ave.15Minutes.3Hours.MIXED-COMPUTED-REV,-24.43,8.49,-32.93,NEGATIVE
2025-09-28 21:00:00,COT.Flow-In.Ave.15Minutes.3Hours.MIXED-COMPUTED-REV,-18.64,11.05,-29.69,NEGATIVE
2025-09-29 00:00:00,COT.Flow-In.Ave.15Minutes.3Hours.MIXED-COMPUTED-REV,-3.19,5.40,-8.59,NEGATIVE
2025-09-29 06:00:00,COT.Flow-In.Ave.15Minutes.3Hours.MIXED-COMPUTED-REV,-31.40,5.40,-36.79,NEGATIVE
2025-09-29 07:00:00,COT.Flow-In.Ave.15Minutes.3Hours.MIXED-COMPUTED-REV,-19.48,5.19,-24.67,NEGATIVE
2025-09-29 11:00:00,COT.Flow-In.Ave.15Minutes.3Hours.MIXED-COMPUTED-REV,-12.57,5.40,-17.97,NEGATIVE
2025-09-29 16:00:00,COT.Flow-In.Ave.15Minutes.3Hours.MIXED-COMPUTED-REV,-0.52,6.00,-6.52,NEGATIVE
2025-09-29 19:00:00,COT.Flow-In.Ave.15Minutes.3Hours.MIXED-COMPUTED-REV,-17.94,7.89,-25.82,NEGATIVE
2025-09-29 20:00:00,COT.Flow-In.Ave.15Minutes.3Hours.MIXED-COMPUTED-REV,-39.03,7.89,-46.92,NEGATIVE
2025-09-30 01:00:00,COT.Flow-In.Ave.15Minutes.3Hours.MIXED-COMPUTED-REV,-64.95,11.44,-76.39,NEGATIVE
2025-09-30 08:00:00,COT.Flow-In.Ave.15Minutes.3Hours.MIXED-COMPUTED-REV,-72.18,30.83,-103.01,NEGATIVE
2025-09-30 09:00:00,COT.Flow-In.Ave.15Minutes.3Hours.MIXED-COMPUTED-REV,-93.53,30.83,-124.36,NEGATIVE
2025-09-30 10:00:00,COT.Flow-In.Ave.15Minutes.3Hours.MIXED-COMPUTED-REV,-15.64,30.83,-46.47,NEGATIVE
2025-09-30 19:00:00,COT.Flow-In.Ave.15Minutes.3Hours.MIXED-COMPUTED-REV,-45.15,22.60,-67.75,NEGATIVE
2025-09-30 20:00:00,COT.Flow-In.Ave.15Minutes.3Hours.MIXED-COMPUTED-REV,-105.21,3.48,-108.69,NEGATIVE
2025-09-30 21:00:00,COT.Flow-In.Ave.15Minutes.3Hours.MIXED-COMPUTED-REV,-117.90,22.60,-140.49,NEGATIVE
2025-09-30 22:00:00,COT.Flow-In.Ave.15Minutes.3Hours.MIXED-COMPUTED-REV,-79.91,28.40,-108.31,NEGATIVE
2025-09-30 23:00:00,COT.Flow-In.Ave.15Minutes.3Hours.MIXED-COMPUTED-REV,-23.20,34.19,-57.39,NEGATIVE
2024-10-01 07:00:00,DET.Flow-In.Ave.1Hour.3Hours.CBT-COMPUTED-REV,1088.55,435.09,653.46,SPIKE
2024-10-01 08:00:00,DET.Flow-In.Ave.1Hour.3Hours.CBT-COMPUTED-REV,1026.02,435.07,590.95,SPIKE
2024-10-02 07:00:00,DET.Flow-In.Ave.1Hour.3Hours.CBT-COMPUTED-REV,1067.71,433.21,634.50,SPIKE
2024-10-02 08:00:00,DET.Flow-In.Ave.1Hour.3Hours.CBT-COMPUTED-REV,1048.86,433.21,615.65,SPIKE
2024-10-03 17:00:00,DET.Flow-In.Ave.1Hour.3Hours.CBT-COMPUTED-REV,-26.89,430.99,-457.89,NEGATIVE
2024-10-03 18:00:00,DET.Flow-In.Ave.1Hour.3Hours.CBT-COMPUTED-REV,-296.23,430.99,-727.23,NEGATIVE
2024-10-03 19:00:00,DET.Flow-In.Ave.1Hour.3Hours.CBT-COMPUTED-REV,-395.24,430.99,-826.23,NEGATIVE
2024-10-03 20:00:00,DET.Flow-In.Ave.1Hour.3Hours.CBT-COMPUTED-REV,-206.55,430.99,-637.54,NEGATIVE
2024-10-03 21:00:00,DET.Flow-In.Ave.1Hour.3Hours.CBT-COMPUTED-REV,-46.52,430.99,-477.51,NEGATIVE
2024-10-10 22:00:00,DET.Flow-In.Ave.1Hour.3Hours.CBT-COMPUTED-REV,-61.86,571.83,-633.69,NEGATIVE
2024-10-30 02:00:00,DET.Flow-In.Ave.1Hour.3Hours.CBT-COMPUTED-REV,381.32,760.92,-379.60,SPIKE
2024-10-30 03:00:00,DET.Flow-In.Ave.1Hour.3Hours.CBT-COMPUTED-REV,290.16,760.92,-470.77,SPIKE
2024-10-30 04:00:00,DET.Flow-In.Ave.1Hour.3Hours.CBT-COMPUTED-REV,288.90,759.02,-470.12,SPIKE
2024-10-31 00:00:00,DET.Flow-In.Ave.1Hour.3Hours.CBT-COMPUTED-REV,1591.33,697.25,894.08,SPIKE
2024-11-01 20:00:00,DET.Flow-In.Ave.1Hour.3Hours.CBT-COMPUTED-REV,3840.43,2887.92,952.51,SPIKE
2024-11-01 21:00:00,DET.Flow-In.Ave.1Hour.3Hours.CBT-COMPUTED-REV,3802.31,2887.92,914.39,SPIKE
2024-11-01 22:00:00,DET.Flow-In.Ave.1Hour.3Hours.CBT-COMPUTED-REV,3725.54,2887.92,837.62,SPIKE
2024-11-01 23:00:00,DET.Flow-In.Ave.1Hour.3Hours.CBT-COMPUTED-REV,3627.87,2887.92,739.94,SPIKE
2024-11-10 13:00:00,DET.Flow-In.Ave.1Hour.3Hours.CBT-COMPUTED-REV,3086.57,938.16,2148.42,SPIKE
2024-11-10 14:00:00,DET.Flow-In.Ave.1Hour.3Hours.CBT-COMPUTED-REV,3066.46,938.16,2128.31,SPIKE
2024-11-10 15:00:00,DET.Flow-In.Ave.1Hour.3Hours.CBT-COMPUTED-REV,3137.27,938.16,2199.11,SPIKE
2024-11-10 17:00:00,DET.Flow-In.Ave.1Hour.3Hours.CBT-COMPUTED-REV,-1218.45,938.16,-2156.60,"SPIKE,NEGATIVE"
2024-11-10 18:00:00,DET.Flow-In.Ave.1Hour.3Hours.CBT-COMPUTED-REV,-1365.66,901.35,-2267.01,"SPIKE,NEGATIVE"
2024-11-10 19:00:00,DET.Flow-In.Ave.1Hour.3Hours.CBT-COMPUTED-REV,-1556.17,901.35,-2457.51,"SPIKE,NEGATIVE"
2024-11-17 19:00:00,DET.Flow-In.Ave.1Hour.3Hours.CBT-COMPUTED-REV,10755.66,3205.57,7550.09,SPIKE
2024-11-17 20:00:00,DET.Flow-In.Ave.1Hour.3Hours.CBT-COMPUTED-REV,11411.60,3431.66,7979.93,SPIKE
2024-11-17 21:00:00,DET.Flow-In.Ave.1Hour.3Hours.CBT-COMPUTED-REV,12059.21,3913.44,8145.77,"SPIKE,JUMP"
2024-11-17 23:00:00,DET.Flow-In.Ave.1Hour.3Hours.CBT-COMPUTED-REV,373.57,6264.28,-5890.70,SPIKE
2024-12-10 20:00:00,DET.Flow-In.Ave.1Hour.3Hours.CBT-COMPUTED-REV,1160.06,1548.85,-388.79,SPIKE
2024-12-10 21:00:00,DET.Flow-In.Ave.1Hour.3Hours.CBT-COMPUTED-REV,1143.97,1534.12,-390.15,SPIKE
2024-12-13 19:00:00,DET.Flow-In.Ave.1Hour.3Hours.CBT-COMPUTED-REV,939.14,1313.03,-373.89,SPIKE
2025-01-01 23:00:00,DET.Flow-In.Ave.1Hour.3Hours.CBT-COMPUTED-REV,2942.40,4130.51,-1188.12,SPIKE
2025-01-08 03:00:00,DET.Flow-In.Ave.1Hour.3Hours.CBT-COMPUTED-REV,6287.02,4761.10,1525.92,SPIKE
2025-01-08 04:00:00,DET.Flow-In.Ave.1Hour.3Hours.CBT-COMPUTED-REV,6257.16,4734.16,1523.01,SPIKE
2025-01-19 21:00:00,DET.Flow-In.Ave.1Hour.3Hours.CBT-COMPUTED-REV,2038.76,1356.67,682.09,SPIKE
2025-01-19 22:00:00,DET.Flow-In.Ave.1Hour.3Hours.CBT-COMPUTED-REV,2123.55,1353.59,769.97,SPIKE
2025-01-19 23:00:00,DET.Flow-In.Ave.1Hour.3Hours.CBT-COMPUTED-REV,2135.24,1349.38,785.85,SPIKE
2025-01-20 00:00:00,DET.Flow-In.Ave.1Hour.3Hours.CBT-COMPUTED-REV,1897.40,1348.18,549.22,SPIKE
2025-01-20 21:00:00,DET.Flow-In.Ave.1Hour.3Hours.CBT-COMPUTED-REV,2031.70,1348.18,683.52,SPIKE
2025-01-20 22:00:00,DET.Flow-In.Ave.1Hour.3Hours.CBT-COMPUTED-REV,2131.58,1348.18,783.39,SPIKE
2025-01-20 23:00:00,DET.Flow-In.Ave.1Hour.3Hours.CBT-COMPUTED-REV,2117.85,1346.41,771.44,SPIKE
2025-01-22 03:00:00,DET.Flow-In.Ave.1Hour.3Hours.CBT-COMPUTED-REV,582.66,1328.12,-745.45,SPIKE
2025-01-23 23:00:00,DET.Flow-In.Ave.1Hour.3Hours.CBT-COMPUTED-REV,1989.59,1212.85,776.74,SPIKE
2025-01-24 02:00:00,DET.Flow-In.Ave.1Hour.3Hours.CBT-COMPUTED-REV,18.53,1272.34,-1253.81,SPIKE
2025-01-24 03:00:00,DET.Flow-In.Ave.1Hour.3Hours.CBT-COMPUTED-REV,-673.07,1275.46,-1948.53,"SPIKE,NEGATIVE"
2025-01-24 04:00:00,DET.Flow-In.Ave.1Hour.3Hours.CBT-COMPUTED-REV,-243.33,1275.46,-1518.79,"SPIKE,NEGATIVE"
2025-01-24 05:00:00,DET.Flow-In.Ave.1Hour.3Hours.CBT-COMPUTED-REV,181.00,1275.46,-1094.46,SPIKE
2025-02-24 04:00:00,DET.Flow-In.Ave.1Hour.3Hours.CBT-COMPUTED-REV,22164.52,17508.04,4656.48,SPIKE
2025-02-24 05:00:00,DET.Flow-In.Ave.1Hour.3Hours.CBT-COMPUTED-REV,22942.45,17508.04,5434.42,SPIKE
2025-02-24 06:00:00,DET.Flow-In.Ave.1Hour.3Hours.CBT-COMPUTED-REV,23031.16,17508.04,5523.12,SPIKE
2025-02-24 07:00:00,DET.Flow-In.Ave.1Hour.3Hours.CBT-COMPUTED-REV,22106.30,17508.04,4598.26,SPIKE
2025-03-05 01:00:00,DET.Flow-In.Ave.1Hour.3Hours.CBT-COMPUTED-REV,4754.97,2740.31,2014.66,SPIKE
2025-03-05 02:00:00,DET.Flow-In.Ave.1Hour.3Hours.CBT-COMPUTED-REV,4836.54,2740.31,2096.22,SPIKE
2025-03-05 03:00:00,DET.Flow-In.Ave.1Hour.3Hours.CBT-COMPUTED-REV,4253.88,2740.31,1513.56,SPIKE
2025-03-16 19:00:00,DET.Flow-In.Ave.1Hour.3Hours.CBT-COMPUTED-REV,5741.27,4570.46,1170.81,SPIKE
2025-04-13 23:00:00,DET.Flow-In.Ave.1Hour.3Hours.CBT-COMPUTED-REV,4353.79,2898.54,1455.26,SPIKE
2025-04-14 00:00:00,DET.Flow-In.Ave.1Hour.3Hours.CBT-COMPUTED-REV,4286.08,2888.23,1397.86,SPIKE
2025-04-14 01:00:00,DET.Flow-In.Ave.1Hour.3Hours.CBT-COMPUTED-REV,4196.06,2879.55,1316.51,SPIKE
2025-04-14 03:00:00,DET.Flow-In.Ave.1Hour.3Hours.CBT-COMPUTED-REV,1595.54,2851.11,-1255.57,SPIKE
2025-04-14 04:00:00,DET.Flow-In.Ave.1Hour.3Hours.CBT-COMPUTED-REV,1572.49,2833.01,-1260.52,SPIKE
2025-04-14 05:00:00,DET.Flow-In.Ave.1Hour.3Hours.CBT-COMPUTED-REV,1620.03,2783.01,-1162.98,SPIKE
2025-05-06 01:00:00,DET.Flow-In.Ave.1Hour.3Hours.CBT-COMPUTED-REV,1133.21,1529.76,-396.55,SPIKE
2025-05-06 02:00:00,DET.Flow-In.Ave.1Hour.3Hours.CBT-COMPUTED-REV,1081.75,1515.56,-433.80,SPIKE
2025-05-06 03:00:00,DET.Flow-In.Ave.1Hour.3Hours.CBT-COMPUTED-REV,1111.73,1515.56,-403.83,SPIKE
2025-05-07 02:00:00,DET.Flow-In.Ave.1Hour.3Hours.CBT-COMPUTED-REV,861.51,1420.01,-558.50,SPIKE
2025-05-07 03:00:00,DET.Flow-In.Ave.1Hour.3Hours.CBT-COMPUTED-REV,854.19,1420.01,-565.82,SPIKE
2025-05-10 06:00:00,DET.Flow-In.Ave.1Hour.3Hours.CBT-COMPUTED-REV,2191.41,1468.09,723.32,SPIKE
2025-05-10 07:00:00,DET.Flow-In.Ave.1Hour.3Hours.CBT-COMPUTED-REV,2198.49,1468.09,730.41,SPIKE
2025-05-14 02:00:00,DET.Flow-In.Ave.1Hour.3Hours.CBT-COMPUTED-REV,1029.72,1380.63,-350.92,SPIKE
2025-05-14 03:00:00,DET.Flow-In.Ave.1Hour.3Hours.CBT-COMPUTED-REV,1028.11,1375.98,-347.88,SPIKE
2025-05-16 06:00:00,DET.Flow-In.Ave.1Hour.3Hours.CBT-COMPUTED-REV,1740.55,1210.78,529.77,SPIKE
2025-05-16 07:00:00,DET.Flow-In.Ave.1Hour.3Hours.CBT-COMPUTED-REV,1628.20,1210.54,417.66,SPIKE
2025-05-18 07:00:00,DET.Flow-In.Ave.1Hour.3Hours.CBT-COMPUTED-REV,1957.79,1562.01,395.78,SPIKE
2025-05-19 06:00:00,DET.Flow-In.Ave.1Hour.3Hours.CBT-COMPUTED-REV,2014.96,1497.12,517.84,SPIKE
2025-05-24 02:00:00,DET.Flow-In.Ave.1Hour.3Hours.CBT-COMPUTED-REV,868.30,1304.38,-436.07,SPIKE
2025-05-24 03:00:00,DET.Flow-In.Ave.1Hour.3Hours.CBT-COMPUTED-REV,925.11,1311.73,-386.62,SPIKE
2025-05-24 06:00:00,DET.Flow-In.Ave.1Hour.3Hours.CBT-COMPUTED-REV,1778.38,1311.73,466.65,SPIKE
2025-05-24 07:00:00,DET.Flow-In.Ave.1Hour.3Hours.CBT-COMPUTED-REV,1766.26,1304.38,461.89,SPIKE
2025-05-24 08:00:00,DET.Flow-In.Ave.1Hour.3Hours.CBT-COMPUTED-REV,1652.02,1290.00,362.02,SPIKE
2025-05-28 06:00:00,DET.Flow-In.Ave.1Hour.3Hours.CBT-COMPUTED-REV,1765.56,1135.88,629.68,SPIKE
2025-05-28 07:00:00,DET.Flow-In.Ave.1Hour.3Hours.CBT-COMPUTED-REV,1739.66,1122.55,617.11,SPIKE
2025-05-28 08:00:00,DET.Flow-In.Ave.1Hour.3Hours.CBT-COMPUTED-REV,1572.30,1121.55,450.75,SPIKE
2025-05-30 06:00:00,DET.Flow-In.Ave.1Hour.3Hours.CBT-COMPUTED-REV,1638.09,1223.06,415.03,SPIKE
2025-05-30 07:00:00,DET.Flow-In.Ave.1Hour.3Hours.CBT-COMPUTED-REV,1639.48,1213.94,425.54,SPIKE
2025-06-01 06:00:00,DET.Flow-In.Ave.1Hour.3Hours.CBT-COMPUTED-REV,1620.36,1136.79,483.57,SPIKE
2025-06-01 07:00:00,DET.Flow-In.Ave.1Hour.3Hours.CBT-COMPUTED-REV,1521.45,1139.88,381.57,SPIKE
2025-06-02 06:00:00,DET.Flow-In.Ave.1Hour.3Hours.CBT-COMPUTED-REV,1499.88,1034.72,465.16,SPIKE
2025-06-02 07:00:00,DET.Flow-In.Ave.1Hour.3Hours.CBT-COMPUTED-REV,1494.71,1029.38,465.33,SPIKE
2025-06-05 03:00:00,DET.Flow-In.Ave.1Hour.3Hours.CBT-COMPUTED-REV,618.83,948.88,-330.06,SPIKE
2025-06-05 07:00:00,DET.Flow-In.Ave.1Hour.3Hours.CBT-COMPUTED-REV,1472.67,934.15,538.52,SPIKE
2025-06-06 07:00:00,DET.Flow-In.Ave.1Hour.3Hours.CBT-COMPUTED-REV,1530.02,963.54,566.48,SPIKE
2025-06-06 08:00:00,DET.Flow-In.Ave.1Hour.3Hours.CBT-COMPUTED-REV,1429.93,963.54,466.39,SPIKE
2025-06-07 03:00:00,DET.Flow-In.Ave.1Hour.3Hours.CBT-COMPUTED-REV,648.46,961.11,-312.65,SPIKE
2025-06-07 07:00:00,DET.Flow-In.Ave.1Hour.3Hours.CBT-COMPUTED-REV,1432.92,961.12,471.80,SPIKE
2025-06-08 07:00:00,DET.Flow-In.Ave.1Hour.3Hours.CBT-COMPUTED-REV,1497.91,921.31,576.61,SPIKE
2025-06-09 06:00:00,DET.Flow-In.Ave.1Hour.3Hours.CBT-COMPUTED-REV,1330.90,959.94,370.96,SPIKE
2025-06-09 07:00:00,DET.Flow-In.Ave.1Hour.3Hours.CBT-COMPUTED-REV,1538.39,959.94,578.46,SPIKE
2025-06-09 08:00:00,DET.Flow-In.Ave.1Hour.3Hours.CBT-COMPUTED-REV,1459.35,959.94,499.41,SPIKE
2025-06-10 03:00:00,DET.Flow-In.Ave.1Hour.3Hours.CBT-COMPUTED-REV,683.92,952.49,-268.56,SPIKE
2025-06-10 07:00:00,DET.Flow-In.Ave.1Hour.3Hours.CBT-COMPUTED-REV,1360.75,948.83,411.92,SPIKE
2025-06-10 08:00:00,DET.Flow-In.Ave.1Hour.3Hours.CBT-COMPUTED-REV,1285.18,947.59,337.60,SPIKE
2025-06-11 07:00:00,DET.Flow-In.Ave.1Hour.3Hours.CBT-COMPUTED-REV,1303.99,877.56,426.44,SPIKE
2025-06-15 08:00:00,DET.Flow-In.Ave.1Hour.3Hours.CBT-COMPUTED-REV,1287.77,733.99,553.78,SPIKE
2025-06-15 09:00:00,DET.Flow-In.Ave.1Hour.3Hours.CBT-COMPUTED-REV,1238.70,733.99,504.71,SPIKE
2025-06-21 08:00:00,DET.Flow-In.Ave.1Hour.3Hours.CBT-COMPUTED-REV,1419.01,930.71,488.30,SPIKE
2025-06-22 04:00:00,DET.Flow-In.Ave.1Hour.3Hours.CBT-COMPUTED-REV,654.04,978.26,-324.22,SPIKE
2025-06-22 05:00:00,DET.Flow-In.Ave.1Hour.3Hours.CBT-COMPUTED-REV,725.19,977.89,-252.70,SPIKE
2025-06-22 08:00:00,DET.Flow-In.Ave.1Hour.3Hours.CBT-COMPUTED-REV,1402.69,977.89,424.79,SPIKE
2025-06-23 07:00:00,DET.Flow-In.Ave.1Hour.3Hours.CBT-COMPUTED-REV,1211.26,841.07,370.19,SPIKE
2025-06-23 08:00:00,DET.Flow-In.Ave.1Hour.3Hours.CBT-COMPUTED-REV,1370.20,833.58,536.61,SPIKE
2025-06-23 09:00:00,DET.Flow-In.Ave.1Hour.3Hours.CBT-COMPUTED-REV,1190.76,833.58,357.17,SPIKE
2025-06-24 08:00:00,DET.Flow-In.Ave.1Hour.3Hours.CBT-COMPUTED-REV,1228.02,730.08,497.94,SPIKE
2025-06-24 09:00:00,DET.Flow-In.Ave.1Hour.3Hours.CBT-COMPUTED-REV,1128.85,715.03,413.82,SPIKE
2025-06-25 04:00:00,DET.Flow-In.Ave.1Hour.3Hours.CBT-COMPUTED-REV,289.56,751.04,-461.48,SPIKE
2025-06-25 05:00:00,DET.Flow-In.Ave.1Hour.3Hours.CBT-COMPUTED-REV,356.99,735.80,-378.80,SPIKE
2025-06-28 04:00:00,DET.Flow-In.Ave.1Hour.3Hours.CBT-COMPUTED-REV,324.53,741.56,-417.03,SPIKE
2025-06-28 08:00:00,DET.Flow-In.Ave.1Hour.3Hours.CBT-COMPUTED-REV,1144.67,741.45,403.23,SPIKE
2025-06-30 08:00:00,DET.Flow-In.Ave.1Hour.3Hours.CBT-COMPUTED-REV,1182.88,645.13,537.75,SPIKE
2025-06-30 09:00:00,DET.Flow-In.Ave.1Hour.3Hours.CBT-COMPUTED-REV,1073.34,645.13,428.21,SPIKE
2025-07-03 04:00:00,DET.Flow-In.Ave.1Hour.3Hours.CBT-COMPUTED-REV,294.75,718.98,-424.24,SPIKE
2025-07-03 05:00:00,DET.Flow-In.Ave.1Hour.3Hours.CBT-COMPUTED-REV,398.45,712.12,-313.67,SPIKE
2025-07-05 06:00:00,DET.Flow-In.Ave.1Hour.3Hours.CBT-COMPUTED-REV,1005.21,617.05,388.16,SPIKE
2025-07-06 01:00:00,DET.Flow-In.Ave.1Hour.3Hours.CBT-COMPUTED-REV,345.91,617.05,-271.14,SPIKE
2025-07-06 02:00:00,DET.Flow-In.Ave.1Hour.3Hours.CBT-COMPUTED-REV,172.82,614.37,-441.55,SPIKE
2025-07-06 03:00:00,DET.Flow-In.Ave.1Hour.3Hours.CBT-COMPUTED-REV,333.26,614.37,-281.12,SPIKE
2025-07-06 06:00:00,DET.Flow-In.Ave.1Hour.3Hours.CBT-COMPUTED-REV,1077.65,614.37,463.28,SPIKE
2025-07-06 07:00:00,DET.Flow-In.Ave.1Hour.3Hours.CBT-COMPUTED-REV,898.46,603.99,294.47,SPIKE
2025-07-08 06:00:00,DET.Flow-In.Ave.1Hour.3Hours.CBT-COMPUTED-REV,1040.19,584.50,455.69,SPIKE
2025-07-09 07:00:00,DET.Flow-In.Ave.1Hour.3Hours.CBT-COMPUTED-REV,1236.40,596.59,639.81,SPIKE
2025-07-10 06:00:00,DET.Flow-In.Ave.1Hour.3Hours.CBT-COMPUTED-REV,1026.55,636.55,390.00,SPIKE
2025-07-10 07:00:00,DET.Flow-In.Ave.1Hour.3Hours.CBT-COMPUTED-REV,1238.03,636.55,601.48,SPIKE
2025-07-10 08:00:00,DET.Flow-In.Ave.1Hour.3Hours.CBT-COMPUTED-REV,1065.35,636.55,428.80,SPIKE
2025-07-11 02:00:00,DET.Flow-In.Ave.1Hour.3Hours.CBT-COMPUTED-REV,165.57,622.54,-456.97,SPIKE
2025-07-11 03:00:00,DET.Flow-In.Ave.1Hour.3Hours.CBT-COMPUTED-REV,24.23,622.54,-598.31,SPIKE
2025-07-11 04:00:00,DET.Flow-In.Ave.1Hour.3Hours.CBT-COMPUTED-REV,188.45,622.54,-434.09,SPIKE
2025-07-11 06:00:00,DET.Flow-In.Ave.1Hour.3Hours.CBT-COMPUTED-REV,1382.04,620.21,761.83,SPIKE
2025-07-11 07:00:00,DET.Flow-In.Ave.1Hour.3Hours.CBT-COMPUTED-REV,1575.51,611.94,963.57,SPIKE
2025-07-11 08:00:00,DET.Flow-In.Ave.1Hour.3Hours.CBT-COMPUTED-REV,1472.51,611.94,860.57,SPIKE
2025-07-17 05:00:00,DET.Flow-In.Ave.1Hour.3Hours.CBT-COMPUTED-REV,-2484.19,503.05,-2987.24,"SPIKE,NEGATIVE"
2025-07-17 06:00:00,DET.Flow-In.Ave.1Hour.3Hours.CBT-COMPUTED-REV,-2349.21,503.05,-2852.26,"SPIKE,NEGATIVE"
2025-07-17 07:00:00,DET.Flow-In.Ave.1Hour.3Hours.CBT-COMPUTED-REV,-2313.72,503.05,-2816.77,"SPIKE,NEGATIVE"
2025-07-17 09:00:00,DET.Flow-In.Ave.1Hour.3Hours.CBT-COMPUTED-REV,3744.43,486.91,3257.53,SPIKE
2025-07-17 10:00:00,DET.Flow-In.Ave.1Hour.3Hours.CBT-COMPUTED-REV,3691.73,486.91,3204.83,SPIKE
2025-07-17 11:00:00,DET.Flow-In.Ave.1Hour.3Hours.CBT-COMPUTED-REV,3628.41,486.91,3141.51,SPIKE
2025-07-23 08:00:00,DET.Flow-In.Ave.1Hour.3Hours.CBT-COMPUTED-REV,808.15,496.59,311.57,SPIKE
2025-07-23 09:00:00,DET.Flow-In.Ave.1Hour.3Hours.CBT-COMPUTED-REV,792.32,496.59,295.74,SPIKE
2025-08-02 07:00:00,DET.Flow-In.Ave.1Hour.3Hours.CBT-COMPUTED-REV,965.86,410.01,555.85,SPIKE
2025-08-03 06:00:00,DET.Flow-In.Ave.1Hour.3Hours.CBT-COMPUTED-REV,791.19,430.33,360.86,SPIKE
2025-08-03 07:00:00,DET.Flow-In.Ave.1Hour.3Hours.CBT-COMPUTED-REV,868.41,430.33,438.08,SPIKE
2025-08-03 08:00:00,DET.Flow-In.Ave.1Hour.3Hours.CBT-COMPUTED-REV,795.78,430.33,365.45,SPIKE
2025-08-04 07:00:00,DET.Flow-In.Ave.1Hour.3Hours.CBT-COMPUTED-REV,882.51,399.87,482.64,SPIKE
2025-08-05 03:00:00,DET.Flow-In.Ave.1Hour.3Hours.CBT-COMPUTED-REV,176.57,440.15,-263.58,SPIKE
2025-08-05 06:00:00,DET.Flow-In.Ave.1Hour.3Hours.CBT-COMPUTED-REV,947.40,441.12,506.27,SPIKE
2025-08-05 07:00:00,DET.Flow-In.Ave.1Hour.3Hours.CBT-COMPUTED-REV,1004.71,441.12,563.59,SPIKE
2025-08-05 08:00:00,DET.Flow-In.Ave.1Hour.3Hours.CBT-COMPUTED-REV,905.80,441.12,464.68,SPIKE
2025-08-08 07:00:00,DET.Flow-In.Ave.1Hour.3Hours.CBT-COMPUTED-REV,1133.27,571.65,561.62,SPIKE
2025-08-08 08:00:00,DET.Flow-In.Ave.1Hour.3Hours.CBT-COMPUTED-REV,1058.85,550.38,508.48,SPIKE
2025-08-08 23:00:00,DET.Flow-In.Ave.1Hour.3Hours.CBT-COMPUTED-REV,-163.00,-163.00,0.00,NEGATIVE
2025-08-09 00:00:00,DET.Flow-In.Ave.1Hour.3Hours.CBT-COMPUTED-REV,-351.30,-351.30,0.00,NEGATIVE
2025-08-09 01:00:00,DET.Flow-In.Ave.1Hour.3Hours.CBT-COMPUTED-REV,-466.67,-466.67,0.00,NEGATIVE
2025-08-09 02:00:00,DET.Flow-In.Ave.1Hour.3Hours.CBT-COMPUTED-REV,-509.10,-509.10,0.00,NEGATIVE
2025-08-09 03:00:00,DET.Flow-In.Ave.1Hour.3Hours.CBT-COMPUTED-REV,-509.10,-509.10,-0.00,NEGATIVE
2025-08-09 04:00:00,DET.Flow-In.Ave.1Hour.3Hours.CBT-COMPUTED-REV,-509.10,-509.10,-0.00,NEGATIVE
2025-08-09 05:00:00,DET.Flow-In.Ave.1Hour.3Hours.CBT-COMPUTED-REV,-509.10,-509.10,-0.00,NEGATIVE
2025-08-09 06:00:00,DET.Flow-In.Ave.1Hour.3Hours.CBT-COMPUTED-REV,-509.10,-509.10,0.00,NEGATIVE
2025-08-09 07:00:00,DET.Flow-In.Ave.1Hour.3Hours.CBT-COMPUTED-REV,-509.10,-509.10,-0.00,NEGATIVE
2025-08-09 08:00:00,DET.Flow-In.Ave.1Hour.3Hours.CBT-COMPUTED-REV,-509.10,-509.10,-0.00,NEGATIVE
2025-08-09 09:00:00,DET.Flow-In.Ave.1Hour.3Hours.CBT-COMPUTED-REV,-509.10,-509.10,-0.00,NEGATIVE
2025-08-09 10:00:00,DET.Flow-In.Ave.1Hour.3Hours.CBT-COMPUTED-REV,-509.10,-509.10,0.00,NEGATIVE
2025-08-09 11:00:00,DET.Flow-In.Ave.1Hour.3Hours.CBT-COMPUTED-REV,-509.10,-509.10,0.00,NEGATIVE
2025-08-09 12:00:00,DET.Flow-In.Ave.1Hour.3Hours.CBT-COMPUTED-REV,-509.10,-509.10,0.00,NEGATIVE
2025-08-09 13:00:00,DET.Flow-In.Ave.1Hour.3Hours.CBT-COMPUTED-REV,-509.10,-509.10,0.00,NEGATIVE
2025-08-09 14:00:00,DET.Flow-In.Ave.1Hour.3Hours.CBT-COMPUTED-REV,-509.10,-509.10,0.00,NEGATIVE
2025-08-09 15:00:00,DET.Flow-In.Ave.1Hour.3Hours.CBT-COMPUTED-REV,-509.10,-509.10,0.00,NEGATIVE
2025-08-09 16:00:00,DET.Flow-In.Ave.1Hour.3Hours.CBT-COMPUTED-REV,-509.10,-509.10,0.00,NEGATIVE
2025-08-09 17:00:00,DET.Flow-In.Ave.1Hour.3Hours.CBT-COMPUTED-REV,-509.10,-509.10,0.00,NEGATIVE
2025-08-09 18:00:00,DET.Flow-In.Ave.1Hour.3Hours.CBT-COMPUTED-REV,-509.10,-509.10,0.00,NEGATIVE
2025-08-09 19:00:00,DET.Flow-In.Ave.1Hour.3Hours.CBT-COMPUTED-REV,-509.10,-509.10,0.00,NEGATIVE
2025-08-09 20:00:00,DET.Flow-In.Ave.1Hour.3Hours.CBT-COMPUTED-REV,-509.10,-509.10,-0.00,NEGATIVE
2025-08-09 21:00:00,DET.Flow-In.Ave.1Hour.3Hours.CBT-COMPUTED-REV,-509.10,-509.10,-0.00,NEGATIVE
2025-08-09 22:00:00,DET.Flow-In.Ave.1Hour.3Hours.CBT-COMPUTED-REV,-509.10,-509.10,-0.00,NEGATIVE
2025-08-09 23:00:00,DET.Flow-In.Ave.1Hour.3Hours.CBT-COMPUTED-REV,-509.10,-509.10,0.00,NEGATIVE
2025-08-10 00:00:00,DET.Flow-In.Ave.1Hour.3Hours.CBT-COMPUTED-REV,-509.10,-509.10,0.00,NEGATIVE
2025-08-10 01:00:00,DET.Flow-In.Ave.1Hour.3Hours.CBT-COMPUTED-REV,-509.10,-509.10,0.00,NEGATIVE
2025-08-10 02:00:00,DET.Flow-In.Ave.1Hour.3Hours.CBT-COMPUTED-REV,-509.10,-509.10,-0.00,NEGATIVE
2025-08-10 03:00:00,DET.Flow-In.Ave.1Hour.3Hours.CBT-COMPUTED-REV,-509.10,-509.10,-0.00,NEGATIVE
2025-08-10 04:00:00,DET.Flow-In.Ave.1Hour.3Hours.CBT-COMPUTED-REV,-509.10,-509.10,0.00,NEGATIVE
2025-08-10 05:00:00,DET.Flow-In.Ave.1Hour.3Hours.CBT-COMPUTED-REV,-509.10,-509.10,-0.00,NEGATIVE
2025-08-10 06:00:00,DET.Flow-In.Ave.1Hour.3Hours.CBT-COMPUTED-REV,1092.29,485.98,606.31,SPIKE
2025-08-10 07:00:00,DET.Flow-In.Ave.1Hour.3Hours.CBT-COMPUTED-REV,1043.15,485.98,557.17,SPIKE
2025-08-10 08:00:00,DET.Flow-In.Ave.1Hour.3Hours.CBT-COMPUTED-REV,954.66,486.30,468.36,SPIKE
2025-08-10 09:00:00,DET.Flow-In.Ave.1Hour.3Hours.CBT-COMPUTED-REV,772.98,486.42,286.56,SPIKE
2025-08-11 01:00:00,DET.Flow-In.Ave.1Hour.3Hours.CBT-COMPUTED-REV,51.71,500.73,-449.02,SPIKE
2025-08-11 02:00:00,DET.Flow-In.Ave.1Hour.3Hours.CBT-COMPUTED-REV,-19.33,486.42,-505.75,"SPIKE,NEGATIVE"
2025-08-11 03:00:00,DET.Flow-In.Ave.1Hour.3Hours.CBT-COMPUTED-REV,141.71,486.30,-344.59,SPIKE
2025-08-11 05:00:00,DET.Flow-In.Ave.1Hour.3Hours.CBT-COMPUTED-REV,767.60,485.19,282.41,SPIKE
2025-08-11 06:00:00,DET.Flow-In.Ave.1Hour.3Hours.CBT-COMPUTED-REV,1108.10,485.14,622.96,SPIKE
2025-08-11 07:00:00,DET.Flow-In.Ave.1Hour.3Hours.CBT-COMPUTED-REV,1044.40,485.08,559.32,SPIKE
2025-08-11 08:00:00,DET.Flow-In.Ave.1Hour.3Hours.CBT-COMPUTED-REV,941.39,485.08,456.31,SPIKE
2025-08-12 02:00:00,DET.Flow-In.Ave.1Hour.3Hours.CBT-COMPUTED-REV,-30.79,484.46,-515.25,"SPIKE,NEGATIVE"
2025-08-12 06:00:00,DET.Flow-In.Ave.1Hour.3Hours.CBT-COMPUTED-REV,1235.92,484.41,751.51,SPIKE
2025-08-12 07:00:00,DET.Flow-In.Ave.1Hour.3Hours.CBT-COMPUTED-REV,1246.31,484.41,761.90,SPIKE
2025-08-12 08:00:00,DET.Flow-In.Ave.1Hour.3Hours.CBT-COMPUTED-REV,1159.01,484.41,674.60,SPIKE
2025-08-14 02:00:00,DET.Flow-In.Ave.1Hour.3Hours.CBT-COMPUTED-REV,-67.40,464.29,-531.69,NEGATIVE
2025-08-14 05:00:00,DET.Flow-In.Ave.1Hour.3Hours.CBT-COMPUTED-REV,777.79,451.92,325.87,SPIKE
2025-08-14 06:00:00,DET.Flow-In.Ave.1Hour.3Hours.CBT-COMPUTED-REV,1104.99,451.92,653.07,SPIKE
2025-08-14 07:00:00,DET.Flow-In.Ave.1Hour.3Hours.CBT-COMPUTED-REV,1180.85,451.96,728.89,SPIKE
2025-08-14 08:00:00,DET.Flow-In.Ave.1Hour.3Hours.CBT-COMPUTED-REV,950.12,464.29,485.83,SPIKE
2025-08-15 06:00:00,DET.Flow-In.Ave.1Hour.3Hours.CBT-COMPUTED-REV,-7898.40,491.04,-8389.44,"SPIKE,NEGATIVE"
2025-08-15 07:00:00,DET.Flow-In.Ave.1Hour.3Hours.CBT-COMPUTED-REV,-7960.85,491.04,-8451.89,"SPIKE,NEGATIVE"
2025-08-15 08:00:00,DET.Flow-In.Ave.1Hour.3Hours.CBT-COMPUTED-REV,-8087.13,481.31,-8568.44,"SPIKE,NEGATIVE"
2025-08-15 10:00:00,DET.Flow-In.Ave.1Hour.3Hours.CBT-COMPUTED-REV,9355.76,433.80,8921.96,SPIKE
2025-08-15 11:00:00,DET.Flow-In.Ave.1Hour.3Hours.CBT-COMPUTED-REV,9340.79,421.19,8919.60,SPIKE
2025-08-15 12:00:00,DET.Flow-In.Ave.1Hour.3Hours.CBT-COMPUTED-REV,9340.84,421.19,8919.64,SPIKE
2025-08-17 09:00:00,DET.Flow-In.Ave.1Hour.3Hours.CBT-COMPUTED-REV,29660.73,500.82,29159.91,SPIKE
2025-08-17 10:00:00,DET.Flow-In.Ave.1Hour.3Hours.CBT-COMPUTED-REV,29442.37,500.82,28941.55,SPIKE
2025-08-17 11:00:00,DET.Flow-In.Ave.1Hour.3Hours.CBT-COMPUTED-REV,29487.25,493.97,28993.29,SPIKE
2025-08-18 06:00:00,DET.Flow-In.Ave.1Hour.3Hours.CBT-COMPUTED-REV,1036.98,463.25,573.73,SPIKE
2025-08-19 02:00:00,DET.Flow-In.Ave.1Hour.3Hours.CBT-COMPUTED-REV,88.77,476.68,-387.90,SPIKE
2025-08-19 06:00:00,DET.Flow-In.Ave.1Hour.3Hours.CBT-COMPUTED-REV,1001.59,476.72,524.87,SPIKE
2025-08-19 07:00:00,DET.Flow-In.Ave.1Hour.3Hours.CBT-COMPUTED-REV,937.07,476.78,460.29,SPIKE
2025-08-19 08:00:00,DET.Flow-In.Ave.1Hour.3Hours.CBT-COMPUTED-REV,841.60,476.78,364.82,SPIKE
2025-08-20 02:00:00,DET.Flow-In.Ave.1Hour.3Hours.CBT-COMPUTED-REV,197.14,476.78,-279.64,SPIKE
2025-08-20 06:00:00,DET.Flow-In.Ave.1Hour.3Hours.CBT-COMPUTED-REV,983.47,475.57,507.90,SPIKE
2025-08-20 07:00:00,DET.Flow-In.Ave.1Hour.3Hours.CBT-COMPUTED-REV,1000.71,475.52,525.19,SPIKE
2025-08-21 06:00:00,DET.Flow-In.Ave.1Hour.3Hours.CBT-COMPUTED-REV,1040.04,475.60,564.44,SPIKE
2025-08-21 07:00:00,DET.Flow-In.Ave.1Hour.3Hours.CBT-COMPUTED-REV,1016.65,474.52,542.13,SPIKE
2025-08-22 06:00:00,DET.Flow-In.Ave.1Hour.3Hours.CBT-COMPUTED-REV,1177.63,445.23,732.40,SPIKE
2025-08-23 23:00:00,DET.Flow-In.Ave.1Hour.3Hours.CBT-COMPUTED-REV,-17.26,412.41,-429.67,NEGATIVE
2025-08-24 00:00:00,DET.Flow-In.Ave.1Hour.3Hours.CBT-COMPUTED-REV,-60.94,412.41,-473.35,NEGATIVE
2025-08-27 05:00:00,DET.Flow-In.Ave.1Hour.3Hours.CBT-COMPUTED-REV,921.90,464.31,457.60,SPIKE
2025-08-27 06:00:00,DET.Flow-In.Ave.1Hour.3Hours.CBT-COMPUTED-REV,1038.08,464.31,573.77,SPIKE
2025-09-05 08:00:00,DET.Flow-In.Ave.1Hour.3Hours.CBT-COMPUTED-REV,1149.41,451.60,697.81,SPIKE
2025-09-06 01:00:00,DET.Flow-In.Ave.1Hour.3Hours.CBT-COMPUTED-REV,-17.34,470.11,-487.45,NEGATIVE
2025-09-06 02:00:00,DET.Flow-In.Ave.1Hour.3Hours.CBT-COMPUTED-REV,-13.66,479.78,-493.44,NEGATIVE
2025-09-16 01:00:00,DET.Flow-In.Ave.1Hour.3Hours.CBT-COMPUTED-REV,-73.52,485.69,-559.21,NEGATIVE
2025-09-16 02:00:00,DET.Flow-In.Ave.1Hour.3Hours.CBT-COMPUTED-REV,-146.03,485.69,-631.72,NEGATIVE
2025-09-16 03:00:00,DET.Flow-In.Ave.1Hour.3Hours.CBT-COMPUTED-REV,-262.91,485.69,-748.60,NEGATIVE
2025-09-18 03:00:00,DET.Flow-In.Ave.1Hour.3Hours.CBT-COMPUTED-REV,-49.07,450.23,-499.31,NEGATIVE
2025-09-20 03:00:00,DET.Flow-In.Ave.1Hour.3Hours.CBT-COMPUTED-REV,-29.88,397.14,-427.02,NEGATIVE
2025-09-23 02:00:00,DET.Flow-In.Ave.1Hour.3Hours.CBT-COMPUTED-REV,-27.40,510.11,-537.51,NEGATIVE
2025-09-24 02:00:00,DET.Flow-In.Ave.1Hour.3Hours.CBT-COMPUTED-REV,-7.08,389.65,-396.73,NEGATIVE
2025-09-24 13:00:00,DET.Flow-In.Ave.1Hour.3Hours.CBT-COMPUTED-REV,-0.17,214.07,-214.25,NEGATIVE
2025-09-24 14:00:00,DET.Flow-In.Ave.1Hour.3Hours.CBT-COMPUTED-REV,-206.88,214.07,-420.95,NEGATIVE
2025-09-24 15:00:00,DET.Flow-In.Ave.1Hour.3Hours.CBT-COMPUTED-REV,-258.53,214.07,-472.60,NEGATIVE
2025-09-24 16:00:00,DET.Flow-In.Ave.1Hour.3Hours.CBT-COMPUTED-REV,-64.68,247.55,-312.24,NEGATIVE
2025-09-25 07:00:00,DET.Flow-In.Ave.1Hour.3Hours.CBT-COMPUTED-REV,1104.46,398.95,705.51,SPIKE
2025-09-25 08:00:00,DET.Flow-In.Ave.1Hour.3Hours.CBT-COMPUTED-REV,1218.25,398.95,819.30,SPIKE
2025-09-29 02:00:00,DET.Flow-In.Ave.1Hour.3Hours.CBT-COMPUTED-REV,-8.30,459.64,-467.93,NEGATIVE
2025-09-30 00:00:00,DET.Flow-In.Ave.1Hour.3Hours.CBT-COMPUTED-REV,86.35,437.01,-350.66,SPIKE
2025-09-30 01:00:00,DET.Flow-In.Ave.1Hour.3Hours.CBT-COMPUTED-REV,26.70,437.01,-410.31,SPIKE
2025-09-30 02:00:00,DET.Flow-In.Ave.1Hour.3Hours.CBT-COMPUTED-REV,-46.48,437.01,-483.49,NEGATIVE
2025-09-30 06:00:00,DET.Flow-In.Ave.1Hour.3Hours.CBT-COMPUTED-REV,1002.33,437.01,565.32,SPIKE
2025-09-30 07:00:00,DET.Flow-In.Ave.1Hour.3Hours.CBT-COMPUTED-REV,1066.52,437.01,629.51,SPIKE
2024-10-04 05:00:00,DOR.Flow-In.Ave.15Minutes.3Hours.MIXED-COMPUTED-REV,-30.05,89.78,-119.83,NEGATIVE
2024-10-05 01:00:00,DOR.Flow-In.Ave.15Minutes.3Hours.MIXED-COMPUTED-REV,-1.90,70.06,-71.96,NEGATIVE
2024-10-08 09:00:00,DOR.Flow-In.Ave.15Minutes.3Hours.MIXED-COMPUTED-REV,-2.88,52.83,-55.71,NEGATIVE
2024-10-09 23:00:00,DOR.Flow-In.Ave.15Minutes.3Hours.MIXED-COMPUTED-REV,-0.00,31.07,-31.07,NEGATIVE
2024-10-10 00:00:00,DOR.Flow-In.Ave.15Minutes.3Hours.MIXED-COMPUTED-REV,-6.86,29.14,-36.00,NEGATIVE
2024-10-10 05:00:00,DOR.Flow-In.Ave.15Minutes.3Hours.MIXED-COMPUTED-REV,-8.04,27.47,-35.51,NEGATIVE
2024-10-10 06:00:00,DOR.Flow-In.Ave.15Minutes.3Hours.MIXED-COMPUTED-REV,-7.28,27.47,-34.74,NEGATIVE
2024-10-10 11:00:00,DOR.Flow-In.Ave.15Minutes.3Hours.MIXED-COMPUTED-REV,-8.14,27.47,-35.61,NEGATIVE
2024-10-14 02:00:00,DOR.Flow-In.Ave.15Minutes.3Hours.MIXED-COMPUTED-REV,-1.49,35.94,-37.43,NEGATIVE
2024-11-01 09:00:00,DOR.Flow-In.Ave.15Minutes.3Hours.MIXED-COMPUTED-REV,-29.03,153.10,-182.12,NEGATIVE
2024-11-01 10:00:00,DOR.Flow-In.Ave.15Minutes.3Hours.MIXED-COMPUTED-REV,-20.30,153.10,-173.39,NEGATIVE
2024-11-02 01:00:00,DOR.Flow-In.Ave.15Minutes.3Hours.MIXED-COMPUTED-REV,2403.83,1211.51,1192.32,SPIKE
2024-11-02 02:00:00,DOR.Flow-In.Ave.15Minutes.3Hours.MIXED-COMPUTED-REV,2753.06,1211.51,1541.55,SPIKE
2024-11-02 03:00:00,DOR.Flow-In.Ave.15Minutes.3Hours.MIXED-COMPUTED-REV,2809.76,1211.51,1598.25,SPIKE
2024-11-02 04:00:00,DOR.Flow-In.Ave.15Minutes.3Hours.MIXED-COMPUTED-REV,2695.82,1211.51,1484.31,SPIKE
2024-11-02 05:00:00,DOR.Flow-In.Ave.15Minutes.3Hours.MIXED-COMPUTED-REV,2527.71,1211.51,1316.20,SPIKE
2024-11-02 06:00:00,DOR.Flow-In.Ave.15Minutes.3Hours.MIXED-COMPUTED-REV,2282.86,1211.51,1071.36,SPIKE
2024-11-02 07:00:00,DOR.Flow-In.Ave.15Minutes.3Hours.MIXED-COMPUTED-REV,2022.16,1211.51,810.65,SPIKE
2024-11-03 17:00:00,DOR.Flow-In.Ave.15Minutes.3Hours.MIXED-COMPUTED-REV,2382.20,1820.36,561.85,SPIKE
2024-11-03 18:00:00,DOR.Flow-In.Ave.15Minutes.3Hours.MIXED-COMPUTED-REV,2458.05,1820.36,637.70,SPIKE
2024-11-03 19:00:00,DOR.Flow-In.Ave.15Minutes.3Hours.MIXED-COMPUTED-REV,2434.21,1820.36,613.85,SPIKE
2024-11-03 20:00:00,DOR.Flow-In.Ave.15Minutes.3Hours.MIXED-COMPUTED-REV,2344.93,1820.36,524.58,SPIKE
2024-11-18 03:00:00,DOR.Flow-In.Ave.15Minutes.3Hours.MIXED-COMPUTED-REV,5371.04,4179.05,1191.99,SPIKE
2024-11-18 04:00:00,DOR.Flow-In.Ave.15Minutes.3Hours.MIXED-COMPUTED-REV,5715.64,4179.05,1536.60,SPIKE
2024-11-18 05:00:00,DOR.Flow-In.Ave.15Minutes.3Hours.MIXED-COMPUTED-REV,5718.10,4179.05,1539.06,SPIKE
2024-11-18 06:00:00,DOR.Flow-In.Ave.15Minutes.3Hours.MIXED-COMPUTED-REV,5523.54,4179.05,1344.49,SPIKE
2024-11-18 07:00:00,DOR.Flow-In.Ave.15Minutes.3Hours.MIXED-COMPUTED-REV,5355.46,4179.05,1176.41,SPIKE
2024-11-22 23:00:00,DOR.Flow-In.Ave.15Minutes.3Hours.MIXED-COMPUTED-REV,4646.39,3583.34,1063.05,SPIKE
2024-11-23 00:00:00,DOR.Flow-In.Ave.15Minutes.3Hours.MIXED-COMPUTED-REV,4740.22,3583.34,1156.88,SPIKE
2024-11-23 01:00:00,DOR.Flow-In.Ave.15Minutes.3Hours.MIXED-COMPUTED-REV,4710.34,3583.34,1127.00,SPIKE
2024-11-23 02:00:00,DOR.Flow-In.Ave.15Minutes.3Hours.MIXED-COMPUTED-REV,4635.07,3583.34,1051.73,SPIKE
2024-11-23 03:00:00,DOR.Flow-In.Ave.15Minutes.3Hours.MIXED-COMPUTED-REV,4532.91,3583.34,949.57,SPIKE
2024-12-14 18:00:00,DOR.Flow-In.Ave.15Minutes.3Hours.MIXED-COMPUTED-REV,1294.10,1027.89,266.22,SPIKE
2024-12-29 20:00:00,DOR.Flow-In.Ave.15Minutes.3Hours.MIXED-COMPUTED-REV,14785.31,9828.79,4956.52,SPIKE
2024-12-29 21:00:00,DOR.Flow-In.Ave.15Minutes.3Hours.MIXED-COMPUTED-REV,14515.99,9828.79,4687.21,SPIKE
2024-12-29 22:00:00,DOR.Flow-In.Ave.15Minutes.3Hours.MIXED-COMPUTED-REV,13956.16,9828.79,4127.38,SPIKE
2024-12-29 23:00:00,DOR.Flow-In.Ave.15Minutes.3Hours.MIXED-COMPUTED-REV,13117.90,9828.79,3289.11,SPIKE
2025-02-24 06:00:00,DOR.Flow-In.Ave.15Minutes.3Hours.MIXED-COMPUTED-REV,9480.03,7480.11,1999.92,SPIKE
2025-02-24 07:00:00,DOR.Flow-In.Ave.15Minutes.3Hours.MIXED-COMPUTED-REV,9414.26,7480.11,1934.14,SPIKE
2025-03-16 18:00:00,DOR.Flow-In.Ave.15Minutes.3Hours.MIXED-COMPUTED-REV,12952.86,10179.20,2773.66,SPIKE
2025-03-16 19:00:00,DOR.Flow-In.Ave.15Minutes.3Hours.MIXED-COMPUTED-REV,14503.02,10179.20,4323.82,SPIKE
2025-03-16 20:00:00,DOR.Flow-In.Ave.15Minutes.3Hours.MIXED-COMPUTED-REV,15368.26,10179.20,5189.06,SPIKE
2025-03-16 21:00:00,DOR.Flow-In.Ave.15Minutes.3Hours.MIXED-COMPUTED-REV,15653.93,10179.20,5474.73,SPIKE
2025-03-16 22:00:00,DOR.Flow-In.Ave.15Minutes.3Hours.MIXED-COMPUTED-REV,15580.23,10179.20,5401.03,SPIKE
2025-03-16 23:00:00,DOR.Flow-In.Ave.15Minutes.3Hours.MIXED-COMPUTED-REV,15083.17,10179.20,4903.97,SPIKE
2025-03-17 00:00:00,DOR.Flow-In.Ave.15Minutes.3Hours.MIXED-COMPUTED-REV,14343.13,10179.20,4163.93,SPIKE
2025-03-17 01:00:00,DOR.Flow-In.Ave.15Minutes.3Hours.MIXED-COMPUTED-REV,13355.46,10179.20,3176.26,SPIKE
2025-06-05 23:00:00,DOR.Flow-In.Ave.15Minutes.3Hours.MIXED-COMPUTED-REV,-13.57,99.12,-112.69,NEGATIVE
2025-06-08 01:00:00,DOR.Flow-In.Ave.15Minutes.3Hours.MIXED-COMPUTED-REV,-8.05,89.57,-97.61,NEGATIVE
2025-06-09 12:00:00,DOR.Flow-In.Ave.15Minutes.3Hours.MIXED-COMPUTED-REV,-6.99,80.73,-87.72,NEGATIVE
2025-06-10 02:00:00,DOR.Flow-In.Ave.15Minutes.3Hours.MIXED-COMPUTED-REV,-6.56,80.73,-87.30,NEGATIVE
2025-06-10 09:00:00,DOR.Flow-In.Ave.15Minutes.3Hours.MIXED-COMPUTED-REV,-11.04,85.21,-96.25,NEGATIVE
2025-06-10 16:00:00,DOR.Flow-In.Ave.15Minutes.3Hours.MIXED-COMPUTED-REV,-6.09,88.01,-94.09,NEGATIVE
2025-06-11 08:00:00,DOR.Flow-In.Ave.15Minutes.3Hours.MIXED-COMPUTED-REV,-22.00,62.33,-84.33,NEGATIVE
2025-06-11 18:00:00,DOR.Flow-In.Ave.15Minutes.3Hours.MIXED-COMPUTED-REV,-19.26,66.28,-85.54,NEGATIVE
2025-06-12 22:00:00,DOR.Flow-In.Ave.15Minutes.3Hours.MIXED-COMPUTED-REV,-61.27,79.63,-140.90,NEGATIVE
2025-06-13 14:00:00,DOR.Flow-In.Ave.15Minutes.3Hours.MIXED-COMPUTED-REV,-13.78,65.15,-78.92,NEGATIVE
2025-06-13 15:00:00,DOR.Flow-In.Ave.15Minutes.3Hours.MIXED-COMPUTED-REV,-58.02,60.91,-118.93,NEGATIVE
2025-06-13 16:00:00,DOR.Flow-In.Ave.15Minutes.3Hours.MIXED-COMPUTED-REV,-16.71,60.91,-77.62,NEGATIVE
2025-06-14 09:00:00,DOR.Flow-In.Ave.15Minutes.3Hours.MIXED-COMPUTED-REV,-16.26,58.22,-74.48,NEGATIVE
2025-06-14 10:00:00,DOR.Flow-In.Ave.15Minutes.3Hours.MIXED-COMPUTED-REV,-25.55,58.22,-83.76,NEGATIVE
2025-06-15 01:00:00,DOR.Flow-In.Ave.15Minutes.3Hours.MIXED-COMPUTED-REV,-28.64,65.24,-93.88,NEGATIVE
2025-06-15 02:00:00,DOR.Flow-In.Ave.15Minutes.3Hours.MIXED-COMPUTED-REV,-71.15,65.19,-136.34,NEGATIVE
2025-06-15 21:00:00,DOR.Flow-In.Ave.15Minutes.3Hours.MIXED-COMPUTED-REV,-45.25,54.72,-99.97,NEGATIVE
2025-06-15 22:00:00,DOR.Flow-In.Ave.15Minutes.3Hours.MIXED-COMPUTED-REV,-31.01,54.72,-85.73,NEGATIVE
2025-06-17 02:00:00,DOR.Flow-In.Ave.15Minutes.3Hours.MIXED-COMPUTED-REV,-56.97,64.08,-121.05,NEGATIVE
2025-06-17 03:00:00,DOR.Flow-In.Ave.15Minutes.3Hours.MIXED-COMPUTED-REV,-94.78,59.12,-153.90,NEGATIVE
2025-06-17 04:00:00,DOR.Flow-In.Ave.15Minutes.3Hours.MIXED-COMPUTED-REV,-28.29,59.12,-87.41,NEGATIVE
2025-06-21 01:00:00,DOR.Flow-In.Ave.15Minutes.3Hours.MIXED-COMPUTED-REV,-16.82,77.60,-94.42,NEGATIVE
2025-06-21 02:00:00,DOR.Flow-In.Ave.15Minutes.3Hours.MIXED-COMPUTED-REV,-49.64,77.63,-127.27,NEGATIVE
2025-06-24 16:00:00,DOR.Flow-In.Ave.15Minutes.3Hours.MIXED-COMPUTED-REV,-15.39,102.02,-117.41,NEGATIVE
2025-06-26 02:00:00,DOR.Flow-In.Ave.15Minutes.3Hours.MIXED-COMPUTED-REV,-3.40,75.91,-79.30,NEGATIVE
2025-06-28 01:00:00,DOR.Flow-In.Ave.15Minutes.3Hours.MIXED-COMPUTED-REV,-8.08,63.48,-71.56,NEGATIVE
2025-06-28 17:00:00,DOR.Flow-In.Ave.15Minutes.3Hours.MIXED-COMPUTED-REV,-1.75,55.01,-56.76,NEGATIVE
2025-07-01 17:00:00,DOR.Flow-In.Ave.15Minutes.3Hours.MIXED-COMPUTED-REV,-15.19,45.90,-61.09,NEGATIVE
2025-07-02 07:00:00,DOR.Flow-In.Ave.15Minutes.3Hours.MIXED-COMPUTED-REV,-15.22,50.73,-65.96,NEGATIVE
2025-07-02 20:00:00,DOR.Flow-In.Ave.15Minutes.3Hours.MIXED-COMPUTED-REV,-21.21,40.26,-61.47,NEGATIVE
2025-07-02 21:00:00,DOR.Flow-In.Ave.15Minutes.3Hours.MIXED-COMPUTED-REV,-34.02,46.05,-80.07,NEGATIVE
2025-07-03 01:00:00,DOR.Flow-In.Ave.15Minutes.3Hours.MIXED-COMPUTED-REV,-1.97,40.26,-42.23,NEGATIVE
2025-07-03 16:00:00,DOR.Flow-In.Ave.15Minutes.3Hours.MIXED-COMPUTED-REV,-8.86,30.95,-39.81,NEGATIVE
2025-07-03 18:00:00,DOR.Flow-In.Ave.15Minutes.3Hours.MIXED-COMPUTED-REV,-4.10,30.95,-35.05,NEGATIVE
2025-07-03 21:00:00,DOR.Flow-In.Ave.15Minutes.3Hours.MIXED-COMPUTED-REV,-20.45,30.95,-51.40,NEGATIVE
2025-07-05 02:00:00,DOR.Flow-In.Ave.15Minutes.3Hours.MIXED-COMPUTED-REV,-6.13,40.61,-46.74,NEGATIVE
2025-07-05 20:00:00,DOR.Flow-In.Ave.15Minutes.3Hours.MIXED-COMPUTED-REV,-449.63,47.62,-497.26,"SPIKE,NEGATIVE"
2025-07-05 21:00:00,DOR.Flow-In.Ave.15Minutes.3Hours.MIXED-COMPUTED-REV,-847.72,47.62,-895.34,"SPIKE,NEGATIVE"
2025-07-05 22:00:00,DOR.Flow-In.Ave.15Minutes.3Hours.MIXED-COMPUTED-REV,-481.92,47.62,-529.54,"SPIKE,NEGATIVE"
2025-07-05 23:00:00,DOR.Flow-In.Ave.15Minutes.3Hours.MIXED-COMPUTED-REV,-151.33,47.63,-198.95,NEGATIVE
2025-07-06 02:00:00,DOR.Flow-In.Ave.15Minutes.3Hours.MIXED-COMPUTED-REV,506.45,47.62,458.83,SPIKE
2025-07-06 03:00:00,DOR.Flow-In.Ave.15Minutes.3Hours.MIXED-COMPUTED-REV,598.00,47.62,550.38,SPIKE
2025-07-06 14:00:00,DOR.Flow-In.Ave.15Minutes.3Hours.MIXED-COMPUTED-REV,-13.54,43.97,-57.51,NEGATIVE
2025-07-06 15:00:00,DOR.Flow-In.Ave.15Minutes.3Hours.MIXED-COMPUTED-REV,-32.12,43.09,-75.20,NEGATIVE
2025-07-06 22:00:00,DOR.Flow-In.Ave.15Minutes.3Hours.MIXED-COMPUTED-REV,-46.40,38.44,-84.83,NEGATIVE
2025-07-06 23:00:00,DOR.Flow-In.Ave.15Minutes.3Hours.MIXED-COMPUTED-REV,-48.98,38.44,-87.41,NEGATIVE
2025-07-07 00:00:00,DOR.Flow-In.Ave.15Minutes.3Hours.MIXED-COMPUTED-REV,-18.00,38.44,-56.44,NEGATIVE
2025-07-07 08:00:00,DOR.Flow-In.Ave.15Minutes.3Hours.MIXED-COMPUTED-REV,-39.26,29.77,-69.02,NEGATIVE
2025-07-07 20:00:00,DOR.Flow-In.Ave.15Minutes.3Hours.MIXED-COMPUTED-REV,-58.05,29.77,-87.81,NEGATIVE
2025-07-08 01:00:00,DOR.Flow-In.Ave.15Minutes.3Hours.MIXED-COMPUTED-REV,-5.77,32.29,-38.07,NEGATIVE
2025-07-08 02:00:00,DOR.Flow-In.Ave.15Minutes.3Hours.MIXED-COMPUTED-REV,-5.76,32.32,-38.08,NEGATIVE
2025-07-09 05:00:00,DOR.Flow-In.Ave.15Minutes.3Hours.MIXED-COMPUTED-REV,-17.25,30.20,-47.46,NEGATIVE
2025-07-09 06:00:00,DOR.Flow-In.Ave.15Minutes.3Hours.MIXED-COMPUTED-REV,-38.53,30.20,-68.73,NEGATIVE
2025-07-09 07:00:00,DOR.Flow-In.Ave.15Minutes.3Hours.MIXED-COMPUTED-REV,-43.22,30.06,-73.28,NEGATIVE
2025-07-09 21:00:00,DOR.Flow-In.Ave.15Minutes.3Hours.MIXED-COMPUTED-REV,-16.98,37.28,-54.26,NEGATIVE
2025-07-09 22:00:00,DOR.Flow-In.Ave.15Minutes.3Hours.MIXED-COMPUTED-REV,-64.19,37.28,-101.47,NEGATIVE
2025-07-09 23:00:00,DOR.Flow-In.Ave.15Minutes.3Hours.MIXED-COMPUTED-REV,-7.52,37.28,-44.80,NEGATIVE
2025-07-10 07:00:00,DOR.Flow-In.Ave.15Minutes.3Hours.MIXED-COMPUTED-REV,-16.84,25.71,-42.54,NEGATIVE
2025-07-10 08:00:00,DOR.Flow-In.Ave.15Minutes.3Hours.MIXED-COMPUTED-REV,-12.12,25.72,-37.85,NEGATIVE
2025-07-10 23:00:00,DOR.Flow-In.Ave.15Minutes.3Hours.MIXED-COMPUTED-REV,-44.89,28.19,-73.08,NEGATIVE
2025-07-11 00:00:00,DOR.Flow-In.Ave.15Minutes.3Hours.MIXED-COMPUTED-REV,-94.33,28.19,-122.51,NEGATIVE
2025-07-11 01:00:00,DOR.Flow-In.Ave.15Minutes.3Hours.MIXED-COMPUTED-REV,-0.12,28.19,-28.31,NEGATIVE
2025-07-11 06:00:00,DOR.Flow-In.Ave.15Minutes.3Hours.MIXED-COMPUTED-REV,-4.76,35.31,-40.06,NEGATIVE
2025-07-11 07:00:00,DOR.Flow-In.Ave.15Minutes.3Hours.MIXED-COMPUTED-REV,-21.21,35.31,-56.51,NEGATIVE
2025-07-11 15:00:00,DOR.Flow-In.Ave.15Minutes.3Hours.MIXED-COMPUTED-REV,-4.65,26.03,-30.68,NEGATIVE
2025-07-11 20:00:00,DOR.Flow-In.Ave.15Minutes.3Hours.MIXED-COMPUTED-REV,-16.27,30.78,-47.05,NEGATIVE
2025-07-11 21:00:00,DOR.Flow-In.Ave.15Minutes.3Hours.MIXED-COMPUTED-REV,-49.16,35.31,-84.47,NEGATIVE
2025-07-11 22:00:00,DOR.Flow-In.Ave.15Minutes.3Hours.MIXED-COMPUTED-REV,-11.60,35.31,-46.90,NEGATIVE
2025-07-12 02:00:00,DOR.Flow-In.Ave.15Minutes.3Hours.MIXED-COMPUTED-REV,-9.13,30.67,-39.80,NEGATIVE
2025-07-12 03:00:00,DOR.Flow-In.Ave.15Minutes.3Hours.MIXED-COMPUTED-REV,-32.56,30.67,-63.22,NEGATIVE
2025-07-12 13:00:00,DOR.Flow-In.Ave.15Minutes.3Hours.MIXED-COMPUTED-REV,-4.36,26.03,-30.39,NEGATIVE
2025-07-12 19:00:00,DOR.Flow-In.Ave.15Minutes.3Hours.MIXED-COMPUTED-REV,-8.92,26.16,-35.08,NEGATIVE
2025-07-12 20:00:00,DOR.Flow-In.Ave.15Minutes.3Hours.MIXED-COMPUTED-REV,-11.25,26.16,-37.41,NEGATIVE
2025-07-13 00:00:00,DOR.Flow-In.Ave.15Minutes.3Hours.MIXED-COMPUTED-REV,-33.04,17.00,-50.04,NEGATIVE
2025-07-13 01:00:00,DOR.Flow-In.Ave.15Minutes.3Hours.MIXED-COMPUTED-REV,-81.94,21.49,-103.43,NEGATIVE
2025-07-13 02:00:00,DOR.Flow-In.Ave.15Minutes.3Hours.MIXED-COMPUTED-REV,-1.97,26.16,-28.13,NEGATIVE
2025-07-13 23:00:00,DOR.Flow-In.Ave.15Minutes.3Hours.MIXED-COMPUTED-REV,-27.40,21.24,-48.64,NEGATIVE
2025-07-14 03:00:00,DOR.Flow-In.Ave.15Minutes.3Hours.MIXED-COMPUTED-REV,-27.87,21.93,-49.80,NEGATIVE
2025-07-14 08:00:00,DOR.Flow-In.Ave.15Minutes.3Hours.MIXED-COMPUTED-REV,-1.44,21.24,-22.68,NEGATIVE
2025-07-14 15:00:00,DOR.Flow-In.Ave.15Minutes.3Hours.MIXED-COMPUTED-REV,-3.72,14.52,-18.24,NEGATIVE
2025-07-14 16:00:00,DOR.Flow-In.Ave.15Minutes.3Hours.MIXED-COMPUTED-REV,-6.20,14.66,-20.86,NEGATIVE
2025-07-14 22:00:00,DOR.Flow-In.Ave.15Minutes.3Hours.MIXED-COMPUTED-REV,-27.47,14.66,-42.13,NEGATIVE
2025-07-14 23:00:00,DOR.Flow-In.Ave.15Minutes.3Hours.MIXED-COMPUTED-REV,-18.68,14.52,-33.21,NEGATIVE
2025-07-15 00:00:00,DOR.Flow-In.Ave.15Minutes.3Hours.MIXED-COMPUTED-REV,-0.12,14.52,-14.64,NEGATIVE
2025-07-15 07:00:00,DOR.Flow-In.Ave.15Minutes.3Hours.MIXED-COMPUTED-REV,-17.35,22.03,-39.38,NEGATIVE
2025-07-15 08:00:00,DOR.Flow-In.Ave.15Minutes.3Hours.MIXED-COMPUTED-REV,-33.65,22.03,-55.68,NEGATIVE
2025-07-15 11:00:00,DOR.Flow-In.Ave.15Minutes.3Hours.MIXED-COMPUTED-REV,-10.89,22.03,-32.92,NEGATIVE
2025-07-15 14:00:00,DOR.Flow-In.Ave.15Minutes.3Hours.MIXED-COMPUTED-REV,-13.52,22.03,-35.55,NEGATIVE
2025-07-15 22:00:00,DOR.Flow-In.Ave.15Minutes.3Hours.MIXED-COMPUTED-REV,-6.43,22.03,-28.45,NEGATIVE
2025-07-15 23:00:00,DOR.Flow-In.Ave.15Minutes.3Hours.MIXED-COMPUTED-REV,-23.94,22.03,-45.97,NEGATIVE
2025-07-16 00:00:00,DOR.Flow-In.Ave.15Minutes.3Hours.MIXED-COMPUTED-REV,-29.44,23.14,-52.58,NEGATIVE
2025-07-16 01:00:00,DOR.Flow-In.Ave.15Minutes.3Hours.MIXED-COMPUTED-REV,-37.03,24.58,-61.61,NEGATIVE
2025-07-16 02:00:00,DOR.Flow-In.Ave.15Minutes.3Hours.MIXED-COMPUTED-REV,-44.35,24.58,-68.93,NEGATIVE
2025-07-16 16:00:00,DOR.Flow-In.Ave.15Minutes.3Hours.MIXED-COMPUTED-REV,-12.38,19.30,-31.69,NEGATIVE
2025-07-16 17:00:00,DOR.Flow-In.Ave.15Minutes.3Hours.MIXED-COMPUTED-REV,-33.68,18.84,-52.52,NEGATIVE
2025-07-17 01:00:00,DOR.Flow-In.Ave.15Minutes.3Hours.MIXED-COMPUTED-REV,-2.05,17.87,-19.93,NEGATIVE
2025-07-17 12:00:00,DOR.Flow-In.Ave.15Minutes.3Hours.MIXED-COMPUTED-REV,-1.36,9.96,-11.32,NEGATIVE
2025-07-17 15:00:00,DOR.Flow-In.Ave.15Minutes.3Hours.MIXED-COMPUTED-REV,-0.63,8.74,-9.37,NEGATIVE
2025-07-17 18:00:00,DOR.Flow-In.Ave.15Minutes.3Hours.MIXED-COMPUTED-REV,-23.12,8.74,-31.86,NEGATIVE
2025-07-17 19:00:00,DOR.Flow-In.Ave.15Minutes.3Hours.MIXED-COMPUTED-REV,-23.15,8.74,-31.89,NEGATIVE
2025-07-17 21:00:00,DOR.Flow-In.Ave.15Minutes.3Hours.MIXED-COMPUTED-REV,-6.51,8.36,-14.87,NEGATIVE
2025-07-17 22:00:00,DOR.Flow-In.Ave.15Minutes.3Hours.MIXED-COMPUTED-REV,-15.97,7.70,-23.68,NEGATIVE
2025-07-18 02:00:00,DOR.Flow-In.Ave.15Minutes.3Hours.MIXED-COMPUTED-REV,-8.82,4.04,-12.85,NEGATIVE
2025-07-18 03:00:00,DOR.Flow-In.Ave.15Minutes.3Hours.MIXED-COMPUTED-REV,-4.07,7.70,-11.77,NEGATIVE
2025-07-18 09:00:00,DOR.Flow-In.Ave.15Minutes.3Hours.MIXED-COMPUTED-REV,-18.17,7.70,-25.87,NEGATIVE
2025-07-18 10:00:00,DOR.Flow-In.Ave.15Minutes.3Hours.MIXED-COMPUTED-REV,-6.34,7.70,-14.04,NEGATIVE
2025-07-18 12:00:00,DOR.Flow-In.Ave.15Minutes.3Hours.MIXED-COMPUTED-REV,-22.79,5.61,-28.40,NEGATIVE
2025-07-18 13:00:00,DOR.Flow-In.Ave.15Minutes.3Hours.MIXED-COMPUTED-REV,-18.05,3.31,-21.36,NEGATIVE
2025-07-18 18:00:00,DOR.Flow-In.Ave.15Minutes.3Hours.MIXED-COMPUTED-REV,-3.86,7.90,-11.76,NEGATIVE
2025-07-18 20:00:00,DOR.Flow-In.Ave.15Minutes.3Hours.MIXED-COMPUTED-REV,-10.90,7.90,-18.80,NEGATIVE
2025-07-18 21:00:00,DOR.Flow-In.Ave.15Minutes.3Hours.MIXED-COMPUTED-REV,-41.55,5.61,-47.15,NEGATIVE
2025-07-18 22:00:00,DOR.Flow-In.Ave.15Minutes.3Hours.MIXED-COMPUTED-REV,-27.38,5.61,-32.99,NEGATIVE
2025-07-19 00:00:00,DOR.Flow-In.Ave.15Minutes.3Hours.MIXED-COMPUTED-REV,-1.37,5.61,-6.97,NEGATIVE
2025-07-19 01:00:00,DOR.Flow-In.Ave.15Minutes.3Hours.MIXED-COMPUTED-REV,-13.15,7.90,-21.05,NEGATIVE
2025-07-19 09:00:00,DOR.Flow-In.Ave.15Minutes.3Hours.MIXED-COMPUTED-REV,-31.85,3.31,-35.17,NEGATIVE
2025-07-19 10:00:00,DOR.Flow-In.Ave.15Minutes.3Hours.MIXED-COMPUTED-REV,-29.50,3.31,-32.81,NEGATIVE
2025-07-19 16:00:00,DOR.Flow-In.Ave.15Minutes.3Hours.MIXED-COMPUTED-REV,-3.52,1.25,-4.77,NEGATIVE
2025-07-19 18:00:00,DOR.Flow-In.Ave.15Minutes.3Hours.MIXED-COMPUTED-REV,-19.94,1.25,-21.20,NEGATIVE
2025-07-19 19:00:00,DOR.Flow-In.Ave.15Minutes.3Hours.MIXED-COMPUTED-REV,-12.87,1.25,-14.12,NEGATIVE
2025-07-19 21:00:00,DOR.Flow-In.Ave.15Minutes.3Hours.MIXED-COMPUTED-REV,-15.16,1.25,-16.41,NEGATIVE
2025-07-19 22:00:00,DOR.Flow-In.Ave.15Minutes.3Hours.MIXED-COMPUTED-REV,-10.45,1.35,-11.81,NEGATIVE
2025-07-19 23:00:00,DOR.Flow-In.Ave.15Minutes.3Hours.MIXED-COMPUTED-REV,-5.75,3.47,-9.22,NEGATIVE
2025-07-20 00:00:00,DOR.Flow-In.Ave.15Minutes.3Hours.MIXED-COMPUTED-REV,-15.08,1.35,-16.44,NEGATIVE
2025-07-20 01:00:00,DOR.Flow-In.Ave.15Minutes.3Hours.MIXED-COMPUTED-REV,-24.47,1.25,-25.72,NEGATIVE
2025-07-20 04:00:00,DOR.Flow-In.Ave.15Minutes.3Hours.MIXED-COMPUTED-REV,-29.07,1.25,-30.32,NEGATIVE
2025-07-20 12:00:00,DOR.Flow-In.Ave.15Minutes.3Hours.MIXED-COMPUTED-REV,-5.55,8.49,-14.03,NEGATIVE
2025-07-20 13:00:00,DOR.Flow-In.Ave.15Minutes.3Hours.MIXED-COMPUTED-REV,-3.18,8.49,-11.67,NEGATIVE
2025-07-20 17:00:00,DOR.Flow-In.Ave.15Minutes.3Hours.MIXED-COMPUTED-REV,-0.78,8.49,-9.26,NEGATIVE
2025-07-20 18:00:00,DOR.Flow-In.Ave.15Minutes.3Hours.MIXED-COMPUTED-REV,-14.83,8.49,-23.32,NEGATIVE
2025-07-20 19:00:00,DOR.Flow-In.Ave.15Minutes.3Hours.MIXED-COMPUTED-REV,-0.75,8.49,-9.23,NEGATIVE
2025-07-20 23:00:00,DOR.Flow-In.Ave.15Minutes.3Hours.MIXED-COMPUTED-REV,-12.40,4.18,-16.58,NEGATIVE
2025-07-21 00:00:00,DOR.Flow-In.Ave.15Minutes.3Hours.MIXED-COMPUTED-REV,-10.04,4.15,-14.19,NEGATIVE
2025-07-21 01:00:00,DOR.Flow-In.Ave.15Minutes.3Hours.MIXED-COMPUTED-REV,-10.02,4.15,-14.17,NEGATIVE
2025-07-21 02:00:00,DOR.Flow-In.Ave.15Minutes.3Hours.MIXED-COMPUTED-REV,-2.97,4.15,-7.13,NEGATIVE
2025-07-21 05:00:00,DOR.Flow-In.Ave.15Minutes.3Hours.MIXED-COMPUTED-REV,-0.58,3.99,-4.56,NEGATIVE
2025-07-21 12:00:00,DOR.Flow-In.Ave.15Minutes.3Hours.MIXED-COMPUTED-REV,-7.50,6.43,-13.93,NEGATIVE
2025-07-21 13:00:00,DOR.Flow-In.Ave.15Minutes.3Hours.MIXED-COMPUTED-REV,-7.49,6.43,-13.91,NEGATIVE
2025-07-21 18:00:00,DOR.Flow-In.Ave.15Minutes.3Hours.MIXED-COMPUTED-REV,-2.70,4.35,-7.06,NEGATIVE
2025-07-22 01:00:00,DOR.Flow-In.Ave.15Minutes.3Hours.MIXED-COMPUTED-REV,-23.64,6.61,-30.25,NEGATIVE
2025-07-22 02:00:00,DOR.Flow-In.Ave.15Minutes.3Hours.MIXED-COMPUTED-REV,-11.95,8.95,-20.90,NEGATIVE
2025-07-22 05:00:00,DOR.Flow-In.Ave.15Minutes.3Hours.MIXED-COMPUTED-REV,-7.22,8.95,-16.18,NEGATIVE
2025-07-22 16:00:00,DOR.Flow-In.Ave.15Minutes.3Hours.MIXED-COMPUTED-REV,-2.42,6.93,-9.34,NEGATIVE
2025-07-22 18:00:00,DOR.Flow-In.Ave.15Minutes.3Hours.MIXED-COMPUTED-REV,-36.48,13.82,-50.30,NEGATIVE
2025-07-22 19:00:00,DOR.Flow-In.Ave.15Minutes.3Hours.MIXED-COMPUTED-REV,-35.66,18.54,-54.20,NEGATIVE
2025-07-22 22:00:00,DOR.Flow-In.Ave.15Minutes.3Hours.MIXED-COMPUTED-REV,-6.05,13.82,-19.87,NEGATIVE
2025-07-23 02:00:00,DOR.Flow-In.Ave.15Minutes.3Hours.MIXED-COMPUTED-REV,-30.08,9.54,-39.62,NEGATIVE
2025-07-23 11:00:00,DOR.Flow-In.Ave.15Minutes.3Hours.MIXED-COMPUTED-REV,-12.20,18.82,-31.01,NEGATIVE
2025-07-23 12:00:00,DOR.Flow-In.Ave.15Minutes.3Hours.MIXED-COMPUTED-REV,-54.84,18.82,-73.65,NEGATIVE
2025-07-23 16:00:00,DOR.Flow-In.Ave.15Minutes.3Hours.MIXED-COMPUTED-REV,-16.88,18.82,-35.70,NEGATIVE
2025-07-23 23:00:00,DOR.Flow-In.Ave.15Minutes.3Hours.MIXED-COMPUTED-REV,-2.51,16.68,-19.20,NEGATIVE
2025-07-24 00:00:00,DOR.Flow-In.Ave.15Minutes.3Hours.MIXED-COMPUTED-REV,-16.79,16.68,-33.48,NEGATIVE
2025-07-24 01:00:00,DOR.Flow-In.Ave.15Minutes.3Hours.MIXED-COMPUTED-REV,-16.76,16.68,-33.45,NEGATIVE
2025-07-24 02:00:00,DOR.Flow-In.Ave.15Minutes.3Hours.MIXED-COMPUTED-REV,-26.26,16.68,-42.95,NEGATIVE
2025-07-24 06:00:00,DOR.Flow-In.Ave.15Minutes.3Hours.MIXED-COMPUTED-REV,-47.53,7.00,-54.53,NEGATIVE
2025-07-24 13:00:00,DOR.Flow-In.Ave.15Minutes.3Hours.MIXED-COMPUTED-REV,-11.78,4.89,-16.67,NEGATIVE
2025-07-24 14:00:00,DOR.Flow-In.Ave.15Minutes.3Hours.MIXED-COMPUTED-REV,-4.63,4.89,-9.52,NEGATIVE
2025-07-24 17:00:00,DOR.Flow-In.Ave.15Minutes.3Hours.MIXED-COMPUTED-REV,-23.54,4.89,-28.43,NEGATIVE
2025-07-24 18:00:00,DOR.Flow-In.Ave.15Minutes.3Hours.MIXED-COMPUTED-REV,-61.49,4.89,-66.38,NEGATIVE
2025-07-24 22:00:00,DOR.Flow-In.Ave.15Minutes.3Hours.MIXED-COMPUTED-REV,-35.33,2.82,-38.14,NEGATIVE
2025-07-24 23:00:00,DOR.Flow-In.Ave.15Minutes.3Hours.MIXED-COMPUTED-REV,-25.83,0.08,-25.91,NEGATIVE
2025-07-25 00:00:00,DOR.Flow-In.Ave.15Minutes.3Hours.MIXED-COMPUTED-REV,-9.20,0.08,-9.28,NEGATIVE
2025-07-25 02:00:00,DOR.Flow-In.Ave.15Minutes.3Hours.MIXED-COMPUTED-REV,-35.21,4.89,-40.10,NEGATIVE
2025-07-25 03:00:00,DOR.Flow-In.Ave.15Minutes.3Hours.MIXED-COMPUTED-REV,-25.71,4.89,-30.60,NEGATIVE
2025-07-25 04:00:00,DOR.Flow-In.Ave.15Minutes.3Hours.MIXED-COMPUTED-REV,-1.99,2.82,-4.81,NEGATIVE
2025-07-25 07:00:00,DOR.Flow-In.Ave.15Minutes.3Hours.MIXED-COMPUTED-REV,-13.77,7.63,-21.40,NEGATIVE
2025-07-25 11:00:00,DOR.Flow-In.Ave.15Minutes.3Hours.MIXED-COMPUTED-REV,-58.63,2.82,-61.45,NEGATIVE
2025-07-25 15:00:00,DOR.Flow-In.Ave.15Minutes.3Hours.MIXED-COMPUTED-REV,-70.34,3.11,-73.46,NEGATIVE
2025-07-25 16:00:00,DOR.Flow-In.Ave.15Minutes.3Hours.MIXED-COMPUTED-REV,-20.69,3.11,-23.80,NEGATIVE
2025-07-25 19:00:00,DOR.Flow-In.Ave.15Minutes.3Hours.MIXED-COMPUTED-REV,-37.13,5.40,-42.53,NEGATIVE
2025-07-25 20:00:00,DOR.Flow-In.Ave.15Minutes.3Hours.MIXED-COMPUTED-REV,-30.05,5.40,-35.46,NEGATIVE
2025-07-25 23:00:00,DOR.Flow-In.Ave.15Minutes.3Hours.MIXED-COMPUTED-REV,-11.08,7.91,-19.00,NEGATIVE
2025-07-26 00:00:00,DOR.Flow-In.Ave.15Minutes.3Hours.MIXED-COMPUTED-REV,-39.41,7.98,-47.39,NEGATIVE
2025-07-26 03:00:00,DOR.Flow-In.Ave.15Minutes.3Hours.MIXED-COMPUTED-REV,-13.35,5.69,-19.05,NEGATIVE
2025-07-26 04:00:00,DOR.Flow-In.Ave.15Minutes.3Hours.MIXED-COMPUTED-REV,-72.33,5.69,-78.02,NEGATIVE
2025-07-26 08:00:00,DOR.Flow-In.Ave.15Minutes.3Hours.MIXED-COMPUTED-REV,-25.03,5.40,-30.44,NEGATIVE
2025-07-26 16:00:00,DOR.Flow-In.Ave.15Minutes.3Hours.MIXED-COMPUTED-REV,-1.34,3.35,-4.69,NEGATIVE
2025-07-26 17:00:00,DOR.Flow-In.Ave.15Minutes.3Hours.MIXED-COMPUTED-REV,-62.52,3.50,-66.02,NEGATIVE
2025-07-26 18:00:00,DOR.Flow-In.Ave.15Minutes.3Hours.MIXED-COMPUTED-REV,-62.50,3.50,-66.00,NEGATIVE
2025-07-26 19:00:00,DOR.Flow-In.Ave.15Minutes.3Hours.MIXED-COMPUTED-REV,-1.29,3.50,-4.78,NEGATIVE
2025-07-26 22:00:00,DOR.Flow-In.Ave.15Minutes.3Hours.MIXED-COMPUTED-REV,-10.64,3.50,-14.13,NEGATIVE
2025-07-27 00:00:00,DOR.Flow-In.Ave.15Minutes.3Hours.MIXED-COMPUTED-REV,-10.60,3.50,-14.10,NEGATIVE
2025-07-27 01:00:00,DOR.Flow-In.Ave.15Minutes.3Hours.MIXED-COMPUTED-REV,-1.17,3.50,-4.67,NEGATIVE
2025-07-27 02:00:00,DOR.Flow-In.Ave.15Minutes.3Hours.MIXED-COMPUTED-REV,-24.67,3.50,-28.17,NEGATIVE
2025-07-27 03:00:00,DOR.Flow-In.Ave.15Minutes.3Hours.MIXED-COMPUTED-REV,-36.38,3.35,-39.73,NEGATIVE
2025-07-27 04:00:00,DOR.Flow-In.Ave.15Minutes.3Hours.MIXED-COMPUTED-REV,-8.16,-1.04,-7.12,NEGATIVE
2025-07-27 08:00:00,DOR.Flow-In.Ave.15Minutes.3Hours.MIXED-COMPUTED-REV,-1.04,3.68,-4.72,NEGATIVE
2025-07-27 15:00:00,DOR.Flow-In.Ave.15Minutes.3Hours.MIXED-COMPUTED-REV,-3.27,-0.72,-2.55,NEGATIVE
2025-07-27 16:00:00,DOR.Flow-In.Ave.15Minutes.3Hours.MIXED-COMPUTED-REV,-38.44,3.68,-42.12,NEGATIVE
2025-07-27 17:00:00,DOR.Flow-In.Ave.15Minutes.3Hours.MIXED-COMPUTED-REV,-61.86,10.76,-72.62,NEGATIVE
2025-07-27 18:00:00,DOR.Flow-In.Ave.15Minutes.3Hours.MIXED-COMPUTED-REV,-10.25,10.76,-21.01,NEGATIVE
2025-07-27 22:00:00,DOR.Flow-In.Ave.15Minutes.3Hours.MIXED-COMPUTED-REV,-10.15,15.79,-25.95,NEGATIVE
2025-07-27 23:00:00,DOR.Flow-In.Ave.15Minutes.3Hours.MIXED-COMPUTED-REV,-38.27,10.76,-49.03,NEGATIVE
2025-07-28 00:00:00,DOR.Flow-In.Ave.15Minutes.3Hours.MIXED-COMPUTED-REV,-28.87,1.73,-30.61,NEGATIVE
2025-07-28 01:00:00,DOR.Flow-In.Ave.15Minutes.3Hours.MIXED-COMPUTED-REV,-0.72,1.73,-2.45,NEGATIVE
2025-07-28 02:00:00,DOR.Flow-In.Ave.15Minutes.3Hours.MIXED-COMPUTED-REV,-12.39,1.73,-14.13,NEGATIVE
2025-07-28 03:00:00,DOR.Flow-In.Ave.15Minutes.3Hours.MIXED-COMPUTED-REV,-7.70,1.73,-9.43,NEGATIVE
2025-07-28 11:00:00,DOR.Flow-In.Ave.15Minutes.3Hours.MIXED-COMPUTED-REV,-2.84,1.73,-4.58,NEGATIVE
2025-07-28 12:00:00,DOR.Flow-In.Ave.15Minutes.3Hours.MIXED-COMPUTED-REV,-54.26,4.35,-58.60,NEGATIVE
2025-07-28 16:00:00,DOR.Flow-In.Ave.15Minutes.3Hours.MIXED-COMPUTED-REV,-33.19,8.84,-42.02,NEGATIVE
2025-07-28 17:00:00,DOR.Flow-In.Ave.15Minutes.3Hours.MIXED-COMPUTED-REV,-23.81,8.84,-32.65,NEGATIVE
2025-07-28 18:00:00,DOR.Flow-In.Ave.15Minutes.3Hours.MIXED-COMPUTED-REV,-12.10,6.82,-18.92,NEGATIVE
2025-07-28 21:00:00,DOR.Flow-In.Ave.15Minutes.3Hours.MIXED-COMPUTED-REV,-42.33,6.82,-49.15,NEGATIVE
2025-07-28 22:00:00,DOR.Flow-In.Ave.15Minutes.3Hours.MIXED-COMPUTED-REV,-26.00,6.82,-32.82,NEGATIVE
2025-07-29 02:00:00,DOR.Flow-In.Ave.15Minutes.3Hours.MIXED-COMPUTED-REV,-16.60,4.35,-20.95,NEGATIVE
2025-07-29 03:00:00,DOR.Flow-In.Ave.15Minutes.3Hours.MIXED-COMPUTED-REV,-21.24,4.35,-25.59,NEGATIVE
2025-07-29 07:00:00,DOR.Flow-In.Ave.15Minutes.3Hours.MIXED-COMPUTED-REV,-11.80,4.35,-16.15,NEGATIVE
2025-07-29 12:00:00,DOR.Flow-In.Ave.15Minutes.3Hours.MIXED-COMPUTED-REV,-7.07,2.11,-9.17,NEGATIVE
2025-07-29 13:00:00,DOR.Flow-In.Ave.15Minutes.3Hours.MIXED-COMPUTED-REV,-2.40,2.11,-4.51,NEGATIVE
2025-07-29 14:00:00,DOR.Flow-In.Ave.15Minutes.3Hours.MIXED-COMPUTED-REV,-16.37,2.11,-18.48,NEGATIVE
2025-07-29 17:00:00,DOR.Flow-In.Ave.15Minutes.3Hours.MIXED-COMPUTED-REV,-27.91,6.82,-34.73,NEGATIVE
2025-07-29 18:00:00,DOR.Flow-In.Ave.15Minutes.3Hours.MIXED-COMPUTED-REV,-16.27,6.82,-23.09,NEGATIVE
2025-07-29 19:00:00,DOR.Flow-In.Ave.15Minutes.3Hours.MIXED-COMPUTED-REV,-4.62,11.50,-16.12,NEGATIVE
2025-07-29 22:00:00,DOR.Flow-In.Ave.15Minutes.3Hours.MIXED-COMPUTED-REV,-39.41,11.90,-51.31,NEGATIVE
2025-07-29 23:00:00,DOR.Flow-In.Ave.15Minutes.3Hours.MIXED-COMPUTED-REV,-39.39,11.90,-51.29,NEGATIVE
2025-07-30 00:00:00,DOR.Flow-In.Ave.15Minutes.3Hours.MIXED-COMPUTED-REV,-6.84,11.90,-18.74,NEGATIVE
2025-07-30 03:00:00,DOR.Flow-In.Ave.15Minutes.3Hours.MIXED-COMPUTED-REV,-34.20,11.90,-46.10,NEGATIVE
2025-07-30 04:00:00,DOR.Flow-In.Ave.15Minutes.3Hours.MIXED-COMPUTED-REV,-56.95,11.90,-68.85,NEGATIVE
2025-07-30 13:00:00,DOR.Flow-In.Ave.15Minutes.3Hours.MIXED-COMPUTED-REV,-16.29,11.98,-28.27,NEGATIVE
2025-07-30 19:00:00,DOR.Flow-In.Ave.15Minutes.3Hours.MIXED-COMPUTED-REV,-5.72,11.58,-17.31,NEGATIVE
2025-07-30 23:00:00,DOR.Flow-In.Ave.15Minutes.3Hours.MIXED-COMPUTED-REV,-29.96,10.01,-39.97,NEGATIVE
2025-07-31 00:00:00,DOR.Flow-In.Ave.15Minutes.3Hours.MIXED-COMPUTED-REV,-36.55,3.33,-39.88,NEGATIVE
2025-07-31 01:00:00,DOR.Flow-In.Ave.15Minutes.3Hours.MIXED-COMPUTED-REV,-14.45,3.33,-17.79,NEGATIVE
2025-07-31 02:00:00,DOR.Flow-In.Ave.15Minutes.3Hours.MIXED-COMPUTED-REV,-3.39,7.85,-11.25,NEGATIVE
2025-07-31 04:00:00,DOR.Flow-In.Ave.15Minutes.3Hours.MIXED-COMPUTED-REV,-5.54,7.85,-13.39,NEGATIVE
2025-07-31 05:00:00,DOR.Flow-In.Ave.15Minutes.3Hours.MIXED-COMPUTED-REV,-36.39,7.85,-44.24,NEGATIVE
2025-07-31 11:00:00,DOR.Flow-In.Ave.15Minutes.3Hours.MIXED-COMPUTED-REV,-9.85,7.85,-17.70,NEGATIVE
2025-07-31 12:00:00,DOR.Flow-In.Ave.15Minutes.3Hours.MIXED-COMPUTED-REV,-12.04,7.85,-19.90,NEGATIVE
2025-07-31 19:00:00,DOR.Flow-In.Ave.15Minutes.3Hours.MIXED-COMPUTED-REV,-31.69,16.90,-48.59,NEGATIVE
2025-07-31 20:00:00,DOR.Flow-In.Ave.15Minutes.3Hours.MIXED-COMPUTED-REV,-66.90,16.90,-83.80,NEGATIVE
2025-08-01 00:00:00,DOR.Flow-In.Ave.15Minutes.3Hours.MIXED-COMPUTED-REV,-20.58,10.13,-30.71,NEGATIVE
2025-08-01 01:00:00,DOR.Flow-In.Ave.15Minutes.3Hours.MIXED-COMPUTED-REV,-66.73,16.90,-83.63,NEGATIVE
2025-08-01 02:00:00,DOR.Flow-In.Ave.15Minutes.3Hours.MIXED-COMPUTED-REV,-13.94,16.90,-30.84,NEGATIVE
2025-08-01 10:00:00,DOR.Flow-In.Ave.15Minutes.3Hours.MIXED-COMPUTED-REV,-26.97,16.90,-43.87,NEGATIVE
2025-08-01 11:00:00,DOR.Flow-In.Ave.15Minutes.3Hours.MIXED-COMPUTED-REV,-31.35,10.59,-41.94,NEGATIVE
2025-08-01 12:00:00,DOR.Flow-In.Ave.15Minutes.3Hours.MIXED-COMPUTED-REV,-15.96,10.59,-26.55,NEGATIVE
2025-08-01 15:00:00,DOR.Flow-In.Ave.15Minutes.3Hours.MIXED-COMPUTED-REV,-20.24,10.59,-30.83,NEGATIVE
2025-08-01 16:00:00,DOR.Flow-In.Ave.15Minutes.3Hours.MIXED-COMPUTED-REV,-55.33,10.59,-65.91,NEGATIVE
2025-08-01 20:00:00,DOR.Flow-In.Ave.15Minutes.3Hours.MIXED-COMPUTED-REV,-13.60,10.59,-24.19,NEGATIVE
2025-08-01 21:00:00,DOR.Flow-In.Ave.15Minutes.3Hours.MIXED-COMPUTED-REV,-4.81,10.59,-15.39,NEGATIVE
2025-08-01 22:00:00,DOR.Flow-In.Ave.15Minutes.3Hours.MIXED-COMPUTED-REV,-2.60,1.95,-4.55,NEGATIVE
2025-08-02 01:00:00,DOR.Flow-In.Ave.15Minutes.3Hours.MIXED-COMPUTED-REV,-63.84,14.99,-78.83,NEGATIVE
2025-08-02 02:00:00,DOR.Flow-In.Ave.15Minutes.3Hours.MIXED-COMPUTED-REV,-39.74,10.59,-50.33,NEGATIVE
2025-08-02 03:00:00,DOR.Flow-In.Ave.15Minutes.3Hours.MIXED-COMPUTED-REV,-17.84,4.28,-22.12,NEGATIVE
2025-08-02 10:00:00,DOR.Flow-In.Ave.15Minutes.3Hours.MIXED-COMPUTED-REV,-2.38,4.35,-6.73,NEGATIVE
2025-08-02 11:00:00,DOR.Flow-In.Ave.15Minutes.3Hours.MIXED-COMPUTED-REV,-13.31,4.35,-17.66,NEGATIVE
2025-08-02 15:00:00,DOR.Flow-In.Ave.15Minutes.3Hours.MIXED-COMPUTED-REV,-52.53,4.35,-56.88,NEGATIVE
2025-08-02 16:00:00,DOR.Flow-In.Ave.15Minutes.3Hours.MIXED-COMPUTED-REV,-4.44,6.65,-11.10,NEGATIVE
2025-08-02 20:00:00,DOR.Flow-In.Ave.15Minutes.3Hours.MIXED-COMPUTED-REV,-8.75,8.86,-17.61,NEGATIVE
2025-08-02 21:00:00,DOR.Flow-In.Ave.15Minutes.3Hours.MIXED-COMPUTED-REV,-6.56,8.86,-15.42,NEGATIVE
2025-08-02 23:00:00,DOR.Flow-In.Ave.15Minutes.3Hours.MIXED-COMPUTED-REV,-2.14,6.65,-8.79,NEGATIVE
2025-08-03 00:00:00,DOR.Flow-In.Ave.15Minutes.3Hours.MIXED-COMPUTED-REV,-21.78,8.86,-30.63,NEGATIVE
2025-08-03 01:00:00,DOR.Flow-In.Ave.15Minutes.3Hours.MIXED-COMPUTED-REV,-6.47,6.65,-13.12,NEGATIVE
2025-08-03 13:00:00,DOR.Flow-In.Ave.15Minutes.3Hours.MIXED-COMPUTED-REV,-49.73,7.03,-56.76,NEGATIVE
2025-08-03 14:00:00,DOR.Flow-In.Ave.15Minutes.3Hours.MIXED-COMPUTED-REV,-17.07,7.03,-24.10,NEGATIVE
2025-08-03 17:00:00,DOR.Flow-In.Ave.15Minutes.3Hours.MIXED-COMPUTED-REV,-14.82,7.10,-21.92,NEGATIVE
2025-08-03 18:00:00,DOR.Flow-In.Ave.15Minutes.3Hours.MIXED-COMPUTED-REV,-58.33,7.03,-65.36,NEGATIVE
2025-08-03 19:00:00,DOR.Flow-In.Ave.15Minutes.3Hours.MIXED-COMPUTED-REV,-6.12,4.63,-10.74,NEGATIVE
2025-08-03 22:00:00,DOR.Flow-In.Ave.15Minutes.3Hours.MIXED-COMPUTED-REV,-43.00,4.63,-47.63,NEGATIVE
2025-08-03 23:00:00,DOR.Flow-In.Ave.15Minutes.3Hours.MIXED-COMPUTED-REV,-6.03,4.63,-10.66,NEGATIVE
2025-08-04 02:00:00,DOR.Flow-In.Ave.15Minutes.3Hours.MIXED-COMPUTED-REV,-32.00,7.03,-39.03,NEGATIVE
2025-08-04 06:00:00,DOR.Flow-In.Ave.15Minutes.3Hours.MIXED-COMPUTED-REV,-25.41,13.76,-39.17,NEGATIVE
2025-08-04 07:00:00,DOR.Flow-In.Ave.15Minutes.3Hours.MIXED-COMPUTED-REV,-5.86,13.76,-19.62,NEGATIVE
2025-08-04 11:00:00,DOR.Flow-In.Ave.15Minutes.3Hours.MIXED-COMPUTED-REV,-14.48,13.76,-28.24,NEGATIVE
2025-08-04 19:00:00,DOR.Flow-In.Ave.15Minutes.3Hours.MIXED-COMPUTED-REV,-7.82,13.76,-21.58,NEGATIVE
2025-08-04 20:00:00,DOR.Flow-In.Ave.15Minutes.3Hours.MIXED-COMPUTED-REV,-1.30,13.76,-15.06,NEGATIVE
2025-08-04 23:00:00,DOR.Flow-In.Ave.15Minutes.3Hours.MIXED-COMPUTED-REV,-1.24,11.93,-13.16,NEGATIVE
2025-08-05 00:00:00,DOR.Flow-In.Ave.15Minutes.3Hours.MIXED-COMPUTED-REV,-3.40,11.93,-15.32,NEGATIVE
2025-08-05 03:00:00,DOR.Flow-In.Ave.15Minutes.3Hours.MIXED-COMPUTED-REV,-3.33,11.93,-15.26,NEGATIVE
2025-08-05 04:00:00,DOR.Flow-In.Ave.15Minutes.3Hours.MIXED-COMPUTED-REV,-5.48,13.88,-19.36,NEGATIVE
2025-08-05 12:00:00,DOR.Flow-In.Ave.15Minutes.3Hours.MIXED-COMPUTED-REV,-22.62,11.81,-34.42,NEGATIVE
2025-08-05 19:00:00,DOR.Flow-In.Ave.15Minutes.3Hours.MIXED-COMPUTED-REV,-7.36,9.99,-17.35,NEGATIVE
2025-08-06 02:00:00,DOR.Flow-In.Ave.15Minutes.3Hours.MIXED-COMPUTED-REV,-7.22,7.50,-14.72,NEGATIVE
2025-08-06 03:00:00,DOR.Flow-In.Ave.15Minutes.3Hours.MIXED-COMPUTED-REV,-28.76,7.50,-36.27,NEGATIVE
2025-08-06 04:00:00,DOR.Flow-In.Ave.15Minutes.3Hours.MIXED-COMPUTED-REV,-7.54,6.64,-14.17,NEGATIVE
2025-08-06 12:00:00,DOR.Flow-In.Ave.15Minutes.3Hours.MIXED-COMPUTED-REV,-10.18,6.40,-16.58,NEGATIVE
2025-08-06 13:00:00,DOR.Flow-In.Ave.15Minutes.3Hours.MIXED-COMPUTED-REV,-1.32,6.35,-7.66,NEGATIVE
2025-08-06 16:00:00,DOR.Flow-In.Ave.15Minutes.3Hours.MIXED-COMPUTED-REV,-5.57,7.35,-12.92,NEGATIVE
2025-08-06 20:00:00,DOR.Flow-In.Ave.15Minutes.3Hours.MIXED-COMPUTED-REV,-6.14,7.35,-13.50,NEGATIVE
2025-08-06 21:00:00,DOR.Flow-In.Ave.15Minutes.3Hours.MIXED-COMPUTED-REV,-2.44,6.40,-8.84,NEGATIVE
2025-08-07 01:00:00,DOR.Flow-In.Ave.15Minutes.3Hours.MIXED-COMPUTED-REV,-24.47,3.53,-28.00,NEGATIVE
2025-08-07 05:00:00,DOR.Flow-In.Ave.15Minutes.3Hours.MIXED-COMPUTED-REV,-64.08,6.35,-70.43,NEGATIVE
2025-08-07 06:00:00,DOR.Flow-In.Ave.15Minutes.3Hours.MIXED-COMPUTED-REV,-17.78,6.35,-24.13,NEGATIVE
2025-08-07 09:00:00,DOR.Flow-In.Ave.15Minutes.3Hours.MIXED-COMPUTED-REV,-17.68,6.35,-24.03,NEGATIVE
2025-08-07 10:00:00,DOR.Flow-In.Ave.15Minutes.3Hours.MIXED-COMPUTED-REV,-19.90,6.35,-26.24,NEGATIVE
2025-08-07 11:00:00,DOR.Flow-In.Ave.15Minutes.3Hours.MIXED-COMPUTED-REV,-11.09,6.40,-17.49,NEGATIVE
2025-08-07 13:00:00,DOR.Flow-In.Ave.15Minutes.3Hours.MIXED-COMPUTED-REV,-8.80,24.27,-33.07,NEGATIVE
2025-08-07 14:00:00,DOR.Flow-In.Ave.15Minutes.3Hours.MIXED-COMPUTED-REV,-48.43,24.27,-72.70,NEGATIVE
2025-08-07 18:00:00,DOR.Flow-In.Ave.15Minutes.3Hours.MIXED-COMPUTED-REV,-43.90,6.81,-50.71,NEGATIVE
2025-08-07 19:00:00,DOR.Flow-In.Ave.15Minutes.3Hours.MIXED-COMPUTED-REV,-4.33,17.82,-22.15,NEGATIVE
2025-08-07 22:00:00,DOR.Flow-In.Ave.15Minutes.3Hours.MIXED-COMPUTED-REV,-30.59,17.82,-48.41,NEGATIVE
2025-08-08 03:00:00,DOR.Flow-In.Ave.15Minutes.3Hours.MIXED-COMPUTED-REV,-6.40,17.82,-24.21,NEGATIVE
2025-08-08 11:00:00,DOR.Flow-In.Ave.15Minutes.3Hours.MIXED-COMPUTED-REV,-34.77,11.31,-46.08,NEGATIVE
2025-08-08 12:00:00,DOR.Flow-In.Ave.15Minutes.3Hours.MIXED-COMPUTED-REV,-8.43,9.18,-17.62,NEGATIVE
2025-08-08 22:00:00,DOR.Flow-In.Ave.15Minutes.3Hours.MIXED-COMPUTED-REV,-25.77,7.04,-32.81,NEGATIVE
2025-08-08 23:00:00,DOR.Flow-In.Ave.15Minutes.3Hours.MIXED-COMPUTED-REV,-47.66,7.01,-54.67,NEGATIVE
2025-08-09 00:00:00,DOR.Flow-In.Ave.15Minutes.3Hours.MIXED-COMPUTED-REV,-27.92,7.01,-34.92,NEGATIVE
2025-08-09 03:00:00,DOR.Flow-In.Ave.15Minutes.3Hours.MIXED-COMPUTED-REV,-8.12,7.04,-15.16,NEGATIVE
2025-08-09 07:00:00,DOR.Flow-In.Ave.15Minutes.3Hours.MIXED-COMPUTED-REV,-23.36,7.35,-30.71,NEGATIVE
2025-08-09 11:00:00,DOR.Flow-In.Ave.15Minutes.3Hours.MIXED-COMPUTED-REV,-5.79,3.11,-8.90,NEGATIVE
2025-08-09 12:00:00,DOR.Flow-In.Ave.15Minutes.3Hours.MIXED-COMPUTED-REV,-1.41,3.11,-4.52,NEGATIVE
2025-08-09 15:00:00,DOR.Flow-In.Ave.15Minutes.3Hours.MIXED-COMPUTED-REV,-7.89,3.11,-11.01,NEGATIVE
2025-08-09 16:00:00,DOR.Flow-In.Ave.15Minutes.3Hours.MIXED-COMPUTED-REV,-36.28,3.11,-39.39,NEGATIVE
2025-08-09 17:00:00,DOR.Flow-In.Ave.15Minutes.3Hours.MIXED-COMPUTED-REV,-1.32,3.11,-4.44,NEGATIVE
2025-08-09 20:00:00,DOR.Flow-In.Ave.15Minutes.3Hours.MIXED-COMPUTED-REV,-36.14,5.46,-41.60,NEGATIVE
2025-08-10 00:00:00,DOR.Flow-In.Ave.15Minutes.3Hours.MIXED-COMPUTED-REV,-86.18,7.73,-93.91,NEGATIVE
2025-08-10 01:00:00,DOR.Flow-In.Ave.15Minutes.3Hours.MIXED-COMPUTED-REV,-20.78,7.73,-28.51,NEGATIVE
2025-08-10 04:00:00,DOR.Flow-In.Ave.15Minutes.3Hours.MIXED-COMPUTED-REV,-9.81,5.46,-15.27,NEGATIVE
2025-08-10 13:00:00,DOR.Flow-In.Ave.15Minutes.3Hours.MIXED-COMPUTED-REV,-9.67,9.86,-19.53,NEGATIVE
2025-08-10 14:00:00,DOR.Flow-In.Ave.15Minutes.3Hours.MIXED-COMPUTED-REV,-0.95,9.86,-10.81,NEGATIVE
2025-08-10 15:00:00,DOR.Flow-In.Ave.15Minutes.3Hours.MIXED-COMPUTED-REV,-0.92,7.73,-8.65,NEGATIVE
2025-08-10 16:00:00,DOR.Flow-In.Ave.15Minutes.3Hours.MIXED-COMPUTED-REV,-26.99,5.46,-32.46,NEGATIVE
2025-08-10 17:00:00,DOR.Flow-In.Ave.15Minutes.3Hours.MIXED-COMPUTED-REV,-3.06,7.73,-10.79,NEGATIVE
2025-08-10 23:00:00,DOR.Flow-In.Ave.15Minutes.3Hours.MIXED-COMPUTED-REV,-2.97,7.73,-10.70,NEGATIVE
2025-08-11 00:00:00,DOR.Flow-In.Ave.15Minutes.3Hours.MIXED-COMPUTED-REV,-13.81,-0.92,-12.89,NEGATIVE
2025-08-11 01:00:00,DOR.Flow-In.Ave.15Minutes.3Hours.MIXED-COMPUTED-REV,-11.62,-0.92,-10.70,NEGATIVE
2025-08-11 02:00:00,DOR.Flow-In.Ave.15Minutes.3Hours.MIXED-COMPUTED-REV,-7.25,10.18,-17.43,NEGATIVE
2025-08-11 03:00:00,DOR.Flow-In.Ave.15Minutes.3Hours.MIXED-COMPUTED-REV,-20.22,12.47,-32.69,NEGATIVE
2025-08-11 04:00:00,DOR.Flow-In.Ave.15Minutes.3Hours.MIXED-COMPUTED-REV,-48.41,12.47,-60.88,NEGATIVE
2025-08-11 11:00:00,DOR.Flow-In.Ave.15Minutes.3Hours.MIXED-COMPUTED-REV,-52.54,-0.48,-52.05,NEGATIVE
2025-08-11 12:00:00,DOR.Flow-In.Ave.15Minutes.3Hours.MIXED-COMPUTED-REV,-20.04,-0.48,-19.56,NEGATIVE
2025-08-11 16:00:00,DOR.Flow-In.Ave.15Minutes.3Hours.MIXED-COMPUTED-REV,-6.99,8.38,-15.37,NEGATIVE
2025-08-11 17:00:00,DOR.Flow-In.Ave.15Minutes.3Hours.MIXED-COMPUTED-REV,-0.48,10.18,-10.66,NEGATIVE
2025-08-11 20:00:00,DOR.Flow-In.Ave.15Minutes.3Hours.MIXED-COMPUTED-REV,-4.75,10.56,-15.31,NEGATIVE
2025-08-11 21:00:00,DOR.Flow-In.Ave.15Minutes.3Hours.MIXED-COMPUTED-REV,-2.57,8.38,-10.95,NEGATIVE
2025-08-11 23:00:00,DOR.Flow-In.Ave.15Minutes.3Hours.MIXED-COMPUTED-REV,-47.93,6.29,-54.22,NEGATIVE
2025-08-12 00:00:00,DOR.Flow-In.Ave.15Minutes.3Hours.MIXED-COMPUTED-REV,-13.32,8.21,-21.53,NEGATIVE
2025-08-12 10:00:00,DOR.Flow-In.Ave.15Minutes.3Hours.MIXED-COMPUTED-REV,-8.80,6.29,-15.09,NEGATIVE
2025-08-12 11:00:00,DOR.Flow-In.Ave.15Minutes.3Hours.MIXED-COMPUTED-REV,-19.58,6.29,-25.87,NEGATIVE
2025-08-12 15:00:00,DOR.Flow-In.Ave.15Minutes.3Hours.MIXED-COMPUTED-REV,-51.38,8.46,-59.84,NEGATIVE
2025-08-12 16:00:00,DOR.Flow-In.Ave.15Minutes.3Hours.MIXED-COMPUTED-REV,-6.42,8.46,-14.88,NEGATIVE
2025-08-12 18:00:00,DOR.Flow-In.Ave.15Minutes.3Hours.MIXED-COMPUTED-REV,-8.20,11.63,-19.84,NEGATIVE
2025-08-12 19:00:00,DOR.Flow-In.Ave.15Minutes.3Hours.MIXED-COMPUTED-REV,-27.71,11.63,-39.34,NEGATIVE
2025-08-12 23:00:00,DOR.Flow-In.Ave.15Minutes.3Hours.MIXED-COMPUTED-REV,-39.53,12.82,-52.34,NEGATIVE
2025-08-13 00:00:00,DOR.Flow-In.Ave.15Minutes.3Hours.MIXED-COMPUTED-REV,-17.06,13.06,-30.12,NEGATIVE
2025-08-13 10:00:00,DOR.Flow-In.Ave.15Minutes.3Hours.MIXED-COMPUTED-REV,-2.56,13.06,-15.62,NEGATIVE
2025-08-13 14:00:00,DOR.Flow-In.Ave.15Minutes.3Hours.MIXED-COMPUTED-REV,-10.62,13.52,-24.14,NEGATIVE
2025-08-13 15:00:00,DOR.Flow-In.Ave.15Minutes.3Hours.MIXED-COMPUTED-REV,-31.00,13.06,-44.05,NEGATIVE
2025-08-13 16:00:00,DOR.Flow-In.Ave.15Minutes.3Hours.MIXED-COMPUTED-REV,-0.44,11.92,-12.36,NEGATIVE
2025-08-13 19:00:00,DOR.Flow-In.Ave.15Minutes.3Hours.MIXED-COMPUTED-REV,-14.64,11.92,-26.56,NEGATIVE
2025-08-13 20:00:00,DOR.Flow-In.Ave.15Minutes.3Hours.MIXED-COMPUTED-REV,-20.73,5.86,-26.59,NEGATIVE
2025-08-13 21:00:00,DOR.Flow-In.Ave.15Minutes.3Hours.MIXED-COMPUTED-REV,-0.34,5.86,-6.20,NEGATIVE
2025-08-13 22:00:00,DOR.Flow-In.Ave.15Minutes.3Hours.MIXED-COMPUTED-REV,-4.39,5.86,-10.25,NEGATIVE
2025-08-14 03:00:00,DOR.Flow-In.Ave.15Minutes.3Hours.MIXED-COMPUTED-REV,-2.26,11.92,-14.18,NEGATIVE
2025-08-14 07:00:00,DOR.Flow-In.Ave.15Minutes.3Hours.MIXED-COMPUTED-REV,-8.28,6.10,-14.37,NEGATIVE
2025-08-14 08:00:00,DOR.Flow-In.Ave.15Minutes.3Hours.MIXED-COMPUTED-REV,-6.23,6.10,-12.33,NEGATIVE
2025-08-14 12:00:00,DOR.Flow-In.Ave.15Minutes.3Hours.MIXED-COMPUTED-REV,-42.67,6.12,-48.78,NEGATIVE
2025-08-14 20:00:00,DOR.Flow-In.Ave.15Minutes.3Hours.MIXED-COMPUTED-REV,-1.97,6.12,-8.08,NEGATIVE
2025-08-15 00:00:00,DOR.Flow-In.Ave.15Minutes.3Hours.MIXED-COMPUTED-REV,-10.01,6.12,-16.12,NEGATIVE
2025-08-15 01:00:00,DOR.Flow-In.Ave.15Minutes.3Hours.MIXED-COMPUTED-REV,-7.96,6.12,-14.08,NEGATIVE
2025-08-15 03:00:00,DOR.Flow-In.Ave.15Minutes.3Hours.MIXED-COMPUTED-REV,-28.14,6.10,-34.24,NEGATIVE
2025-08-15 04:00:00,DOR.Flow-In.Ave.15Minutes.3Hours.MIXED-COMPUTED-REV,-52.41,6.10,-58.50,NEGATIVE
2025-08-15 08:00:00,DOR.Flow-In.Ave.15Minutes.3Hours.MIXED-COMPUTED-REV,-17.93,12.56,-30.49,NEGATIVE
2025-08-15 12:00:00,DOR.Flow-In.Ave.15Minutes.3Hours.MIXED-COMPUTED-REV,-7.72,8.33,-16.04,NEGATIVE
2025-08-15 13:00:00,DOR.Flow-In.Ave.15Minutes.3Hours.MIXED-COMPUTED-REV,-5.70,8.33,-14.02,NEGATIVE
2025-08-15 14:00:00,DOR.Flow-In.Ave.15Minutes.3Hours.MIXED-COMPUTED-REV,-1.65,12.56,-14.21,NEGATIVE
2025-08-15 20:00:00,DOR.Flow-In.Ave.15Minutes.3Hours.MIXED-COMPUTED-REV,-3.56,12.57,-16.13,NEGATIVE
2025-08-15 21:00:00,DOR.Flow-In.Ave.15Minutes.3Hours.MIXED-COMPUTED-REV,-15.66,12.71,-28.36,NEGATIVE
2025-08-15 22:00:00,DOR.Flow-In.Ave.15Minutes.3Hours.MIXED-COMPUTED-REV,-23.72,12.57,-36.30,NEGATIVE
2025-08-16 01:00:00,DOR.Flow-In.Ave.15Minutes.3Hours.MIXED-COMPUTED-REV,-1.42,12.71,-14.13,NEGATIVE
2025-08-16 05:00:00,DOR.Flow-In.Ave.15Minutes.3Hours.MIXED-COMPUTED-REV,-37.63,16.75,-54.38,NEGATIVE
2025-08-16 06:00:00,DOR.Flow-In.Ave.15Minutes.3Hours.MIXED-COMPUTED-REV,-21.50,16.81,-38.31,NEGATIVE
2025-08-16 10:00:00,DOR.Flow-In.Ave.15Minutes.3Hours.MIXED-COMPUTED-REV,-23.43,18.87,-42.31,NEGATIVE
2025-08-16 19:00:00,DOR.Flow-In.Ave.15Minutes.3Hours.MIXED-COMPUTED-REV,-4.80,21.09,-25.89,NEGATIVE
2025-08-16 23:00:00,DOR.Flow-In.Ave.15Minutes.3Hours.MIXED-COMPUTED-REV,-1.11,20.40,-21.51,NEGATIVE
2025-08-17 09:00:00,DOR.Flow-In.Ave.15Minutes.3Hours.MIXED-COMPUTED-REV,-4.56,25.63,-30.19,NEGATIVE
2025-08-17 23:00:00,DOR.Flow-In.Ave.15Minutes.3Hours.MIXED-COMPUTED-REV,-6.18,31.68,-37.86,NEGATIVE
2025-08-18 00:00:00,DOR.Flow-In.Ave.15Minutes.3Hours.MIXED-COMPUTED-REV,-14.20,28.00,-42.20,NEGATIVE
2025-08-18 13:00:00,DOR.Flow-In.Ave.15Minutes.3Hours.MIXED-COMPUTED-REV,-3.99,25.97,-29.96,NEGATIVE
2025-08-18 19:00:00,DOR.Flow-In.Ave.15Minutes.3Hours.MIXED-COMPUTED-REV,-1.88,20.18,-22.06,NEGATIVE
2025-08-19 01:00:00,DOR.Flow-In.Ave.15Minutes.3Hours.MIXED-COMPUTED-REV,-25.76,20.30,-46.06,NEGATIVE
2025-08-19 05:00:00,DOR.Flow-In.Ave.15Minutes.3Hours.MIXED-COMPUTED-REV,-21.67,20.30,-41.97,NEGATIVE
2025-08-19 15:00:00,DOR.Flow-In.Ave.15Minutes.3Hours.MIXED-COMPUTED-REV,-7.58,20.35,-27.93,NEGATIVE
2025-08-19 23:00:00,DOR.Flow-In.Ave.15Minutes.3Hours.MIXED-COMPUTED-REV,-52.01,13.73,-65.73,NEGATIVE
2025-08-20 00:00:00,DOR.Flow-In.Ave.15Minutes.3Hours.MIXED-COMPUTED-REV,-27.04,13.67,-40.72,NEGATIVE
2025-08-20 01:00:00,DOR.Flow-In.Ave.15Minutes.3Hours.MIXED-COMPUTED-REV,-12.03,11.44,-23.48,NEGATIVE
2025-08-20 12:00:00,DOR.Flow-In.Ave.15Minutes.3Hours.MIXED-COMPUTED-REV,-10.56,9.33,-19.89,NEGATIVE
2025-08-20 13:00:00,DOR.Flow-In.Ave.15Minutes.3Hours.MIXED-COMPUTED-REV,-17.18,9.33,-26.51,NEGATIVE
2025-08-20 17:00:00,DOR.Flow-In.Ave.15Minutes.3Hours.MIXED-COMPUTED-REV,-70.04,9.27,-79.32,NEGATIVE
2025-08-20 18:00:00,DOR.Flow-In.Ave.15Minutes.3Hours.MIXED-COMPUTED-REV,-41.35,9.27,-50.62,NEGATIVE
2025-08-20 22:00:00,DOR.Flow-In.Ave.15Minutes.3Hours.MIXED-COMPUTED-REV,-35.51,0.53,-36.04,NEGATIVE
2025-08-20 23:00:00,DOR.Flow-In.Ave.15Minutes.3Hours.MIXED-COMPUTED-REV,-30.01,0.53,-30.54,NEGATIVE
2025-08-21 00:00:00,DOR.Flow-In.Ave.15Minutes.3Hours.MIXED-COMPUTED-REV,-24.73,0.53,-25.26,NEGATIVE
2025-08-21 01:00:00,DOR.Flow-In.Ave.15Minutes.3Hours.MIXED-COMPUTED-REV,-2.39,0.53,-2.92,NEGATIVE
2025-08-21 02:00:00,DOR.Flow-In.Ave.15Minutes.3Hours.MIXED-COMPUTED-REV,-17.81,0.53,-18.34,NEGATIVE
2025-08-21 03:00:00,DOR.Flow-In.Ave.15Minutes.3Hours.MIXED-COMPUTED-REV,-17.78,4.35,-22.13,NEGATIVE
2025-08-21 08:00:00,DOR.Flow-In.Ave.15Minutes.3Hours.MIXED-COMPUTED-REV,-61.70,4.35,-66.05,NEGATIVE
2025-08-21 09:00:00,DOR.Flow-In.Ave.15Minutes.3Hours.MIXED-COMPUTED-REV,-15.46,4.35,-19.81,NEGATIVE
2025-08-21 13:00:00,DOR.Flow-In.Ave.15Minutes.3Hours.MIXED-COMPUTED-REV,-10.98,2.31,-13.29,NEGATIVE
2025-08-21 14:00:00,DOR.Flow-In.Ave.15Minutes.3Hours.MIXED-COMPUTED-REV,-2.16,2.31,-4.46,NEGATIVE
2025-08-21 22:00:00,DOR.Flow-In.Ave.15Minutes.3Hours.MIXED-COMPUTED-REV,-26.17,2.31,-28.48,NEGATIVE
2025-08-21 23:00:00,DOR.Flow-In.Ave.15Minutes.3Hours.MIXED-COMPUTED-REV,-15.17,2.31,-17.48,NEGATIVE
2025-08-22 00:00:00,DOR.Flow-In.Ave.15Minutes.3Hours.MIXED-COMPUTED-REV,-23.93,2.31,-26.24,NEGATIVE
2025-08-22 01:00:00,DOR.Flow-In.Ave.15Minutes.3Hours.MIXED-COMPUTED-REV,-17.31,0.13,-17.44,NEGATIVE
2025-08-22 02:00:00,DOR.Flow-In.Ave.15Minutes.3Hours.MIXED-COMPUTED-REV,-50.22,2.31,-52.52,NEGATIVE
2025-08-22 03:00:00,DOR.Flow-In.Ave.15Minutes.3Hours.MIXED-COMPUTED-REV,-72.06,2.73,-74.79,NEGATIVE
2025-08-22 08:00:00,DOR.Flow-In.Ave.15Minutes.3Hours.MIXED-COMPUTED-REV,-28.08,-1.70,-26.39,NEGATIVE
2025-08-22 09:00:00,DOR.Flow-In.Ave.15Minutes.3Hours.MIXED-COMPUTED-REV,-32.48,-1.70,-30.78,NEGATIVE
2025-08-22 10:00:00,DOR.Flow-In.Ave.15Minutes.3Hours.MIXED-COMPUTED-REV,-17.12,-1.70,-15.42,NEGATIVE
2025-08-22 13:00:00,DOR.Flow-In.Ave.15Minutes.3Hours.MIXED-COMPUTED-REV,-1.70,-1.70,0.00,NEGATIVE
2025-08-22 16:00:00,DOR.Flow-In.Ave.15Minutes.3Hours.MIXED-COMPUTED-REV,-3.83,-1.43,-2.39,NEGATIVE
2025-08-22 17:00:00,DOR.Flow-In.Ave.15Minutes.3Hours.MIXED-COMPUTED-REV,-41.03,-1.43,-39.59,NEGATIVE
2025-08-22 18:00:00,DOR.Flow-In.Ave.15Minutes.3Hours.MIXED-COMPUTED-REV,-40.98,-1.43,-39.55,NEGATIVE
2025-08-22 22:00:00,DOR.Flow-In.Ave.15Minutes.3Hours.MIXED-COMPUTED-REV,-1.52,-1.52,0.00,NEGATIVE
2025-08-22 23:00:00,DOR.Flow-In.Ave.15Minutes.3Hours.MIXED-COMPUTED-REV,-16.82,-1.43,-15.38,NEGATIVE
2025-08-23 00:00:00,DOR.Flow-In.Ave.15Minutes.3Hours.MIXED-COMPUTED-REV,-23.36,-1.43,-21.92,NEGATIVE
2025-08-23 01:00:00,DOR.Flow-In.Ave.15Minutes.3Hours.MIXED-COMPUTED-REV,-18.95,-1.43,-17.52,NEGATIVE
2025-08-23 02:00:00,DOR.Flow-In.Ave.15Minutes.3Hours.MIXED-COMPUTED-REV,-1.43,-1.23,-0.20,NEGATIVE
2025-08-23 03:00:00,DOR.Flow-In.Ave.15Minutes.3Hours.MIXED-COMPUTED-REV,-21.06,-1.43,-19.63,NEGATIVE
2025-08-23 07:00:00,DOR.Flow-In.Ave.15Minutes.3Hours.MIXED-COMPUTED-REV,-5.69,-1.43,-4.26,NEGATIVE
2025-08-23 08:00:00,DOR.Flow-In.Ave.15Minutes.3Hours.MIXED-COMPUTED-REV,-31.89,-1.43,-30.45,NEGATIVE
2025-08-23 09:00:00,DOR.Flow-In.Ave.15Minutes.3Hours.MIXED-COMPUTED-REV,-7.87,-1.52,-6.35,NEGATIVE
2025-08-23 13:00:00,DOR.Flow-In.Ave.15Minutes.3Hours.MIXED-COMPUTED-REV,-1.23,-1.21,-0.02,NEGATIVE
2025-08-23 14:00:00,DOR.Flow-In.Ave.15Minutes.3Hours.MIXED-COMPUTED-REV,-1.21,-1.21,0.00,NEGATIVE
2025-08-23 15:00:00,DOR.Flow-In.Ave.15Minutes.3Hours.MIXED-COMPUTED-REV,-9.92,-1.21,-8.71,NEGATIVE
2025-08-23 16:00:00,DOR.Flow-In.Ave.15Minutes.3Hours.MIXED-COMPUTED-REV,-27.33,-1.21,-26.13,NEGATIVE
2025-08-23 17:00:00,DOR.Flow-In.Ave.15Minutes.3Hours.MIXED-COMPUTED-REV,-38.20,-1.21,-36.99,NEGATIVE
2025-08-23 18:00:00,DOR.Flow-In.Ave.15Minutes.3Hours.MIXED-COMPUTED-REV,-5.49,-1.21,-4.28,NEGATIVE
2025-08-23 21:00:00,DOR.Flow-In.Ave.15Minutes.3Hours.MIXED-COMPUTED-REV,-3.25,5.29,-8.54,NEGATIVE
2025-08-24 02:00:00,DOR.Flow-In.Ave.15Minutes.3Hours.MIXED-COMPUTED-REV,-40.07,5.51,-45.58,NEGATIVE
2025-08-24 03:00:00,DOR.Flow-In.Ave.15Minutes.3Hours.MIXED-COMPUTED-REV,-61.82,5.51,-67.33,NEGATIVE
2025-08-24 04:00:00,DOR.Flow-In.Ave.15Minutes.3Hours.MIXED-COMPUTED-REV,-9.63,5.51,-15.15,NEGATIVE
2025-08-24 15:00:00,DOR.Flow-In.Ave.15Minutes.3Hours.MIXED-COMPUTED-REV,-18.10,3.69,-21.78,NEGATIVE
2025-08-24 16:00:00,DOR.Flow-In.Ave.15Minutes.3Hours.MIXED-COMPUTED-REV,-7.20,5.84,-13.04,NEGATIVE
2025-08-24 19:00:00,DOR.Flow-In.Ave.15Minutes.3Hours.MIXED-COMPUTED-REV,-4.97,3.69,-8.66,NEGATIVE
2025-08-24 20:00:00,DOR.Flow-In.Ave.15Minutes.3Hours.MIXED-COMPUTED-REV,-4.95,3.69,-8.64,NEGATIVE
2025-08-24 21:00:00,DOR.Flow-In.Ave.15Minutes.3Hours.MIXED-COMPUTED-REV,-0.60,3.69,-4.28,NEGATIVE
2025-08-25 01:00:00,DOR.Flow-In.Ave.15Minutes.3Hours.MIXED-COMPUTED-REV,-35.17,2.06,-37.23,NEGATIVE
2025-08-25 02:00:00,DOR.Flow-In.Ave.15Minutes.3Hours.MIXED-COMPUTED-REV,-58.96,2.06,-61.02,NEGATIVE
2025-08-25 06:00:00,DOR.Flow-In.Ave.15Minutes.3Hours.MIXED-COMPUTED-REV,-9.08,3.69,-12.77,NEGATIVE
2025-08-25 07:00:00,DOR.Flow-In.Ave.15Minutes.3Hours.MIXED-COMPUTED-REV,-0.33,6.27,-6.61,NEGATIVE
2025-08-25 11:00:00,DOR.Flow-In.Ave.15Minutes.3Hours.MIXED-COMPUTED-REV,-8.79,6.27,-15.07,NEGATIVE
2025-08-25 12:00:00,DOR.Flow-In.Ave.15Minutes.3Hours.MIXED-COMPUTED-REV,-0.04,6.27,-6.31,NEGATIVE
2025-08-25 15:00:00,DOR.Flow-In.Ave.15Minutes.3Hours.MIXED-COMPUTED-REV,-2.35,6.48,-8.83,NEGATIVE
2025-08-25 20:00:00,DOR.Flow-In.Ave.15Minutes.3Hours.MIXED-COMPUTED-REV,-3.46,6.27,-9.73,NEGATIVE
2025-08-25 21:00:00,DOR.Flow-In.Ave.15Minutes.3Hours.MIXED-COMPUTED-REV,-10.07,6.27,-16.34,NEGATIVE
2025-08-26 01:00:00,DOR.Flow-In.Ave.15Minutes.3Hours.MIXED-COMPUTED-REV,-30.15,6.48,-36.63,NEGATIVE
2025-08-26 02:00:00,DOR.Flow-In.Ave.15Minutes.3Hours.MIXED-COMPUTED-REV,-28.09,7.40,-35.49,NEGATIVE
2025-08-26 06:00:00,DOR.Flow-In.Ave.15Minutes.3Hours.MIXED-COMPUTED-REV,-40.94,4.39,-45.33,NEGATIVE
2025-08-26 07:00:00,DOR.Flow-In.Ave.15Minutes.3Hours.MIXED-COMPUTED-REV,-21.51,2.86,-24.38,NEGATIVE
2025-08-26 10:00:00,DOR.Flow-In.Ave.15Minutes.3Hours.MIXED-COMPUTED-REV,-7.83,4.74,-12.57,NEGATIVE
2025-08-26 11:00:00,DOR.Flow-In.Ave.15Minutes.3Hours.MIXED-COMPUTED-REV,-7.82,4.74,-12.56,NEGATIVE
2025-08-26 16:00:00,DOR.Flow-In.Ave.15Minutes.3Hours.MIXED-COMPUTED-REV,-19.24,3.59,-22.83,NEGATIVE
2025-08-26 17:00:00,DOR.Flow-In.Ave.15Minutes.3Hours.MIXED-COMPUTED-REV,-15.06,0.87,-15.93,NEGATIVE
2025-08-26 18:00:00,DOR.Flow-In.Ave.15Minutes.3Hours.MIXED-COMPUTED-REV,-5.52,0.87,-6.39,NEGATIVE
2025-08-26 23:00:00,DOR.Flow-In.Ave.15Minutes.3Hours.MIXED-COMPUTED-REV,-5.43,4.74,-10.17,NEGATIVE
2025-08-27 00:00:00,DOR.Flow-In.Ave.15Minutes.3Hours.MIXED-COMPUTED-REV,-33.91,4.74,-38.65,NEGATIVE
2025-08-27 01:00:00,DOR.Flow-In.Ave.15Minutes.3Hours.MIXED-COMPUTED-REV,-3.83,4.39,-8.23,NEGATIVE
2025-08-27 04:00:00,DOR.Flow-In.Ave.15Minutes.3Hours.MIXED-COMPUTED-REV,-31.45,0.87,-32.32,NEGATIVE
2025-08-27 05:00:00,DOR.Flow-In.Ave.15Minutes.3Hours.MIXED-COMPUTED-REV,-40.90,0.93,-41.84,NEGATIVE
2025-08-27 14:00:00,DOR.Flow-In.Ave.15Minutes.3Hours.MIXED-COMPUTED-REV,-21.66,0.93,-22.59,NEGATIVE
2025-08-27 15:00:00,DOR.Flow-In.Ave.15Minutes.3Hours.MIXED-COMPUTED-REV,-15.39,0.93,-16.32,NEGATIVE
2025-08-27 18:00:00,DOR.Flow-In.Ave.15Minutes.3Hours.MIXED-COMPUTED-REV,-37.78,4.39,-42.17,NEGATIVE
2025-08-27 19:00:00,DOR.Flow-In.Ave.15Minutes.3Hours.MIXED-COMPUTED-REV,-25.92,4.39,-30.32,NEGATIVE
2025-08-27 20:00:00,DOR.Flow-In.Ave.15Minutes.3Hours.MIXED-COMPUTED-REV,-7.97,4.39,-12.36,NEGATIVE
2025-08-27 23:00:00,DOR.Flow-In.Ave.15Minutes.3Hours.MIXED-COMPUTED-REV,-5.05,2.83,-7.88,NEGATIVE
2025-08-28 00:00:00,DOR.Flow-In.Ave.15Minutes.3Hours.MIXED-COMPUTED-REV,-15.58,4.39,-19.97,NEGATIVE
2025-08-28 01:00:00,DOR.Flow-In.Ave.15Minutes.3Hours.MIXED-COMPUTED-REV,-9.55,2.83,-12.39,NEGATIVE
2025-08-28 13:00:00,DOR.Flow-In.Ave.15Minutes.3Hours.MIXED-COMPUTED-REV,-7.06,4.82,-11.88,NEGATIVE
2025-08-28 14:00:00,DOR.Flow-In.Ave.15Minutes.3Hours.MIXED-COMPUTED-REV,-3.11,4.82,-7.93,NEGATIVE
2025-08-28 18:00:00,DOR.Flow-In.Ave.15Minutes.3Hours.MIXED-COMPUTED-REV,-15.27,2.83,-18.11,NEGATIVE
2025-08-28 19:00:00,DOR.Flow-In.Ave.15Minutes.3Hours.MIXED-COMPUTED-REV,-19.36,2.83,-22.19,NEGATIVE
2025-08-28 20:00:00,DOR.Flow-In.Ave.15Minutes.3Hours.MIXED-COMPUTED-REV,-36.55,2.83,-39.38,NEGATIVE
2025-08-28 21:00:00,DOR.Flow-In.Ave.15Minutes.3Hours.MIXED-COMPUTED-REV,-42.96,2.83,-45.80,NEGATIVE
2025-08-29 00:00:00,DOR.Flow-In.Ave.15Minutes.3Hours.MIXED-COMPUTED-REV,-16.91,2.80,-19.71,NEGATIVE
2025-08-29 01:00:00,DOR.Flow-In.Ave.15Minutes.3Hours.MIXED-COMPUTED-REV,-3.92,2.80,-6.72,NEGATIVE
2025-08-29 05:00:00,DOR.Flow-In.Ave.15Minutes.3Hours.MIXED-COMPUTED-REV,-9.44,-3.92,-5.52,NEGATIVE
2025-08-29 06:00:00,DOR.Flow-In.Ave.15Minutes.3Hours.MIXED-COMPUTED-REV,-12.80,-3.92,-8.88,NEGATIVE
2025-08-29 10:00:00,DOR.Flow-In.Ave.15Minutes.3Hours.MIXED-COMPUTED-REV,-7.40,2.80,-10.20,NEGATIVE
2025-08-29 15:00:00,DOR.Flow-In.Ave.15Minutes.3Hours.MIXED-COMPUTED-REV,-35.20,3.60,-38.80,NEGATIVE
2025-08-29 16:00:00,DOR.Flow-In.Ave.15Minutes.3Hours.MIXED-COMPUTED-REV,-19.02,3.60,-22.62,NEGATIVE
2025-08-29 17:00:00,DOR.Flow-In.Ave.15Minutes.3Hours.MIXED-COMPUTED-REV,-11.54,3.60,-15.13,NEGATIVE
2025-08-29 19:00:00,DOR.Flow-In.Ave.15Minutes.3Hours.MIXED-COMPUTED-REV,-62.56,7.45,-70.01,NEGATIVE
2025-08-29 20:00:00,DOR.Flow-In.Ave.15Minutes.3Hours.MIXED-COMPUTED-REV,-15.87,7.45,-23.32,NEGATIVE
2025-08-29 23:00:00,DOR.Flow-In.Ave.15Minutes.3Hours.MIXED-COMPUTED-REV,-20.10,4.77,-24.88,NEGATIVE
2025-08-30 00:00:00,DOR.Flow-In.Ave.15Minutes.3Hours.MIXED-COMPUTED-REV,-35.13,4.77,-39.91,NEGATIVE
2025-08-30 01:00:00,DOR.Flow-In.Ave.15Minutes.3Hours.MIXED-COMPUTED-REV,-13.30,4.77,-18.07,NEGATIVE
2025-08-30 09:00:00,DOR.Flow-In.Ave.15Minutes.3Hours.MIXED-COMPUTED-REV,-8.34,13.91,-22.25,NEGATIVE
2025-08-30 10:00:00,DOR.Flow-In.Ave.15Minutes.3Hours.MIXED-COMPUTED-REV,-20.37,11.96,-32.33,NEGATIVE
2025-08-30 11:00:00,DOR.Flow-In.Ave.15Minutes.3Hours.MIXED-COMPUTED-REV,-26.35,9.52,-35.86,NEGATIVE
2025-08-30 15:00:00,DOR.Flow-In.Ave.15Minutes.3Hours.MIXED-COMPUTED-REV,-58.34,8.05,-66.39,NEGATIVE
2025-08-30 16:00:00,DOR.Flow-In.Ave.15Minutes.3Hours.MIXED-COMPUTED-REV,-8.17,7.45,-15.62,NEGATIVE
2025-08-30 22:00:00,DOR.Flow-In.Ave.15Minutes.3Hours.MIXED-COMPUTED-REV,-22.11,6.03,-28.14,NEGATIVE
2025-08-30 23:00:00,DOR.Flow-In.Ave.15Minutes.3Hours.MIXED-COMPUTED-REV,-14.07,6.03,-20.10,NEGATIVE
2025-08-31 00:00:00,DOR.Flow-In.Ave.15Minutes.3Hours.MIXED-COMPUTED-REV,-0.01,6.03,-6.04,NEGATIVE
2025-08-31 03:00:00,DOR.Flow-In.Ave.15Minutes.3Hours.MIXED-COMPUTED-REV,-9.96,4.16,-14.12,NEGATIVE
2025-08-31 04:00:00,DOR.Flow-In.Ave.15Minutes.3Hours.MIXED-COMPUTED-REV,-9.94,6.03,-15.96,NEGATIVE
2025-08-31 05:00:00,DOR.Flow-In.Ave.15Minutes.3Hours.MIXED-COMPUTED-REV,-5.91,6.03,-11.94,NEGATIVE
2025-08-31 11:00:00,DOR.Flow-In.Ave.15Minutes.3Hours.MIXED-COMPUTED-REV,-11.75,4.16,-15.91,NEGATIVE
2025-08-31 12:00:00,DOR.Flow-In.Ave.15Minutes.3Hours.MIXED-COMPUTED-REV,-23.73,6.03,-29.75,NEGATIVE
2025-08-31 17:00:00,DOR.Flow-In.Ave.15Minutes.3Hours.MIXED-COMPUTED-REV,-15.66,8.40,-24.05,NEGATIVE
2025-08-31 18:00:00,DOR.Flow-In.Ave.15Minutes.3Hours.MIXED-COMPUTED-REV,-29.61,8.40,-38.01,NEGATIVE
2025-08-31 19:00:00,DOR.Flow-In.Ave.15Minutes.3Hours.MIXED-COMPUTED-REV,-35.57,8.38,-43.95,NEGATIVE
2025-09-01 01:00:00,DOR.Flow-In.Ave.15Minutes.3Hours.MIXED-COMPUTED-REV,-5.49,8.65,-14.14,NEGATIVE
2025-09-01 02:00:00,DOR.Flow-In.Ave.15Minutes.3Hours.MIXED-COMPUTED-REV,-9.46,8.65,-18.11,NEGATIVE
2025-09-01 06:00:00,DOR.Flow-In.Ave.15Minutes.3Hours.MIXED-COMPUTED-REV,-15.33,8.59,-23.92,NEGATIVE
2025-09-01 07:00:00,DOR.Flow-In.Ave.15Minutes.3Hours.MIXED-COMPUTED-REV,-39.19,8.59,-47.79,NEGATIVE
2025-09-01 14:00:00,DOR.Flow-In.Ave.15Minutes.3Hours.MIXED-COMPUTED-REV,-3.90,1.52,-5.42,NEGATIVE
2025-09-01 19:00:00,DOR.Flow-In.Ave.15Minutes.3Hours.MIXED-COMPUTED-REV,-1.35,1.72,-3.07,NEGATIVE
2025-09-01 20:00:00,DOR.Flow-In.Ave.15Minutes.3Hours.MIXED-COMPUTED-REV,-3.89,8.59,-12.48,NEGATIVE
2025-09-01 21:00:00,DOR.Flow-In.Ave.15Minutes.3Hours.MIXED-COMPUTED-REV,-23.22,1.72,-24.94,NEGATIVE
2025-09-01 22:00:00,DOR.Flow-In.Ave.15Minutes.3Hours.MIXED-COMPUTED-REV,-43.95,1.52,-45.47,NEGATIVE
2025-09-01 23:00:00,DOR.Flow-In.Ave.15Minutes.3Hours.MIXED-COMPUTED-REV,-11.63,1.52,-13.16,NEGATIVE
2025-09-02 02:00:00,DOR.Flow-In.Ave.15Minutes.3Hours.MIXED-COMPUTED-REV,-24.85,1.52,-26.38,NEGATIVE
2025-09-02 03:00:00,DOR.Flow-In.Ave.15Minutes.3Hours.MIXED-COMPUTED-REV,-2.38,1.72,-4.10,NEGATIVE
2025-09-02 09:00:00,DOR.Flow-In.Ave.15Minutes.3Hours.MIXED-COMPUTED-REV,-10.36,1.72,-12.09,NEGATIVE
2025-09-02 10:00:00,DOR.Flow-In.Ave.15Minutes.3Hours.MIXED-COMPUTED-REV,-24.62,1.72,-26.34,NEGATIVE
2025-09-02 18:00:00,DOR.Flow-In.Ave.15Minutes.3Hours.MIXED-COMPUTED-REV,-6.11,10.11,-16.22,NEGATIVE
2025-09-02 19:00:00,DOR.Flow-In.Ave.15Minutes.3Hours.MIXED-COMPUTED-REV,-16.27,6.08,-22.35,NEGATIVE
2025-09-02 20:00:00,DOR.Flow-In.Ave.15Minutes.3Hours.MIXED-COMPUTED-REV,-28.43,1.94,-30.37,NEGATIVE
2025-09-02 21:00:00,DOR.Flow-In.Ave.15Minutes.3Hours.MIXED-COMPUTED-REV,-1.96,1.94,-3.90,NEGATIVE
2025-09-02 22:00:00,DOR.Flow-In.Ave.15Minutes.3Hours.MIXED-COMPUTED-REV,-3.98,6.08,-10.05,NEGATIVE
2025-09-03 06:00:00,DOR.Flow-In.Ave.15Minutes.3Hours.MIXED-COMPUTED-REV,-5.68,0.17,-5.85,NEGATIVE
2025-09-03 07:00:00,DOR.Flow-In.Ave.15Minutes.3Hours.MIXED-COMPUTED-REV,-57.76,0.81,-58.58,NEGATIVE
2025-09-03 08:00:00,DOR.Flow-In.Ave.15Minutes.3Hours.MIXED-COMPUTED-REV,-23.65,4.97,-28.62,NEGATIVE
2025-09-03 15:00:00,DOR.Flow-In.Ave.15Minutes.3Hours.MIXED-COMPUTED-REV,-31.61,17.01,-48.62,NEGATIVE
2025-09-03 16:00:00,DOR.Flow-In.Ave.15Minutes.3Hours.MIXED-COMPUTED-REV,-15.37,17.01,-32.38,NEGATIVE
2025-09-03 17:00:00,DOR.Flow-In.Ave.15Minutes.3Hours.MIXED-COMPUTED-REV,-21.39,11.88,-33.27,NEGATIVE
2025-09-03 18:00:00,DOR.Flow-In.Ave.15Minutes.3Hours.MIXED-COMPUTED-REV,-25.41,11.88,-37.29,NEGATIVE
2025-09-03 22:00:00,DOR.Flow-In.Ave.15Minutes.3Hours.MIXED-COMPUTED-REV,-0.22,17.01,-17.24,NEGATIVE
2025-09-04 05:00:00,DOR.Flow-In.Ave.15Minutes.3Hours.MIXED-COMPUTED-REV,-8.65,11.88,-20.53,NEGATIVE
2025-09-04 07:00:00,DOR.Flow-In.Ave.15Minutes.3Hours.MIXED-COMPUTED-REV,-0.06,11.88,-11.94,NEGATIVE
2025-09-04 09:00:00,DOR.Flow-In.Ave.15Minutes.3Hours.MIXED-COMPUTED-REV,-6.08,18.22,-24.30,NEGATIVE
2025-09-04 14:00:00,DOR.Flow-In.Ave.15Minutes.3Hours.MIXED-COMPUTED-REV,-50.30,8.32,-58.62,NEGATIVE
2025-09-04 15:00:00,DOR.Flow-In.Ave.15Minutes.3Hours.MIXED-COMPUTED-REV,-20.04,8.32,-28.36,NEGATIVE
2025-09-04 23:00:00,DOR.Flow-In.Ave.15Minutes.3Hours.MIXED-COMPUTED-REV,-3.74,10.28,-14.02,NEGATIVE
2025-09-05 10:00:00,DOR.Flow-In.Ave.15Minutes.3Hours.MIXED-COMPUTED-REV,-8.95,9.37,-18.31,NEGATIVE
2025-09-05 21:00:00,DOR.Flow-In.Ave.15Minutes.3Hours.MIXED-COMPUTED-REV,-5.28,4.98,-10.27,NEGATIVE
2025-09-05 22:00:00,DOR.Flow-In.Ave.15Minutes.3Hours.MIXED-COMPUTED-REV,-19.26,4.90,-24.16,NEGATIVE
2025-09-05 23:00:00,DOR.Flow-In.Ave.15Minutes.3Hours.MIXED-COMPUTED-REV,-7.03,4.90,-11.93,NEGATIVE
2025-09-06 00:00:00,DOR.Flow-In.Ave.15Minutes.3Hours.MIXED-COMPUTED-REV,-1.21,4.90,-6.11,NEGATIVE
2025-09-06 06:00:00,DOR.Flow-In.Ave.15Minutes.3Hours.MIXED-COMPUTED-REV,-13.10,-1.04,-12.06,NEGATIVE
2025-09-06 07:00:00,DOR.Flow-In.Ave.15Minutes.3Hours.MIXED-COMPUTED-REV,-21.08,-1.04,-20.04,NEGATIVE
2025-09-06 08:00:00,DOR.Flow-In.Ave.15Minutes.3Hours.MIXED-COMPUTED-REV,-1.04,-1.04,0.00,NEGATIVE
2025-09-06 11:00:00,DOR.Flow-In.Ave.15Minutes.3Hours.MIXED-COMPUTED-REV,-16.97,3.02,-19.99,NEGATIVE
2025-09-06 12:00:00,DOR.Flow-In.Ave.15Minutes.3Hours.MIXED-COMPUTED-REV,-16.95,3.08,-20.03,NEGATIVE
2025-09-06 15:00:00,DOR.Flow-In.Ave.15Minutes.3Hours.MIXED-COMPUTED-REV,-6.86,3.02,-9.88,NEGATIVE
2025-09-06 16:00:00,DOR.Flow-In.Ave.15Minutes.3Hours.MIXED-COMPUTED-REV,-6.84,0.42,-7.26,NEGATIVE
2025-09-06 17:00:00,DOR.Flow-In.Ave.15Minutes.3Hours.MIXED-COMPUTED-REV,-2.83,-1.04,-1.78,NEGATIVE
2025-09-06 18:00:00,DOR.Flow-In.Ave.15Minutes.3Hours.MIXED-COMPUTED-REV,-20.75,-1.52,-19.23,NEGATIVE
2025-09-07 01:00:00,DOR.Flow-In.Ave.15Minutes.3Hours.MIXED-COMPUTED-REV,-5.12,3.08,-8.20,NEGATIVE
2025-09-07 02:00:00,DOR.Flow-In.Ave.15Minutes.3Hours.MIXED-COMPUTED-REV,-1.52,5.58,-7.10,NEGATIVE
2025-09-07 04:00:00,DOR.Flow-In.Ave.15Minutes.3Hours.MIXED-COMPUTED-REV,-9.75,7.27,-17.02,NEGATIVE
2025-09-07 05:00:00,DOR.Flow-In.Ave.15Minutes.3Hours.MIXED-COMPUTED-REV,-12.33,7.56,-19.88,NEGATIVE
2025-09-07 06:00:00,DOR.Flow-In.Ave.15Minutes.3Hours.MIXED-COMPUTED-REV,-21.13,7.56,-28.69,NEGATIVE
2025-09-07 08:00:00,DOR.Flow-In.Ave.15Minutes.3Hours.MIXED-COMPUTED-REV,-4.44,7.30,-11.74,NEGATIVE
2025-09-07 11:00:00,DOR.Flow-In.Ave.15Minutes.3Hours.MIXED-COMPUTED-REV,-0.42,2.00,-2.42,NEGATIVE
2025-09-07 19:00:00,DOR.Flow-In.Ave.15Minutes.3Hours.MIXED-COMPUTED-REV,-4.68,5.58,-10.26,NEGATIVE
2025-09-07 22:00:00,DOR.Flow-In.Ave.15Minutes.3Hours.MIXED-COMPUTED-REV,-7.16,3.52,-10.68,NEGATIVE
2025-09-07 23:00:00,DOR.Flow-In.Ave.15Minutes.3Hours.MIXED-COMPUTED-REV,-13.53,3.52,-17.05,NEGATIVE
2025-09-08 01:00:00,DOR.Flow-In.Ave.15Minutes.3Hours.MIXED-COMPUTED-REV,-3.29,2.88,-6.16,NEGATIVE
2025-09-08 02:00:00,DOR.Flow-In.Ave.15Minutes.3Hours.MIXED-COMPUTED-REV,-3.27,2.00,-5.27,NEGATIVE
2025-09-08 08:00:00,DOR.Flow-In.Ave.15Minutes.3Hours.MIXED-COMPUTED-REV,-3.00,1.75,-4.76,NEGATIVE
2025-09-08 09:00:00,DOR.Flow-In.Ave.15Minutes.3Hours.MIXED-COMPUTED-REV,-13.37,1.75,-15.12,NEGATIVE
2025-09-08 10:00:00,DOR.Flow-In.Ave.15Minutes.3Hours.MIXED-COMPUTED-REV,-5.38,2.88,-8.25,NEGATIVE
2025-09-08 12:00:00,DOR.Flow-In.Ave.15Minutes.3Hours.MIXED-COMPUTED-REV,-7.42,2.88,-10.29,NEGATIVE
2025-09-08 14:00:00,DOR.Flow-In.Ave.15Minutes.3Hours.MIXED-COMPUTED-REV,-9.70,2.88,-12.58,NEGATIVE
2025-09-08 15:00:00,DOR.Flow-In.Ave.15Minutes.3Hours.MIXED-COMPUTED-REV,-29.83,2.88,-32.71,NEGATIVE
2025-09-08 23:00:00,DOR.Flow-In.Ave.15Minutes.3Hours.MIXED-COMPUTED-REV,-1.56,10.02,-11.58,NEGATIVE
2025-09-09 00:00:00,DOR.Flow-In.Ave.15Minutes.3Hours.MIXED-COMPUTED-REV,-1.54,9.60,-11.14,NEGATIVE
2025-09-09 03:00:00,DOR.Flow-In.Ave.15Minutes.3Hours.MIXED-COMPUTED-REV,-1.00,11.67,-12.67,NEGATIVE
2025-09-09 12:00:00,DOR.Flow-In.Ave.15Minutes.3Hours.MIXED-COMPUTED-REV,-0.47,19.03,-19.50,NEGATIVE
2025-09-10 04:00:00,DOR.Flow-In.Ave.15Minutes.3Hours.MIXED-COMPUTED-REV,-11.80,25.33,-37.13,NEGATIVE
2025-09-10 22:00:00,DOR.Flow-In.Ave.15Minutes.3Hours.MIXED-COMPUTED-REV,-35.00,42.53,-77.53,NEGATIVE
2025-09-11 12:00:00,DOR.Flow-In.Ave.15Minutes.3Hours.MIXED-COMPUTED-REV,-11.73,28.44,-40.17,NEGATIVE
2025-09-11 21:00:00,DOR.Flow-In.Ave.15Minutes.3Hours.MIXED-COMPUTED-REV,-31.47,22.63,-54.10,NEGATIVE
2025-09-12 02:00:00,DOR.Flow-In.Ave.15Minutes.3Hours.MIXED-COMPUTED-REV,-1.84,23.78,-25.62,NEGATIVE
2025-09-12 20:00:00,DOR.Flow-In.Ave.15Minutes.3Hours.MIXED-COMPUTED-REV,-17.62,20.78,-38.40,NEGATIVE
2025-09-13 10:00:00,DOR.Flow-In.Ave.15Minutes.3Hours.MIXED-COMPUTED-REV,-29.62,16.38,-46.00,NEGATIVE
2025-09-13 15:00:00,DOR.Flow-In.Ave.15Minutes.3Hours.MIXED-COMPUTED-REV,-19.31,8.53,-27.84,NEGATIVE
2025-09-13 16:00:00,DOR.Flow-In.Ave.15Minutes.3Hours.MIXED-COMPUTED-REV,-23.26,16.38,-39.64,NEGATIVE
2025-09-13 21:00:00,DOR.Flow-In.Ave.15Minutes.3Hours.MIXED-COMPUTED-REV,-7.43,8.29,-15.72,NEGATIVE
2025-09-14 01:00:00,DOR.Flow-In.Ave.15Minutes.3Hours.MIXED-COMPUTED-REV,-5.36,20.81,-26.17,NEGATIVE
2025-09-14 02:00:00,DOR.Flow-In.Ave.15Minutes.3Hours.MIXED-COMPUTED-REV,-7.33,20.81,-28.15,NEGATIVE
2025-09-14 20:00:00,DOR.Flow-In.Ave.15Minutes.3Hours.MIXED-COMPUTED-REV,-12.79,25.22,-38.01,NEGATIVE
2025-09-15 02:00:00,DOR.Flow-In.Ave.15Minutes.3Hours.MIXED-COMPUTED-REV,-15.69,29.01,-44.70,NEGATIVE
2025-09-16 00:00:00,DOR.Flow-In.Ave.15Minutes.3Hours.MIXED-COMPUTED-REV,-0.08,22.36,-22.44,NEGATIVE
2025-09-16 05:00:00,DOR.Flow-In.Ave.15Minutes.3Hours.MIXED-COMPUTED-REV,-20.15,22.36,-42.50,NEGATIVE
2025-09-16 21:00:00,DOR.Flow-In.Ave.15Minutes.3Hours.MIXED-COMPUTED-REV,-1.65,26.01,-27.65,NEGATIVE
2025-09-17 02:00:00,DOR.Flow-In.Ave.15Minutes.3Hours.MIXED-COMPUTED-REV,-30.33,27.21,-57.54,NEGATIVE
2025-09-17 03:00:00,DOR.Flow-In.Ave.15Minutes.3Hours.MIXED-COMPUTED-REV,-13.63,27.21,-40.84,NEGATIVE
2025-09-17 10:00:00,DOR.Flow-In.Ave.15Minutes.3Hours.MIXED-COMPUTED-REV,-37.52,18.11,-55.63,NEGATIVE
2025-09-17 11:00:00,DOR.Flow-In.Ave.15Minutes.3Hours.MIXED-COMPUTED-REV,-0.32,18.11,-18.42,NEGATIVE
2025-09-17 20:00:00,DOR.Flow-In.Ave.15Minutes.3Hours.MIXED-COMPUTED-REV,-7.72,18.11,-25.83,NEGATIVE
2025-09-17 21:00:00,DOR.Flow-In.Ave.15Minutes.3Hours.MIXED-COMPUTED-REV,-4.02,18.11,-22.13,NEGATIVE
2025-09-17 23:00:00,DOR.Flow-In.Ave.15Minutes.3Hours.MIXED-COMPUTED-REV,-22.42,23.65,-46.07,NEGATIVE
2025-09-18 00:00:00,DOR.Flow-In.Ave.15Minutes.3Hours.MIXED-COMPUTED-REV,-192.46,36.66,-229.12,NEGATIVE
2025-09-18 01:00:00,DOR.Flow-In.Ave.15Minutes.3Hours.MIXED-COMPUTED-REV,-231.22,25.06,-256.28,"SPIKE,NEGATIVE"
2025-09-18 02:00:00,DOR.Flow-In.Ave.15Minutes.3Hours.MIXED-COMPUTED-REV,-142.46,23.65,-166.10,NEGATIVE
2025-09-18 22:00:00,DOR.Flow-In.Ave.15Minutes.3Hours.MIXED-COMPUTED-REV,-9.80,28.82,-38.61,NEGATIVE
2025-09-19 00:00:00,DOR.Flow-In.Ave.15Minutes.3Hours.MIXED-COMPUTED-REV,-4.67,25.06,-29.73,NEGATIVE
2025-09-19 01:00:00,DOR.Flow-In.Ave.15Minutes.3Hours.MIXED-COMPUTED-REV,-10.72,23.93,-34.66,NEGATIVE
2025-09-19 02:00:00,DOR.Flow-In.Ave.15Minutes.3Hours.MIXED-COMPUTED-REV,-41.99,20.92,-62.91,NEGATIVE
2025-09-19 21:00:00,DOR.Flow-In.Ave.15Minutes.3Hours.MIXED-COMPUTED-REV,-19.13,19.18,-38.32,NEGATIVE
2025-09-19 23:00:00,DOR.Flow-In.Ave.15Minutes.3Hours.MIXED-COMPUTED-REV,-9.61,16.97,-26.59,NEGATIVE
2025-09-21 16:00:00,DOR.Flow-In.Ave.15Minutes.3Hours.MIXED-COMPUTED-REV,-1.28,17.05,-18.34,NEGATIVE
2025-09-21 17:00:00,DOR.Flow-In.Ave.15Minutes.3Hours.MIXED-COMPUTED-REV,-3.31,17.05,-20.36,NEGATIVE
2025-09-22 01:00:00,DOR.Flow-In.Ave.15Minutes.3Hours.MIXED-COMPUTED-REV,-5.24,15.36,-20.61,NEGATIVE
2025-09-22 07:00:00,DOR.Flow-In.Ave.15Minutes.3Hours.MIXED-COMPUTED-REV,-7.14,13.38,-20.52,NEGATIVE
2025-09-22 15:00:00,DOR.Flow-In.Ave.15Minutes.3Hours.MIXED-COMPUTED-REV,-0.85,11.13,-11.98,NEGATIVE
2025-09-22 16:00:00,DOR.Flow-In.Ave.15Minutes.3Hours.MIXED-COMPUTED-REV,-17.16,9.27,-26.43,NEGATIVE
2025-09-22 17:00:00,DOR.Flow-In.Ave.15Minutes.3Hours.MIXED-COMPUTED-REV,-35.58,9.27,-44.85,NEGATIVE
2025-09-22 18:00:00,DOR.Flow-In.Ave.15Minutes.3Hours.MIXED-COMPUTED-REV,-3.03,9.27,-12.29,NEGATIVE
2025-09-23 00:00:00,DOR.Flow-In.Ave.15Minutes.3Hours.MIXED-COMPUTED-REV,-3.91,10.56,-14.47,NEGATIVE
2025-09-23 01:00:00,DOR.Flow-In.Ave.15Minutes.3Hours.MIXED-COMPUTED-REV,-18.05,13.06,-31.11,NEGATIVE
2025-09-23 02:00:00,DOR.Flow-In.Ave.15Minutes.3Hours.MIXED-COMPUTED-REV,-13.96,10.56,-24.52,NEGATIVE
2025-09-23 03:00:00,DOR.Flow-In.Ave.15Minutes.3Hours.MIXED-COMPUTED-REV,-5.80,10.52,-16.32,NEGATIVE
2025-09-23 18:00:00,DOR.Flow-In.Ave.15Minutes.3Hours.MIXED-COMPUTED-REV,-39.82,12.89,-52.70,NEGATIVE
2025-09-23 19:00:00,DOR.Flow-In.Ave.15Minutes.3Hours.MIXED-COMPUTED-REV,-39.79,10.56,-50.35,NEGATIVE
2025-09-23 20:00:00,DOR.Flow-In.Ave.15Minutes.3Hours.MIXED-COMPUTED-REV,-3.39,10.52,-13.91,NEGATIVE
2025-09-24 08:00:00,DOR.Flow-In.Ave.15Minutes.3Hours.MIXED-COMPUTED-REV,-1.06,9.04,-10.10,NEGATIVE
2025-09-24 09:00:00,DOR.Flow-In.Ave.15Minutes.3Hours.MIXED-COMPUTED-REV,-9.12,9.18,-18.30,NEGATIVE
2025-09-24 16:00:00,DOR.Flow-In.Ave.15Minutes.3Hours.MIXED-COMPUTED-REV,-14.96,9.18,-24.14,NEGATIVE
2025-09-24 23:00:00,DOR.Flow-In.Ave.15Minutes.3Hours.MIXED-COMPUTED-REV,-2.93,9.20,-12.14,NEGATIVE
2025-09-25 00:00:00,DOR.Flow-In.Ave.15Minutes.3Hours.MIXED-COMPUTED-REV,-15.00,9.20,-24.21,NEGATIVE
2025-09-25 01:00:00,DOR.Flow-In.Ave.15Minutes.3Hours.MIXED-COMPUTED-REV,-4.91,9.20,-14.11,NEGATIVE
2025-09-25 05:00:00,DOR.Flow-In.Ave.15Minutes.3Hours.MIXED-COMPUTED-REV,-42.65,9.53,-52.18,NEGATIVE
2025-09-25 06:00:00,DOR.Flow-In.Ave.15Minutes.3Hours.MIXED-COMPUTED-REV,-26.60,9.53,-36.13,NEGATIVE
2025-09-25 16:00:00,DOR.Flow-In.Ave.15Minutes.3Hours.MIXED-COMPUTED-REV,-12.54,9.53,-22.07,NEGATIVE
2025-09-25 17:00:00,DOR.Flow-In.Ave.15Minutes.3Hours.MIXED-COMPUTED-REV,-22.78,7.06,-29.85,NEGATIVE
2025-09-25 18:00:00,DOR.Flow-In.Ave.15Minutes.3Hours.MIXED-COMPUTED-REV,-26.95,7.06,-34.01,NEGATIVE
2025-09-25 19:00:00,DOR.Flow-In.Ave.15Minutes.3Hours.MIXED-COMPUTED-REV,-32.92,7.06,-39.99,NEGATIVE
2025-09-25 20:00:00,DOR.Flow-In.Ave.15Minutes.3Hours.MIXED-COMPUTED-REV,-10.82,7.06,-17.89,NEGATIVE
2025-09-26 00:00:00,DOR.Flow-In.Ave.15Minutes.3Hours.MIXED-COMPUTED-REV,-11.33,7.06,-18.39,NEGATIVE
2025-09-26 01:00:00,DOR.Flow-In.Ave.15Minutes.3Hours.MIXED-COMPUTED-REV,-15.45,5.01,-20.46,NEGATIVE
2025-09-26 05:00:00,DOR.Flow-In.Ave.15Minutes.3Hours.MIXED-COMPUTED-REV,-1.94,5.01,-6.95,NEGATIVE
2025-09-26 06:00:00,DOR.Flow-In.Ave.15Minutes.3Hours.MIXED-COMPUTED-REV,-13.90,5.01,-18.91,NEGATIVE
2025-09-26 07:00:00,DOR.Flow-In.Ave.15Minutes.3Hours.MIXED-COMPUTED-REV,-13.87,5.01,-18.88,NEGATIVE
2025-09-26 12:00:00,DOR.Flow-In.Ave.15Minutes.3Hours.MIXED-COMPUTED-REV,-11.70,2.25,-13.95,NEGATIVE
2025-09-26 17:00:00,DOR.Flow-In.Ave.15Minutes.3Hours.MIXED-COMPUTED-REV,-19.61,3.94,-23.55,NEGATIVE
2025-09-26 18:00:00,DOR.Flow-In.Ave.15Minutes.3Hours.MIXED-COMPUTED-REV,-69.46,5.88,-75.34,NEGATIVE
2025-09-26 19:00:00,DOR.Flow-In.Ave.15Minutes.3Hours.MIXED-COMPUTED-REV,-29.77,7.55,-37.31,NEGATIVE
2025-09-26 22:00:00,DOR.Flow-In.Ave.15Minutes.3Hours.MIXED-COMPUTED-REV,-1.89,5.88,-7.77,NEGATIVE
2025-09-26 23:00:00,DOR.Flow-In.Ave.15Minutes.3Hours.MIXED-COMPUTED-REV,-27.55,5.88,-33.43,NEGATIVE
2025-09-27 00:00:00,DOR.Flow-In.Ave.15Minutes.3Hours.MIXED-COMPUTED-REV,-27.35,5.88,-33.23,NEGATIVE
2025-09-27 01:00:00,DOR.Flow-In.Ave.15Minutes.3Hours.MIXED-COMPUTED-REV,-13.51,6.23,-19.74,NEGATIVE
2025-09-27 17:00:00,DOR.Flow-In.Ave.15Minutes.3Hours.MIXED-COMPUTED-REV,-14.62,7.19,-21.81,NEGATIVE
2025-09-27 18:00:00,DOR.Flow-In.Ave.15Minutes.3Hours.MIXED-COMPUTED-REV,-18.91,7.19,-26.10,NEGATIVE
2025-09-27 19:00:00,DOR.Flow-In.Ave.15Minutes.3Hours.MIXED-COMPUTED-REV,-6.26,6.23,-12.49,NEGATIVE
2025-09-27 22:00:00,DOR.Flow-In.Ave.15Minutes.3Hours.MIXED-COMPUTED-REV,-16.30,10.49,-26.80,NEGATIVE
2025-09-27 23:00:00,DOR.Flow-In.Ave.15Minutes.3Hours.MIXED-COMPUTED-REV,-18.24,10.49,-28.73,NEGATIVE
2025-09-28 00:00:00,DOR.Flow-In.Ave.15Minutes.3Hours.MIXED-COMPUTED-REV,-5.12,7.19,-12.31,NEGATIVE
2025-09-28 07:00:00,DOR.Flow-In.Ave.15Minutes.3Hours.MIXED-COMPUTED-REV,-5.10,6.13,-11.23,NEGATIVE
2025-09-28 11:00:00,DOR.Flow-In.Ave.15Minutes.3Hours.MIXED-COMPUTED-REV,-30.61,6.60,-37.20,NEGATIVE
2025-09-28 12:00:00,DOR.Flow-In.Ave.15Minutes.3Hours.MIXED-COMPUTED-REV,-25.06,14.45,-39.51,NEGATIVE
2025-09-28 17:00:00,DOR.Flow-In.Ave.15Minutes.3Hours.MIXED-COMPUTED-REV,-4.25,14.45,-18.70,NEGATIVE
2025-09-28 18:00:00,DOR.Flow-In.Ave.15Minutes.3Hours.MIXED-COMPUTED-REV,-51.02,10.81,-61.83,NEGATIVE
2025-09-28 19:00:00,DOR.Flow-In.Ave.15Minutes.3Hours.MIXED-COMPUTED-REV,-21.40,8.53,-29.93,NEGATIVE
2025-09-28 22:00:00,DOR.Flow-In.Ave.15Minutes.3Hours.MIXED-COMPUTED-REV,-0.86,8.53,-9.38,NEGATIVE
2025-09-29 07:00:00,DOR.Flow-In.Ave.15Minutes.3Hours.MIXED-COMPUTED-REV,-0.24,10.81,-11.05,NEGATIVE
2025-09-29 08:00:00,DOR.Flow-In.Ave.15Minutes.3Hours.MIXED-COMPUTED-REV,-4.19,14.25,-18.44,NEGATIVE
2025-09-29 15:00:00,DOR.Flow-In.Ave.15Minutes.3Hours.MIXED-COMPUTED-REV,-4.19,16.26,-20.45,NEGATIVE
2025-09-30 03:00:00,DOR.Flow-In.Ave.15Minutes.3Hours.MIXED-COMPUTED-REV,-1.12,18.43,-19.55,NEGATIVE
2025-09-30 12:00:00,DOR.Flow-In.Ave.15Minutes.3Hours.MIXED-COMPUTED-REV,-1.92,16.96,-18.88,NEGATIVE
2025-09-30 15:00:00,DOR.Flow-In.Ave.15Minutes.3Hours.MIXED-COMPUTED-REV,-10.85,18.43,-29.28,NEGATIVE
2025-09-30 16:00:00,DOR.Flow-In.Ave.15Minutes.3Hours.MIXED-COMPUTED-REV,-9.27,21.03,-30.29,NEGATIVE
2024-10-01 01:00:00,FAL.Flow-In.Ave.15Minutes.3Hours.MIXED-COMPUTED-REV,-23.32,2.99,-26.31,NEGATIVE
2024-10-01 02:00:00,FAL.Flow-In.Ave.15Minutes.3Hours.MIXED-COMPUTED-REV,-5.53,4.72,-10.25,NEGATIVE
2024-10-01 06:00:00,FAL.Flow-In.Ave.15Minutes.3Hours.MIXED-COMPUTED-REV,-0.67,11.30,-11.96,NEGATIVE
2024-10-01 10:00:00,FAL.Flow-In.Ave.15Minutes.3Hours.MIXED-COMPUTED-REV,-6.00,17.32,-23.33,NEGATIVE
2024-10-01 11:00:00,FAL.Flow-In.Ave.15Minutes.3Hours.MIXED-COMPUTED-REV,-27.74,17.48,-45.22,NEGATIVE
2024-10-01 12:00:00,FAL.Flow-In.Ave.15Minutes.3Hours.MIXED-COMPUTED-REV,-23.77,17.63,-41.40,NEGATIVE
2024-10-02 10:00:00,FAL.Flow-In.Ave.15Minutes.3Hours.MIXED-COMPUTED-REV,-6.06,24.10,-30.15,NEGATIVE
2024-10-02 23:00:00,FAL.Flow-In.Ave.15Minutes.3Hours.MIXED-COMPUTED-REV,-4.37,21.94,-26.32,NEGATIVE
2024-10-03 00:00:00,FAL.Flow-In.Ave.15Minutes.3Hours.MIXED-COMPUTED-REV,-96.98,21.94,-118.92,NEGATIVE
2024-10-03 01:00:00,FAL.Flow-In.Ave.15Minutes.3Hours.MIXED-COMPUTED-REV,-12.19,20.94,-33.13,NEGATIVE
2024-10-04 08:00:00,FAL.Flow-In.Ave.15Minutes.3Hours.MIXED-COMPUTED-REV,-0.82,23.96,-24.77,NEGATIVE
2024-10-05 03:00:00,FAL.Flow-In.Ave.15Minutes.3Hours.MIXED-COMPUTED-REV,-3.44,27.46,-30.90,NEGATIVE
2024-10-10 08:00:00,FAL.Flow-In.Ave.15Minutes.3Hours.MIXED-COMPUTED-REV,-3.68,32.61,-36.29,NEGATIVE
2024-10-19 16:00:00,FAL.Flow-In.Ave.15Minutes.3Hours.MIXED-COMPUTED-REV,-136.85,46.07,-182.93,NEGATIVE
2024-10-19 17:00:00,FAL.Flow-In.Ave.15Minutes.3Hours.MIXED-COMPUTED-REV,-364.52,47.31,-411.82,"SPIKE,NEGATIVE"
2024-10-19 18:00:00,FAL.Flow-In.Ave.15Minutes.3Hours.MIXED-COMPUTED-REV,-361.34,47.80,-409.14,"SPIKE,NEGATIVE"
2024-10-19 19:00:00,FAL.Flow-In.Ave.15Minutes.3Hours.MIXED-COMPUTED-REV,-132.99,47.80,-180.80,NEGATIVE
2024-10-19 22:00:00,FAL.Flow-In.Ave.15Minutes.3Hours.MIXED-COMPUTED-REV,-22.37,47.80,-70.17,NEGATIVE
2024-12-29 21:00:00,FAL.Flow-In.Ave.15Minutes.3Hours.MIXED-COMPUTED-REV,8770.46,6483.76,2286.70,SPIKE
2024-12-29 22:00:00,FAL.Flow-In.Ave.15Minutes.3Hours.MIXED-COMPUTED-REV,8630.52,6483.76,2146.76,SPIKE
2024-12-29 23:00:00,FAL.Flow-In.Ave.15Minutes.3Hours.MIXED-COMPUTED-REV,8363.91,6483.76,1880.16,SPIKE
2025-03-07 22:00:00,FAL.Flow-In.Ave.15Minutes.3Hours.MIXED-COMPUTED-REV,278.01,578.42,-300.40,SPIKE
2025-03-11 01:00:00,FAL.Flow-In.Ave.15Minutes.3Hours.MIXED-COMPUTED-REV,99.01,411.93,-312.92,SPIKE
2025-03-11 04:00:00,FAL.Flow-In.Ave.15Minutes.3Hours.MIXED-COMPUTED-REV,697.11,405.36,291.75,SPIKE
2025-03-16 19:00:00,FAL.Flow-In.Ave.15Minutes.3Hours.MIXED-COMPUTED-REV,7923.62,6211.03,1712.59,SPIKE
2025-03-16 20:00:00,FAL.Flow-In.Ave.15Minutes.3Hours.MIXED-COMPUTED-REV,8255.40,6211.03,2044.37,SPIKE
2025-03-16 21:00:00,FAL.Flow-In.Ave.15Minutes.3Hours.MIXED-COMPUTED-REV,8283.43,6211.03,2072.40,SPIKE
2025-03-16 22:00:00,FAL.Flow-In.Ave.15Minutes.3Hours.MIXED-COMPUTED-REV,8158.21,6211.03,1947.18,SPIKE
2025-03-16 23:00:00,FAL.Flow-In.Ave.15Minutes.3Hours.MIXED-COMPUTED-REV,8029.76,6211.03,1818.74,SPIKE
2025-03-17 00:00:00,FAL.Flow-In.Ave.15Minutes.3Hours.MIXED-COMPUTED-REV,7834.32,6211.03,1623.30,SPIKE
2025-06-08 01:00:00,FAL.Flow-In.Ave.15Minutes.3Hours.MIXED-COMPUTED-REV,-63.18,77.91,-141.09,NEGATIVE
2025-06-08 22:00:00,FAL.Flow-In.Ave.15Minutes.3Hours.MIXED-COMPUTED-REV,-10.54,70.22,-80.76,NEGATIVE
2025-06-09 22:00:00,FAL.Flow-In.Ave.15Minutes.3Hours.MIXED-COMPUTED-REV,-10.39,75.93,-86.31,NEGATIVE
2025-06-11 01:00:00,FAL.Flow-In.Ave.15Minutes.3Hours.MIXED-COMPUTED-REV,-20.48,60.40,-80.88,NEGATIVE
2025-06-11 02:00:00,FAL.Flow-In.Ave.15Minutes.3Hours.MIXED-COMPUTED-REV,-2.25,60.40,-62.65,NEGATIVE
2025-06-15 09:00:00,FAL.Flow-In.Ave.15Minutes.3Hours.MIXED-COMPUTED-REV,-0.89,58.24,-59.13,NEGATIVE
2025-06-15 10:00:00,FAL.Flow-In.Ave.15Minutes.3Hours.MIXED-COMPUTED-REV,-3.37,56.26,-59.63,NEGATIVE
2025-06-15 20:00:00,FAL.Flow-In.Ave.15Minutes.3Hours.MIXED-COMPUTED-REV,-17.21,54.11,-71.32,NEGATIVE
2025-06-17 21:00:00,FAL.Flow-In.Ave.15Minutes.3Hours.MIXED-COMPUTED-REV,-48.00,43.81,-91.81,NEGATIVE
2025-06-17 22:00:00,FAL.Flow-In.Ave.15Minutes.3Hours.MIXED-COMPUTED-REV,-1.69,45.52,-47.21,NEGATIVE
2025-06-18 07:00:00,FAL.Flow-In.Ave.15Minutes.3Hours.MIXED-COMPUTED-REV,-47.76,49.99,-97.75,NEGATIVE
2025-06-18 08:00:00,FAL.Flow-In.Ave.15Minutes.3Hours.MIXED-COMPUTED-REV,-16.26,49.99,-66.26,NEGATIVE
2025-06-20 07:00:00,FAL.Flow-In.Ave.15Minutes.3Hours.MIXED-COMPUTED-REV,-2.18,49.46,-51.64,NEGATIVE
2025-06-28 08:00:00,FAL.Flow-In.Ave.15Minutes.3Hours.MIXED-COMPUTED-REV,-28.39,68.12,-96.51,NEGATIVE
2025-06-29 17:00:00,FAL.Flow-In.Ave.15Minutes.3Hours.MIXED-COMPUTED-REV,-33.63,49.86,-83.50,NEGATIVE
2025-07-03 09:00:00,FAL.Flow-In.Ave.15Minutes.3Hours.MIXED-COMPUTED-REV,-11.61,38.89,-50.51,NEGATIVE
2025-07-03 10:00:00,FAL.Flow-In.Ave.15Minutes.3Hours.MIXED-COMPUTED-REV,-0.52,41.16,-41.68,NEGATIVE
2025-07-06 00:00:00,FAL.Flow-In.Ave.15Minutes.3Hours.MIXED-COMPUTED-REV,-12.96,39.43,-52.39,NEGATIVE
2025-07-06 23:00:00,FAL.Flow-In.Ave.15Minutes.3Hours.MIXED-COMPUTED-REV,-2.76,30.21,-32.97,NEGATIVE
2025-07-07 00:00:00,FAL.Flow-In.Ave.15Minutes.3Hours.MIXED-COMPUTED-REV,-5.36,34.55,-39.91,NEGATIVE
2025-07-07 09:00:00,FAL.Flow-In.Ave.15Minutes.3Hours.MIXED-COMPUTED-REV,-3.43,27.16,-30.60,NEGATIVE
2025-07-07 16:00:00,FAL.Flow-In.Ave.15Minutes.3Hours.MIXED-COMPUTED-REV,301.58,24.83,276.74,SPIKE
2025-07-07 19:00:00,FAL.Flow-In.Ave.15Minutes.3Hours.MIXED-COMPUTED-REV,-137.61,24.83,-162.45,NEGATIVE
2025-07-07 20:00:00,FAL.Flow-In.Ave.15Minutes.3Hours.MIXED-COMPUTED-REV,-119.96,24.83,-144.79,NEGATIVE
2025-07-07 21:00:00,FAL.Flow-In.Ave.15Minutes.3Hours.MIXED-COMPUTED-REV,-47.48,24.83,-72.32,NEGATIVE
2025-07-08 10:00:00,FAL.Flow-In.Ave.15Minutes.3Hours.MIXED-COMPUTED-REV,-11.11,30.01,-41.12,NEGATIVE
2025-07-08 11:00:00,FAL.Flow-In.Ave.15Minutes.3Hours.MIXED-COMPUTED-REV,-5.88,32.33,-38.22,NEGATIVE
2025-07-09 01:00:00,FAL.Flow-In.Ave.15Minutes.3Hours.MIXED-COMPUTED-REV,-9.73,30.01,-39.74,NEGATIVE
2025-07-09 02:00:00,FAL.Flow-In.Ave.15Minutes.3Hours.MIXED-COMPUTED-REV,-4.82,30.01,-34.84,NEGATIVE
2025-07-09 09:00:00,FAL.Flow-In.Ave.15Minutes.3Hours.MIXED-COMPUTED-REV,-4.44,32.54,-36.97,NEGATIVE
2025-07-09 12:00:00,FAL.Flow-In.Ave.15Minutes.3Hours.MIXED-COMPUTED-REV,-6.60,18.03,-24.63,NEGATIVE
2025-07-09 13:00:00,FAL.Flow-In.Ave.15Minutes.3Hours.MIXED-COMPUTED-REV,-1.32,18.03,-19.35,NEGATIVE
2025-07-12 00:00:00,FAL.Flow-In.Ave.15Minutes.3Hours.MIXED-COMPUTED-REV,-5.75,38.79,-44.54,NEGATIVE
2025-07-13 02:00:00,FAL.Flow-In.Ave.15Minutes.3Hours.MIXED-COMPUTED-REV,-2.79,31.47,-34.26,NEGATIVE
2025-07-14 00:00:00,FAL.Flow-In.Ave.15Minutes.3Hours.MIXED-COMPUTED-REV,-12.00,26.97,-38.97,NEGATIVE
2025-07-14 22:00:00,FAL.Flow-In.Ave.15Minutes.3Hours.MIXED-COMPUTED-REV,-9.17,24.99,-34.16,NEGATIVE
2025-07-15 12:00:00,FAL.Flow-In.Ave.15Minutes.3Hours.MIXED-COMPUTED-REV,-8.85,20.51,-29.36,NEGATIVE
2025-07-16 00:00:00,FAL.Flow-In.Ave.15Minutes.3Hours.MIXED-COMPUTED-REV,-8.86,25.41,-34.27,NEGATIVE
2025-07-16 01:00:00,FAL.Flow-In.Ave.15Minutes.3Hours.MIXED-COMPUTED-REV,-6.76,32.63,-39.38,NEGATIVE
2025-07-16 02:00:00,FAL.Flow-In.Ave.15Minutes.3Hours.MIXED-COMPUTED-REV,-6.94,32.63,-39.57,NEGATIVE
2025-07-17 18:00:00,FAL.Flow-In.Ave.15Minutes.3Hours.MIXED-COMPUTED-REV,-12.51,16.53,-29.05,NEGATIVE
2025-07-17 19:00:00,FAL.Flow-In.Ave.15Minutes.3Hours.MIXED-COMPUTED-REV,-0.44,16.53,-16.98,NEGATIVE
2025-07-17 20:00:00,FAL.Flow-In.Ave.15Minutes.3Hours.MIXED-COMPUTED-REV,-0.51,16.53,-17.04,NEGATIVE
2025-07-18 02:00:00,FAL.Flow-In.Ave.15Minutes.3Hours.MIXED-COMPUTED-REV,-1.88,16.32,-18.20,NEGATIVE
2025-07-18 12:00:00,FAL.Flow-In.Ave.15Minutes.3Hours.MIXED-COMPUTED-REV,-9.63,19.15,-28.77,NEGATIVE
2025-07-18 13:00:00,FAL.Flow-In.Ave.15Minutes.3Hours.MIXED-COMPUTED-REV,-12.02,19.15,-31.17,NEGATIVE
2025-07-19 01:00:00,FAL.Flow-In.Ave.15Minutes.3Hours.MIXED-COMPUTED-REV,-18.69,18.73,-37.42,NEGATIVE
2025-07-19 02:00:00,FAL.Flow-In.Ave.15Minutes.3Hours.MIXED-COMPUTED-REV,-18.73,19.15,-37.87,NEGATIVE
2025-07-19 03:00:00,FAL.Flow-In.Ave.15Minutes.3Hours.MIXED-COMPUTED-REV,-18.57,19.76,-38.33,NEGATIVE
2025-07-19 07:00:00,FAL.Flow-In.Ave.15Minutes.3Hours.MIXED-COMPUTED-REV,-2.35,19.43,-21.78,NEGATIVE
2025-07-19 12:00:00,FAL.Flow-In.Ave.15Minutes.3Hours.MIXED-COMPUTED-REV,-11.60,10.73,-22.34,NEGATIVE
2025-07-19 21:00:00,FAL.Flow-In.Ave.15Minutes.3Hours.MIXED-COMPUTED-REV,-0.48,16.12,-16.61,NEGATIVE
2025-07-19 23:00:00,FAL.Flow-In.Ave.15Minutes.3Hours.MIXED-COMPUTED-REV,-3.38,16.73,-20.12,NEGATIVE
2025-07-20 02:00:00,FAL.Flow-In.Ave.15Minutes.3Hours.MIXED-COMPUTED-REV,-3.84,19.19,-23.03,NEGATIVE
2025-07-20 09:00:00,FAL.Flow-In.Ave.15Minutes.3Hours.MIXED-COMPUTED-REV,-5.22,19.19,-24.41,NEGATIVE
2025-07-20 13:00:00,FAL.Flow-In.Ave.15Minutes.3Hours.MIXED-COMPUTED-REV,-3.87,24.86,-28.73,NEGATIVE
2025-07-20 14:00:00,FAL.Flow-In.Ave.15Minutes.3Hours.MIXED-COMPUTED-REV,-8.67,24.86,-33.53,NEGATIVE
2025-07-22 03:00:00,FAL.Flow-In.Ave.15Minutes.3Hours.MIXED-COMPUTED-REV,-0.07,19.32,-19.38,NEGATIVE
2025-07-22 12:00:00,FAL.Flow-In.Ave.15Minutes.3Hours.MIXED-COMPUTED-REV,-10.36,18.17,-28.52,NEGATIVE
2025-07-22 13:00:00,FAL.Flow-In.Ave.15Minutes.3Hours.MIXED-COMPUTED-REV,-12.78,18.17,-30.94,NEGATIVE
2025-07-22 21:00:00,FAL.Flow-In.Ave.15Minutes.3Hours.MIXED-COMPUTED-REV,-1.54,26.12,-27.66,NEGATIVE
2025-07-23 02:00:00,FAL.Flow-In.Ave.15Minutes.3Hours.MIXED-COMPUTED-REV,-15.13,26.12,-41.26,NEGATIVE
2025-07-23 03:00:00,FAL.Flow-In.Ave.15Minutes.3Hours.MIXED-COMPUTED-REV,-0.43,26.12,-26.56,NEGATIVE
2025-07-23 10:00:00,FAL.Flow-In.Ave.15Minutes.3Hours.MIXED-COMPUTED-REV,-0.16,24.17,-24.33,NEGATIVE
2025-07-23 23:00:00,FAL.Flow-In.Ave.15Minutes.3Hours.MIXED-COMPUTED-REV,-14.43,19.35,-33.79,NEGATIVE
2025-07-24 00:00:00,FAL.Flow-In.Ave.15Minutes.3Hours.MIXED-COMPUTED-REV,-2.65,19.35,-22.00,NEGATIVE
2025-07-24 12:00:00,FAL.Flow-In.Ave.15Minutes.3Hours.MIXED-COMPUTED-REV,-2.09,22.85,-24.94,NEGATIVE
2025-07-25 00:00:00,FAL.Flow-In.Ave.15Minutes.3Hours.MIXED-COMPUTED-REV,-7.09,19.51,-26.60,NEGATIVE
2025-07-25 04:00:00,FAL.Flow-In.Ave.15Minutes.3Hours.MIXED-COMPUTED-REV,-4.30,20.17,-24.46,NEGATIVE
2025-07-25 05:00:00,FAL.Flow-In.Ave.15Minutes.3Hours.MIXED-COMPUTED-REV,-6.73,20.17,-26.90,NEGATIVE
2025-07-25 10:00:00,FAL.Flow-In.Ave.15Minutes.3Hours.MIXED-COMPUTED-REV,-6.47,17.12,-23.59,NEGATIVE
2025-07-25 11:00:00,FAL.Flow-In.Ave.15Minutes.3Hours.MIXED-COMPUTED-REV,-6.44,17.12,-23.56,NEGATIVE
2025-07-25 12:00:00,FAL.Flow-In.Ave.15Minutes.3Hours.MIXED-COMPUTED-REV,-23.08,17.12,-40.20,NEGATIVE
2025-07-25 21:00:00,FAL.Flow-In.Ave.15Minutes.3Hours.MIXED-COMPUTED-REV,-17.29,17.12,-34.40,NEGATIVE
2025-07-25 22:00:00,FAL.Flow-In.Ave.15Minutes.3Hours.MIXED-COMPUTED-REV,-12.85,12.91,-25.76,NEGATIVE
2025-07-26 00:00:00,FAL.Flow-In.Ave.15Minutes.3Hours.MIXED-COMPUTED-REV,-6.16,12.91,-19.07,NEGATIVE
2025-07-26 01:00:00,FAL.Flow-In.Ave.15Minutes.3Hours.MIXED-COMPUTED-REV,-3.99,12.91,-16.90,NEGATIVE
2025-07-26 11:00:00,FAL.Flow-In.Ave.15Minutes.3Hours.MIXED-COMPUTED-REV,-3.60,18.01,-21.62,NEGATIVE
2025-07-26 12:00:00,FAL.Flow-In.Ave.15Minutes.3Hours.MIXED-COMPUTED-REV,-1.20,12.91,-14.11,NEGATIVE
2025-07-27 01:00:00,FAL.Flow-In.Ave.15Minutes.3Hours.MIXED-COMPUTED-REV,-10.37,13.58,-23.95,NEGATIVE
2025-07-27 02:00:00,FAL.Flow-In.Ave.15Minutes.3Hours.MIXED-COMPUTED-REV,-12.59,13.58,-26.17,NEGATIVE
2025-07-27 08:00:00,FAL.Flow-In.Ave.15Minutes.3Hours.MIXED-COMPUTED-REV,-1.31,11.42,-12.73,NEGATIVE
2025-07-27 09:00:00,FAL.Flow-In.Ave.15Minutes.3Hours.MIXED-COMPUTED-REV,-7.90,11.42,-19.32,NEGATIVE
2025-07-27 19:00:00,FAL.Flow-In.Ave.15Minutes.3Hours.MIXED-COMPUTED-REV,-2.21,13.55,-15.76,NEGATIVE
2025-07-27 20:00:00,FAL.Flow-In.Ave.15Minutes.3Hours.MIXED-COMPUTED-REV,-12.31,11.15,-23.45,NEGATIVE
2025-07-28 01:00:00,FAL.Flow-In.Ave.15Minutes.3Hours.MIXED-COMPUTED-REV,-7.97,8.92,-16.89,NEGATIVE
2025-07-28 02:00:00,FAL.Flow-In.Ave.15Minutes.3Hours.MIXED-COMPUTED-REV,-5.38,16.15,-21.53,NEGATIVE
2025-07-28 12:00:00,FAL.Flow-In.Ave.15Minutes.3Hours.MIXED-COMPUTED-REV,-6.89,9.05,-15.95,NEGATIVE
2025-07-28 13:00:00,FAL.Flow-In.Ave.15Minutes.3Hours.MIXED-COMPUTED-REV,-9.51,11.38,-20.88,NEGATIVE
2025-07-28 19:00:00,FAL.Flow-In.Ave.15Minutes.3Hours.MIXED-COMPUTED-REV,-60.87,14.19,-75.06,NEGATIVE
2025-07-28 20:00:00,FAL.Flow-In.Ave.15Minutes.3Hours.MIXED-COMPUTED-REV,-16.45,14.21,-30.67,NEGATIVE
2025-07-29 03:00:00,FAL.Flow-In.Ave.15Minutes.3Hours.MIXED-COMPUTED-REV,-0.31,14.21,-14.52,NEGATIVE
2025-07-29 10:00:00,FAL.Flow-In.Ave.15Minutes.3Hours.MIXED-COMPUTED-REV,-23.40,16.12,-39.52,NEGATIVE
2025-07-29 11:00:00,FAL.Flow-In.Ave.15Minutes.3Hours.MIXED-COMPUTED-REV,-6.91,16.12,-23.03,NEGATIVE
2025-07-29 21:00:00,FAL.Flow-In.Ave.15Minutes.3Hours.MIXED-COMPUTED-REV,-0.01,16.50,-16.50,NEGATIVE
2025-07-30 01:00:00,FAL.Flow-In.Ave.15Minutes.3Hours.MIXED-COMPUTED-REV,-7.03,19.03,-26.06,NEGATIVE
2025-07-30 02:00:00,FAL.Flow-In.Ave.15Minutes.3Hours.MIXED-COMPUTED-REV,-2.30,18.83,-21.13,NEGATIVE
2025-07-30 09:00:00,FAL.Flow-In.Ave.15Minutes.3Hours.MIXED-COMPUTED-REV,-3.72,21.26,-24.98,NEGATIVE
2025-07-30 10:00:00,FAL.Flow-In.Ave.15Minutes.3Hours.MIXED-COMPUTED-REV,-8.03,21.26,-29.28,NEGATIVE
2025-07-30 14:00:00,FAL.Flow-In.Ave.15Minutes.3Hours.MIXED-COMPUTED-REV,-2.27,17.02,-19.30,NEGATIVE
2025-07-31 07:00:00,FAL.Flow-In.Ave.15Minutes.3Hours.MIXED-COMPUTED-REV,-1.61,19.61,-21.21,NEGATIVE
2025-07-31 08:00:00,FAL.Flow-In.Ave.15Minutes.3Hours.MIXED-COMPUTED-REV,-15.65,19.61,-35.26,NEGATIVE
2025-07-31 09:00:00,FAL.Flow-In.Ave.15Minutes.3Hours.MIXED-COMPUTED-REV,-15.68,19.44,-35.12,NEGATIVE
2025-07-31 21:00:00,FAL.Flow-In.Ave.15Minutes.3Hours.MIXED-COMPUTED-REV,-46.70,15.20,-61.90,NEGATIVE
2025-07-31 22:00:00,FAL.Flow-In.Ave.15Minutes.3Hours.MIXED-COMPUTED-REV,-30.75,15.20,-45.95,NEGATIVE
2025-08-01 07:00:00,FAL.Flow-In.Ave.15Minutes.3Hours.MIXED-COMPUTED-REV,-1.16,15.32,-16.48,NEGATIVE
2025-08-01 08:00:00,FAL.Flow-In.Ave.15Minutes.3Hours.MIXED-COMPUTED-REV,-1.13,15.32,-16.45,NEGATIVE
2025-08-01 22:00:00,FAL.Flow-In.Ave.15Minutes.3Hours.MIXED-COMPUTED-REV,-37.98,15.12,-53.11,NEGATIVE
2025-08-01 23:00:00,FAL.Flow-In.Ave.15Minutes.3Hours.MIXED-COMPUTED-REV,-12.32,15.12,-27.44,NEGATIVE
2025-08-02 01:00:00,FAL.Flow-In.Ave.15Minutes.3Hours.MIXED-COMPUTED-REV,-3.03,13.31,-16.34,NEGATIVE
2025-08-02 02:00:00,FAL.Flow-In.Ave.15Minutes.3Hours.MIXED-COMPUTED-REV,-5.37,13.31,-18.68,NEGATIVE
2025-08-02 08:00:00,FAL.Flow-In.Ave.15Minutes.3Hours.MIXED-COMPUTED-REV,-7.23,9.13,-16.36,NEGATIVE
2025-08-03 01:00:00,FAL.Flow-In.Ave.15Minutes.3Hours.MIXED-COMPUTED-REV,-9.77,9.13,-18.90,NEGATIVE
2025-08-03 02:00:00,FAL.Flow-In.Ave.15Minutes.3Hours.MIXED-COMPUTED-REV,-2.79,9.13,-11.92,NEGATIVE
2025-08-03 10:00:00,FAL.Flow-In.Ave.15Minutes.3Hours.MIXED-COMPUTED-REV,-14.83,4.70,-19.53,NEGATIVE
2025-08-03 11:00:00,FAL.Flow-In.Ave.15Minutes.3Hours.MIXED-COMPUTED-REV,-10.09,4.70,-14.79,NEGATIVE
2025-08-03 20:00:00,FAL.Flow-In.Ave.15Minutes.3Hours.MIXED-COMPUTED-REV,-4.76,10.40,-15.16,NEGATIVE
2025-08-03 21:00:00,FAL.Flow-In.Ave.15Minutes.3Hours.MIXED-COMPUTED-REV,-11.57,9.69,-21.26,NEGATIVE
2025-08-03 22:00:00,FAL.Flow-In.Ave.15Minutes.3Hours.MIXED-COMPUTED-REV,-27.73,9.69,-37.43,NEGATIVE
2025-08-04 07:00:00,FAL.Flow-In.Ave.15Minutes.3Hours.MIXED-COMPUTED-REV,-29.79,11.76,-41.55,NEGATIVE
2025-08-04 08:00:00,FAL.Flow-In.Ave.15Minutes.3Hours.MIXED-COMPUTED-REV,-11.21,11.84,-23.06,NEGATIVE
2025-08-04 22:00:00,FAL.Flow-In.Ave.15Minutes.3Hours.MIXED-COMPUTED-REV,-2.13,12.04,-14.17,NEGATIVE
2025-08-04 23:00:00,FAL.Flow-In.Ave.15Minutes.3Hours.MIXED-COMPUTED-REV,-7.15,9.96,-17.10,NEGATIVE
2025-08-05 00:00:00,FAL.Flow-In.Ave.15Minutes.3Hours.MIXED-COMPUTED-REV,-7.37,9.96,-17.33,NEGATIVE
2025-08-05 01:00:00,FAL.Flow-In.Ave.15Minutes.3Hours.MIXED-COMPUTED-REV,-9.54,9.96,-19.50,NEGATIVE
2025-08-05 02:00:00,FAL.Flow-In.Ave.15Minutes.3Hours.MIXED-COMPUTED-REV,-13.80,14.31,-28.11,NEGATIVE
2025-08-05 10:00:00,FAL.Flow-In.Ave.15Minutes.3Hours.MIXED-COMPUTED-REV,-17.60,9.96,-27.55,NEGATIVE
2025-08-05 11:00:00,FAL.Flow-In.Ave.15Minutes.3Hours.MIXED-COMPUTED-REV,-24.55,9.96,-34.51,NEGATIVE
2025-08-05 12:00:00,FAL.Flow-In.Ave.15Minutes.3Hours.MIXED-COMPUTED-REV,-27.03,10.34,-37.36,NEGATIVE
2025-08-05 13:00:00,FAL.Flow-In.Ave.15Minutes.3Hours.MIXED-COMPUTED-REV,-6.48,10.34,-16.82,NEGATIVE
2025-08-05 22:00:00,FAL.Flow-In.Ave.15Minutes.3Hours.MIXED-COMPUTED-REV,-5.86,12.44,-18.30,NEGATIVE
2025-08-06 03:00:00,FAL.Flow-In.Ave.15Minutes.3Hours.MIXED-COMPUTED-REV,-5.73,14.91,-20.63,NEGATIVE
2025-08-06 10:00:00,FAL.Flow-In.Ave.15Minutes.3Hours.MIXED-COMPUTED-REV,-10.29,17.00,-27.29,NEGATIVE
2025-08-06 11:00:00,FAL.Flow-In.Ave.15Minutes.3Hours.MIXED-COMPUTED-REV,-5.65,17.00,-22.65,NEGATIVE
2025-08-06 12:00:00,FAL.Flow-In.Ave.15Minutes.3Hours.MIXED-COMPUTED-REV,-1.01,17.00,-18.01,NEGATIVE
2025-08-06 23:00:00,FAL.Flow-In.Ave.15Minutes.3Hours.MIXED-COMPUTED-REV,-3.05,24.48,-27.54,NEGATIVE
2025-08-07 07:00:00,FAL.Flow-In.Ave.15Minutes.3Hours.MIXED-COMPUTED-REV,-7.58,27.11,-34.70,NEGATIVE
2025-08-07 22:00:00,FAL.Flow-In.Ave.15Minutes.3Hours.MIXED-COMPUTED-REV,-7.24,27.11,-34.36,NEGATIVE
2025-08-08 01:00:00,FAL.Flow-In.Ave.15Minutes.3Hours.MIXED-COMPUTED-REV,-0.25,15.98,-16.22,NEGATIVE
2025-08-08 02:00:00,FAL.Flow-In.Ave.15Minutes.3Hours.MIXED-COMPUTED-REV,-14.01,18.29,-32.31,NEGATIVE
2025-08-08 09:00:00,FAL.Flow-In.Ave.15Minutes.3Hours.MIXED-COMPUTED-REV,-11.65,15.98,-27.63,NEGATIVE
2025-08-09 01:00:00,FAL.Flow-In.Ave.15Minutes.3Hours.MIXED-COMPUTED-REV,-10.59,16.34,-26.93,NEGATIVE
2025-08-09 02:00:00,FAL.Flow-In.Ave.15Minutes.3Hours.MIXED-COMPUTED-REV,-40.37,17.99,-58.36,NEGATIVE
2025-08-09 03:00:00,FAL.Flow-In.Ave.15Minutes.3Hours.MIXED-COMPUTED-REV,-3.07,17.99,-21.07,NEGATIVE
2025-08-09 07:00:00,FAL.Flow-In.Ave.15Minutes.3Hours.MIXED-COMPUTED-REV,-8.95,17.99,-26.95,NEGATIVE
2025-08-09 09:00:00,FAL.Flow-In.Ave.15Minutes.3Hours.MIXED-COMPUTED-REV,-9.09,16.34,-25.43,NEGATIVE
2025-08-09 10:00:00,FAL.Flow-In.Ave.15Minutes.3Hours.MIXED-COMPUTED-REV,-6.78,16.34,-23.12,NEGATIVE
2025-08-09 22:00:00,FAL.Flow-In.Ave.15Minutes.3Hours.MIXED-COMPUTED-REV,-0.07,13.49,-13.56,NEGATIVE
2025-08-10 00:00:00,FAL.Flow-In.Ave.15Minutes.3Hours.MIXED-COMPUTED-REV,-4.55,16.45,-21.00,NEGATIVE
2025-08-10 02:00:00,FAL.Flow-In.Ave.15Minutes.3Hours.MIXED-COMPUTED-REV,-4.86,16.45,-21.31,NEGATIVE
2025-08-10 22:00:00,FAL.Flow-In.Ave.15Minutes.3Hours.MIXED-COMPUTED-REV,-5.98,20.43,-26.41,NEGATIVE
2025-08-10 23:00:00,FAL.Flow-In.Ave.15Minutes.3Hours.MIXED-COMPUTED-REV,-8.56,20.43,-28.99,NEGATIVE
2025-08-11 00:00:00,FAL.Flow-In.Ave.15Minutes.3Hours.MIXED-COMPUTED-REV,-1.70,17.05,-18.75,NEGATIVE
2025-08-11 10:00:00,FAL.Flow-In.Ave.15Minutes.3Hours.MIXED-COMPUTED-REV,-1.06,21.28,-22.34,NEGATIVE
2025-08-11 11:00:00,FAL.Flow-In.Ave.15Minutes.3Hours.MIXED-COMPUTED-REV,-3.31,21.28,-24.59,NEGATIVE
2025-08-11 13:00:00,FAL.Flow-In.Ave.15Minutes.3Hours.MIXED-COMPUTED-REV,-3.24,21.28,-24.52,NEGATIVE
2025-08-12 00:00:00,FAL.Flow-In.Ave.15Minutes.3Hours.MIXED-COMPUTED-REV,-3.70,17.63,-21.33,NEGATIVE
2025-08-12 10:00:00,FAL.Flow-In.Ave.15Minutes.3Hours.MIXED-COMPUTED-REV,-25.54,18.53,-44.07,NEGATIVE
2025-08-12 11:00:00,FAL.Flow-In.Ave.15Minutes.3Hours.MIXED-COMPUTED-REV,-11.89,18.53,-30.42,NEGATIVE
2025-08-12 22:00:00,FAL.Flow-In.Ave.15Minutes.3Hours.MIXED-COMPUTED-REV,-13.99,19.85,-33.84,NEGATIVE
2025-08-12 23:00:00,FAL.Flow-In.Ave.15Minutes.3Hours.MIXED-COMPUTED-REV,-7.53,19.85,-27.38,NEGATIVE
2025-08-13 00:00:00,FAL.Flow-In.Ave.15Minutes.3Hours.MIXED-COMPUTED-REV,-8.11,19.85,-27.96,NEGATIVE
2025-08-13 01:00:00,FAL.Flow-In.Ave.15Minutes.3Hours.MIXED-COMPUTED-REV,-1.23,19.85,-21.08,NEGATIVE
2025-08-13 02:00:00,FAL.Flow-In.Ave.15Minutes.3Hours.MIXED-COMPUTED-REV,-0.90,19.11,-20.01,NEGATIVE
2025-08-13 21:00:00,FAL.Flow-In.Ave.15Minutes.3Hours.MIXED-COMPUTED-REV,-0.39,11.22,-11.61,NEGATIVE
2025-08-14 02:00:00,FAL.Flow-In.Ave.15Minutes.3Hours.MIXED-COMPUTED-REV,-9.09,12.83,-21.91,NEGATIVE
2025-08-14 03:00:00,FAL.Flow-In.Ave.15Minutes.3Hours.MIXED-COMPUTED-REV,-13.29,12.83,-26.12,NEGATIVE
2025-08-14 04:00:00,FAL.Flow-In.Ave.15Minutes.3Hours.MIXED-COMPUTED-REV,-15.05,12.83,-27.87,NEGATIVE
2025-08-14 08:00:00,FAL.Flow-In.Ave.15Minutes.3Hours.MIXED-COMPUTED-REV,-8.76,12.83,-21.59,NEGATIVE
2025-08-14 09:00:00,FAL.Flow-In.Ave.15Minutes.3Hours.MIXED-COMPUTED-REV,-10.90,13.61,-24.51,NEGATIVE
2025-08-14 13:00:00,FAL.Flow-In.Ave.15Minutes.3Hours.MIXED-COMPUTED-REV,-4.08,14.05,-18.13,NEGATIVE
2025-08-15 00:00:00,FAL.Flow-In.Ave.15Minutes.3Hours.MIXED-COMPUTED-REV,-3.39,13.04,-16.43,NEGATIVE
2025-08-15 01:00:00,FAL.Flow-In.Ave.15Minutes.3Hours.MIXED-COMPUTED-REV,-15.02,12.19,-27.21,NEGATIVE
2025-08-15 08:00:00,FAL.Flow-In.Ave.15Minutes.3Hours.MIXED-COMPUTED-REV,-3.49,18.58,-22.07,NEGATIVE
2025-08-15 21:00:00,FAL.Flow-In.Ave.15Minutes.3Hours.MIXED-COMPUTED-REV,-3.00,20.54,-23.54,NEGATIVE
2025-08-19 02:00:00,FAL.Flow-In.Ave.15Minutes.3Hours.MIXED-COMPUTED-REV,-7.04,19.98,-27.02,NEGATIVE
2025-08-19 03:00:00,FAL.Flow-In.Ave.15Minutes.3Hours.MIXED-COMPUTED-REV,-11.47,19.98,-31.46,NEGATIVE
2025-08-19 04:00:00,FAL.Flow-In.Ave.15Minutes.3Hours.MIXED-COMPUTED-REV,-0.28,19.98,-20.26,NEGATIVE
2025-08-19 11:00:00,FAL.Flow-In.Ave.15Minutes.3Hours.MIXED-COMPUTED-REV,-15.13,17.77,-32.90,NEGATIVE
2025-08-19 12:00:00,FAL.Flow-In.Ave.15Minutes.3Hours.MIXED-COMPUTED-REV,-4.08,15.38,-19.46,NEGATIVE
2025-08-20 01:00:00,FAL.Flow-In.Ave.15Minutes.3Hours.MIXED-COMPUTED-REV,-8.92,15.71,-24.63,NEGATIVE
2025-08-20 09:00:00,FAL.Flow-In.Ave.15Minutes.3Hours.MIXED-COMPUTED-REV,-6.20,15.71,-21.91,NEGATIVE
2025-08-20 13:00:00,FAL.Flow-In.Ave.15Minutes.3Hours.MIXED-COMPUTED-REV,-1.78,15.71,-17.49,NEGATIVE
2025-08-21 01:00:00,FAL.Flow-In.Ave.15Minutes.3Hours.MIXED-COMPUTED-REV,-1.67,15.38,-17.04,NEGATIVE
2025-08-21 02:00:00,FAL.Flow-In.Ave.15Minutes.3Hours.MIXED-COMPUTED-REV,-8.35,15.38,-23.72,NEGATIVE
2025-08-21 10:00:00,FAL.Flow-In.Ave.15Minutes.3Hours.MIXED-COMPUTED-REV,-9.01,13.86,-22.87,NEGATIVE
2025-08-21 11:00:00,FAL.Flow-In.Ave.15Minutes.3Hours.MIXED-COMPUTED-REV,-9.48,12.15,-21.64,NEGATIVE
2025-08-21 12:00:00,FAL.Flow-In.Ave.15Minutes.3Hours.MIXED-COMPUTED-REV,-7.56,12.00,-19.56,NEGATIVE
2025-08-21 13:00:00,FAL.Flow-In.Ave.15Minutes.3Hours.MIXED-COMPUTED-REV,-12.29,12.00,-24.29,NEGATIVE
2025-08-22 00:00:00,FAL.Flow-In.Ave.15Minutes.3Hours.MIXED-COMPUTED-REV,-21.40,12.15,-33.55,NEGATIVE
2025-08-22 01:00:00,FAL.Flow-In.Ave.15Minutes.3Hours.MIXED-COMPUTED-REV,-17.15,12.15,-29.30,NEGATIVE
2025-08-22 08:00:00,FAL.Flow-In.Ave.15Minutes.3Hours.MIXED-COMPUTED-REV,-11.74,12.00,-23.74,NEGATIVE
2025-08-22 09:00:00,FAL.Flow-In.Ave.15Minutes.3Hours.MIXED-COMPUTED-REV,-15.86,12.00,-27.87,NEGATIVE
2025-08-22 13:00:00,FAL.Flow-In.Ave.15Minutes.3Hours.MIXED-COMPUTED-REV,-22.45,10.34,-32.79,NEGATIVE
2025-08-22 14:00:00,FAL.Flow-In.Ave.15Minutes.3Hours.MIXED-COMPUTED-REV,-7.22,10.83,-18.05,NEGATIVE
2025-08-23 09:00:00,FAL.Flow-In.Ave.15Minutes.3Hours.MIXED-COMPUTED-REV,-22.44,17.32,-39.76,NEGATIVE
2025-08-23 10:00:00,FAL.Flow-In.Ave.15Minutes.3Hours.MIXED-COMPUTED-REV,-20.20,17.32,-37.52,NEGATIVE
2025-08-26 04:00:00,FAL.Flow-In.Ave.15Minutes.3Hours.MIXED-COMPUTED-REV,-55.24,39.41,-94.66,NEGATIVE
2025-08-26 05:00:00,FAL.Flow-In.Ave.15Minutes.3Hours.MIXED-COMPUTED-REV,-46.20,39.60,-85.80,NEGATIVE
2025-08-29 05:00:00,FAL.Flow-In.Ave.15Minutes.3Hours.MIXED-COMPUTED-REV,-3.80,1.45,-5.26,NEGATIVE
2025-08-29 07:00:00,FAL.Flow-In.Ave.15Minutes.3Hours.MIXED-COMPUTED-REV,-3.51,1.45,-4.97,NEGATIVE
2025-08-29 08:00:00,FAL.Flow-In.Ave.15Minutes.3Hours.MIXED-COMPUTED-REV,-11.51,2.60,-14.11,NEGATIVE
2025-08-29 09:00:00,FAL.Flow-In.Ave.15Minutes.3Hours.MIXED-COMPUTED-REV,-17.22,1.45,-18.67,NEGATIVE
2025-08-29 10:00:00,FAL.Flow-In.Ave.15Minutes.3Hours.MIXED-COMPUTED-REV,-37.36,0.68,-38.04,NEGATIVE
2025-08-29 11:00:00,FAL.Flow-In.Ave.15Minutes.3Hours.MIXED-COMPUTED-REV,-39.09,-1.42,-37.68,NEGATIVE
2025-08-29 12:00:00,FAL.Flow-In.Ave.15Minutes.3Hours.MIXED-COMPUTED-REV,-32.74,-3.51,-29.23,NEGATIVE
2025-08-29 13:00:00,FAL.Flow-In.Ave.15Minutes.3Hours.MIXED-COMPUTED-REV,-28.82,-3.63,-25.19,NEGATIVE
2025-08-29 14:00:00,FAL.Flow-In.Ave.15Minutes.3Hours.MIXED-COMPUTED-REV,-10.40,-3.63,-6.78,NEGATIVE
2025-08-29 15:00:00,FAL.Flow-In.Ave.15Minutes.3Hours.MIXED-COMPUTED-REV,-16.75,-3.63,-13.12,NEGATIVE
2025-08-29 22:00:00,FAL.Flow-In.Ave.15Minutes.3Hours.MIXED-COMPUTED-REV,-5.60,-13.86,8.25,NEGATIVE
2025-08-29 23:00:00,FAL.Flow-In.Ave.15Minutes.3Hours.MIXED-COMPUTED-REV,-13.86,-10.40,-3.45,NEGATIVE
2025-08-30 00:00:00,FAL.Flow-In.Ave.15Minutes.3Hours.MIXED-COMPUTED-REV,-3.63,-8.55,4.92,NEGATIVE
2025-08-30 01:00:00,FAL.Flow-In.Ave.15Minutes.3Hours.MIXED-COMPUTED-REV,-14.29,-8.30,-5.99,NEGATIVE
2025-08-30 03:00:00,FAL.Flow-In.Ave.15Minutes.3Hours.MIXED-COMPUTED-REV,-3.19,-5.60,2.41,NEGATIVE
2025-08-30 05:00:00,FAL.Flow-In.Ave.15Minutes.3Hours.MIXED-COMPUTED-REV,-16.39,-4.41,-11.97,NEGATIVE
2025-08-30 06:00:00,FAL.Flow-In.Ave.15Minutes.3Hours.MIXED-COMPUTED-REV,-22.43,-4.41,-18.01,NEGATIVE
2025-08-30 07:00:00,FAL.Flow-In.Ave.15Minutes.3Hours.MIXED-COMPUTED-REV,-32.67,-4.41,-28.25,NEGATIVE
2025-08-30 08:00:00,FAL.Flow-In.Ave.15Minutes.3Hours.MIXED-COMPUTED-REV,-32.14,-4.41,-27.72,NEGATIVE
2025-08-30 09:00:00,FAL.Flow-In.Ave.15Minutes.3Hours.MIXED-COMPUTED-REV,-25.45,-4.41,-21.04,NEGATIVE
2025-08-30 10:00:00,FAL.Flow-In.Ave.15Minutes.3Hours.MIXED-COMPUTED-REV,-18.97,-4.41,-14.56,NEGATIVE
2025-08-30 11:00:00,FAL.Flow-In.Ave.15Minutes.3Hours.MIXED-COMPUTED-REV,-4.41,-4.41,0.00,NEGATIVE
2025-08-30 12:00:00,FAL.Flow-In.Ave.15Minutes.3Hours.MIXED-COMPUTED-REV,-8.55,-4.41,-4.13,NEGATIVE
2025-08-30 13:00:00,FAL.Flow-In.Ave.15Minutes.3Hours.MIXED-COMPUTED-REV,-8.30,-5.94,-2.35,NEGATIVE
2025-08-30 14:00:00,FAL.Flow-In.Ave.15Minutes.3Hours.MIXED-COMPUTED-REV,-5.94,-5.94,0.00,NEGATIVE
2025-08-30 23:00:00,FAL.Flow-In.Ave.15Minutes.3Hours.MIXED-COMPUTED-REV,-9.07,-6.86,-2.21,NEGATIVE
2025-08-31 00:00:00,FAL.Flow-In.Ave.15Minutes.3Hours.MIXED-COMPUTED-REV,-21.74,-6.86,-14.88,NEGATIVE
2025-08-31 01:00:00,FAL.Flow-In.Ave.15Minutes.3Hours.MIXED-COMPUTED-REV,-28.38,-6.86,-21.52,NEGATIVE
2025-08-31 02:00:00,FAL.Flow-In.Ave.15Minutes.3Hours.MIXED-COMPUTED-REV,-20.24,-6.82,-13.42,NEGATIVE
2025-08-31 03:00:00,FAL.Flow-In.Ave.15Minutes.3Hours.MIXED-COMPUTED-REV,-7.46,-6.82,-0.64,NEGATIVE
2025-08-31 06:00:00,FAL.Flow-In.Ave.15Minutes.3Hours.MIXED-COMPUTED-REV,-7.95,-6.82,-1.13,NEGATIVE
2025-08-31 07:00:00,FAL.Flow-In.Ave.15Minutes.3Hours.MIXED-COMPUTED-REV,-24.03,-6.82,-17.22,NEGATIVE
2025-08-31 08:00:00,FAL.Flow-In.Ave.15Minutes.3Hours.MIXED-COMPUTED-REV,-19.57,-6.82,-12.75,NEGATIVE
2025-08-31 09:00:00,FAL.Flow-In.Ave.15Minutes.3Hours.MIXED-COMPUTED-REV,-6.86,-6.86,0.00,NEGATIVE
2025-08-31 10:00:00,FAL.Flow-In.Ave.15Minutes.3Hours.MIXED-COMPUTED-REV,-12.36,-7.00,-5.35,NEGATIVE
2025-08-31 11:00:00,FAL.Flow-In.Ave.15Minutes.3Hours.MIXED-COMPUTED-REV,-24.72,-7.46,-17.26,NEGATIVE
2025-08-31 12:00:00,FAL.Flow-In.Ave.15Minutes.3Hours.MIXED-COMPUTED-REV,-6.82,-7.46,0.64,NEGATIVE
2025-08-31 13:00:00,FAL.Flow-In.Ave.15Minutes.3Hours.MIXED-COMPUTED-REV,-7.00,-7.46,0.45,NEGATIVE
2025-08-31 14:00:00,FAL.Flow-In.Ave.15Minutes.3Hours.MIXED-COMPUTED-REV,-0.99,-7.46,6.46,NEGATIVE
2025-08-31 15:00:00,FAL.Flow-In.Ave.15Minutes.3Hours.MIXED-COMPUTED-REV,-0.99,-7.46,6.46,NEGATIVE
2025-08-31 21:00:00,FAL.Flow-In.Ave.15Minutes.3Hours.MIXED-COMPUTED-REV,-13.59,-8.68,-4.92,NEGATIVE
2025-08-31 22:00:00,FAL.Flow-In.Ave.15Minutes.3Hours.MIXED-COMPUTED-REV,-13.94,-9.49,-4.45,NEGATIVE
2025-08-31 23:00:00,FAL.Flow-In.Ave.15Minutes.3Hours.MIXED-COMPUTED-REV,-14.23,-9.49,-4.74,NEGATIVE
2025-09-01 00:00:00,FAL.Flow-In.Ave.15Minutes.3Hours.MIXED-COMPUTED-REV,-9.87,-9.49,-0.38,NEGATIVE
2025-09-01 01:00:00,FAL.Flow-In.Ave.15Minutes.3Hours.MIXED-COMPUTED-REV,-15.87,-9.60,-6.27,NEGATIVE
2025-09-01 02:00:00,FAL.Flow-In.Ave.15Minutes.3Hours.MIXED-COMPUTED-REV,-15.78,-9.87,-5.92,NEGATIVE
2025-09-01 03:00:00,FAL.Flow-In.Ave.15Minutes.3Hours.MIXED-COMPUTED-REV,-9.60,-9.87,0.27,NEGATIVE
2025-09-01 04:00:00,FAL.Flow-In.Ave.15Minutes.3Hours.MIXED-COMPUTED-REV,-9.49,-9.87,0.38,NEGATIVE
2025-09-01 05:00:00,FAL.Flow-In.Ave.15Minutes.3Hours.MIXED-COMPUTED-REV,-6.95,-9.87,2.92,NEGATIVE
2025-09-01 06:00:00,FAL.Flow-In.Ave.15Minutes.3Hours.MIXED-COMPUTED-REV,-7.90,-9.87,1.97,NEGATIVE
2025-09-01 07:00:00,FAL.Flow-In.Ave.15Minutes.3Hours.MIXED-COMPUTED-REV,-8.68,-9.87,1.19,NEGATIVE
2025-09-01 08:00:00,FAL.Flow-In.Ave.15Minutes.3Hours.MIXED-COMPUTED-REV,-13.80,-10.07,-3.73,NEGATIVE
2025-09-01 09:00:00,FAL.Flow-In.Ave.15Minutes.3Hours.MIXED-COMPUTED-REV,-21.83,-10.07,-11.76,NEGATIVE
2025-09-01 10:00:00,FAL.Flow-In.Ave.15Minutes.3Hours.MIXED-COMPUTED-REV,-14.04,-9.87,-4.18,NEGATIVE
2025-09-01 11:00:00,FAL.Flow-In.Ave.15Minutes.3Hours.MIXED-COMPUTED-REV,-14.79,-9.60,-5.19,NEGATIVE
2025-09-01 12:00:00,FAL.Flow-In.Ave.15Minutes.3Hours.MIXED-COMPUTED-REV,-15.18,-9.60,-5.58,NEGATIVE
2025-09-01 13:00:00,FAL.Flow-In.Ave.15Minutes.3Hours.MIXED-COMPUTED-REV,-21.61,-9.60,-12.01,NEGATIVE
2025-09-01 14:00:00,FAL.Flow-In.Ave.15Minutes.3Hours.MIXED-COMPUTED-REV,-19.37,-9.49,-9.89,NEGATIVE
2025-09-01 19:00:00,FAL.Flow-In.Ave.15Minutes.3Hours.MIXED-COMPUTED-REV,-0.13,-8.68,8.55,NEGATIVE
2025-09-01 20:00:00,FAL.Flow-In.Ave.15Minutes.3Hours.MIXED-COMPUTED-REV,-10.07,-8.91,-1.16,NEGATIVE
2025-09-01 21:00:00,FAL.Flow-In.Ave.15Minutes.3Hours.MIXED-COMPUTED-REV,-2.03,-8.22,6.19,NEGATIVE
2025-09-01 22:00:00,FAL.Flow-In.Ave.15Minutes.3Hours.MIXED-COMPUTED-REV,-4.18,-8.16,3.97,NEGATIVE
2025-09-01 23:00:00,FAL.Flow-In.Ave.15Minutes.3Hours.MIXED-COMPUTED-REV,-8.22,-8.16,-0.06,NEGATIVE
2025-09-02 00:00:00,FAL.Flow-In.Ave.15Minutes.3Hours.MIXED-COMPUTED-REV,-20.67,-8.16,-12.51,NEGATIVE
2025-09-02 01:00:00,FAL.Flow-In.Ave.15Minutes.3Hours.MIXED-COMPUTED-REV,-12.62,-8.16,-4.46,NEGATIVE
2025-09-02 02:00:00,FAL.Flow-In.Ave.15Minutes.3Hours.MIXED-COMPUTED-REV,-0.21,-8.16,7.95,NEGATIVE
2025-09-02 05:00:00,FAL.Flow-In.Ave.15Minutes.3Hours.MIXED-COMPUTED-REV,-0.94,-4.18,3.24,NEGATIVE
2025-09-02 06:00:00,FAL.Flow-In.Ave.15Minutes.3Hours.MIXED-COMPUTED-REV,-8.91,-4.18,-4.72,NEGATIVE
2025-09-02 07:00:00,FAL.Flow-In.Ave.15Minutes.3Hours.MIXED-COMPUTED-REV,-24.94,-4.18,-20.75,NEGATIVE
2025-09-02 08:00:00,FAL.Flow-In.Ave.15Minutes.3Hours.MIXED-COMPUTED-REV,-24.61,-4.18,-20.43,NEGATIVE
2025-09-02 09:00:00,FAL.Flow-In.Ave.15Minutes.3Hours.MIXED-COMPUTED-REV,-8.16,-4.18,-3.97,NEGATIVE
2025-09-02 10:00:00,FAL.Flow-In.Ave.15Minutes.3Hours.MIXED-COMPUTED-REV,-3.94,-6.43,2.49,NEGATIVE
2025-09-02 11:00:00,FAL.Flow-In.Ave.15Minutes.3Hours.MIXED-COMPUTED-REV,-13.96,-8.16,-5.80,NEGATIVE
2025-09-02 12:00:00,FAL.Flow-In.Ave.15Minutes.3Hours.MIXED-COMPUTED-REV,-14.10,-7.59,-6.52,NEGATIVE
2025-09-02 13:00:00,FAL.Flow-In.Ave.15Minutes.3Hours.MIXED-COMPUTED-REV,-16.01,-6.43,-9.58,NEGATIVE
2025-09-02 14:00:00,FAL.Flow-In.Ave.15Minutes.3Hours.MIXED-COMPUTED-REV,-21.79,-3.94,-17.85,NEGATIVE
2025-09-02 20:00:00,FAL.Flow-In.Ave.15Minutes.3Hours.MIXED-COMPUTED-REV,-0.62,-5.68,5.06,NEGATIVE
2025-09-02 21:00:00,FAL.Flow-In.Ave.15Minutes.3Hours.MIXED-COMPUTED-REV,-6.43,-5.68,-0.75,NEGATIVE
2025-09-02 22:00:00,FAL.Flow-In.Ave.15Minutes.3Hours.MIXED-COMPUTED-REV,-30.68,-5.68,-25.00,NEGATIVE
2025-09-02 23:00:00,FAL.Flow-In.Ave.15Minutes.3Hours.MIXED-COMPUTED-REV,-16.98,-5.68,-11.30,NEGATIVE
2025-09-03 00:00:00,FAL.Flow-In.Ave.15Minutes.3Hours.MIXED-COMPUTED-REV,-7.59,-0.62,-6.97,NEGATIVE
2025-09-03 05:00:00,FAL.Flow-In.Ave.15Minutes.3Hours.MIXED-COMPUTED-REV,-0.47,1.34,-1.80,NEGATIVE
2025-09-03 06:00:00,FAL.Flow-In.Ave.15Minutes.3Hours.MIXED-COMPUTED-REV,-5.68,1.34,-7.02,NEGATIVE
2025-09-03 07:00:00,FAL.Flow-In.Ave.15Minutes.3Hours.MIXED-COMPUTED-REV,-21.00,1.34,-22.34,NEGATIVE
2025-09-03 08:00:00,FAL.Flow-In.Ave.15Minutes.3Hours.MIXED-COMPUTED-REV,-22.85,1.34,-24.18,NEGATIVE
2025-09-03 09:00:00,FAL.Flow-In.Ave.15Minutes.3Hours.MIXED-COMPUTED-REV,-34.84,1.34,-36.18,NEGATIVE
2025-09-03 10:00:00,FAL.Flow-In.Ave.15Minutes.3Hours.MIXED-COMPUTED-REV,-14.66,2.57,-17.22,NEGATIVE
2025-09-03 13:00:00,FAL.Flow-In.Ave.15Minutes.3Hours.MIXED-COMPUTED-REV,-0.71,4.84,-5.55,NEGATIVE
2025-09-03 21:00:00,FAL.Flow-In.Ave.15Minutes.3Hours.MIXED-COMPUTED-REV,-4.64,4.84,-9.48,NEGATIVE
2025-09-04 01:00:00,FAL.Flow-In.Ave.15Minutes.3Hours.MIXED-COMPUTED-REV,-6.71,4.84,-11.54,NEGATIVE
2025-09-04 02:00:00,FAL.Flow-In.Ave.15Minutes.3Hours.MIXED-COMPUTED-REV,-14.60,4.84,-19.44,NEGATIVE
2025-09-04 03:00:00,FAL.Flow-In.Ave.15Minutes.3Hours.MIXED-COMPUTED-REV,-18.53,3.41,-21.93,NEGATIVE
2025-09-04 04:00:00,FAL.Flow-In.Ave.15Minutes.3Hours.MIXED-COMPUTED-REV,-24.50,3.41,-27.91,NEGATIVE
2025-09-04 05:00:00,FAL.Flow-In.Ave.15Minutes.3Hours.MIXED-COMPUTED-REV,-4.06,3.41,-7.47,NEGATIVE
2025-09-04 09:00:00,FAL.Flow-In.Ave.15Minutes.3Hours.MIXED-COMPUTED-REV,-12.22,3.41,-15.62,NEGATIVE
2025-09-04 10:00:00,FAL.Flow-In.Ave.15Minutes.3Hours.MIXED-COMPUTED-REV,-0.67,3.41,-4.08,NEGATIVE
2025-09-04 12:00:00,FAL.Flow-In.Ave.15Minutes.3Hours.MIXED-COMPUTED-REV,-5.89,-1.39,-4.50,NEGATIVE
2025-09-04 13:00:00,FAL.Flow-In.Ave.15Minutes.3Hours.MIXED-COMPUTED-REV,-17.02,-3.63,-13.39,NEGATIVE
2025-09-04 14:00:00,FAL.Flow-In.Ave.15Minutes.3Hours.MIXED-COMPUTED-REV,-18.96,-1.43,-17.53,NEGATIVE
2025-09-04 15:00:00,FAL.Flow-In.Ave.15Minutes.3Hours.MIXED-COMPUTED-REV,-3.63,-1.39,-2.24,NEGATIVE
2025-09-04 22:00:00,FAL.Flow-In.Ave.15Minutes.3Hours.MIXED-COMPUTED-REV,-1.39,-3.63,2.24,NEGATIVE
2025-09-04 23:00:00,FAL.Flow-In.Ave.15Minutes.3Hours.MIXED-COMPUTED-REV,-5.85,-3.63,-2.22,NEGATIVE
2025-09-05 00:00:00,FAL.Flow-In.Ave.15Minutes.3Hours.MIXED-COMPUTED-REV,-13.02,-3.63,-9.39,NEGATIVE
2025-09-05 01:00:00,FAL.Flow-In.Ave.15Minutes.3Hours.MIXED-COMPUTED-REV,-10.53,-3.63,-6.90,NEGATIVE
2025-09-05 02:00:00,FAL.Flow-In.Ave.15Minutes.3Hours.MIXED-COMPUTED-REV,-1.43,-3.63,2.20,NEGATIVE
2025-09-05 05:00:00,FAL.Flow-In.Ave.15Minutes.3Hours.MIXED-COMPUTED-REV,-12.30,-1.39,-10.91,NEGATIVE
2025-09-05 06:00:00,FAL.Flow-In.Ave.15Minutes.3Hours.MIXED-COMPUTED-REV,-17.94,-1.39,-16.55,NEGATIVE
2025-09-05 07:00:00,FAL.Flow-In.Ave.15Minutes.3Hours.MIXED-COMPUTED-REV,-7.93,-1.39,-6.54,NEGATIVE
2025-09-05 08:00:00,FAL.Flow-In.Ave.15Minutes.3Hours.MIXED-COMPUTED-REV,-15.63,-1.39,-14.24,NEGATIVE
2025-09-05 09:00:00,FAL.Flow-In.Ave.15Minutes.3Hours.MIXED-COMPUTED-REV,-23.24,-1.39,-21.85,NEGATIVE
2025-09-05 10:00:00,FAL.Flow-In.Ave.15Minutes.3Hours.MIXED-COMPUTED-REV,-8.94,-1.39,-7.55,NEGATIVE
2025-09-05 13:00:00,FAL.Flow-In.Ave.15Minutes.3Hours.MIXED-COMPUTED-REV,-20.07,-1.03,-19.04,NEGATIVE
2025-09-05 14:00:00,FAL.Flow-In.Ave.15Minutes.3Hours.MIXED-COMPUTED-REV,-30.05,-1.03,-29.02,NEGATIVE
2025-09-05 19:00:00,FAL.Flow-In.Ave.15Minutes.3Hours.MIXED-COMPUTED-REV,-1.03,-4.08,3.05,NEGATIVE
2025-09-05 23:00:00,FAL.Flow-In.Ave.15Minutes.3Hours.MIXED-COMPUTED-REV,-2.28,-2.28,0.00,NEGATIVE
2025-09-06 01:00:00,FAL.Flow-In.Ave.15Minutes.3Hours.MIXED-COMPUTED-REV,-9.22,-4.08,-5.14,NEGATIVE
2025-09-06 02:00:00,FAL.Flow-In.Ave.15Minutes.3Hours.MIXED-COMPUTED-REV,-7.38,-4.08,-3.30,NEGATIVE
2025-09-06 03:00:00,FAL.Flow-In.Ave.15Minutes.3Hours.MIXED-COMPUTED-REV,-14.72,-3.32,-11.40,NEGATIVE
2025-09-06 04:00:00,FAL.Flow-In.Ave.15Minutes.3Hours.MIXED-COMPUTED-REV,-21.80,-3.32,-18.48,NEGATIVE
2025-09-06 05:00:00,FAL.Flow-In.Ave.15Minutes.3Hours.MIXED-COMPUTED-REV,-24.81,-3.32,-21.49,NEGATIVE
2025-09-06 06:00:00,FAL.Flow-In.Ave.15Minutes.3Hours.MIXED-COMPUTED-REV,-22.10,-3.32,-18.78,NEGATIVE
2025-09-06 07:00:00,FAL.Flow-In.Ave.15Minutes.3Hours.MIXED-COMPUTED-REV,-4.08,-3.32,-0.76,NEGATIVE
2025-09-06 09:00:00,FAL.Flow-In.Ave.15Minutes.3Hours.MIXED-COMPUTED-REV,-3.32,-4.08,0.76,NEGATIVE
2025-09-06 10:00:00,FAL.Flow-In.Ave.15Minutes.3Hours.MIXED-COMPUTED-REV,-16.67,-4.08,-12.59,NEGATIVE
2025-09-06 11:00:00,FAL.Flow-In.Ave.15Minutes.3Hours.MIXED-COMPUTED-REV,-20.63,-4.08,-16.55,NEGATIVE
2025-09-06 12:00:00,FAL.Flow-In.Ave.15Minutes.3Hours.MIXED-COMPUTED-REV,-20.62,-4.08,-16.54,NEGATIVE
2025-09-06 13:00:00,FAL.Flow-In.Ave.15Minutes.3Hours.MIXED-COMPUTED-REV,-6.78,-5.91,-0.86,NEGATIVE
2025-09-06 14:00:00,FAL.Flow-In.Ave.15Minutes.3Hours.MIXED-COMPUTED-REV,-6.48,-5.91,-0.57,NEGATIVE
2025-09-06 20:00:00,FAL.Flow-In.Ave.15Minutes.3Hours.MIXED-COMPUTED-REV,-6.76,-5.91,-0.84,NEGATIVE
2025-09-06 21:00:00,FAL.Flow-In.Ave.15Minutes.3Hours.MIXED-COMPUTED-REV,-3.08,-5.91,2.83,NEGATIVE
2025-09-06 22:00:00,FAL.Flow-In.Ave.15Minutes.3Hours.MIXED-COMPUTED-REV,-1.67,-5.91,4.24,NEGATIVE
2025-09-07 01:00:00,FAL.Flow-In.Ave.15Minutes.3Hours.MIXED-COMPUTED-REV,-5.91,-3.16,-2.75,NEGATIVE
2025-09-07 02:00:00,FAL.Flow-In.Ave.15Minutes.3Hours.MIXED-COMPUTED-REV,-11.83,-3.16,-8.67,NEGATIVE
2025-09-07 03:00:00,FAL.Flow-In.Ave.15Minutes.3Hours.MIXED-COMPUTED-REV,-26.93,-3.08,-23.85,NEGATIVE
2025-09-07 04:00:00,FAL.Flow-In.Ave.15Minutes.3Hours.MIXED-COMPUTED-REV,-28.30,-3.08,-25.22,NEGATIVE
2025-09-07 05:00:00,FAL.Flow-In.Ave.15Minutes.3Hours.MIXED-COMPUTED-REV,-12.70,-3.08,-9.62,NEGATIVE
2025-09-07 06:00:00,FAL.Flow-In.Ave.15Minutes.3Hours.MIXED-COMPUTED-REV,-6.88,-3.08,-3.81,NEGATIVE
2025-09-07 08:00:00,FAL.Flow-In.Ave.15Minutes.3Hours.MIXED-COMPUTED-REV,-6.25,-3.08,-3.17,NEGATIVE
2025-09-07 11:00:00,FAL.Flow-In.Ave.15Minutes.3Hours.MIXED-COMPUTED-REV,-3.16,0.82,-3.99,NEGATIVE
2025-09-07 12:00:00,FAL.Flow-In.Ave.15Minutes.3Hours.MIXED-COMPUTED-REV,-10.70,-2.35,-8.35,NEGATIVE
2025-09-07 13:00:00,FAL.Flow-In.Ave.15Minutes.3Hours.MIXED-COMPUTED-REV,-20.24,-2.35,-17.89,NEGATIVE
2025-09-07 14:00:00,FAL.Flow-In.Ave.15Minutes.3Hours.MIXED-COMPUTED-REV,-12.86,-2.35,-10.51,NEGATIVE
2025-09-07 23:00:00,FAL.Flow-In.Ave.15Minutes.3Hours.MIXED-COMPUTED-REV,-10.09,-3.16,-6.93,NEGATIVE
2025-09-08 00:00:00,FAL.Flow-In.Ave.15Minutes.3Hours.MIXED-COMPUTED-REV,-2.35,-2.35,0.00,NEGATIVE
2025-09-08 02:00:00,FAL.Flow-In.Ave.15Minutes.3Hours.MIXED-COMPUTED-REV,-3.88,-2.35,-1.53,NEGATIVE
2025-09-08 03:00:00,FAL.Flow-In.Ave.15Minutes.3Hours.MIXED-COMPUTED-REV,-13.17,-2.35,-10.82,NEGATIVE
2025-09-08 04:00:00,FAL.Flow-In.Ave.15Minutes.3Hours.MIXED-COMPUTED-REV,-9.10,-2.35,-6.75,NEGATIVE
2025-09-08 06:00:00,FAL.Flow-In.Ave.15Minutes.3Hours.MIXED-COMPUTED-REV,-1.13,-2.35,1.22,NEGATIVE
2025-09-08 07:00:00,FAL.Flow-In.Ave.15Minutes.3Hours.MIXED-COMPUTED-REV,-12.43,-2.35,-10.08,NEGATIVE
2025-09-08 08:00:00,FAL.Flow-In.Ave.15Minutes.3Hours.MIXED-COMPUTED-REV,-25.54,-2.35,-23.19,NEGATIVE
2025-09-08 09:00:00,FAL.Flow-In.Ave.15Minutes.3Hours.MIXED-COMPUTED-REV,-23.35,-3.88,-19.46,NEGATIVE
2025-09-08 10:00:00,FAL.Flow-In.Ave.15Minutes.3Hours.MIXED-COMPUTED-REV,-17.36,-7.67,-9.69,NEGATIVE
2025-09-08 11:00:00,FAL.Flow-In.Ave.15Minutes.3Hours.MIXED-COMPUTED-REV,-7.67,-7.67,0.00,NEGATIVE
2025-09-08 13:00:00,FAL.Flow-In.Ave.15Minutes.3Hours.MIXED-COMPUTED-REV,-9.26,-7.67,-1.59,NEGATIVE
2025-09-08 14:00:00,FAL.Flow-In.Ave.15Minutes.3Hours.MIXED-COMPUTED-REV,-26.12,-8.27,-17.85,NEGATIVE
2025-09-08 15:00:00,FAL.Flow-In.Ave.15Minutes.3Hours.MIXED-COMPUTED-REV,-22.10,-8.27,-13.83,NEGATIVE
2025-09-08 21:00:00,FAL.Flow-In.Ave.15Minutes.3Hours.MIXED-COMPUTED-REV,-9.48,-8.27,-1.21,NEGATIVE
2025-09-08 22:00:00,FAL.Flow-In.Ave.15Minutes.3Hours.MIXED-COMPUTED-REV,-13.36,-7.67,-5.69,NEGATIVE
2025-09-09 00:00:00,FAL.Flow-In.Ave.15Minutes.3Hours.MIXED-COMPUTED-REV,-1.78,-3.09,1.31,NEGATIVE
2025-09-09 01:00:00,FAL.Flow-In.Ave.15Minutes.3Hours.MIXED-COMPUTED-REV,-18.31,-3.09,-15.22,NEGATIVE
2025-09-09 02:00:00,FAL.Flow-In.Ave.15Minutes.3Hours.MIXED-COMPUTED-REV,-8.27,-1.78,-6.49,NEGATIVE
2025-09-09 06:00:00,FAL.Flow-In.Ave.15Minutes.3Hours.MIXED-COMPUTED-REV,-13.28,1.72,-15.00,NEGATIVE
2025-09-09 07:00:00,FAL.Flow-In.Ave.15Minutes.3Hours.MIXED-COMPUTED-REV,-15.06,1.72,-16.78,NEGATIVE
2025-09-09 08:00:00,FAL.Flow-In.Ave.15Minutes.3Hours.MIXED-COMPUTED-REV,-16.94,1.72,-18.66,NEGATIVE
2025-09-09 09:00:00,FAL.Flow-In.Ave.15Minutes.3Hours.MIXED-COMPUTED-REV,-13.20,1.72,-14.92,NEGATIVE
2025-09-09 10:00:00,FAL.Flow-In.Ave.15Minutes.3Hours.MIXED-COMPUTED-REV,-1.68,1.74,-3.42,NEGATIVE
2025-09-09 11:00:00,FAL.Flow-In.Ave.15Minutes.3Hours.MIXED-COMPUTED-REV,-3.09,9.29,-12.38,NEGATIVE
2025-09-09 12:00:00,FAL.Flow-In.Ave.15Minutes.3Hours.MIXED-COMPUTED-REV,-4.26,16.50,-20.75,NEGATIVE
2025-09-10 05:00:00,FAL.Flow-In.Ave.15Minutes.3Hours.MIXED-COMPUTED-REV,-2.57,16.30,-18.87,NEGATIVE
2025-09-11 05:00:00,FAL.Flow-In.Ave.15Minutes.3Hours.MIXED-COMPUTED-REV,-7.38,14.67,-22.05,NEGATIVE
2025-09-11 07:00:00,FAL.Flow-In.Ave.15Minutes.3Hours.MIXED-COMPUTED-REV,-1.39,15.82,-17.21,NEGATIVE
2025-09-11 14:00:00,FAL.Flow-In.Ave.15Minutes.3Hours.MIXED-COMPUTED-REV,-6.97,10.83,-17.81,NEGATIVE
2025-09-12 00:00:00,FAL.Flow-In.Ave.15Minutes.3Hours.MIXED-COMPUTED-REV,-3.64,3.52,-7.15,NEGATIVE
2025-09-12 01:00:00,FAL.Flow-In.Ave.15Minutes.3Hours.MIXED-COMPUTED-REV,-4.99,3.52,-8.50,NEGATIVE
2025-09-12 02:00:00,FAL.Flow-In.Ave.15Minutes.3Hours.MIXED-COMPUTED-REV,-0.91,4.97,-5.88,NEGATIVE
2025-09-12 05:00:00,FAL.Flow-In.Ave.15Minutes.3Hours.MIXED-COMPUTED-REV,-5.05,10.22,-15.27,NEGATIVE
2025-09-12 06:00:00,FAL.Flow-In.Ave.15Minutes.3Hours.MIXED-COMPUTED-REV,-4.89,10.22,-15.10,NEGATIVE
2025-09-12 07:00:00,FAL.Flow-In.Ave.15Minutes.3Hours.MIXED-COMPUTED-REV,-6.77,10.22,-16.99,NEGATIVE
2025-09-12 09:00:00,FAL.Flow-In.Ave.15Minutes.3Hours.MIXED-COMPUTED-REV,-4.72,10.22,-14.94,NEGATIVE
2025-09-12 10:00:00,FAL.Flow-In.Ave.15Minutes.3Hours.MIXED-COMPUTED-REV,-4.96,4.97,-9.93,NEGATIVE
2025-09-12 23:00:00,FAL.Flow-In.Ave.15Minutes.3Hours.MIXED-COMPUTED-REV,-1.69,8.43,-10.11,NEGATIVE
2025-09-13 05:00:00,FAL.Flow-In.Ave.15Minutes.3Hours.MIXED-COMPUTED-REV,-7.39,8.30,-15.69,NEGATIVE
2025-09-13 06:00:00,FAL.Flow-In.Ave.15Minutes.3Hours.MIXED-COMPUTED-REV,-14.42,8.30,-22.71,NEGATIVE
2025-09-13 07:00:00,FAL.Flow-In.Ave.15Minutes.3Hours.MIXED-COMPUTED-REV,-23.04,8.30,-31.34,NEGATIVE
2025-09-13 08:00:00,FAL.Flow-In.Ave.15Minutes.3Hours.MIXED-COMPUTED-REV,-10.10,5.96,-16.06,NEGATIVE
2025-09-13 09:00:00,FAL.Flow-In.Ave.15Minutes.3Hours.MIXED-COMPUTED-REV,-6.25,3.64,-9.89,NEGATIVE
2025-09-13 10:00:00,FAL.Flow-In.Ave.15Minutes.3Hours.MIXED-COMPUTED-REV,-2.68,3.64,-6.32,NEGATIVE
2025-09-13 11:00:00,FAL.Flow-In.Ave.15Minutes.3Hours.MIXED-COMPUTED-REV,-1.11,5.96,-7.07,NEGATIVE
2025-09-13 12:00:00,FAL.Flow-In.Ave.15Minutes.3Hours.MIXED-COMPUTED-REV,-8.50,5.96,-14.46,NEGATIVE
2025-09-14 01:00:00,FAL.Flow-In.Ave.15Minutes.3Hours.MIXED-COMPUTED-REV,-6.67,8.30,-14.96,NEGATIVE
2025-09-14 02:00:00,FAL.Flow-In.Ave.15Minutes.3Hours.MIXED-COMPUTED-REV,-4.51,8.30,-12.81,NEGATIVE
2025-09-14 04:00:00,FAL.Flow-In.Ave.15Minutes.3Hours.MIXED-COMPUTED-REV,-1.74,10.02,-11.76,NEGATIVE
2025-09-14 05:00:00,FAL.Flow-In.Ave.15Minutes.3Hours.MIXED-COMPUTED-REV,-24.43,10.02,-34.45,NEGATIVE
2025-09-14 06:00:00,FAL.Flow-In.Ave.15Minutes.3Hours.MIXED-COMPUTED-REV,-20.59,10.02,-30.61,NEGATIVE
2025-09-14 07:00:00,FAL.Flow-In.Ave.15Minutes.3Hours.MIXED-COMPUTED-REV,-14.98,10.02,-25.00,NEGATIVE
2025-09-16 06:00:00,FAL.Flow-In.Ave.15Minutes.3Hours.MIXED-COMPUTED-REV,-7.47,16.51,-23.98,NEGATIVE
2025-09-16 07:00:00,FAL.Flow-In.Ave.15Minutes.3Hours.MIXED-COMPUTED-REV,-5.58,16.51,-22.09,NEGATIVE
2025-09-16 08:00:00,FAL.Flow-In.Ave.15Minutes.3Hours.MIXED-COMPUTED-REV,-8.70,15.55,-24.26,NEGATIVE
2025-09-16 10:00:00,FAL.Flow-In.Ave.15Minutes.3Hours.MIXED-COMPUTED-REV,-1.98,14.64,-16.62,NEGATIVE
2025-09-16 21:00:00,FAL.Flow-In.Ave.15Minutes.3Hours.MIXED-COMPUTED-REV,-4.16,5.65,-9.81,NEGATIVE
2025-09-17 01:00:00,FAL.Flow-In.Ave.15Minutes.3Hours.MIXED-COMPUTED-REV,-5.21,4.46,-9.68,NEGATIVE
2025-09-17 02:00:00,FAL.Flow-In.Ave.15Minutes.3Hours.MIXED-COMPUTED-REV,-23.64,4.46,-28.10,NEGATIVE
2025-09-17 06:00:00,FAL.Flow-In.Ave.15Minutes.3Hours.MIXED-COMPUTED-REV,-0.38,4.46,-4.84,NEGATIVE
2025-09-17 07:00:00,FAL.Flow-In.Ave.15Minutes.3Hours.MIXED-COMPUTED-REV,-11.96,4.46,-16.42,NEGATIVE
2025-09-17 08:00:00,FAL.Flow-In.Ave.15Minutes.3Hours.MIXED-COMPUTED-REV,-13.36,4.46,-17.83,NEGATIVE
2025-09-17 09:00:00,FAL.Flow-In.Ave.15Minutes.3Hours.MIXED-COMPUTED-REV,-6.09,4.46,-10.55,NEGATIVE
2025-09-17 10:00:00,FAL.Flow-In.Ave.15Minutes.3Hours.MIXED-COMPUTED-REV,-10.81,4.46,-15.28,NEGATIVE
2025-09-17 11:00:00,FAL.Flow-In.Ave.15Minutes.3Hours.MIXED-COMPUTED-REV,-17.48,4.46,-21.95,NEGATIVE
2025-09-17 12:00:00,FAL.Flow-In.Ave.15Minutes.3Hours.MIXED-COMPUTED-REV,-20.95,3.64,-24.59,NEGATIVE
2025-09-17 13:00:00,FAL.Flow-In.Ave.15Minutes.3Hours.MIXED-COMPUTED-REV,-11.04,3.64,-14.68,NEGATIVE
2025-09-17 22:00:00,FAL.Flow-In.Ave.15Minutes.3Hours.MIXED-COMPUTED-REV,-0.71,-1.34,0.63,NEGATIVE
2025-09-18 02:00:00,FAL.Flow-In.Ave.15Minutes.3Hours.MIXED-COMPUTED-REV,-1.34,-1.34,0.00,NEGATIVE
2025-09-18 03:00:00,FAL.Flow-In.Ave.15Minutes.3Hours.MIXED-COMPUTED-REV,-5.83,-1.34,-4.49,NEGATIVE
2025-09-18 04:00:00,FAL.Flow-In.Ave.15Minutes.3Hours.MIXED-COMPUTED-REV,-13.58,-1.34,-12.24,NEGATIVE
2025-09-18 05:00:00,FAL.Flow-In.Ave.15Minutes.3Hours.MIXED-COMPUTED-REV,-16.91,-1.34,-15.57,NEGATIVE
2025-09-18 06:00:00,FAL.Flow-In.Ave.15Minutes.3Hours.MIXED-COMPUTED-REV,-18.63,-1.34,-17.29,NEGATIVE
2025-09-18 07:00:00,FAL.Flow-In.Ave.15Minutes.3Hours.MIXED-COMPUTED-REV,-6.58,-1.34,-5.24,NEGATIVE
2025-09-18 08:00:00,FAL.Flow-In.Ave.15Minutes.3Hours.MIXED-COMPUTED-REV,-7.92,-1.34,-6.58,NEGATIVE
2025-09-18 09:00:00,FAL.Flow-In.Ave.15Minutes.3Hours.MIXED-COMPUTED-REV,-11.09,-1.34,-9.76,NEGATIVE
2025-09-18 10:00:00,FAL.Flow-In.Ave.15Minutes.3Hours.MIXED-COMPUTED-REV,-14.56,-1.34,-13.22,NEGATIVE
2025-09-18 11:00:00,FAL.Flow-In.Ave.15Minutes.3Hours.MIXED-COMPUTED-REV,-6.23,-4.70,-1.54,NEGATIVE
2025-09-18 12:00:00,FAL.Flow-In.Ave.15Minutes.3Hours.MIXED-COMPUTED-REV,-7.85,-4.70,-3.15,NEGATIVE
2025-09-18 13:00:00,FAL.Flow-In.Ave.15Minutes.3Hours.MIXED-COMPUTED-REV,-7.71,-4.70,-3.01,NEGATIVE
2025-09-18 14:00:00,FAL.Flow-In.Ave.15Minutes.3Hours.MIXED-COMPUTED-REV,-5.71,-4.70,-1.01,NEGATIVE
2025-09-18 23:00:00,FAL.Flow-In.Ave.15Minutes.3Hours.MIXED-COMPUTED-REV,-4.70,-0.31,-4.39,NEGATIVE
2025-09-19 00:00:00,FAL.Flow-In.Ave.15Minutes.3Hours.MIXED-COMPUTED-REV,-1.00,-0.31,-0.69,NEGATIVE
2025-09-19 03:00:00,FAL.Flow-In.Ave.15Minutes.3Hours.MIXED-COMPUTED-REV,-0.31,-0.31,0.00,NEGATIVE
2025-09-19 04:00:00,FAL.Flow-In.Ave.15Minutes.3Hours.MIXED-COMPUTED-REV,-7.99,-0.31,-7.68,NEGATIVE
2025-09-19 05:00:00,FAL.Flow-In.Ave.15Minutes.3Hours.MIXED-COMPUTED-REV,-7.77,-0.31,-7.46,NEGATIVE
2025-09-19 06:00:00,FAL.Flow-In.Ave.15Minutes.3Hours.MIXED-COMPUTED-REV,-13.03,-0.31,-12.72,NEGATIVE
2025-09-19 07:00:00,FAL.Flow-In.Ave.15Minutes.3Hours.MIXED-COMPUTED-REV,-18.25,-0.31,-17.94,NEGATIVE
2025-09-19 08:00:00,FAL.Flow-In.Ave.15Minutes.3Hours.MIXED-COMPUTED-REV,-4.54,-0.31,-4.24,NEGATIVE
2025-09-19 11:00:00,FAL.Flow-In.Ave.15Minutes.3Hours.MIXED-COMPUTED-REV,-12.71,-3.65,-9.06,NEGATIVE
2025-09-19 12:00:00,FAL.Flow-In.Ave.15Minutes.3Hours.MIXED-COMPUTED-REV,-26.15,-2.03,-24.12,NEGATIVE
2025-09-19 13:00:00,FAL.Flow-In.Ave.15Minutes.3Hours.MIXED-COMPUTED-REV,-25.84,-3.65,-22.19,NEGATIVE
2025-09-19 14:00:00,FAL.Flow-In.Ave.15Minutes.3Hours.MIXED-COMPUTED-REV,-18.90,-4.54,-14.36,NEGATIVE
2025-09-19 15:00:00,FAL.Flow-In.Ave.15Minutes.3Hours.MIXED-COMPUTED-REV,-3.65,-4.54,0.89,NEGATIVE
2025-09-19 21:00:00,FAL.Flow-In.Ave.15Minutes.3Hours.MIXED-COMPUTED-REV,-9.40,-3.65,-5.75,NEGATIVE
2025-09-19 22:00:00,FAL.Flow-In.Ave.15Minutes.3Hours.MIXED-COMPUTED-REV,-8.46,-8.46,0.00,NEGATIVE
2025-09-20 00:00:00,FAL.Flow-In.Ave.15Minutes.3Hours.MIXED-COMPUTED-REV,-2.03,-9.40,7.37,NEGATIVE
2025-09-20 01:00:00,FAL.Flow-In.Ave.15Minutes.3Hours.MIXED-COMPUTED-REV,-10.21,-8.46,-1.75,NEGATIVE
2025-09-20 02:00:00,FAL.Flow-In.Ave.15Minutes.3Hours.MIXED-COMPUTED-REV,-18.36,-3.65,-14.71,NEGATIVE
2025-09-20 03:00:00,FAL.Flow-In.Ave.15Minutes.3Hours.MIXED-COMPUTED-REV,-1.33,-2.14,0.81,NEGATIVE
2025-09-20 06:00:00,FAL.Flow-In.Ave.15Minutes.3Hours.MIXED-COMPUTED-REV,-10.91,-2.14,-8.78,NEGATIVE
2025-09-20 07:00:00,FAL.Flow-In.Ave.15Minutes.3Hours.MIXED-COMPUTED-REV,-13.74,-2.14,-11.60,NEGATIVE
2025-09-20 08:00:00,FAL.Flow-In.Ave.15Minutes.3Hours.MIXED-COMPUTED-REV,-10.15,-2.78,-7.37,NEGATIVE
2025-09-20 09:00:00,FAL.Flow-In.Ave.15Minutes.3Hours.MIXED-COMPUTED-REV,-11.66,-2.78,-8.87,NEGATIVE
2025-09-20 10:00:00,FAL.Flow-In.Ave.15Minutes.3Hours.MIXED-COMPUTED-REV,-20.16,-2.14,-18.02,NEGATIVE
2025-09-20 11:00:00,FAL.Flow-In.Ave.15Minutes.3Hours.MIXED-COMPUTED-REV,-28.90,-2.03,-26.87,NEGATIVE
2025-09-20 12:00:00,FAL.Flow-In.Ave.15Minutes.3Hours.MIXED-COMPUTED-REV,-13.11,-2.03,-11.08,NEGATIVE
2025-09-20 15:00:00,FAL.Flow-In.Ave.15Minutes.3Hours.MIXED-COMPUTED-REV,-2.14,-2.14,0.00,NEGATIVE
2025-09-20 16:00:00,FAL.Flow-In.Ave.15Minutes.3Hours.MIXED-COMPUTED-REV,-3.68,-2.38,-1.29,NEGATIVE
2025-09-20 20:00:00,FAL.Flow-In.Ave.15Minutes.3Hours.MIXED-COMPUTED-REV,-2.78,-3.68,0.89,NEGATIVE
2025-09-21 01:00:00,FAL.Flow-In.Ave.15Minutes.3Hours.MIXED-COMPUTED-REV,-2.38,-2.78,0.40,NEGATIVE
2025-09-21 02:00:00,FAL.Flow-In.Ave.15Minutes.3Hours.MIXED-COMPUTED-REV,-15.55,-2.78,-12.77,NEGATIVE
2025-09-21 03:00:00,FAL.Flow-In.Ave.15Minutes.3Hours.MIXED-COMPUTED-REV,-22.08,-2.78,-19.29,NEGATIVE
2025-09-21 04:00:00,FAL.Flow-In.Ave.15Minutes.3Hours.MIXED-COMPUTED-REV,-20.31,-2.78,-17.53,NEGATIVE
2025-09-21 05:00:00,FAL.Flow-In.Ave.15Minutes.3Hours.MIXED-COMPUTED-REV,-15.27,-2.38,-12.89,NEGATIVE
2025-09-21 06:00:00,FAL.Flow-In.Ave.15Minutes.3Hours.MIXED-COMPUTED-REV,-16.85,-2.38,-14.46,NEGATIVE
2025-09-21 07:00:00,FAL.Flow-In.Ave.15Minutes.3Hours.MIXED-COMPUTED-REV,-21.69,-2.38,-19.31,NEGATIVE
2025-09-21 08:00:00,FAL.Flow-In.Ave.15Minutes.3Hours.MIXED-COMPUTED-REV,-11.69,-2.38,-9.30,NEGATIVE
2025-09-21 09:00:00,FAL.Flow-In.Ave.15Minutes.3Hours.MIXED-COMPUTED-REV,-13.39,8.89,-22.28,NEGATIVE
2025-09-21 10:00:00,FAL.Flow-In.Ave.15Minutes.3Hours.MIXED-COMPUTED-REV,-18.47,8.89,-27.36,NEGATIVE
2025-09-21 11:00:00,FAL.Flow-In.Ave.15Minutes.3Hours.MIXED-COMPUTED-REV,-30.10,8.89,-38.99,NEGATIVE
2025-09-21 12:00:00,FAL.Flow-In.Ave.15Minutes.3Hours.MIXED-COMPUTED-REV,-15.14,8.89,-24.03,NEGATIVE
2025-09-22 01:00:00,FAL.Flow-In.Ave.15Minutes.3Hours.MIXED-COMPUTED-REV,-8.63,9.04,-17.67,NEGATIVE
2025-09-22 02:00:00,FAL.Flow-In.Ave.15Minutes.3Hours.MIXED-COMPUTED-REV,-16.78,8.89,-25.67,NEGATIVE
2025-09-22 03:00:00,FAL.Flow-In.Ave.15Minutes.3Hours.MIXED-COMPUTED-REV,-16.82,2.31,-19.13,NEGATIVE
2025-09-22 04:00:00,FAL.Flow-In.Ave.15Minutes.3Hours.MIXED-COMPUTED-REV,-13.33,2.31,-15.64,NEGATIVE
2025-09-22 05:00:00,FAL.Flow-In.Ave.15Minutes.3Hours.MIXED-COMPUTED-REV,-6.48,2.31,-8.79,NEGATIVE
2025-09-22 06:00:00,FAL.Flow-In.Ave.15Minutes.3Hours.MIXED-COMPUTED-REV,-2.91,2.31,-5.22,NEGATIVE
2025-09-22 08:00:00,FAL.Flow-In.Ave.15Minutes.3Hours.MIXED-COMPUTED-REV,-7.43,2.31,-9.74,NEGATIVE
2025-09-22 09:00:00,FAL.Flow-In.Ave.15Minutes.3Hours.MIXED-COMPUTED-REV,-17.18,2.31,-19.49,NEGATIVE
2025-09-22 10:00:00,FAL.Flow-In.Ave.15Minutes.3Hours.MIXED-COMPUTED-REV,-28.63,2.31,-30.93,NEGATIVE
2025-09-22 11:00:00,FAL.Flow-In.Ave.15Minutes.3Hours.MIXED-COMPUTED-REV,-7.57,2.31,-9.88,NEGATIVE
2025-09-22 14:00:00,FAL.Flow-In.Ave.15Minutes.3Hours.MIXED-COMPUTED-REV,-13.63,-2.91,-10.72,NEGATIVE
2025-09-22 15:00:00,FAL.Flow-In.Ave.15Minutes.3Hours.MIXED-COMPUTED-REV,-13.14,2.11,-15.25,NEGATIVE
2025-09-23 01:00:00,FAL.Flow-In.Ave.15Minutes.3Hours.MIXED-COMPUTED-REV,-13.17,0.76,-13.93,NEGATIVE
2025-09-23 02:00:00,FAL.Flow-In.Ave.15Minutes.3Hours.MIXED-COMPUTED-REV,-9.84,0.76,-10.60,NEGATIVE
2025-09-23 05:00:00,FAL.Flow-In.Ave.15Minutes.3Hours.MIXED-COMPUTED-REV,-4.11,5.45,-9.56,NEGATIVE
2025-09-23 06:00:00,FAL.Flow-In.Ave.15Minutes.3Hours.MIXED-COMPUTED-REV,-16.73,5.45,-22.19,NEGATIVE
2025-09-23 07:00:00,FAL.Flow-In.Ave.15Minutes.3Hours.MIXED-COMPUTED-REV,-10.30,5.45,-15.76,NEGATIVE
2025-09-23 09:00:00,FAL.Flow-In.Ave.15Minutes.3Hours.MIXED-COMPUTED-REV,-2.60,3.06,-5.66,NEGATIVE
2025-09-23 10:00:00,FAL.Flow-In.Ave.15Minutes.3Hours.MIXED-COMPUTED-REV,-17.52,3.06,-20.58,NEGATIVE
2025-09-23 11:00:00,FAL.Flow-In.Ave.15Minutes.3Hours.MIXED-COMPUTED-REV,-24.41,3.06,-27.47,NEGATIVE
2025-09-23 12:00:00,FAL.Flow-In.Ave.15Minutes.3Hours.MIXED-COMPUTED-REV,-15.19,2.11,-17.30,NEGATIVE
2025-09-23 13:00:00,FAL.Flow-In.Ave.15Minutes.3Hours.MIXED-COMPUTED-REV,-2.57,0.76,-3.33,NEGATIVE
2025-09-24 00:00:00,FAL.Flow-In.Ave.15Minutes.3Hours.MIXED-COMPUTED-REV,-6.92,-2.57,-4.35,NEGATIVE
2025-09-24 01:00:00,FAL.Flow-In.Ave.15Minutes.3Hours.MIXED-COMPUTED-REV,-11.62,-2.57,-9.05,NEGATIVE
2025-09-24 02:00:00,FAL.Flow-In.Ave.15Minutes.3Hours.MIXED-COMPUTED-REV,-4.94,-2.88,-2.06,NEGATIVE
2025-09-24 04:00:00,FAL.Flow-In.Ave.15Minutes.3Hours.MIXED-COMPUTED-REV,-6.16,-2.88,-3.28,NEGATIVE
2025-09-24 05:00:00,FAL.Flow-In.Ave.15Minutes.3Hours.MIXED-COMPUTED-REV,-9.04,-2.88,-6.16,NEGATIVE
2025-09-24 06:00:00,FAL.Flow-In.Ave.15Minutes.3Hours.MIXED-COMPUTED-REV,-21.54,-2.88,-18.66,NEGATIVE
2025-09-24 07:00:00,FAL.Flow-In.Ave.15Minutes.3Hours.MIXED-COMPUTED-REV,-19.59,-3.24,-16.36,NEGATIVE
2025-09-24 08:00:00,FAL.Flow-In.Ave.15Minutes.3Hours.MIXED-COMPUTED-REV,-11.38,-4.94,-6.43,NEGATIVE
2025-09-24 09:00:00,FAL.Flow-In.Ave.15Minutes.3Hours.MIXED-COMPUTED-REV,-3.24,-4.94,1.70,NEGATIVE
2025-09-24 10:00:00,FAL.Flow-In.Ave.15Minutes.3Hours.MIXED-COMPUTED-REV,-1.71,-4.94,3.24,NEGATIVE
2025-09-24 11:00:00,FAL.Flow-In.Ave.15Minutes.3Hours.MIXED-COMPUTED-REV,-17.73,-4.94,-12.79,NEGATIVE
2025-09-24 12:00:00,FAL.Flow-In.Ave.15Minutes.3Hours.MIXED-COMPUTED-REV,-11.23,-6.16,-5.07,NEGATIVE
2025-09-24 13:00:00,FAL.Flow-In.Ave.15Minutes.3Hours.MIXED-COMPUTED-REV,-6.27,-6.16,-0.11,NEGATIVE
2025-09-24 14:00:00,FAL.Flow-In.Ave.15Minutes.3Hours.MIXED-COMPUTED-REV,-2.88,-4.94,2.06,NEGATIVE
2025-09-24 19:00:00,FAL.Flow-In.Ave.15Minutes.3Hours.MIXED-COMPUTED-REV,-190.59,-3.34,-187.25,NEGATIVE
2025-09-24 20:00:00,FAL.Flow-In.Ave.15Minutes.3Hours.MIXED-COMPUTED-REV,-142.65,-3.34,-139.31,NEGATIVE
2025-09-25 00:00:00,FAL.Flow-In.Ave.15Minutes.3Hours.MIXED-COMPUTED-REV,-14.87,-3.34,-11.53,NEGATIVE
2025-09-25 01:00:00,FAL.Flow-In.Ave.15Minutes.3Hours.MIXED-COMPUTED-REV,-11.92,-3.34,-8.58,NEGATIVE
2025-09-25 02:00:00,FAL.Flow-In.Ave.15Minutes.3Hours.MIXED-COMPUTED-REV,-3.34,-3.34,0.00,NEGATIVE
2025-09-25 05:00:00,FAL.Flow-In.Ave.15Minutes.3Hours.MIXED-COMPUTED-REV,-7.22,-3.34,-3.87,NEGATIVE
2025-09-25 06:00:00,FAL.Flow-In.Ave.15Minutes.3Hours.MIXED-COMPUTED-REV,-19.62,-3.34,-16.28,NEGATIVE
2025-09-25 07:00:00,FAL.Flow-In.Ave.15Minutes.3Hours.MIXED-COMPUTED-REV,-22.60,-3.34,-19.26,NEGATIVE
2025-09-25 08:00:00,FAL.Flow-In.Ave.15Minutes.3Hours.MIXED-COMPUTED-REV,-20.85,-0.17,-20.68,NEGATIVE
2025-09-25 09:00:00,FAL.Flow-In.Ave.15Minutes.3Hours.MIXED-COMPUTED-REV,-12.85,-0.17,-12.68,NEGATIVE
2025-09-25 12:00:00,FAL.Flow-In.Ave.15Minutes.3Hours.MIXED-COMPUTED-REV,-11.95,-7.84,-4.11,NEGATIVE
2025-09-25 13:00:00,FAL.Flow-In.Ave.15Minutes.3Hours.MIXED-COMPUTED-REV,-26.31,-7.84,-18.46,NEGATIVE
2025-09-25 14:00:00,FAL.Flow-In.Ave.15Minutes.3Hours.MIXED-COMPUTED-REV,-19.62,-7.84,-11.78,NEGATIVE
2025-09-25 15:00:00,FAL.Flow-In.Ave.15Minutes.3Hours.MIXED-COMPUTED-REV,-0.17,-7.84,7.67,NEGATIVE
2025-09-25 21:00:00,FAL.Flow-In.Ave.15Minutes.3Hours.MIXED-COMPUTED-REV,-10.99,-11.68,0.68,NEGATIVE
2025-09-25 22:00:00,FAL.Flow-In.Ave.15Minutes.3Hours.MIXED-COMPUTED-REV,-11.68,-11.68,0.00,NEGATIVE
2025-09-25 23:00:00,FAL.Flow-In.Ave.15Minutes.3Hours.MIXED-COMPUTED-REV,-12.34,-11.95,-0.39,NEGATIVE
2025-09-26 00:00:00,FAL.Flow-In.Ave.15Minutes.3Hours.MIXED-COMPUTED-REV,-7.84,-12.34,4.50,NEGATIVE
2025-09-26 01:00:00,FAL.Flow-In.Ave.15Minutes.3Hours.MIXED-COMPUTED-REV,-14.23,-12.34,-1.89,NEGATIVE
2025-09-26 02:00:00,FAL.Flow-In.Ave.15Minutes.3Hours.MIXED-COMPUTED-REV,-15.53,-11.68,-3.86,NEGATIVE
2025-09-26 03:00:00,FAL.Flow-In.Ave.15Minutes.3Hours.MIXED-COMPUTED-REV,-5.50,-10.99,5.50,NEGATIVE
2025-09-26 05:00:00,FAL.Flow-In.Ave.15Minutes.3Hours.MIXED-COMPUTED-REV,-22.61,-10.99,-11.61,NEGATIVE
2025-09-26 06:00:00,FAL.Flow-In.Ave.15Minutes.3Hours.MIXED-COMPUTED-REV,-29.86,-10.99,-18.87,NEGATIVE
2025-09-26 07:00:00,FAL.Flow-In.Ave.15Minutes.3Hours.MIXED-COMPUTED-REV,-28.47,-10.99,-17.48,NEGATIVE
2025-09-26 08:00:00,FAL.Flow-In.Ave.15Minutes.3Hours.MIXED-COMPUTED-REV,-18.07,-10.99,-7.07,NEGATIVE
2025-09-26 09:00:00,FAL.Flow-In.Ave.15Minutes.3Hours.MIXED-COMPUTED-REV,-23.57,-10.99,-12.58,NEGATIVE
2025-09-26 10:00:00,FAL.Flow-In.Ave.15Minutes.3Hours.MIXED-COMPUTED-REV,-39.82,-11.68,-28.15,NEGATIVE
2025-09-26 11:00:00,FAL.Flow-In.Ave.15Minutes.3Hours.MIXED-COMPUTED-REV,-33.71,-11.90,-21.81,NEGATIVE
2025-09-26 12:00:00,FAL.Flow-In.Ave.15Minutes.3Hours.MIXED-COMPUTED-REV,-17.91,-10.23,-7.68,NEGATIVE
2025-09-26 14:00:00,FAL.Flow-In.Ave.15Minutes.3Hours.MIXED-COMPUTED-REV,-3.44,-11.90,8.46,NEGATIVE
2025-09-26 21:00:00,FAL.Flow-In.Ave.15Minutes.3Hours.MIXED-COMPUTED-REV,-5.79,-3.44,-2.35,NEGATIVE
2025-09-26 22:00:00,FAL.Flow-In.Ave.15Minutes.3Hours.MIXED-COMPUTED-REV,-15.10,-3.44,-11.67,NEGATIVE
2025-09-26 23:00:00,FAL.Flow-In.Ave.15Minutes.3Hours.MIXED-COMPUTED-REV,-11.90,-3.24,-8.66,NEGATIVE
2025-09-27 00:00:00,FAL.Flow-In.Ave.15Minutes.3Hours.MIXED-COMPUTED-REV,-10.23,1.10,-11.33,NEGATIVE
2025-09-27 01:00:00,FAL.Flow-In.Ave.15Minutes.3Hours.MIXED-COMPUTED-REV,-16.38,5.67,-22.05,NEGATIVE
2025-09-27 02:00:00,FAL.Flow-In.Ave.15Minutes.3Hours.MIXED-COMPUTED-REV,-24.13,5.67,-29.80,NEGATIVE
2025-09-27 03:00:00,FAL.Flow-In.Ave.15Minutes.3Hours.MIXED-COMPUTED-REV,-20.90,5.67,-26.57,NEGATIVE
2025-09-27 09:00:00,FAL.Flow-In.Ave.15Minutes.3Hours.MIXED-COMPUTED-REV,-30.02,-10.74,-19.28,NEGATIVE
2025-09-27 10:00:00,FAL.Flow-In.Ave.15Minutes.3Hours.MIXED-COMPUTED-REV,-39.15,-10.74,-28.41,NEGATIVE
2025-09-27 11:00:00,FAL.Flow-In.Ave.15Minutes.3Hours.MIXED-COMPUTED-REV,-3.24,-10.74,7.51,NEGATIVE
2025-09-27 14:00:00,FAL.Flow-In.Ave.15Minutes.3Hours.MIXED-COMPUTED-REV,-15.65,-10.92,-4.73,NEGATIVE
2025-09-27 15:00:00,FAL.Flow-In.Ave.15Minutes.3Hours.MIXED-COMPUTED-REV,-10.92,-10.74,-0.18,NEGATIVE
2025-09-27 16:00:00,FAL.Flow-In.Ave.15Minutes.3Hours.MIXED-COMPUTED-REV,-10.74,-8.90,-1.85,NEGATIVE
2025-09-27 17:00:00,FAL.Flow-In.Ave.15Minutes.3Hours.MIXED-COMPUTED-REV,-7.47,-8.90,1.43,NEGATIVE
2025-09-27 18:00:00,FAL.Flow-In.Ave.15Minutes.3Hours.MIXED-COMPUTED-REV,-44.68,-8.90,-35.79,NEGATIVE
2025-09-27 19:00:00,FAL.Flow-In.Ave.15Minutes.3Hours.MIXED-COMPUTED-REV,-55.54,-8.90,-46.64,NEGATIVE
2025-09-27 20:00:00,FAL.Flow-In.Ave.15Minutes.3Hours.MIXED-COMPUTED-REV,-30.76,-8.90,-21.86,NEGATIVE
2025-09-27 22:00:00,FAL.Flow-In.Ave.15Minutes.3Hours.MIXED-COMPUTED-REV,-4.81,-8.90,4.09,NEGATIVE
2025-09-27 23:00:00,FAL.Flow-In.Ave.15Minutes.3Hours.MIXED-COMPUTED-REV,-43.61,-7.47,-36.15,NEGATIVE
2025-09-28 00:00:00,FAL.Flow-In.Ave.15Minutes.3Hours.MIXED-COMPUTED-REV,-40.50,-7.47,-33.04,NEGATIVE
2025-09-28 01:00:00,FAL.Flow-In.Ave.15Minutes.3Hours.MIXED-COMPUTED-REV,-18.62,-8.90,-9.72,NEGATIVE
2025-09-28 02:00:00,FAL.Flow-In.Ave.15Minutes.3Hours.MIXED-COMPUTED-REV,-15.31,-10.74,-4.57,NEGATIVE
2025-09-28 03:00:00,FAL.Flow-In.Ave.15Minutes.3Hours.MIXED-COMPUTED-REV,-8.90,-8.90,0.00,NEGATIVE
2025-09-28 09:00:00,FAL.Flow-In.Ave.15Minutes.3Hours.MIXED-COMPUTED-REV,-13.22,-8.90,-4.32,NEGATIVE
2025-09-28 10:00:00,FAL.Flow-In.Ave.15Minutes.3Hours.MIXED-COMPUTED-REV,-0.86,-8.90,8.04,NEGATIVE
2025-09-28 13:00:00,FAL.Flow-In.Ave.15Minutes.3Hours.MIXED-COMPUTED-REV,-30.90,-8.90,-22.00,NEGATIVE
2025-09-28 14:00:00,FAL.Flow-In.Ave.15Minutes.3Hours.MIXED-COMPUTED-REV,-26.24,-8.42,-17.82,NEGATIVE
2025-09-28 15:00:00,FAL.Flow-In.Ave.15Minutes.3Hours.MIXED-COMPUTED-REV,-3.25,-3.25,0.00,NEGATIVE
2025-09-28 16:00:00,FAL.Flow-In.Ave.15Minutes.3Hours.MIXED-COMPUTED-REV,-1.75,-1.75,0.00,NEGATIVE
2025-09-28 17:00:00,FAL.Flow-In.Ave.15Minutes.3Hours.MIXED-COMPUTED-REV,-11.16,-1.75,-9.41,NEGATIVE
2025-09-28 18:00:00,FAL.Flow-In.Ave.15Minutes.3Hours.MIXED-COMPUTED-REV,-18.93,-1.75,-17.18,NEGATIVE
2025-09-28 19:00:00,FAL.Flow-In.Ave.15Minutes.3Hours.MIXED-COMPUTED-REV,-45.14,-1.75,-43.39,NEGATIVE
2025-09-28 20:00:00,FAL.Flow-In.Ave.15Minutes.3Hours.MIXED-COMPUTED-REV,-23.77,-3.25,-20.52,NEGATIVE
2025-09-28 21:00:00,FAL.Flow-In.Ave.15Minutes.3Hours.MIXED-COMPUTED-REV,-32.89,-8.42,-24.48,NEGATIVE
2025-09-28 22:00:00,FAL.Flow-In.Ave.15Minutes.3Hours.MIXED-COMPUTED-REV,-8.42,-8.42,0.00,NEGATIVE
2025-09-28 23:00:00,FAL.Flow-In.Ave.15Minutes.3Hours.MIXED-COMPUTED-REV,-28.38,-8.42,-19.96,NEGATIVE
2025-09-29 00:00:00,FAL.Flow-In.Ave.15Minutes.3Hours.MIXED-COMPUTED-REV,-33.20,-8.42,-24.78,NEGATIVE
2025-09-29 08:00:00,FAL.Flow-In.Ave.15Minutes.3Hours.MIXED-COMPUTED-REV,-13.89,-2.30,-11.60,NEGATIVE
2025-09-29 09:00:00,FAL.Flow-In.Ave.15Minutes.3Hours.MIXED-COMPUTED-REV,-33.71,-0.51,-33.20,NEGATIVE
2025-09-29 10:00:00,FAL.Flow-In.Ave.15Minutes.3Hours.MIXED-COMPUTED-REV,-10.78,1.00,-11.78,NEGATIVE
2025-09-29 13:00:00,FAL.Flow-In.Ave.15Minutes.3Hours.MIXED-COMPUTED-REV,-8.86,5.92,-14.77,NEGATIVE
2025-09-29 14:00:00,FAL.Flow-In.Ave.15Minutes.3Hours.MIXED-COMPUTED-REV,-13.28,5.92,-19.20,NEGATIVE
2025-09-29 15:00:00,FAL.Flow-In.Ave.15Minutes.3Hours.MIXED-COMPUTED-REV,-25.36,5.92,-31.28,NEGATIVE
2025-09-29 16:00:00,FAL.Flow-In.Ave.15Minutes.3Hours.MIXED-COMPUTED-REV,-13.08,4.98,-18.06,NEGATIVE
2025-09-29 17:00:00,FAL.Flow-In.Ave.15Minutes.3Hours.MIXED-COMPUTED-REV,-2.30,4.98,-7.27,NEGATIVE
2025-09-29 20:00:00,FAL.Flow-In.Ave.15Minutes.3Hours.MIXED-COMPUTED-REV,-0.51,4.98,-5.49,NEGATIVE
2025-09-30 13:00:00,FAL.Flow-In.Ave.15Minutes.3Hours.MIXED-COMPUTED-REV,-3.53,9.88,-13.41,NEGATIVE
2025-09-30 18:00:00,FAL.Flow-In.Ave.15Minutes.3Hours.MIXED-COMPUTED-REV,-7.40,11.02,-18.42,NEGATIVE
2025-09-30 19:00:00,FAL.Flow-In.Ave.15Minutes.3Hours.MIXED-COMPUTED-REV,-26.97,9.88,-36.84,NEGATIVE
2025-09-30 20:00:00,FAL.Flow-In.Ave.15Minutes.3Hours.MIXED-COMPUTED-REV,-41.97,9.81,-51.78,NEGATIVE
2025-09-30 21:00:00,FAL.Flow-In.Ave.15Minutes.3Hours.MIXED-COMPUTED-REV,-61.49,9.74,-71.23,NEGATIVE
2025-09-30 22:00:00,FAL.Flow-In.Ave.15Minutes.3Hours.MIXED-COMPUTED-REV,-5.52,5.95,-11.47,NEGATIVE
2024-10-06 13:00:00,FOS.Flow-In.Ave.15Minutes.3Hours.MIXED-COMPUTED-REV,-53.63,1763.37,-1817.00,NEGATIVE
2024-10-06 14:00:00,FOS.Flow-In.Ave.15Minutes.3Hours.MIXED-COMPUTED-REV,-83.42,1763.37,-1846.79,NEGATIVE
2024-10-06 15:00:00,FOS.Flow-In.Ave.15Minutes.3Hours.MIXED-COMPUTED-REV,-59.28,1763.37,-1822.65,NEGATIVE
2024-10-07 22:00:00,FOS.Flow-In.Ave.15Minutes.3Hours.MIXED-COMPUTED-REV,-77.69,803.15,-880.85,NEGATIVE
2024-10-08 09:00:00,FOS.Flow-In.Ave.15Minutes.3Hours.MIXED-COMPUTED-REV,-9.61,672.12,-681.73,NEGATIVE
2024-10-08 10:00:00,FOS.Flow-In.Ave.15Minutes.3Hours.MIXED-COMPUTED-REV,-58.19,672.12,-730.31,NEGATIVE
2024-10-08 11:00:00,FOS.Flow-In.Ave.15Minutes.3Hours.MIXED-COMPUTED-REV,-24.62,672.12,-696.73,NEGATIVE
2024-10-08 21:00:00,FOS.Flow-In.Ave.15Minutes.3Hours.MIXED-COMPUTED-REV,-11.86,672.12,-683.98,NEGATIVE
2024-10-09 09:00:00,FOS.Flow-In.Ave.15Minutes.3Hours.MIXED-COMPUTED-REV,-6.12,773.40,-779.52,NEGATIVE
2024-10-12 07:00:00,FOS.Flow-In.Ave.15Minutes.3Hours.MIXED-COMPUTED-REV,2013.64,2987.93,-974.28,SPIKE
2024-10-12 08:00:00,FOS.Flow-In.Ave.15Minutes.3Hours.MIXED-COMPUTED-REV,2202.18,2987.93,-785.74,SPIKE
2025-01-21 10:00:00,FOS.Flow-In.Ave.15Minutes.3Hours.MIXED-COMPUTED-REV,3397.13,4605.81,-1208.68,SPIKE
2025-01-21 11:00:00,FOS.Flow-In.Ave.15Minutes.3Hours.MIXED-COMPUTED-REV,2229.24,4605.81,-2376.57,SPIKE
2025-01-21 12:00:00,FOS.Flow-In.Ave.15Minutes.3Hours.MIXED-COMPUTED-REV,1383.80,4605.81,-3222.01,SPIKE
2025-01-21 13:00:00,FOS.Flow-In.Ave.15Minutes.3Hours.MIXED-COMPUTED-REV,1471.70,4605.81,-3134.11,SPIKE
2025-01-21 14:00:00,FOS.Flow-In.Ave.15Minutes.3Hours.MIXED-COMPUTED-REV,2434.37,4605.81,-2171.44,SPIKE
2025-02-05 16:00:00,FOS.Flow-In.Ave.15Minutes.3Hours.MIXED-COMPUTED-REV,1829.19,837.37,991.81,SPIKE
2025-02-05 17:00:00,FOS.Flow-In.Ave.15Minutes.3Hours.MIXED-COMPUTED-REV,2354.81,835.11,1519.70,SPIKE
2025-02-05 18:00:00,FOS.Flow-In.Ave.15Minutes.3Hours.MIXED-COMPUTED-REV,2608.46,831.51,1776.95,SPIKE
2025-02-05 19:00:00,FOS.Flow-In.Ave.15Minutes.3Hours.MIXED-COMPUTED-REV,2669.40,830.11,1839.29,SPIKE
2025-02-05 20:00:00,FOS.Flow-In.Ave.15Minutes.3Hours.MIXED-COMPUTED-REV,2560.75,824.53,1736.22,SPIKE
2025-02-05 21:00:00,FOS.Flow-In.Ave.15Minutes.3Hours.MIXED-COMPUTED-REV,2100.34,830.11,1270.24,SPIKE
2025-02-06 17:00:00,FOS.Flow-In.Ave.15Minutes.3Hours.MIXED-COMPUTED-REV,1751.36,824.99,926.37,SPIKE
2025-02-06 18:00:00,FOS.Flow-In.Ave.15Minutes.3Hours.MIXED-COMPUTED-REV,2398.38,824.99,1573.39,SPIKE
2025-02-06 19:00:00,FOS.Flow-In.Ave.15Minutes.3Hours.MIXED-COMPUTED-REV,2722.12,824.99,1897.12,SPIKE
2025-02-06 20:00:00,FOS.Flow-In.Ave.15Minutes.3Hours.MIXED-COMPUTED-REV,2615.73,824.99,1790.73,SPIKE
2025-02-06 21:00:00,FOS.Flow-In.Ave.15Minutes.3Hours.MIXED-COMPUTED-REV,2070.61,824.99,1245.62,SPIKE
2025-02-06 22:00:00,FOS.Flow-In.Ave.15Minutes.3Hours.MIXED-COMPUTED-REV,1423.88,818.56,605.33,SPIKE
2025-02-07 17:00:00,FOS.Flow-In.Ave.15Minutes.3Hours.MIXED-COMPUTED-REV,1752.16,760.24,991.92,SPIKE
2025-02-07 18:00:00,FOS.Flow-In.Ave.15Minutes.3Hours.MIXED-COMPUTED-REV,2390.52,760.24,1630.28,SPIKE
2025-02-07 19:00:00,FOS.Flow-In.Ave.15Minutes.3Hours.MIXED-COMPUTED-REV,2617.84,760.24,1857.60,SPIKE
2025-02-07 20:00:00,FOS.Flow-In.Ave.15Minutes.3Hours.MIXED-COMPUTED-REV,2260.34,760.24,1500.09,SPIKE
2025-02-07 21:00:00,FOS.Flow-In.Ave.15Minutes.3Hours.MIXED-COMPUTED-REV,1613.22,760.24,852.97,SPIKE
2025-02-08 16:00:00,FOS.Flow-In.Ave.15Minutes.3Hours.MIXED-COMPUTED-REV,1138.06,708.91,429.14,SPIKE
2025-02-08 17:00:00,FOS.Flow-In.Ave.15Minutes.3Hours.MIXED-COMPUTED-REV,1834.95,708.91,1126.04,SPIKE
2025-02-08 18:00:00,FOS.Flow-In.Ave.15Minutes.3Hours.MIXED-COMPUTED-REV,2420.34,705.65,1714.69,SPIKE
2025-02-08 19:00:00,FOS.Flow-In.Ave.15Minutes.3Hours.MIXED-COMPUTED-REV,2454.39,702.51,1751.88,SPIKE
2025-02-08 20:00:00,FOS.Flow-In.Ave.15Minutes.3Hours.MIXED-COMPUTED-REV,1963.37,702.31,1261.06,SPIKE
2025-02-08 21:00:00,FOS.Flow-In.Ave.15Minutes.3Hours.MIXED-COMPUTED-REV,1379.50,696.10,683.40,SPIKE
2025-02-09 16:00:00,FOS.Flow-In.Ave.15Minutes.3Hours.MIXED-COMPUTED-REV,1191.06,655.53,535.53,SPIKE
2025-02-09 17:00:00,FOS.Flow-In.Ave.15Minutes.3Hours.MIXED-COMPUTED-REV,1823.03,652.18,1170.85,SPIKE
2025-02-09 18:00:00,FOS.Flow-In.Ave.15Minutes.3Hours.MIXED-COMPUTED-REV,2404.85,646.33,1758.52,SPIKE
2025-02-09 19:00:00,FOS.Flow-In.Ave.15Minutes.3Hours.MIXED-COMPUTED-REV,2503.34,644.01,1859.33,SPIKE
2025-02-09 20:00:00,FOS.Flow-In.Ave.15Minutes.3Hours.MIXED-COMPUTED-REV,2052.98,644.01,1408.97,SPIKE
2025-02-09 21:00:00,FOS.Flow-In.Ave.15Minutes.3Hours.MIXED-COMPUTED-REV,1418.03,644.01,774.03,SPIKE
2025-02-09 22:00:00,FOS.Flow-In.Ave.15Minutes.3Hours.MIXED-COMPUTED-REV,902.76,644.01,258.76,SPIKE
2025-02-10 15:00:00,FOS.Flow-In.Ave.15Minutes.3Hours.MIXED-COMPUTED-REV,1139.59,626.25,513.34,SPIKE
2025-02-10 16:00:00,FOS.Flow-In.Ave.15Minutes.3Hours.MIXED-COMPUTED-REV,1835.60,668.04,1167.56,SPIKE
2025-02-10 17:00:00,FOS.Flow-In.Ave.15Minutes.3Hours.MIXED-COMPUTED-REV,2448.99,673.62,1775.36,SPIKE
2025-02-10 18:00:00,FOS.Flow-In.Ave.15Minutes.3Hours.MIXED-COMPUTED-REV,2653.34,676.27,1977.07,SPIKE
2025-02-10 19:00:00,FOS.Flow-In.Ave.15Minutes.3Hours.MIXED-COMPUTED-REV,2648.44,676.27,1972.17,SPIKE
2025-02-10 20:00:00,FOS.Flow-In.Ave.15Minutes.3Hours.MIXED-COMPUTED-REV,2533.69,676.27,1857.43,SPIKE
2025-02-10 21:00:00,FOS.Flow-In.Ave.15Minutes.3Hours.MIXED-COMPUTED-REV,2117.11,676.27,1440.85,SPIKE
2025-02-11 17:00:00,FOS.Flow-In.Ave.15Minutes.3Hours.MIXED-COMPUTED-REV,2438.09,652.66,1785.43,SPIKE
2025-02-11 18:00:00,FOS.Flow-In.Ave.15Minutes.3Hours.MIXED-COMPUTED-REV,2635.53,652.24,1983.28,SPIKE
2025-02-11 19:00:00,FOS.Flow-In.Ave.15Minutes.3Hours.MIXED-COMPUTED-REV,2635.52,613.45,2022.07,SPIKE
2025-02-11 20:00:00,FOS.Flow-In.Ave.15Minutes.3Hours.MIXED-COMPUTED-REV,2491.59,611.09,1880.50,SPIKE
2025-02-11 21:00:00,FOS.Flow-In.Ave.15Minutes.3Hours.MIXED-COMPUTED-REV,2029.15,611.09,1418.06,SPIKE
2025-02-11 22:00:00,FOS.Flow-In.Ave.15Minutes.3Hours.MIXED-COMPUTED-REV,1389.66,611.09,778.57,SPIKE
2025-02-12 15:00:00,FOS.Flow-In.Ave.15Minutes.3Hours.MIXED-COMPUTED-REV,1093.43,588.58,504.85,SPIKE
2025-02-12 16:00:00,FOS.Flow-In.Ave.15Minutes.3Hours.MIXED-COMPUTED-REV,1774.19,588.58,1185.61,SPIKE
2025-02-12 17:00:00,FOS.Flow-In.Ave.15Minutes.3Hours.MIXED-COMPUTED-REV,2379.00,588.58,1790.42,SPIKE
2025-02-12 18:00:00,FOS.Flow-In.Ave.15Minutes.3Hours.MIXED-COMPUTED-REV,2586.91,588.58,1998.34,SPIKE
2025-02-12 19:00:00,FOS.Flow-In.Ave.15Minutes.3Hours.MIXED-COMPUTED-REV,2598.84,596.21,2002.63,SPIKE
2025-02-12 20:00:00,FOS.Flow-In.Ave.15Minutes.3Hours.MIXED-COMPUTED-REV,2458.99,596.21,1862.78,SPIKE
2025-02-12 21:00:00,FOS.Flow-In.Ave.15Minutes.3Hours.MIXED-COMPUTED-REV,1999.65,596.21,1403.45,SPIKE
2025-02-12 22:00:00,FOS.Flow-In.Ave.15Minutes.3Hours.MIXED-COMPUTED-REV,1397.20,596.21,800.99,SPIKE
2025-02-13 15:00:00,FOS.Flow-In.Ave.15Minutes.3Hours.MIXED-COMPUTED-REV,1287.72,640.27,647.45,SPIKE
2025-02-13 16:00:00,FOS.Flow-In.Ave.15Minutes.3Hours.MIXED-COMPUTED-REV,1946.18,640.27,1305.91,SPIKE
2025-02-13 17:00:00,FOS.Flow-In.Ave.15Minutes.3Hours.MIXED-COMPUTED-REV,2471.42,640.27,1831.15,SPIKE
2025-02-13 18:00:00,FOS.Flow-In.Ave.15Minutes.3Hours.MIXED-COMPUTED-REV,2581.29,640.27,1941.02,SPIKE
2025-02-13 19:00:00,FOS.Flow-In.Ave.15Minutes.3Hours.MIXED-COMPUTED-REV,2579.30,640.27,1939.03,SPIKE
2025-02-13 20:00:00,FOS.Flow-In.Ave.15Minutes.3Hours.MIXED-COMPUTED-REV,2431.95,640.27,1791.68,SPIKE
2025-02-13 21:00:00,FOS.Flow-In.Ave.15Minutes.3Hours.MIXED-COMPUTED-REV,1953.83,640.27,1313.55,SPIKE
2025-02-13 22:00:00,FOS.Flow-In.Ave.15Minutes.3Hours.MIXED-COMPUTED-REV,1308.18,640.27,667.91,SPIKE
2025-02-14 16:00:00,FOS.Flow-In.Ave.15Minutes.3Hours.MIXED-COMPUTED-REV,1793.06,847.14,945.91,SPIKE
2025-02-14 17:00:00,FOS.Flow-In.Ave.15Minutes.3Hours.MIXED-COMPUTED-REV,2384.92,865.05,1519.87,SPIKE
2025-02-14 18:00:00,FOS.Flow-In.Ave.15Minutes.3Hours.MIXED-COMPUTED-REV,2650.80,865.05,1785.75,SPIKE
2025-02-14 19:00:00,FOS.Flow-In.Ave.15Minutes.3Hours.MIXED-COMPUTED-REV,2676.58,865.05,1811.53,SPIKE
2025-02-14 20:00:00,FOS.Flow-In.Ave.15Minutes.3Hours.MIXED-COMPUTED-REV,2550.93,865.05,1685.88,SPIKE
2025-02-14 21:00:00,FOS.Flow-In.Ave.15Minutes.3Hours.MIXED-COMPUTED-REV,2158.49,865.05,1293.45,SPIKE
2025-02-14 22:00:00,FOS.Flow-In.Ave.15Minutes.3Hours.MIXED-COMPUTED-REV,1620.83,865.05,755.78,SPIKE
2025-02-14 23:00:00,FOS.Flow-In.Ave.15Minutes.3Hours.MIXED-COMPUTED-REV,1141.62,865.05,276.57,SPIKE
2025-02-15 16:00:00,FOS.Flow-In.Ave.15Minutes.3Hours.MIXED-COMPUTED-REV,1883.09,851.94,1031.14,SPIKE
2025-02-15 17:00:00,FOS.Flow-In.Ave.15Minutes.3Hours.MIXED-COMPUTED-REV,2471.62,824.35,1647.27,SPIKE
2025-02-15 18:00:00,FOS.Flow-In.Ave.15Minutes.3Hours.MIXED-COMPUTED-REV,2681.15,810.39,1870.75,SPIKE
2025-02-15 19:00:00,FOS.Flow-In.Ave.15Minutes.3Hours.MIXED-COMPUTED-REV,2719.71,805.23,1914.49,SPIKE
2025-02-15 20:00:00,FOS.Flow-In.Ave.15Minutes.3Hours.MIXED-COMPUTED-REV,2645.59,805.23,1840.36,SPIKE
2025-02-15 21:00:00,FOS.Flow-In.Ave.15Minutes.3Hours.MIXED-COMPUTED-REV,2265.67,805.23,1460.45,SPIKE
2025-02-15 22:00:00,FOS.Flow-In.Ave.15Minutes.3Hours.MIXED-COMPUTED-REV,1607.04,810.39,796.65,SPIKE
2025-02-24 06:00:00,FOS.Flow-In.Ave.15Minutes.3Hours.MIXED-COMPUTED-REV,12321.62,9651.54,2670.08,SPIKE
2025-02-24 07:00:00,FOS.Flow-In.Ave.15Minutes.3Hours.MIXED-COMPUTED-REV,12449.73,9651.54,2798.19,SPIKE
2025-02-24 08:00:00,FOS.Flow-In.Ave.15Minutes.3Hours.MIXED-COMPUTED-REV,12160.70,9651.54,2509.16,SPIKE
2025-02-27 08:00:00,FOS.Flow-In.Ave.15Minutes.3Hours.MIXED-COMPUTED-REV,3805.73,6224.11,-2418.39,SPIKE
2025-02-27 09:00:00,FOS.Flow-In.Ave.15Minutes.3Hours.MIXED-COMPUTED-REV,2857.29,6222.65,-3365.35,SPIKE
2025-02-27 10:00:00,FOS.Flow-In.Ave.15Minutes.3Hours.MIXED-COMPUTED-REV,2585.10,6212.53,-3627.43,SPIKE
2025-02-27 11:00:00,FOS.Flow-In.Ave.15Minutes.3Hours.MIXED-COMPUTED-REV,2599.26,6209.03,-3609.77,SPIKE
2025-02-27 12:00:00,FOS.Flow-In.Ave.15Minutes.3Hours.MIXED-COMPUTED-REV,2585.69,6179.00,-3593.31,SPIKE
2025-02-27 13:00:00,FOS.Flow-In.Ave.15Minutes.3Hours.MIXED-COMPUTED-REV,2604.44,6178.29,-3573.85,SPIKE
2025-02-27 14:00:00,FOS.Flow-In.Ave.15Minutes.3Hours.MIXED-COMPUTED-REV,2830.02,6166.98,-3336.97,SPIKE
2025-02-27 15:00:00,FOS.Flow-In.Ave.15Minutes.3Hours.MIXED-COMPUTED-REV,3876.61,6160.16,-2283.54,SPIKE
2025-02-28 09:00:00,FOS.Flow-In.Ave.15Minutes.3Hours.MIXED-COMPUTED-REV,2310.29,4141.56,-1831.28,SPIKE
2025-02-28 10:00:00,FOS.Flow-In.Ave.15Minutes.3Hours.MIXED-COMPUTED-REV,2051.87,4141.56,-2089.70,SPIKE
2025-02-28 11:00:00,FOS.Flow-In.Ave.15Minutes.3Hours.MIXED-COMPUTED-REV,2147.93,4102.90,-1954.98,SPIKE
2025-02-28 12:00:00,FOS.Flow-In.Ave.15Minutes.3Hours.MIXED-COMPUTED-REV,2194.02,4062.81,-1868.79,SPIKE
2025-02-28 13:00:00,FOS.Flow-In.Ave.15Minutes.3Hours.MIXED-COMPUTED-REV,2067.17,4062.81,-1995.64,SPIKE
2025-02-28 14:00:00,FOS.Flow-In.Ave.15Minutes.3Hours.MIXED-COMPUTED-REV,1910.55,4050.81,-2140.26,SPIKE
2025-02-28 15:00:00,FOS.Flow-In.Ave.15Minutes.3Hours.MIXED-COMPUTED-REV,2266.73,4038.21,-1771.48,SPIKE
2025-03-01 19:00:00,FOS.Flow-In.Ave.15Minutes.3Hours.MIXED-COMPUTED-REV,2447.02,3605.58,-1158.56,SPIKE
2025-03-01 20:00:00,FOS.Flow-In.Ave.15Minutes.3Hours.MIXED-COMPUTED-REV,1986.53,3605.58,-1619.05,SPIKE
2025-03-01 21:00:00,FOS.Flow-In.Ave.15Minutes.3Hours.MIXED-COMPUTED-REV,1930.99,3605.58,-1674.59,SPIKE
2025-03-01 22:00:00,FOS.Flow-In.Ave.15Minutes.3Hours.MIXED-COMPUTED-REV,2375.84,3588.54,-1212.70,SPIKE
2025-03-05 22:00:00,FOS.Flow-In.Ave.15Minutes.3Hours.MIXED-COMPUTED-REV,1280.05,3214.91,-1934.86,SPIKE
2025-03-05 23:00:00,FOS.Flow-In.Ave.15Minutes.3Hours.MIXED-COMPUTED-REV,1249.27,3214.91,-1965.64,SPIKE
2025-03-06 00:00:00,FOS.Flow-In.Ave.15Minutes.3Hours.MIXED-COMPUTED-REV,1261.58,3214.91,-1953.33,SPIKE
2025-03-06 01:00:00,FOS.Flow-In.Ave.15Minutes.3Hours.MIXED-COMPUTED-REV,1290.04,3214.91,-1924.87,SPIKE
2025-03-06 21:00:00,FOS.Flow-In.Ave.15Minutes.3Hours.MIXED-COMPUTED-REV,1194.39,3070.68,-1876.30,SPIKE
2025-03-06 22:00:00,FOS.Flow-In.Ave.15Minutes.3Hours.MIXED-COMPUTED-REV,1156.31,3070.68,-1914.37,SPIKE
2025-03-06 23:00:00,FOS.Flow-In.Ave.15Minutes.3Hours.MIXED-COMPUTED-REV,1179.14,3070.68,-1891.54,SPIKE
2025-03-07 00:00:00,FOS.Flow-In.Ave.15Minutes.3Hours.MIXED-COMPUTED-REV,1223.07,3070.68,-1847.61,SPIKE
2025-03-07 01:00:00,FOS.Flow-In.Ave.15Minutes.3Hours.MIXED-COMPUTED-REV,1227.53,3070.68,-1843.15,SPIKE
2025-03-07 02:00:00,FOS.Flow-In.Ave.15Minutes.3Hours.MIXED-COMPUTED-REV,1303.91,3070.68,-1766.77,SPIKE
2025-03-07 03:00:00,FOS.Flow-In.Ave.15Minutes.3Hours.MIXED-COMPUTED-REV,1742.69,3070.68,-1327.99,SPIKE
2025-03-10 19:00:00,FOS.Flow-In.Ave.15Minutes.3Hours.MIXED-COMPUTED-REV,1406.73,2627.01,-1220.28,SPIKE
2025-03-10 20:00:00,FOS.Flow-In.Ave.15Minutes.3Hours.MIXED-COMPUTED-REV,1134.78,2627.01,-1492.23,SPIKE
2025-03-10 21:00:00,FOS.Flow-In.Ave.15Minutes.3Hours.MIXED-COMPUTED-REV,1130.40,2627.01,-1496.61,SPIKE
2025-03-10 22:00:00,FOS.Flow-In.Ave.15Minutes.3Hours.MIXED-COMPUTED-REV,1089.44,2626.72,-1537.27,SPIKE
2025-03-10 23:00:00,FOS.Flow-In.Ave.15Minutes.3Hours.MIXED-COMPUTED-REV,921.75,2626.67,-1704.92,SPIKE
2025-03-11 00:00:00,FOS.Flow-In.Ave.15Minutes.3Hours.MIXED-COMPUTED-REV,886.78,2622.43,-1735.65,SPIKE
2025-03-11 01:00:00,FOS.Flow-In.Ave.15Minutes.3Hours.MIXED-COMPUTED-REV,1300.57,2622.43,-1321.86,SPIKE
2025-03-11 02:00:00,FOS.Flow-In.Ave.15Minutes.3Hours.MIXED-COMPUTED-REV,1915.00,2622.43,-707.43,SPIKE
2025-03-11 18:00:00,FOS.Flow-In.Ave.15Minutes.3Hours.MIXED-COMPUTED-REV,1781.69,2578.77,-797.08,SPIKE
2025-03-11 19:00:00,FOS.Flow-In.Ave.15Minutes.3Hours.MIXED-COMPUTED-REV,1178.58,2578.77,-1400.18,SPIKE
2025-03-11 20:00:00,FOS.Flow-In.Ave.15Minutes.3Hours.MIXED-COMPUTED-REV,840.70,2563.95,-1723.25,SPIKE
2025-03-11 21:00:00,FOS.Flow-In.Ave.15Minutes.3Hours.MIXED-COMPUTED-REV,828.33,2556.25,-1727.93,SPIKE
2025-03-11 22:00:00,FOS.Flow-In.Ave.15Minutes.3Hours.MIXED-COMPUTED-REV,838.46,2556.25,-1717.80,SPIKE
2025-03-11 23:00:00,FOS.Flow-In.Ave.15Minutes.3Hours.MIXED-COMPUTED-REV,785.22,2556.25,-1771.04,SPIKE
2025-03-12 00:00:00,FOS.Flow-In.Ave.15Minutes.3Hours.MIXED-COMPUTED-REV,792.12,2556.25,-1764.13,SPIKE
2025-03-12 01:00:00,FOS.Flow-In.Ave.15Minutes.3Hours.MIXED-COMPUTED-REV,1228.65,2556.25,-1327.61,SPIKE
2025-03-12 19:00:00,FOS.Flow-In.Ave.15Minutes.3Hours.MIXED-COMPUTED-REV,1588.48,2566.29,-977.81,SPIKE
2025-03-12 20:00:00,FOS.Flow-In.Ave.15Minutes.3Hours.MIXED-COMPUTED-REV,1190.69,2566.29,-1375.59,SPIKE
2025-03-12 21:00:00,FOS.Flow-In.Ave.15Minutes.3Hours.MIXED-COMPUTED-REV,1114.72,2570.24,-1455.52,SPIKE
2025-03-12 22:00:00,FOS.Flow-In.Ave.15Minutes.3Hours.MIXED-COMPUTED-REV,1186.79,2595.13,-1408.34,SPIKE
2025-03-12 23:00:00,FOS.Flow-In.Ave.15Minutes.3Hours.MIXED-COMPUTED-REV,1117.38,2595.13,-1477.76,SPIKE
2025-03-14 20:00:00,FOS.Flow-In.Ave.15Minutes.3Hours.MIXED-COMPUTED-REV,1800.89,3128.21,-1327.32,SPIKE
2025-03-14 21:00:00,FOS.Flow-In.Ave.15Minutes.3Hours.MIXED-COMPUTED-REV,1464.18,3128.21,-1664.03,SPIKE
2025-03-14 22:00:00,FOS.Flow-In.Ave.15Minutes.3Hours.MIXED-COMPUTED-REV,1281.84,3128.21,-1846.37,SPIKE
2025-03-14 23:00:00,FOS.Flow-In.Ave.15Minutes.3Hours.MIXED-COMPUTED-REV,1225.61,3128.21,-1902.60,SPIKE
2025-03-15 00:00:00,FOS.Flow-In.Ave.15Minutes.3Hours.MIXED-COMPUTED-REV,1363.23,3128.21,-1764.98,SPIKE
2025-03-15 01:00:00,FOS.Flow-In.Ave.15Minutes.3Hours.MIXED-COMPUTED-REV,1900.72,3128.21,-1227.49,SPIKE
2025-03-15 22:00:00,FOS.Flow-In.Ave.15Minutes.3Hours.MIXED-COMPUTED-REV,2167.11,3375.44,-1208.33,SPIKE
2025-03-15 23:00:00,FOS.Flow-In.Ave.15Minutes.3Hours.MIXED-COMPUTED-REV,2186.32,3456.49,-1270.17,SPIKE
2025-03-16 00:00:00,FOS.Flow-In.Ave.15Minutes.3Hours.MIXED-COMPUTED-REV,2228.85,3598.55,-1369.70,SPIKE
2025-03-16 18:00:00,FOS.Flow-In.Ave.15Minutes.3Hours.MIXED-COMPUTED-REV,8988.30,6988.66,1999.65,SPIKE
2025-03-17 21:00:00,FOS.Flow-In.Ave.15Minutes.3Hours.MIXED-COMPUTED-REV,3500.66,5056.86,-1556.20,SPIKE
2025-03-17 22:00:00,FOS.Flow-In.Ave.15Minutes.3Hours.MIXED-COMPUTED-REV,3318.03,5056.86,-1738.83,SPIKE
2025-03-17 23:00:00,FOS.Flow-In.Ave.15Minutes.3Hours.MIXED-COMPUTED-REV,3100.75,5056.86,-1956.11,SPIKE
2025-03-18 00:00:00,FOS.Flow-In.Ave.15Minutes.3Hours.MIXED-COMPUTED-REV,3067.41,5050.70,-1983.28,SPIKE
2025-03-18 01:00:00,FOS.Flow-In.Ave.15Minutes.3Hours.MIXED-COMPUTED-REV,3500.73,5050.70,-1549.97,SPIKE
2025-03-18 19:00:00,FOS.Flow-In.Ave.15Minutes.3Hours.MIXED-COMPUTED-REV,3438.86,5055.65,-1616.78,SPIKE
2025-03-18 20:00:00,FOS.Flow-In.Ave.15Minutes.3Hours.MIXED-COMPUTED-REV,2895.23,5055.65,-2160.42,SPIKE
2025-03-20 20:00:00,FOS.Flow-In.Ave.15Minutes.3Hours.MIXED-COMPUTED-REV,3758.75,6139.66,-2380.91,SPIKE
2025-03-20 21:00:00,FOS.Flow-In.Ave.15Minutes.3Hours.MIXED-COMPUTED-REV,3456.28,6139.66,-2683.38,SPIKE
2025-03-20 22:00:00,FOS.Flow-In.Ave.15Minutes.3Hours.MIXED-COMPUTED-REV,3424.60,6139.66,-2715.06,SPIKE
2025-03-20 23:00:00,FOS.Flow-In.Ave.15Minutes.3Hours.MIXED-COMPUTED-REV,3466.63,6139.66,-2673.02,SPIKE
2025-03-21 00:00:00,FOS.Flow-In.Ave.15Minutes.3Hours.MIXED-COMPUTED-REV,3532.40,6139.66,-2607.26,SPIKE
2025-03-21 01:00:00,FOS.Flow-In.Ave.15Minutes.3Hours.MIXED-COMPUTED-REV,3568.68,6139.66,-2570.97,SPIKE
2025-03-21 02:00:00,FOS.Flow-In.Ave.15Minutes.3Hours.MIXED-COMPUTED-REV,3744.73,6139.66,-2394.93,SPIKE
2025-04-30 15:00:00,FOS.Flow-In.Ave.15Minutes.3Hours.MIXED-COMPUTED-REV,2911.06,1892.30,1018.76,SPIKE
2025-05-03 15:00:00,FOS.Flow-In.Ave.15Minutes.3Hours.MIXED-COMPUTED-REV,2587.11,1345.35,1241.75,SPIKE
2025-05-03 16:00:00,FOS.Flow-In.Ave.15Minutes.3Hours.MIXED-COMPUTED-REV,2923.42,1325.96,1597.46,SPIKE
2025-05-03 17:00:00,FOS.Flow-In.Ave.15Minutes.3Hours.MIXED-COMPUTED-REV,2534.39,1317.78,1216.61,SPIKE
2025-05-03 18:00:00,FOS.Flow-In.Ave.15Minutes.3Hours.MIXED-COMPUTED-REV,1959.92,1302.53,657.39,SPIKE
2025-05-04 14:00:00,FOS.Flow-In.Ave.15Minutes.3Hours.MIXED-COMPUTED-REV,1941.45,1241.87,699.58,SPIKE
2025-05-04 15:00:00,FOS.Flow-In.Ave.15Minutes.3Hours.MIXED-COMPUTED-REV,2600.81,1243.37,1357.44,SPIKE
2025-05-04 16:00:00,FOS.Flow-In.Ave.15Minutes.3Hours.MIXED-COMPUTED-REV,3082.74,1264.58,1818.16,SPIKE
2025-05-04 17:00:00,FOS.Flow-In.Ave.15Minutes.3Hours.MIXED-COMPUTED-REV,3183.36,1264.58,1918.78,SPIKE
2025-05-04 18:00:00,FOS.Flow-In.Ave.15Minutes.3Hours.MIXED-COMPUTED-REV,2992.62,1264.58,1728.03,SPIKE
2025-05-04 19:00:00,FOS.Flow-In.Ave.15Minutes.3Hours.MIXED-COMPUTED-REV,2497.11,1264.58,1232.52,SPIKE
2025-05-04 20:00:00,FOS.Flow-In.Ave.15Minutes.3Hours.MIXED-COMPUTED-REV,1855.96,1264.58,591.38,SPIKE
2025-05-05 14:00:00,FOS.Flow-In.Ave.15Minutes.3Hours.MIXED-COMPUTED-REV,1811.53,1203.55,607.97,SPIKE
2025-05-05 15:00:00,FOS.Flow-In.Ave.15Minutes.3Hours.MIXED-COMPUTED-REV,2452.89,1196.64,1256.25,SPIKE
2025-05-05 16:00:00,FOS.Flow-In.Ave.15Minutes.3Hours.MIXED-COMPUTED-REV,2790.57,1192.44,1598.14,SPIKE
2025-05-05 17:00:00,FOS.Flow-In.Ave.15Minutes.3Hours.MIXED-COMPUTED-REV,2416.84,1186.84,1230.01,SPIKE
2025-05-05 18:00:00,FOS.Flow-In.Ave.15Minutes.3Hours.MIXED-COMPUTED-REV,1830.09,1183.68,646.42,SPIKE
2025-05-06 14:00:00,FOS.Flow-In.Ave.15Minutes.3Hours.MIXED-COMPUTED-REV,1798.84,1176.63,622.21,SPIKE
2025-05-06 15:00:00,FOS.Flow-In.Ave.15Minutes.3Hours.MIXED-COMPUTED-REV,2435.62,1176.63,1258.99,SPIKE
2025-05-06 16:00:00,FOS.Flow-In.Ave.15Minutes.3Hours.MIXED-COMPUTED-REV,2919.75,1176.63,1743.13,SPIKE
2025-05-06 17:00:00,FOS.Flow-In.Ave.15Minutes.3Hours.MIXED-COMPUTED-REV,3057.43,1176.63,1880.80,SPIKE
2025-05-06 18:00:00,FOS.Flow-In.Ave.15Minutes.3Hours.MIXED-COMPUTED-REV,2893.92,1176.63,1717.29,SPIKE
2025-05-06 19:00:00,FOS.Flow-In.Ave.15Minutes.3Hours.MIXED-COMPUTED-REV,2407.76,1176.63,1231.13,SPIKE
2025-05-06 20:00:00,FOS.Flow-In.Ave.15Minutes.3Hours.MIXED-COMPUTED-REV,1814.25,1176.63,637.62,SPIKE
2025-05-07 14:00:00,FOS.Flow-In.Ave.15Minutes.3Hours.MIXED-COMPUTED-REV,1768.23,1136.26,631.97,SPIKE
2025-05-07 15:00:00,FOS.Flow-In.Ave.15Minutes.3Hours.MIXED-COMPUTED-REV,2430.85,1139.69,1291.16,SPIKE
2025-05-07 16:00:00,FOS.Flow-In.Ave.15Minutes.3Hours.MIXED-COMPUTED-REV,2780.71,1150.56,1630.15,SPIKE
2025-05-10 07:00:00,FOS.Flow-In.Ave.15Minutes.3Hours.MIXED-COMPUTED-REV,2805.24,1253.77,1551.47,SPIKE
2025-05-10 08:00:00,FOS.Flow-In.Ave.15Minutes.3Hours.MIXED-COMPUTED-REV,2892.67,1253.77,1638.90,SPIKE
2025-05-10 09:00:00,FOS.Flow-In.Ave.15Minutes.3Hours.MIXED-COMPUTED-REV,2459.27,1253.77,1205.50,SPIKE
2025-05-10 15:00:00,FOS.Flow-In.Ave.15Minutes.3Hours.MIXED-COMPUTED-REV,2336.81,1253.77,1083.04,SPIKE
2025-05-10 16:00:00,FOS.Flow-In.Ave.15Minutes.3Hours.MIXED-COMPUTED-REV,2696.59,1253.77,1442.83,SPIKE
2025-05-10 17:00:00,FOS.Flow-In.Ave.15Minutes.3Hours.MIXED-COMPUTED-REV,2371.32,1253.89,1117.43,SPIKE
2025-05-11 06:00:00,FOS.Flow-In.Ave.15Minutes.3Hours.MIXED-COMPUTED-REV,2319.48,1253.77,1065.71,SPIKE
2025-05-11 07:00:00,FOS.Flow-In.Ave.15Minutes.3Hours.MIXED-COMPUTED-REV,2844.31,1252.44,1591.87,SPIKE
2025-05-11 08:00:00,FOS.Flow-In.Ave.15Minutes.3Hours.MIXED-COMPUTED-REV,2877.17,1236.26,1640.92,SPIKE
2025-05-11 09:00:00,FOS.Flow-In.Ave.15Minutes.3Hours.MIXED-COMPUTED-REV,2384.78,1236.26,1148.53,SPIKE
2025-05-11 16:00:00,FOS.Flow-In.Ave.15Minutes.3Hours.MIXED-COMPUTED-REV,2739.26,1236.26,1503.00,SPIKE
2025-05-12 07:00:00,FOS.Flow-In.Ave.15Minutes.3Hours.MIXED-COMPUTED-REV,2872.82,1222.63,1650.19,SPIKE
2025-05-12 08:00:00,FOS.Flow-In.Ave.15Minutes.3Hours.MIXED-COMPUTED-REV,2879.01,1215.96,1663.05,SPIKE
2025-05-12 16:00:00,FOS.Flow-In.Ave.15Minutes.3Hours.MIXED-COMPUTED-REV,2775.93,1221.49,1554.44,SPIKE
2025-05-13 07:00:00,FOS.Flow-In.Ave.15Minutes.3Hours.MIXED-COMPUTED-REV,2926.38,1278.87,1647.51,SPIKE
2025-05-13 08:00:00,FOS.Flow-In.Ave.15Minutes.3Hours.MIXED-COMPUTED-REV,2933.23,1278.87,1654.36,SPIKE
2025-05-13 16:00:00,FOS.Flow-In.Ave.15Minutes.3Hours.MIXED-COMPUTED-REV,2742.19,1278.87,1463.32,SPIKE
2025-05-14 07:00:00,FOS.Flow-In.Ave.15Minutes.3Hours.MIXED-COMPUTED-REV,2923.70,1266.13,1657.57,SPIKE
2025-05-14 08:00:00,FOS.Flow-In.Ave.15Minutes.3Hours.MIXED-COMPUTED-REV,2902.20,1242.03,1660.18,SPIKE
2025-05-22 10:00:00,FOS.Flow-In.Ave.15Minutes.3Hours.MIXED-COMPUTED-REV,1656.31,2959.28,-1302.96,SPIKE
2025-05-22 11:00:00,FOS.Flow-In.Ave.15Minutes.3Hours.MIXED-COMPUTED-REV,1181.16,2959.28,-1778.12,SPIKE
2025-05-22 12:00:00,FOS.Flow-In.Ave.15Minutes.3Hours.MIXED-COMPUTED-REV,1069.77,2959.28,-1889.51,SPIKE
2025-05-22 13:00:00,FOS.Flow-In.Ave.15Minutes.3Hours.MIXED-COMPUTED-REV,1247.94,2959.28,-1711.33,SPIKE
2025-05-22 14:00:00,FOS.Flow-In.Ave.15Minutes.3Hours.MIXED-COMPUTED-REV,1818.08,2959.28,-1141.20,SPIKE
2025-05-25 02:00:00,FOS.Flow-In.Ave.15Minutes.3Hours.MIXED-COMPUTED-REV,2376.64,896.01,1480.63,SPIKE
2025-05-25 03:00:00,FOS.Flow-In.Ave.15Minutes.3Hours.MIXED-COMPUTED-REV,2905.87,896.01,2009.86,SPIKE
2025-05-25 04:00:00,FOS.Flow-In.Ave.15Minutes.3Hours.MIXED-COMPUTED-REV,3013.44,896.01,2117.42,SPIKE
2025-05-25 05:00:00,FOS.Flow-In.Ave.15Minutes.3Hours.MIXED-COMPUTED-REV,2735.63,896.01,1839.62,SPIKE
2025-05-25 06:00:00,FOS.Flow-In.Ave.15Minutes.3Hours.MIXED-COMPUTED-REV,2134.70,896.01,1238.69,SPIKE
2025-05-25 07:00:00,FOS.Flow-In.Ave.15Minutes.3Hours.MIXED-COMPUTED-REV,1452.86,892.78,560.08,SPIKE
2025-05-27 02:00:00,FOS.Flow-In.Ave.15Minutes.3Hours.MIXED-COMPUTED-REV,1665.83,835.86,829.96,SPIKE
2025-05-27 03:00:00,FOS.Flow-In.Ave.15Minutes.3Hours.MIXED-COMPUTED-REV,2354.09,835.86,1518.23,SPIKE
2025-05-27 04:00:00,FOS.Flow-In.Ave.15Minutes.3Hours.MIXED-COMPUTED-REV,2811.70,835.86,1975.84,SPIKE
2025-05-27 05:00:00,FOS.Flow-In.Ave.15Minutes.3Hours.MIXED-COMPUTED-REV,2689.44,815.93,1873.50,SPIKE
2025-05-27 06:00:00,FOS.Flow-In.Ave.15Minutes.3Hours.MIXED-COMPUTED-REV,2119.20,802.56,1316.64,SPIKE
2025-05-27 07:00:00,FOS.Flow-In.Ave.15Minutes.3Hours.MIXED-COMPUTED-REV,1432.77,802.56,630.21,SPIKE
2025-05-28 04:00:00,FOS.Flow-In.Ave.15Minutes.3Hours.MIXED-COMPUTED-REV,1589.45,841.74,747.71,SPIKE
2025-05-28 05:00:00,FOS.Flow-In.Ave.15Minutes.3Hours.MIXED-COMPUTED-REV,2255.30,841.74,1413.56,SPIKE
2025-05-28 06:00:00,FOS.Flow-In.Ave.15Minutes.3Hours.MIXED-COMPUTED-REV,2741.44,841.74,1899.70,SPIKE
2025-05-28 07:00:00,FOS.Flow-In.Ave.15Minutes.3Hours.MIXED-COMPUTED-REV,2679.29,841.74,1837.55,SPIKE
2025-05-28 08:00:00,FOS.Flow-In.Ave.15Minutes.3Hours.MIXED-COMPUTED-REV,2097.66,841.74,1255.92,SPIKE
2025-05-28 09:00:00,FOS.Flow-In.Ave.15Minutes.3Hours.MIXED-COMPUTED-REV,1418.63,832.32,586.31,SPIKE
2025-05-29 02:00:00,FOS.Flow-In.Ave.15Minutes.3Hours.MIXED-COMPUTED-REV,1529.07,794.08,734.99,SPIKE
2025-05-29 03:00:00,FOS.Flow-In.Ave.15Minutes.3Hours.MIXED-COMPUTED-REV,1976.00,794.08,1181.92,SPIKE
2025-05-29 04:00:00,FOS.Flow-In.Ave.15Minutes.3Hours.MIXED-COMPUTED-REV,1894.31,794.08,1100.22,SPIKE
2025-05-29 05:00:00,FOS.Flow-In.Ave.15Minutes.3Hours.MIXED-COMPUTED-REV,1352.36,794.08,558.27,SPIKE
2025-05-30 02:00:00,FOS.Flow-In.Ave.15Minutes.3Hours.MIXED-COMPUTED-REV,1519.02,786.21,732.81,SPIKE
2025-05-30 03:00:00,FOS.Flow-In.Ave.15Minutes.3Hours.MIXED-COMPUTED-REV,1954.24,786.21,1168.03,SPIKE
2025-05-30 04:00:00,FOS.Flow-In.Ave.15Minutes.3Hours.MIXED-COMPUTED-REV,1854.75,786.21,1068.55,SPIKE
2025-05-30 05:00:00,FOS.Flow-In.Ave.15Minutes.3Hours.MIXED-COMPUTED-REV,1318.65,786.21,532.44,SPIKE
2025-05-31 02:00:00,FOS.Flow-In.Ave.15Minutes.3Hours.MIXED-COMPUTED-REV,1526.51,739.86,786.65,SPIKE
2025-05-31 03:00:00,FOS.Flow-In.Ave.15Minutes.3Hours.MIXED-COMPUTED-REV,2211.38,739.86,1471.52,SPIKE
2025-05-31 04:00:00,FOS.Flow-In.Ave.15Minutes.3Hours.MIXED-COMPUTED-REV,2680.27,737.06,1943.21,SPIKE
2025-05-31 05:00:00,FOS.Flow-In.Ave.15Minutes.3Hours.MIXED-COMPUTED-REV,2746.52,737.06,2009.46,SPIKE
2025-05-31 06:00:00,FOS.Flow-In.Ave.15Minutes.3Hours.MIXED-COMPUTED-REV,2477.78,737.06,1740.72,SPIKE
2025-05-31 07:00:00,FOS.Flow-In.Ave.15Minutes.3Hours.MIXED-COMPUTED-REV,1927.10,737.06,1190.04,SPIKE
2025-05-31 08:00:00,FOS.Flow-In.Ave.15Minutes.3Hours.MIXED-COMPUTED-REV,1299.64,735.89,563.75,SPIKE
2025-06-01 02:00:00,FOS.Flow-In.Ave.15Minutes.3Hours.MIXED-COMPUTED-REV,1557.50,713.10,844.40,SPIKE
2025-06-01 03:00:00,FOS.Flow-In.Ave.15Minutes.3Hours.MIXED-COMPUTED-REV,2234.73,708.15,1526.58,SPIKE
2025-06-01 04:00:00,FOS.Flow-In.Ave.15Minutes.3Hours.MIXED-COMPUTED-REV,2660.01,708.15,1951.86,SPIKE
2025-06-01 05:00:00,FOS.Flow-In.Ave.15Minutes.3Hours.MIXED-COMPUTED-REV,2655.15,707.31,1947.84,SPIKE
2025-06-01 06:00:00,FOS.Flow-In.Ave.15Minutes.3Hours.MIXED-COMPUTED-REV,2406.26,705.40,1700.86,SPIKE
2025-06-08 02:00:00,FOS.Flow-In.Ave.15Minutes.3Hours.MIXED-COMPUTED-REV,1943.05,385.95,1557.10,SPIKE
2025-06-08 03:00:00,FOS.Flow-In.Ave.15Minutes.3Hours.MIXED-COMPUTED-REV,2466.61,385.95,2080.66,SPIKE
2025-06-08 04:00:00,FOS.Flow-In.Ave.15Minutes.3Hours.MIXED-COMPUTED-REV,2545.42,400.06,2145.36,SPIKE
2025-06-08 05:00:00,FOS.Flow-In.Ave.15Minutes.3Hours.MIXED-COMPUTED-REV,2332.92,402.57,1930.35,SPIKE
2025-06-08 18:00:00,FOS.Flow-In.Ave.15Minutes.3Hours.MIXED-COMPUTED-REV,1759.95,334.20,1425.75,SPIKE
2025-06-08 19:00:00,FOS.Flow-In.Ave.15Minutes.3Hours.MIXED-COMPUTED-REV,2093.08,333.78,1759.30,SPIKE
2025-06-08 20:00:00,FOS.Flow-In.Ave.15Minutes.3Hours.MIXED-COMPUTED-REV,1627.50,331.38,1296.13,SPIKE
2025-06-09 15:00:00,FOS.Flow-In.Ave.15Minutes.3Hours.MIXED-COMPUTED-REV,1566.08,417.74,1148.34,SPIKE
2025-06-21 02:00:00,FOS.Flow-In.Ave.15Minutes.3Hours.MIXED-COMPUTED-REV,629.41,949.52,-320.10,SPIKE
2025-06-21 03:00:00,FOS.Flow-In.Ave.15Minutes.3Hours.MIXED-COMPUTED-REV,382.55,980.25,-597.70,SPIKE
2025-06-21 04:00:00,FOS.Flow-In.Ave.15Minutes.3Hours.MIXED-COMPUTED-REV,239.84,1003.15,-763.30,SPIKE
2025-06-21 05:00:00,FOS.Flow-In.Ave.15Minutes.3Hours.MIXED-COMPUTED-REV,387.70,1014.12,-626.43,SPIKE
2025-06-23 23:00:00,FOS.Flow-In.Ave.15Minutes.3Hours.MIXED-COMPUTED-REV,2259.81,366.90,1892.91,SPIKE
2025-06-24 00:00:00,FOS.Flow-In.Ave.15Minutes.3Hours.MIXED-COMPUTED-REV,2361.90,366.90,1994.99,SPIKE
2025-06-24 01:00:00,FOS.Flow-In.Ave.15Minutes.3Hours.MIXED-COMPUTED-REV,2372.70,366.90,2005.79,SPIKE
2025-06-24 02:00:00,FOS.Flow-In.Ave.15Minutes.3Hours.MIXED-COMPUTED-REV,2350.21,366.90,1983.31,SPIKE
2025-06-24 03:00:00,FOS.Flow-In.Ave.15Minutes.3Hours.MIXED-COMPUTED-REV,2340.76,366.90,1973.86,SPIKE
2025-06-24 04:00:00,FOS.Flow-In.Ave.15Minutes.3Hours.MIXED-COMPUTED-REV,2186.81,366.90,1819.91,SPIKE
2025-06-24 23:00:00,FOS.Flow-In.Ave.15Minutes.3Hours.MIXED-COMPUTED-REV,2282.70,479.23,1803.47,SPIKE
2025-06-25 00:00:00,FOS.Flow-In.Ave.15Minutes.3Hours.MIXED-COMPUTED-REV,2394.29,479.23,1915.05,SPIKE
2025-06-25 01:00:00,FOS.Flow-In.Ave.15Minutes.3Hours.MIXED-COMPUTED-REV,2421.29,479.23,1942.05,SPIKE
2025-06-25 02:00:00,FOS.Flow-In.Ave.15Minutes.3Hours.MIXED-COMPUTED-REV,2414.37,479.23,1935.14,SPIKE
2025-06-25 03:00:00,FOS.Flow-In.Ave.15Minutes.3Hours.MIXED-COMPUTED-REV,2422.32,479.23,1943.08,SPIKE
2025-06-25 04:00:00,FOS.Flow-In.Ave.15Minutes.3Hours.MIXED-COMPUTED-REV,2417.75,479.23,1938.52,SPIKE
2025-06-25 05:00:00,FOS.Flow-In.Ave.15Minutes.3Hours.MIXED-COMPUTED-REV,2239.24,479.23,1760.00,SPIKE
2025-06-25 23:00:00,FOS.Flow-In.Ave.15Minutes.3Hours.MIXED-COMPUTED-REV,2249.70,423.46,1826.23,SPIKE
2025-06-26 00:00:00,FOS.Flow-In.Ave.15Minutes.3Hours.MIXED-COMPUTED-REV,2366.95,423.46,1943.48,SPIKE
2025-06-26 01:00:00,FOS.Flow-In.Ave.15Minutes.3Hours.MIXED-COMPUTED-REV,2382.52,423.46,1959.06,SPIKE
2025-06-26 02:00:00,FOS.Flow-In.Ave.15Minutes.3Hours.MIXED-COMPUTED-REV,2385.25,423.46,1961.78,SPIKE
2025-06-26 03:00:00,FOS.Flow-In.Ave.15Minutes.3Hours.MIXED-COMPUTED-REV,2382.58,423.46,1959.12,SPIKE
2025-06-26 04:00:00,FOS.Flow-In.Ave.15Minutes.3Hours.MIXED-COMPUTED-REV,2347.41,423.46,1923.95,SPIKE
2025-06-26 05:00:00,FOS.Flow-In.Ave.15Minutes.3Hours.MIXED-COMPUTED-REV,2158.43,423.46,1734.96,SPIKE
2025-06-26 23:00:00,FOS.Flow-In.Ave.15Minutes.3Hours.MIXED-COMPUTED-REV,2228.99,394.93,1834.06,SPIKE
2025-06-27 00:00:00,FOS.Flow-In.Ave.15Minutes.3Hours.MIXED-COMPUTED-REV,2378.28,394.93,1983.35,SPIKE
2025-06-27 01:00:00,FOS.Flow-In.Ave.15Minutes.3Hours.MIXED-COMPUTED-REV,2379.01,394.93,1984.08,SPIKE
2025-06-27 02:00:00,FOS.Flow-In.Ave.15Minutes.3Hours.MIXED-COMPUTED-REV,2363.75,394.93,1968.82,SPIKE
2025-06-27 03:00:00,FOS.Flow-In.Ave.15Minutes.3Hours.MIXED-COMPUTED-REV,2330.81,394.93,1935.88,SPIKE
2025-06-27 04:00:00,FOS.Flow-In.Ave.15Minutes.3Hours.MIXED-COMPUTED-REV,2297.77,394.93,1902.84,SPIKE
2025-06-27 05:00:00,FOS.Flow-In.Ave.15Minutes.3Hours.MIXED-COMPUTED-REV,2119.38,394.93,1724.44,SPIKE
2025-06-27 23:00:00,FOS.Flow-In.Ave.15Minutes.3Hours.MIXED-COMPUTED-REV,1657.14,407.53,1249.61,SPIKE
2025-06-28 00:00:00,FOS.Flow-In.Ave.15Minutes.3Hours.MIXED-COMPUTED-REV,2170.35,407.53,1762.82,SPIKE
2025-06-28 01:00:00,FOS.Flow-In.Ave.15Minutes.3Hours.MIXED-COMPUTED-REV,2305.15,407.53,1897.62,SPIKE
2025-06-28 02:00:00,FOS.Flow-In.Ave.15Minutes.3Hours.MIXED-COMPUTED-REV,2344.60,407.53,1937.07,SPIKE
2025-06-28 03:00:00,FOS.Flow-In.Ave.15Minutes.3Hours.MIXED-COMPUTED-REV,2345.78,407.53,1938.25,SPIKE
2025-06-28 04:00:00,FOS.Flow-In.Ave.15Minutes.3Hours.MIXED-COMPUTED-REV,2335.36,407.53,1927.83,SPIKE
2025-06-28 05:00:00,FOS.Flow-In.Ave.15Minutes.3Hours.MIXED-COMPUTED-REV,2297.81,407.53,1890.28,SPIKE
2025-06-28 06:00:00,FOS.Flow-In.Ave.15Minutes.3Hours.MIXED-COMPUTED-REV,2109.27,407.53,1701.74,SPIKE
2025-06-29 00:00:00,FOS.Flow-In.Ave.15Minutes.3Hours.MIXED-COMPUTED-REV,2254.68,342.66,1912.03,SPIKE
2025-06-29 01:00:00,FOS.Flow-In.Ave.15Minutes.3Hours.MIXED-COMPUTED-REV,2321.35,342.66,1978.69,SPIKE
2025-06-29 02:00:00,FOS.Flow-In.Ave.15Minutes.3Hours.MIXED-COMPUTED-REV,2299.18,342.66,1956.52,SPIKE
2025-06-29 03:00:00,FOS.Flow-In.Ave.15Minutes.3Hours.MIXED-COMPUTED-REV,2328.01,342.66,1985.35,SPIKE
2025-06-29 04:00:00,FOS.Flow-In.Ave.15Minutes.3Hours.MIXED-COMPUTED-REV,2338.82,342.66,1996.16,SPIKE
2025-06-29 05:00:00,FOS.Flow-In.Ave.15Minutes.3Hours.MIXED-COMPUTED-REV,2326.16,342.66,1983.50,SPIKE
2025-06-29 06:00:00,FOS.Flow-In.Ave.15Minutes.3Hours.MIXED-COMPUTED-REV,2126.18,342.66,1783.52,SPIKE
2025-06-30 00:00:00,FOS.Flow-In.Ave.15Minutes.3Hours.MIXED-COMPUTED-REV,2180.50,367.46,1813.04,SPIKE
2025-06-30 01:00:00,FOS.Flow-In.Ave.15Minutes.3Hours.MIXED-COMPUTED-REV,2310.66,367.46,1943.21,SPIKE
2025-06-30 02:00:00,FOS.Flow-In.Ave.15Minutes.3Hours.MIXED-COMPUTED-REV,2317.89,367.46,1950.43,SPIKE
2025-06-30 03:00:00,FOS.Flow-In.Ave.15Minutes.3Hours.MIXED-COMPUTED-REV,2310.76,367.46,1943.31,SPIKE
2025-06-30 04:00:00,FOS.Flow-In.Ave.15Minutes.3Hours.MIXED-COMPUTED-REV,2314.73,367.46,1947.27,SPIKE
2025-06-30 05:00:00,FOS.Flow-In.Ave.15Minutes.3Hours.MIXED-COMPUTED-REV,2311.37,367.46,1943.91,SPIKE
2025-06-30 06:00:00,FOS.Flow-In.Ave.15Minutes.3Hours.MIXED-COMPUTED-REV,2129.59,367.46,1762.13,SPIKE
2025-07-01 00:00:00,FOS.Flow-In.Ave.15Minutes.3Hours.MIXED-COMPUTED-REV,2292.58,374.81,1917.78,SPIKE
2025-07-01 01:00:00,FOS.Flow-In.Ave.15Minutes.3Hours.MIXED-COMPUTED-REV,2447.60,374.81,2072.79,SPIKE
2025-07-01 02:00:00,FOS.Flow-In.Ave.15Minutes.3Hours.MIXED-COMPUTED-REV,2447.99,374.81,2073.19,SPIKE
2025-07-01 03:00:00,FOS.Flow-In.Ave.15Minutes.3Hours.MIXED-COMPUTED-REV,2408.44,374.81,2033.63,SPIKE
2025-07-01 04:00:00,FOS.Flow-In.Ave.15Minutes.3Hours.MIXED-COMPUTED-REV,2387.34,374.81,2012.54,SPIKE
2025-07-01 05:00:00,FOS.Flow-In.Ave.15Minutes.3Hours.MIXED-COMPUTED-REV,2387.49,374.81,2012.69,SPIKE
2025-07-01 06:00:00,FOS.Flow-In.Ave.15Minutes.3Hours.MIXED-COMPUTED-REV,2206.96,374.81,1832.15,SPIKE
2025-07-01 07:00:00,FOS.Flow-In.Ave.15Minutes.3Hours.MIXED-COMPUTED-REV,1653.14,374.81,1278.34,SPIKE
2025-07-02 00:00:00,FOS.Flow-In.Ave.15Minutes.3Hours.MIXED-COMPUTED-REV,1756.87,240.24,1516.63,SPIKE
2025-07-02 01:00:00,FOS.Flow-In.Ave.15Minutes.3Hours.MIXED-COMPUTED-REV,2314.37,240.24,2074.13,SPIKE
2025-07-02 02:00:00,FOS.Flow-In.Ave.15Minutes.3Hours.MIXED-COMPUTED-REV,2430.24,240.24,2190.00,SPIKE
2025-07-02 03:00:00,FOS.Flow-In.Ave.15Minutes.3Hours.MIXED-COMPUTED-REV,2418.84,240.24,2178.59,SPIKE
2025-07-02 04:00:00,FOS.Flow-In.Ave.15Minutes.3Hours.MIXED-COMPUTED-REV,2352.26,240.24,2112.02,SPIKE
2025-07-02 05:00:00,FOS.Flow-In.Ave.15Minutes.3Hours.MIXED-COMPUTED-REV,2267.37,240.24,2027.13,SPIKE
2025-07-02 06:00:00,FOS.Flow-In.Ave.15Minutes.3Hours.MIXED-COMPUTED-REV,2065.94,240.24,1825.70,SPIKE
2025-07-02 07:00:00,FOS.Flow-In.Ave.15Minutes.3Hours.MIXED-COMPUTED-REV,1534.18,240.24,1293.94,SPIKE
2025-07-03 00:00:00,FOS.Flow-In.Ave.15Minutes.3Hours.MIXED-COMPUTED-REV,1691.92,234.10,1457.82,SPIKE
2025-07-03 01:00:00,FOS.Flow-In.Ave.15Minutes.3Hours.MIXED-COMPUTED-REV,2236.66,234.10,2002.56,SPIKE
2025-07-03 02:00:00,FOS.Flow-In.Ave.15Minutes.3Hours.MIXED-COMPUTED-REV,2380.84,234.10,2146.74,SPIKE
2025-07-03 03:00:00,FOS.Flow-In.Ave.15Minutes.3Hours.MIXED-COMPUTED-REV,2422.38,234.10,2188.28,SPIKE
2025-07-03 04:00:00,FOS.Flow-In.Ave.15Minutes.3Hours.MIXED-COMPUTED-REV,2435.52,234.10,2201.42,SPIKE
2025-07-03 05:00:00,FOS.Flow-In.Ave.15Minutes.3Hours.MIXED-COMPUTED-REV,2381.33,234.10,2147.23,SPIKE
2025-07-03 06:00:00,FOS.Flow-In.Ave.15Minutes.3Hours.MIXED-COMPUTED-REV,2172.42,234.10,1938.32,SPIKE
2025-07-03 07:00:00,FOS.Flow-In.Ave.15Minutes.3Hours.MIXED-COMPUTED-REV,1588.95,234.10,1354.85,SPIKE
2025-07-04 00:00:00,FOS.Flow-In.Ave.15Minutes.3Hours.MIXED-COMPUTED-REV,1600.58,223.47,1377.11,SPIKE
2025-07-04 01:00:00,FOS.Flow-In.Ave.15Minutes.3Hours.MIXED-COMPUTED-REV,2191.22,223.47,1967.76,SPIKE
2025-07-04 02:00:00,FOS.Flow-In.Ave.15Minutes.3Hours.MIXED-COMPUTED-REV,2408.59,223.47,2185.12,SPIKE
2025-07-04 03:00:00,FOS.Flow-In.Ave.15Minutes.3Hours.MIXED-COMPUTED-REV,2446.47,223.47,2223.00,SPIKE
2025-07-04 04:00:00,FOS.Flow-In.Ave.15Minutes.3Hours.MIXED-COMPUTED-REV,2471.65,223.47,2248.18,SPIKE
2025-07-04 05:00:00,FOS.Flow-In.Ave.15Minutes.3Hours.MIXED-COMPUTED-REV,2430.69,223.47,2207.22,SPIKE
2025-07-04 06:00:00,FOS.Flow-In.Ave.15Minutes.3Hours.MIXED-COMPUTED-REV,2205.49,223.47,1982.02,SPIKE
2025-07-04 07:00:00,FOS.Flow-In.Ave.15Minutes.3Hours.MIXED-COMPUTED-REV,1602.51,223.47,1379.04,SPIKE
2025-07-05 00:00:00,FOS.Flow-In.Ave.15Minutes.3Hours.MIXED-COMPUTED-REV,1699.42,204.78,1494.64,SPIKE
2025-07-05 01:00:00,FOS.Flow-In.Ave.15Minutes.3Hours.MIXED-COMPUTED-REV,2284.51,204.78,2079.72,SPIKE
2025-07-05 02:00:00,FOS.Flow-In.Ave.15Minutes.3Hours.MIXED-COMPUTED-REV,2397.68,204.78,2192.90,SPIKE
2025-07-05 03:00:00,FOS.Flow-In.Ave.15Minutes.3Hours.MIXED-COMPUTED-REV,2418.75,204.78,2213.96,SPIKE
2025-07-05 04:00:00,FOS.Flow-In.Ave.15Minutes.3Hours.MIXED-COMPUTED-REV,2391.40,204.78,2186.62,SPIKE
2025-07-05 05:00:00,FOS.Flow-In.Ave.15Minutes.3Hours.MIXED-COMPUTED-REV,2386.52,204.78,2181.74,SPIKE
2025-07-05 06:00:00,FOS.Flow-In.Ave.15Minutes.3Hours.MIXED-COMPUTED-REV,2149.85,204.78,1945.07,SPIKE
2025-07-05 07:00:00,FOS.Flow-In.Ave.15Minutes.3Hours.MIXED-COMPUTED-REV,1549.88,204.78,1345.09,SPIKE
2025-07-06 00:00:00,FOS.Flow-In.Ave.15Minutes.3Hours.MIXED-COMPUTED-REV,1629.20,192.35,1436.85,SPIKE
2025-07-06 01:00:00,FOS.Flow-In.Ave.15Minutes.3Hours.MIXED-COMPUTED-REV,2187.99,192.35,1995.64,SPIKE
2025-07-06 02:00:00,FOS.Flow-In.Ave.15Minutes.3Hours.MIXED-COMPUTED-REV,2355.00,192.35,2162.65,SPIKE
2025-07-06 03:00:00,FOS.Flow-In.Ave.15Minutes.3Hours.MIXED-COMPUTED-REV,2371.78,192.35,2179.43,SPIKE
2025-07-06 04:00:00,FOS.Flow-In.Ave.15Minutes.3Hours.MIXED-COMPUTED-REV,2362.64,192.35,2170.28,SPIKE
2025-07-06 05:00:00,FOS.Flow-In.Ave.15Minutes.3Hours.MIXED-COMPUTED-REV,2354.81,192.35,2162.46,SPIKE
2025-07-06 06:00:00,FOS.Flow-In.Ave.15Minutes.3Hours.MIXED-COMPUTED-REV,2151.45,192.35,1959.10,SPIKE
2025-07-06 07:00:00,FOS.Flow-In.Ave.15Minutes.3Hours.MIXED-COMPUTED-REV,1590.44,192.35,1398.09,SPIKE
2025-07-07 00:00:00,FOS.Flow-In.Ave.15Minutes.3Hours.MIXED-COMPUTED-REV,1705.60,190.87,1514.73,SPIKE
2025-07-07 01:00:00,FOS.Flow-In.Ave.15Minutes.3Hours.MIXED-COMPUTED-REV,2246.57,190.87,2055.70,SPIKE
2025-07-07 02:00:00,FOS.Flow-In.Ave.15Minutes.3Hours.MIXED-COMPUTED-REV,2364.68,190.87,2173.81,SPIKE
2025-07-07 03:00:00,FOS.Flow-In.Ave.15Minutes.3Hours.MIXED-COMPUTED-REV,2344.06,190.87,2153.19,SPIKE
2025-07-07 04:00:00,FOS.Flow-In.Ave.15Minutes.3Hours.MIXED-COMPUTED-REV,2360.64,190.87,2169.77,SPIKE
2025-07-07 05:00:00,FOS.Flow-In.Ave.15Minutes.3Hours.MIXED-COMPUTED-REV,2355.73,190.87,2164.86,SPIKE
2025-07-07 06:00:00,FOS.Flow-In.Ave.15Minutes.3Hours.MIXED-COMPUTED-REV,2129.50,210.03,1919.48,SPIKE
2025-07-07 07:00:00,FOS.Flow-In.Ave.15Minutes.3Hours.MIXED-COMPUTED-REV,1552.31,210.03,1342.28,SPIKE
2025-07-08 00:00:00,FOS.Flow-In.Ave.15Minutes.3Hours.MIXED-COMPUTED-REV,1731.28,210.03,1521.26,SPIKE
2025-07-08 01:00:00,FOS.Flow-In.Ave.15Minutes.3Hours.MIXED-COMPUTED-REV,2249.69,210.03,2039.66,SPIKE
2025-07-08 02:00:00,FOS.Flow-In.Ave.15Minutes.3Hours.MIXED-COMPUTED-REV,2360.58,210.03,2150.55,SPIKE
2025-07-08 03:00:00,FOS.Flow-In.Ave.15Minutes.3Hours.MIXED-COMPUTED-REV,2348.57,210.03,2138.54,SPIKE
2025-07-08 04:00:00,FOS.Flow-In.Ave.15Minutes.3Hours.MIXED-COMPUTED-REV,2388.59,210.03,2178.56,SPIKE
2025-07-08 05:00:00,FOS.Flow-In.Ave.15Minutes.3Hours.MIXED-COMPUTED-REV,2372.15,210.03,2162.12,SPIKE
2025-07-08 06:00:00,FOS.Flow-In.Ave.15Minutes.3Hours.MIXED-COMPUTED-REV,2162.52,210.03,1952.49,SPIKE
2025-07-08 07:00:00,FOS.Flow-In.Ave.15Minutes.3Hours.MIXED-COMPUTED-REV,1583.91,187.81,1396.10,SPIKE
2025-07-09 00:00:00,FOS.Flow-In.Ave.15Minutes.3Hours.MIXED-COMPUTED-REV,1712.07,177.71,1534.35,SPIKE
2025-07-09 01:00:00,FOS.Flow-In.Ave.15Minutes.3Hours.MIXED-COMPUTED-REV,2227.48,177.71,2049.76,SPIKE
2025-07-09 02:00:00,FOS.Flow-In.Ave.15Minutes.3Hours.MIXED-COMPUTED-REV,2346.75,177.71,2169.03,SPIKE
2025-07-09 03:00:00,FOS.Flow-In.Ave.15Minutes.3Hours.MIXED-COMPUTED-REV,2323.10,177.54,2145.56,SPIKE
2025-07-09 04:00:00,FOS.Flow-In.Ave.15Minutes.3Hours.MIXED-COMPUTED-REV,2318.44,177.54,2140.90,SPIKE
2025-07-09 05:00:00,FOS.Flow-In.Ave.15Minutes.3Hours.MIXED-COMPUTED-REV,2304.57,177.54,2127.03,SPIKE
2025-07-09 06:00:00,FOS.Flow-In.Ave.15Minutes.3Hours.MIXED-COMPUTED-REV,2116.60,177.54,1939.06,SPIKE
2025-07-09 07:00:00,FOS.Flow-In.Ave.15Minutes.3Hours.MIXED-COMPUTED-REV,1568.68,175.40,1393.29,SPIKE
2025-07-10 00:00:00,FOS.Flow-In.Ave.15Minutes.3Hours.MIXED-COMPUTED-REV,1669.30,201.43,1467.87,SPIKE
2025-07-10 01:00:00,FOS.Flow-In.Ave.15Minutes.3Hours.MIXED-COMPUTED-REV,2217.58,201.43,2016.15,SPIKE
2025-07-10 02:00:00,FOS.Flow-In.Ave.15Minutes.3Hours.MIXED-COMPUTED-REV,2358.76,201.43,2157.33,SPIKE
2025-07-10 03:00:00,FOS.Flow-In.Ave.15Minutes.3Hours.MIXED-COMPUTED-REV,2370.87,201.43,2169.44,SPIKE
2025-07-10 04:00:00,FOS.Flow-In.Ave.15Minutes.3Hours.MIXED-COMPUTED-REV,2332.84,201.43,2131.41,SPIKE
2025-07-10 05:00:00,FOS.Flow-In.Ave.15Minutes.3Hours.MIXED-COMPUTED-REV,2118.49,201.43,1917.06,SPIKE
2025-07-10 06:00:00,FOS.Flow-In.Ave.15Minutes.3Hours.MIXED-COMPUTED-REV,1535.74,201.43,1334.30,SPIKE
2025-07-11 00:00:00,FOS.Flow-In.Ave.15Minutes.3Hours.MIXED-COMPUTED-REV,1669.16,189.95,1479.21,SPIKE
2025-07-12 07:00:00,FOS.Flow-In.Ave.15Minutes.3Hours.MIXED-COMPUTED-REV,1572.64,964.04,608.61,SPIKE
2025-07-13 00:00:00,FOS.Flow-In.Ave.15Minutes.3Hours.MIXED-COMPUTED-REV,996.57,183.65,812.93,SPIKE
2025-07-13 01:00:00,FOS.Flow-In.Ave.15Minutes.3Hours.MIXED-COMPUTED-REV,1719.29,183.65,1535.64,SPIKE
2025-07-13 02:00:00,FOS.Flow-In.Ave.15Minutes.3Hours.MIXED-COMPUTED-REV,2252.12,183.65,2068.48,SPIKE
2025-07-13 03:00:00,FOS.Flow-In.Ave.15Minutes.3Hours.MIXED-COMPUTED-REV,2369.23,183.65,2185.59,SPIKE
2025-07-13 04:00:00,FOS.Flow-In.Ave.15Minutes.3Hours.MIXED-COMPUTED-REV,2368.56,183.65,2184.91,SPIKE
2025-07-13 05:00:00,FOS.Flow-In.Ave.15Minutes.3Hours.MIXED-COMPUTED-REV,2324.87,183.65,2141.22,SPIKE
2025-07-13 06:00:00,FOS.Flow-In.Ave.15Minutes.3Hours.MIXED-COMPUTED-REV,2098.32,183.65,1914.67,SPIKE
2025-07-13 07:00:00,FOS.Flow-In.Ave.15Minutes.3Hours.MIXED-COMPUTED-REV,1534.86,182.54,1352.32,SPIKE
2025-07-13 08:00:00,FOS.Flow-In.Ave.15Minutes.3Hours.MIXED-COMPUTED-REV,856.24,173.01,683.23,SPIKE
2025-07-14 01:00:00,FOS.Flow-In.Ave.15Minutes.3Hours.MIXED-COMPUTED-REV,1757.04,184.35,1572.70,SPIKE
2025-07-14 02:00:00,FOS.Flow-In.Ave.15Minutes.3Hours.MIXED-COMPUTED-REV,2308.35,184.35,2124.01,SPIKE
2025-07-16 00:00:00,FOS.Flow-In.Ave.15Minutes.3Hours.MIXED-COMPUTED-REV,1711.19,195.33,1515.86,SPIKE
2025-07-16 01:00:00,FOS.Flow-In.Ave.15Minutes.3Hours.MIXED-COMPUTED-REV,2282.99,195.33,2087.66,SPIKE
2025-07-16 02:00:00,FOS.Flow-In.Ave.15Minutes.3Hours.MIXED-COMPUTED-REV,2365.53,195.33,2170.20,SPIKE
2025-07-16 03:00:00,FOS.Flow-In.Ave.15Minutes.3Hours.MIXED-COMPUTED-REV,2346.61,195.33,2151.28,SPIKE
2025-07-16 04:00:00,FOS.Flow-In.Ave.15Minutes.3Hours.MIXED-COMPUTED-REV,2340.43,195.33,2145.10,SPIKE
2025-07-16 05:00:00,FOS.Flow-In.Ave.15Minutes.3Hours.MIXED-COMPUTED-REV,2329.01,195.33,2133.68,SPIKE
2025-07-16 06:00:00,FOS.Flow-In.Ave.15Minutes.3Hours.MIXED-COMPUTED-REV,2127.25,195.33,1931.92,SPIKE
2025-07-16 07:00:00,FOS.Flow-In.Ave.15Minutes.3Hours.MIXED-COMPUTED-REV,1564.35,195.33,1369.02,SPIKE
2025-07-17 00:00:00,FOS.Flow-In.Ave.15Minutes.3Hours.MIXED-COMPUTED-REV,1716.38,291.76,1424.61,SPIKE
2025-07-17 01:00:00,FOS.Flow-In.Ave.15Minutes.3Hours.MIXED-COMPUTED-REV,2293.78,291.76,2002.01,SPIKE
2025-07-17 02:00:00,FOS.Flow-In.Ave.15Minutes.3Hours.MIXED-COMPUTED-REV,2394.20,291.76,2102.43,SPIKE
2025-07-17 03:00:00,FOS.Flow-In.Ave.15Minutes.3Hours.MIXED-COMPUTED-REV,2386.15,291.76,2094.39,SPIKE
2025-07-17 04:00:00,FOS.Flow-In.Ave.15Minutes.3Hours.MIXED-COMPUTED-REV,2391.99,291.76,2100.22,SPIKE
2025-07-17 05:00:00,FOS.Flow-In.Ave.15Minutes.3Hours.MIXED-COMPUTED-REV,2357.88,291.76,2066.12,SPIKE
2025-07-17 06:00:00,FOS.Flow-In.Ave.15Minutes.3Hours.MIXED-COMPUTED-REV,2332.76,291.76,2041.00,SPIKE
2025-07-17 07:00:00,FOS.Flow-In.Ave.15Minutes.3Hours.MIXED-COMPUTED-REV,2151.09,291.76,1859.33,SPIKE
2025-07-18 01:00:00,FOS.Flow-In.Ave.15Minutes.3Hours.MIXED-COMPUTED-REV,2239.94,323.49,1916.45,SPIKE
2025-07-18 02:00:00,FOS.Flow-In.Ave.15Minutes.3Hours.MIXED-COMPUTED-REV,2337.67,323.49,2014.18,SPIKE
2025-07-18 03:00:00,FOS.Flow-In.Ave.15Minutes.3Hours.MIXED-COMPUTED-REV,2333.30,323.49,2009.80,SPIKE
2025-07-18 04:00:00,FOS.Flow-In.Ave.15Minutes.3Hours.MIXED-COMPUTED-REV,2325.13,323.49,2001.64,SPIKE
2025-07-18 05:00:00,FOS.Flow-In.Ave.15Minutes.3Hours.MIXED-COMPUTED-REV,2314.50,323.49,1991.01,SPIKE
2025-07-18 06:00:00,FOS.Flow-In.Ave.15Minutes.3Hours.MIXED-COMPUTED-REV,2291.29,323.49,1967.80,SPIKE
2025-07-18 07:00:00,FOS.Flow-In.Ave.15Minutes.3Hours.MIXED-COMPUTED-REV,2129.10,323.49,1805.61,SPIKE
2025-07-19 01:00:00,FOS.Flow-In.Ave.15Minutes.3Hours.MIXED-COMPUTED-REV,2191.80,308.81,1882.98,SPIKE
2025-07-19 02:00:00,FOS.Flow-In.Ave.15Minutes.3Hours.MIXED-COMPUTED-REV,2322.14,308.81,2013.32,SPIKE
2025-07-19 03:00:00,FOS.Flow-In.Ave.15Minutes.3Hours.MIXED-COMPUTED-REV,2301.42,308.81,1992.60,SPIKE
2025-07-19 04:00:00,FOS.Flow-In.Ave.15Minutes.3Hours.MIXED-COMPUTED-REV,2291.53,308.81,1982.71,SPIKE
2025-07-19 05:00:00,FOS.Flow-In.Ave.15Minutes.3Hours.MIXED-COMPUTED-REV,2285.68,308.81,1976.86,SPIKE
2025-07-19 06:00:00,FOS.Flow-In.Ave.15Minutes.3Hours.MIXED-COMPUTED-REV,2280.36,308.81,1971.55,SPIKE
2025-07-19 07:00:00,FOS.Flow-In.Ave.15Minutes.3Hours.MIXED-COMPUTED-REV,2073.54,308.81,1764.73,SPIKE
2025-07-20 01:00:00,FOS.Flow-In.Ave.15Minutes.3Hours.MIXED-COMPUTED-REV,2180.28,309.87,1870.41,SPIKE
2025-07-20 02:00:00,FOS.Flow-In.Ave.15Minutes.3Hours.MIXED-COMPUTED-REV,2299.14,309.87,1989.27,SPIKE
2025-07-20 03:00:00,FOS.Flow-In.Ave.15Minutes.3Hours.MIXED-COMPUTED-REV,2287.18,309.87,1977.31,SPIKE
2025-07-20 04:00:00,FOS.Flow-In.Ave.15Minutes.3Hours.MIXED-COMPUTED-REV,2269.73,309.87,1959.86,SPIKE
2025-07-20 05:00:00,FOS.Flow-In.Ave.15Minutes.3Hours.MIXED-COMPUTED-REV,2258.88,309.87,1949.01,SPIKE
2025-07-20 06:00:00,FOS.Flow-In.Ave.15Minutes.3Hours.MIXED-COMPUTED-REV,2247.84,309.87,1937.97,SPIKE
2025-07-20 07:00:00,FOS.Flow-In.Ave.15Minutes.3Hours.MIXED-COMPUTED-REV,2087.57,309.87,1777.70,SPIKE
2025-07-21 01:00:00,FOS.Flow-In.Ave.15Minutes.3Hours.MIXED-COMPUTED-REV,2175.34,329.65,1845.69,SPIKE
2025-07-21 02:00:00,FOS.Flow-In.Ave.15Minutes.3Hours.MIXED-COMPUTED-REV,2292.65,329.65,1963.00,SPIKE
2025-07-21 03:00:00,FOS.Flow-In.Ave.15Minutes.3Hours.MIXED-COMPUTED-REV,2301.70,329.65,1972.05,SPIKE
2025-07-21 04:00:00,FOS.Flow-In.Ave.15Minutes.3Hours.MIXED-COMPUTED-REV,2270.29,329.65,1940.63,SPIKE
2025-07-21 05:00:00,FOS.Flow-In.Ave.15Minutes.3Hours.MIXED-COMPUTED-REV,2252.64,329.65,1922.98,SPIKE
2025-07-21 06:00:00,FOS.Flow-In.Ave.15Minutes.3Hours.MIXED-COMPUTED-REV,2251.42,329.65,1921.77,SPIKE
2025-07-21 07:00:00,FOS.Flow-In.Ave.15Minutes.3Hours.MIXED-COMPUTED-REV,2110.05,329.65,1780.40,SPIKE
2025-07-22 00:00:00,FOS.Flow-In.Ave.15Minutes.3Hours.MIXED-COMPUTED-REV,1613.83,311.42,1302.41,SPIKE
2025-07-22 01:00:00,FOS.Flow-In.Ave.15Minutes.3Hours.MIXED-COMPUTED-REV,2144.32,311.42,1832.90,SPIKE
2025-07-22 02:00:00,FOS.Flow-In.Ave.15Minutes.3Hours.MIXED-COMPUTED-REV,2265.19,311.42,1953.77,SPIKE
2025-07-22 03:00:00,FOS.Flow-In.Ave.15Minutes.3Hours.MIXED-COMPUTED-REV,2269.29,311.42,1957.87,SPIKE
2025-07-22 04:00:00,FOS.Flow-In.Ave.15Minutes.3Hours.MIXED-COMPUTED-REV,2243.74,311.42,1932.32,SPIKE
2025-07-22 05:00:00,FOS.Flow-In.Ave.15Minutes.3Hours.MIXED-COMPUTED-REV,2227.57,311.42,1916.15,SPIKE
2025-07-22 06:00:00,FOS.Flow-In.Ave.15Minutes.3Hours.MIXED-COMPUTED-REV,2242.98,311.42,1931.56,SPIKE
2025-07-22 07:00:00,FOS.Flow-In.Ave.15Minutes.3Hours.MIXED-COMPUTED-REV,2104.40,311.42,1792.97,SPIKE
2025-07-23 01:00:00,FOS.Flow-In.Ave.15Minutes.3Hours.MIXED-COMPUTED-REV,2140.72,302.70,1838.02,SPIKE
2025-07-23 02:00:00,FOS.Flow-In.Ave.15Minutes.3Hours.MIXED-COMPUTED-REV,2254.06,302.70,1951.36,SPIKE
2025-07-23 03:00:00,FOS.Flow-In.Ave.15Minutes.3Hours.MIXED-COMPUTED-REV,2241.42,302.70,1938.72,SPIKE
2025-07-23 04:00:00,FOS.Flow-In.Ave.15Minutes.3Hours.MIXED-COMPUTED-REV,2246.15,302.70,1943.45,SPIKE
2025-07-23 05:00:00,FOS.Flow-In.Ave.15Minutes.3Hours.MIXED-COMPUTED-REV,2257.41,302.70,1954.71,SPIKE
2025-07-23 06:00:00,FOS.Flow-In.Ave.15Minutes.3Hours.MIXED-COMPUTED-REV,2255.50,302.70,1952.80,SPIKE
2025-07-23 07:00:00,FOS.Flow-In.Ave.15Minutes.3Hours.MIXED-COMPUTED-REV,2114.52,302.70,1811.81,SPIKE
2025-07-24 01:00:00,FOS.Flow-In.Ave.15Minutes.3Hours.MIXED-COMPUTED-REV,2128.68,339.44,1789.24,SPIKE
2025-07-24 02:00:00,FOS.Flow-In.Ave.15Minutes.3Hours.MIXED-COMPUTED-REV,2237.85,339.44,1898.42,SPIKE
2025-07-24 03:00:00,FOS.Flow-In.Ave.15Minutes.3Hours.MIXED-COMPUTED-REV,2236.55,339.44,1897.12,SPIKE
2025-07-24 04:00:00,FOS.Flow-In.Ave.15Minutes.3Hours.MIXED-COMPUTED-REV,2226.39,339.44,1886.95,SPIKE
2025-07-24 05:00:00,FOS.Flow-In.Ave.15Minutes.3Hours.MIXED-COMPUTED-REV,2227.01,339.44,1887.57,SPIKE
2025-07-24 06:00:00,FOS.Flow-In.Ave.15Minutes.3Hours.MIXED-COMPUTED-REV,2248.36,339.44,1908.92,SPIKE
2025-07-24 07:00:00,FOS.Flow-In.Ave.15Minutes.3Hours.MIXED-COMPUTED-REV,2134.81,339.44,1795.37,SPIKE
2025-07-25 01:00:00,FOS.Flow-In.Ave.15Minutes.3Hours.MIXED-COMPUTED-REV,2132.64,312.60,1820.04,SPIKE
2025-07-25 02:00:00,FOS.Flow-In.Ave.15Minutes.3Hours.MIXED-COMPUTED-REV,2233.58,312.60,1920.99,SPIKE
2025-07-25 03:00:00,FOS.Flow-In.Ave.15Minutes.3Hours.MIXED-COMPUTED-REV,2235.20,312.60,1922.61,SPIKE
2025-07-25 04:00:00,FOS.Flow-In.Ave.15Minutes.3Hours.MIXED-COMPUTED-REV,2224.26,312.60,1911.66,SPIKE
2025-07-25 05:00:00,FOS.Flow-In.Ave.15Minutes.3Hours.MIXED-COMPUTED-REV,2237.04,312.60,1924.44,SPIKE
2025-07-25 06:00:00,FOS.Flow-In.Ave.15Minutes.3Hours.MIXED-COMPUTED-REV,2260.37,312.60,1947.78,SPIKE
2025-07-25 07:00:00,FOS.Flow-In.Ave.15Minutes.3Hours.MIXED-COMPUTED-REV,2126.39,312.60,1813.80,SPIKE
2025-07-26 00:00:00,FOS.Flow-In.Ave.15Minutes.3Hours.MIXED-COMPUTED-REV,1642.45,327.38,1315.08,SPIKE
2025-07-26 01:00:00,FOS.Flow-In.Ave.15Minutes.3Hours.MIXED-COMPUTED-REV,2182.92,327.38,1855.55,SPIKE
2025-07-26 02:00:00,FOS.Flow-In.Ave.15Minutes.3Hours.MIXED-COMPUTED-REV,2294.01,327.38,1966.63,SPIKE
2025-07-26 03:00:00,FOS.Flow-In.Ave.15Minutes.3Hours.MIXED-COMPUTED-REV,2304.83,327.38,1977.46,SPIKE
2025-07-26 04:00:00,FOS.Flow-In.Ave.15Minutes.3Hours.MIXED-COMPUTED-REV,2320.24,327.38,1992.86,SPIKE
2025-07-26 05:00:00,FOS.Flow-In.Ave.15Minutes.3Hours.MIXED-COMPUTED-REV,2299.96,327.38,1972.58,SPIKE
2025-07-26 06:00:00,FOS.Flow-In.Ave.15Minutes.3Hours.MIXED-COMPUTED-REV,2272.33,327.38,1944.95,SPIKE
2025-07-26 07:00:00,FOS.Flow-In.Ave.15Minutes.3Hours.MIXED-COMPUTED-REV,2098.14,327.38,1770.77,SPIKE
2025-07-27 00:00:00,FOS.Flow-In.Ave.15Minutes.3Hours.MIXED-COMPUTED-REV,1656.46,333.62,1322.83,SPIKE
2025-07-27 01:00:00,FOS.Flow-In.Ave.15Minutes.3Hours.MIXED-COMPUTED-REV,2196.30,333.62,1862.68,SPIKE
2025-07-27 02:00:00,FOS.Flow-In.Ave.15Minutes.3Hours.MIXED-COMPUTED-REV,2312.39,333.62,1978.77,SPIKE
2025-07-27 03:00:00,FOS.Flow-In.Ave.15Minutes.3Hours.MIXED-COMPUTED-REV,2330.40,333.62,1996.77,SPIKE
2025-07-27 04:00:00,FOS.Flow-In.Ave.15Minutes.3Hours.MIXED-COMPUTED-REV,2305.19,333.62,1971.57,SPIKE
2025-07-27 05:00:00,FOS.Flow-In.Ave.15Minutes.3Hours.MIXED-COMPUTED-REV,2294.73,333.62,1961.10,SPIKE
2025-07-27 06:00:00,FOS.Flow-In.Ave.15Minutes.3Hours.MIXED-COMPUTED-REV,2287.63,333.62,1954.01,SPIKE
2025-07-27 07:00:00,FOS.Flow-In.Ave.15Minutes.3Hours.MIXED-COMPUTED-REV,2112.82,333.62,1779.20,SPIKE
2025-07-28 00:00:00,FOS.Flow-In.Ave.15Minutes.3Hours.MIXED-COMPUTED-REV,1661.94,321.00,1340.94,SPIKE
2025-07-28 01:00:00,FOS.Flow-In.Ave.15Minutes.3Hours.MIXED-COMPUTED-REV,2177.00,321.00,1856.00,SPIKE
2025-07-28 02:00:00,FOS.Flow-In.Ave.15Minutes.3Hours.MIXED-COMPUTED-REV,2266.50,321.00,1945.50,SPIKE
2025-07-28 03:00:00,FOS.Flow-In.Ave.15Minutes.3Hours.MIXED-COMPUTED-REV,2248.55,321.00,1927.55,SPIKE
2025-07-28 04:00:00,FOS.Flow-In.Ave.15Minutes.3Hours.MIXED-COMPUTED-REV,2233.01,321.00,1912.01,SPIKE
2025-07-28 05:00:00,FOS.Flow-In.Ave.15Minutes.3Hours.MIXED-COMPUTED-REV,2248.19,321.00,1927.19,SPIKE
2025-07-28 06:00:00,FOS.Flow-In.Ave.15Minutes.3Hours.MIXED-COMPUTED-REV,2249.02,321.00,1928.03,SPIKE
2025-07-28 07:00:00,FOS.Flow-In.Ave.15Minutes.3Hours.MIXED-COMPUTED-REV,2071.28,321.00,1750.29,SPIKE
2025-07-29 01:00:00,FOS.Flow-In.Ave.15Minutes.3Hours.MIXED-COMPUTED-REV,2148.22,313.35,1834.87,SPIKE
2025-07-29 02:00:00,FOS.Flow-In.Ave.15Minutes.3Hours.MIXED-COMPUTED-REV,2248.37,313.35,1935.02,SPIKE
2025-07-29 03:00:00,FOS.Flow-In.Ave.15Minutes.3Hours.MIXED-COMPUTED-REV,2246.37,313.35,1933.02,SPIKE
2025-07-29 04:00:00,FOS.Flow-In.Ave.15Minutes.3Hours.MIXED-COMPUTED-REV,2280.11,313.35,1966.76,SPIKE
2025-07-29 05:00:00,FOS.Flow-In.Ave.15Minutes.3Hours.MIXED-COMPUTED-REV,2296.07,313.35,1982.72,SPIKE
2025-07-29 06:00:00,FOS.Flow-In.Ave.15Minutes.3Hours.MIXED-COMPUTED-REV,2303.47,313.35,1990.12,SPIKE
2025-07-29 07:00:00,FOS.Flow-In.Ave.15Minutes.3Hours.MIXED-COMPUTED-REV,2111.45,313.35,1798.10,SPIKE
2025-07-29 09:00:00,FOS.Flow-In.Ave.15Minutes.3Hours.MIXED-COMPUTED-REV,872.60,313.35,559.25,SPIKE
2025-07-30 02:00:00,FOS.Flow-In.Ave.15Minutes.3Hours.MIXED-COMPUTED-REV,913.19,172.32,740.87,SPIKE
2025-07-30 03:00:00,FOS.Flow-In.Ave.15Minutes.3Hours.MIXED-COMPUTED-REV,1621.31,172.32,1448.99,SPIKE
2025-07-30 04:00:00,FOS.Flow-In.Ave.15Minutes.3Hours.MIXED-COMPUTED-REV,2151.34,172.32,1979.02,SPIKE
2025-07-30 05:00:00,FOS.Flow-In.Ave.15Minutes.3Hours.MIXED-COMPUTED-REV,2238.06,172.32,2065.74,SPIKE
2025-07-30 06:00:00,FOS.Flow-In.Ave.15Minutes.3Hours.MIXED-COMPUTED-REV,2198.21,172.32,2025.89,SPIKE
2025-07-30 07:00:00,FOS.Flow-In.Ave.15Minutes.3Hours.MIXED-COMPUTED-REV,2015.04,172.01,1843.03,SPIKE
2025-07-30 08:00:00,FOS.Flow-In.Ave.15Minutes.3Hours.MIXED-COMPUTED-REV,1497.79,152.40,1345.38,SPIKE
2025-07-30 09:00:00,FOS.Flow-In.Ave.15Minutes.3Hours.MIXED-COMPUTED-REV,859.02,145.69,713.33,SPIKE
2025-07-31 02:00:00,FOS.Flow-In.Ave.15Minutes.3Hours.MIXED-COMPUTED-REV,961.62,131.52,830.10,SPIKE
2025-07-31 03:00:00,FOS.Flow-In.Ave.15Minutes.3Hours.MIXED-COMPUTED-REV,1643.98,131.52,1512.45,SPIKE
2025-07-31 04:00:00,FOS.Flow-In.Ave.15Minutes.3Hours.MIXED-COMPUTED-REV,2139.42,131.52,2007.90,SPIKE
2025-07-31 05:00:00,FOS.Flow-In.Ave.15Minutes.3Hours.MIXED-COMPUTED-REV,2225.66,131.52,2094.13,SPIKE
2025-07-31 06:00:00,FOS.Flow-In.Ave.15Minutes.3Hours.MIXED-COMPUTED-REV,2231.64,131.52,2100.11,SPIKE
2025-07-31 07:00:00,FOS.Flow-In.Ave.15Minutes.3Hours.MIXED-COMPUTED-REV,2065.14,131.52,1933.61,SPIKE
2025-07-31 08:00:00,FOS.Flow-In.Ave.15Minutes.3Hours.MIXED-COMPUTED-REV,1539.33,135.26,1404.07,SPIKE
2025-07-31 09:00:00,FOS.Flow-In.Ave.15Minutes.3Hours.MIXED-COMPUTED-REV,856.48,141.79,714.69,SPIKE
2025-08-04 00:00:00,FOS.Flow-In.Ave.15Minutes.3Hours.MIXED-COMPUTED-REV,1580.53,184.05,1396.48,SPIKE
2025-08-04 01:00:00,FOS.Flow-In.Ave.15Minutes.3Hours.MIXED-COMPUTED-REV,2110.12,184.05,1926.08,SPIKE
2025-08-04 02:00:00,FOS.Flow-In.Ave.15Minutes.3Hours.MIXED-COMPUTED-REV,2228.97,184.05,2044.92,SPIKE
2025-08-04 03:00:00,FOS.Flow-In.Ave.15Minutes.3Hours.MIXED-COMPUTED-REV,2231.83,184.05,2047.78,SPIKE
2025-08-04 04:00:00,FOS.Flow-In.Ave.15Minutes.3Hours.MIXED-COMPUTED-REV,2220.80,184.05,2036.76,SPIKE
2025-08-04 05:00:00,FOS.Flow-In.Ave.15Minutes.3Hours.MIXED-COMPUTED-REV,2179.52,184.05,1995.47,SPIKE
2025-08-04 06:00:00,FOS.Flow-In.Ave.15Minutes.3Hours.MIXED-COMPUTED-REV,1970.40,184.05,1786.35,SPIKE
2025-08-04 07:00:00,FOS.Flow-In.Ave.15Minutes.3Hours.MIXED-COMPUTED-REV,1440.15,184.05,1256.10,SPIKE
2025-08-05 00:00:00,FOS.Flow-In.Ave.15Minutes.3Hours.MIXED-COMPUTED-REV,1588.20,189.76,1398.44,SPIKE
2025-08-05 01:00:00,FOS.Flow-In.Ave.15Minutes.3Hours.MIXED-COMPUTED-REV,2125.44,189.76,1935.67,SPIKE
2025-08-05 02:00:00,FOS.Flow-In.Ave.15Minutes.3Hours.MIXED-COMPUTED-REV,2252.13,189.76,2062.37,SPIKE
2025-08-05 03:00:00,FOS.Flow-In.Ave.15Minutes.3Hours.MIXED-COMPUTED-REV,2254.59,189.76,2064.83,SPIKE
2025-08-05 04:00:00,FOS.Flow-In.Ave.15Minutes.3Hours.MIXED-COMPUTED-REV,2255.30,189.76,2065.54,SPIKE
2025-08-05 05:00:00,FOS.Flow-In.Ave.15Minutes.3Hours.MIXED-COMPUTED-REV,2225.41,189.76,2035.64,SPIKE
2025-08-05 06:00:00,FOS.Flow-In.Ave.15Minutes.3Hours.MIXED-COMPUTED-REV,2041.86,189.76,1852.09,SPIKE
2025-08-05 07:00:00,FOS.Flow-In.Ave.15Minutes.3Hours.MIXED-COMPUTED-REV,1499.02,189.76,1309.26,SPIKE
2025-08-06 00:00:00,FOS.Flow-In.Ave.15Minutes.3Hours.MIXED-COMPUTED-REV,1598.96,164.75,1434.21,SPIKE
2025-08-06 01:00:00,FOS.Flow-In.Ave.15Minutes.3Hours.MIXED-COMPUTED-REV,2115.71,164.75,1950.96,SPIKE
2025-08-06 02:00:00,FOS.Flow-In.Ave.15Minutes.3Hours.MIXED-COMPUTED-REV,2230.67,164.75,2065.92,SPIKE
2025-08-06 03:00:00,FOS.Flow-In.Ave.15Minutes.3Hours.MIXED-COMPUTED-REV,2217.30,164.75,2052.55,SPIKE
2025-08-06 04:00:00,FOS.Flow-In.Ave.15Minutes.3Hours.MIXED-COMPUTED-REV,2219.16,164.75,2054.41,SPIKE
2025-08-06 05:00:00,FOS.Flow-In.Ave.15Minutes.3Hours.MIXED-COMPUTED-REV,2201.69,164.75,2036.94,SPIKE
2025-08-06 06:00:00,FOS.Flow-In.Ave.15Minutes.3Hours.MIXED-COMPUTED-REV,2028.20,164.75,1863.45,SPIKE
2025-08-06 07:00:00,FOS.Flow-In.Ave.15Minutes.3Hours.MIXED-COMPUTED-REV,1515.22,164.75,1350.47,SPIKE
2025-08-07 00:00:00,FOS.Flow-In.Ave.15Minutes.3Hours.MIXED-COMPUTED-REV,1537.77,167.35,1370.42,SPIKE
2025-08-07 01:00:00,FOS.Flow-In.Ave.15Minutes.3Hours.MIXED-COMPUTED-REV,2084.62,167.35,1917.27,SPIKE
2025-08-07 02:00:00,FOS.Flow-In.Ave.15Minutes.3Hours.MIXED-COMPUTED-REV,2239.14,167.35,2071.79,SPIKE
2025-08-07 03:00:00,FOS.Flow-In.Ave.15Minutes.3Hours.MIXED-COMPUTED-REV,2251.94,167.35,2084.59,SPIKE
2025-08-07 04:00:00,FOS.Flow-In.Ave.15Minutes.3Hours.MIXED-COMPUTED-REV,2240.46,167.35,2073.11,SPIKE
2025-08-07 05:00:00,FOS.Flow-In.Ave.15Minutes.3Hours.MIXED-COMPUTED-REV,2225.51,167.35,2058.16,SPIKE
2025-08-07 06:00:00,FOS.Flow-In.Ave.15Minutes.3Hours.MIXED-COMPUTED-REV,2055.99,167.35,1888.64,SPIKE
2025-08-07 07:00:00,FOS.Flow-In.Ave.15Minutes.3Hours.MIXED-COMPUTED-REV,1529.49,167.35,1362.14,SPIKE
2025-08-08 00:00:00,FOS.Flow-In.Ave.15Minutes.3Hours.MIXED-COMPUTED-REV,1609.42,169.50,1439.92,SPIKE
2025-08-08 01:00:00,FOS.Flow-In.Ave.15Minutes.3Hours.MIXED-COMPUTED-REV,2116.48,169.50,1946.98,SPIKE
2025-08-08 02:00:00,FOS.Flow-In.Ave.15Minutes.3Hours.MIXED-COMPUTED-REV,2237.96,169.50,2068.45,SPIKE
2025-08-08 03:00:00,FOS.Flow-In.Ave.15Minutes.3Hours.MIXED-COMPUTED-REV,2250.40,169.50,2080.89,SPIKE
2025-08-08 04:00:00,FOS.Flow-In.Ave.15Minutes.3Hours.MIXED-COMPUTED-REV,2262.55,169.50,2093.05,SPIKE
2025-08-08 05:00:00,FOS.Flow-In.Ave.15Minutes.3Hours.MIXED-COMPUTED-REV,2249.10,169.50,2079.59,SPIKE
2025-08-08 06:00:00,FOS.Flow-In.Ave.15Minutes.3Hours.MIXED-COMPUTED-REV,2049.84,169.50,1880.33,SPIKE
2025-08-08 07:00:00,FOS.Flow-In.Ave.15Minutes.3Hours.MIXED-COMPUTED-REV,1533.17,169.50,1363.66,SPIKE
2025-08-09 00:00:00,FOS.Flow-In.Ave.15Minutes.3Hours.MIXED-COMPUTED-REV,1593.42,170.12,1423.30,SPIKE
2025-08-09 01:00:00,FOS.Flow-In.Ave.15Minutes.3Hours.MIXED-COMPUTED-REV,2121.07,170.12,1950.95,SPIKE
2025-08-09 02:00:00,FOS.Flow-In.Ave.15Minutes.3Hours.MIXED-COMPUTED-REV,2237.16,170.12,2067.05,SPIKE
2025-08-09 03:00:00,FOS.Flow-In.Ave.15Minutes.3Hours.MIXED-COMPUTED-REV,2232.27,170.12,2062.15,SPIKE
2025-08-09 04:00:00,FOS.Flow-In.Ave.15Minutes.3Hours.MIXED-COMPUTED-REV,2244.34,170.12,2074.22,SPIKE
2025-08-09 05:00:00,FOS.Flow-In.Ave.15Minutes.3Hours.MIXED-COMPUTED-REV,2242.24,170.12,2072.12,SPIKE
2025-08-09 06:00:00,FOS.Flow-In.Ave.15Minutes.3Hours.MIXED-COMPUTED-REV,2042.00,170.12,1871.88,SPIKE
2025-08-09 07:00:00,FOS.Flow-In.Ave.15Minutes.3Hours.MIXED-COMPUTED-REV,1494.64,170.12,1324.52,SPIKE
2025-08-10 00:00:00,FOS.Flow-In.Ave.15Minutes.3Hours.MIXED-COMPUTED-REV,1604.52,153.29,1451.23,SPIKE
2025-08-10 01:00:00,FOS.Flow-In.Ave.15Minutes.3Hours.MIXED-COMPUTED-REV,2142.97,145.64,1997.33,SPIKE
2025-08-10 02:00:00,FOS.Flow-In.Ave.15Minutes.3Hours.MIXED-COMPUTED-REV,2256.50,145.64,2110.86,SPIKE
2025-08-10 03:00:00,FOS.Flow-In.Ave.15Minutes.3Hours.MIXED-COMPUTED-REV,2262.31,145.64,2116.67,SPIKE
2025-08-10 04:00:00,FOS.Flow-In.Ave.15Minutes.3Hours.MIXED-COMPUTED-REV,2263.30,145.64,2117.66,SPIKE
2025-08-10 05:00:00,FOS.Flow-In.Ave.15Minutes.3Hours.MIXED-COMPUTED-REV,2244.79,145.64,2099.15,SPIKE
2025-08-10 06:00:00,FOS.Flow-In.Ave.15Minutes.3Hours.MIXED-COMPUTED-REV,2039.50,145.64,1893.86,SPIKE
2025-08-10 07:00:00,FOS.Flow-In.Ave.15Minutes.3Hours.MIXED-COMPUTED-REV,1497.83,145.64,1352.19,SPIKE
2025-08-11 00:00:00,FOS.Flow-In.Ave.15Minutes.3Hours.MIXED-COMPUTED-REV,1591.55,183.37,1408.17,SPIKE
2025-08-11 01:00:00,FOS.Flow-In.Ave.15Minutes.3Hours.MIXED-COMPUTED-REV,2114.93,183.37,1931.56,SPIKE
2025-08-11 02:00:00,FOS.Flow-In.Ave.15Minutes.3Hours.MIXED-COMPUTED-REV,2215.63,183.37,2032.26,SPIKE
2025-08-11 03:00:00,FOS.Flow-In.Ave.15Minutes.3Hours.MIXED-COMPUTED-REV,2225.12,183.37,2041.74,SPIKE
2025-08-11 04:00:00,FOS.Flow-In.Ave.15Minutes.3Hours.MIXED-COMPUTED-REV,2249.69,183.37,2066.32,SPIKE
2025-08-11 05:00:00,FOS.Flow-In.Ave.15Minutes.3Hours.MIXED-COMPUTED-REV,2226.30,183.37,2042.93,SPIKE
2025-08-11 06:00:00,FOS.Flow-In.Ave.15Minutes.3Hours.MIXED-COMPUTED-REV,2011.94,183.37,1828.56,SPIKE
2025-08-11 07:00:00,FOS.Flow-In.Ave.15Minutes.3Hours.MIXED-COMPUTED-REV,1444.62,183.37,1261.25,SPIKE
2025-08-12 00:00:00,FOS.Flow-In.Ave.15Minutes.3Hours.MIXED-COMPUTED-REV,1608.14,136.35,1471.79,SPIKE
2025-08-12 01:00:00,FOS.Flow-In.Ave.15Minutes.3Hours.MIXED-COMPUTED-REV,2120.94,136.35,1984.59,SPIKE
2025-08-12 02:00:00,FOS.Flow-In.Ave.15Minutes.3Hours.MIXED-COMPUTED-REV,2231.14,136.35,2094.79,SPIKE
2025-08-12 03:00:00,FOS.Flow-In.Ave.15Minutes.3Hours.MIXED-COMPUTED-REV,2232.78,136.35,2096.42,SPIKE
2025-08-12 04:00:00,FOS.Flow-In.Ave.15Minutes.3Hours.MIXED-COMPUTED-REV,2246.99,136.35,2110.64,SPIKE
2025-08-12 05:00:00,FOS.Flow-In.Ave.15Minutes.3Hours.MIXED-COMPUTED-REV,2212.47,136.35,2076.12,SPIKE
2025-08-12 06:00:00,FOS.Flow-In.Ave.15Minutes.3Hours.MIXED-COMPUTED-REV,1991.67,136.35,1855.32,SPIKE
2025-08-12 07:00:00,FOS.Flow-In.Ave.15Minutes.3Hours.MIXED-COMPUTED-REV,1461.22,136.35,1324.87,SPIKE
2025-08-13 00:00:00,FOS.Flow-In.Ave.15Minutes.3Hours.MIXED-COMPUTED-REV,1589.69,140.76,1448.93,SPIKE
2025-08-13 01:00:00,FOS.Flow-In.Ave.15Minutes.3Hours.MIXED-COMPUTED-REV,2110.24,148.37,1961.87,SPIKE
2025-08-13 02:00:00,FOS.Flow-In.Ave.15Minutes.3Hours.MIXED-COMPUTED-REV,2211.77,148.37,2063.40,SPIKE
2025-08-13 03:00:00,FOS.Flow-In.Ave.15Minutes.3Hours.MIXED-COMPUTED-REV,2196.70,148.37,2048.33,SPIKE
2025-08-13 04:00:00,FOS.Flow-In.Ave.15Minutes.3Hours.MIXED-COMPUTED-REV,2187.61,148.37,2039.24,SPIKE
2025-08-13 05:00:00,FOS.Flow-In.Ave.15Minutes.3Hours.MIXED-COMPUTED-REV,2181.67,148.37,2033.30,SPIKE
2025-08-13 06:00:00,FOS.Flow-In.Ave.15Minutes.3Hours.MIXED-COMPUTED-REV,2006.77,148.37,1858.41,SPIKE
2025-08-13 07:00:00,FOS.Flow-In.Ave.15Minutes.3Hours.MIXED-COMPUTED-REV,1486.23,148.37,1337.87,SPIKE
2025-08-14 00:00:00,FOS.Flow-In.Ave.15Minutes.3Hours.MIXED-COMPUTED-REV,1581.17,148.46,1432.72,SPIKE
2025-08-14 01:00:00,FOS.Flow-In.Ave.15Minutes.3Hours.MIXED-COMPUTED-REV,2089.48,148.46,1941.02,SPIKE
2025-08-14 02:00:00,FOS.Flow-In.Ave.15Minutes.3Hours.MIXED-COMPUTED-REV,2213.11,148.46,2064.66,SPIKE
2025-08-14 03:00:00,FOS.Flow-In.Ave.15Minutes.3Hours.MIXED-COMPUTED-REV,2195.51,148.46,2047.06,SPIKE
2025-08-14 04:00:00,FOS.Flow-In.Ave.15Minutes.3Hours.MIXED-COMPUTED-REV,2181.45,148.46,2032.99,SPIKE
2025-08-14 05:00:00,FOS.Flow-In.Ave.15Minutes.3Hours.MIXED-COMPUTED-REV,2177.30,148.46,2028.84,SPIKE
2025-08-14 06:00:00,FOS.Flow-In.Ave.15Minutes.3Hours.MIXED-COMPUTED-REV,1991.84,148.46,1843.39,SPIKE
2025-08-14 07:00:00,FOS.Flow-In.Ave.15Minutes.3Hours.MIXED-COMPUTED-REV,1469.42,148.46,1320.97,SPIKE
2025-08-15 00:00:00,FOS.Flow-In.Ave.15Minutes.3Hours.MIXED-COMPUTED-REV,1538.98,152.56,1386.42,SPIKE
2025-08-15 01:00:00,FOS.Flow-In.Ave.15Minutes.3Hours.MIXED-COMPUTED-REV,2055.96,152.56,1903.40,SPIKE
2025-08-15 02:00:00,FOS.Flow-In.Ave.15Minutes.3Hours.MIXED-COMPUTED-REV,2194.53,152.56,2041.97,SPIKE
2025-08-15 03:00:00,FOS.Flow-In.Ave.15Minutes.3Hours.MIXED-COMPUTED-REV,2213.80,152.56,2061.24,SPIKE
2025-08-15 04:00:00,FOS.Flow-In.Ave.15Minutes.3Hours.MIXED-COMPUTED-REV,2194.16,152.56,2041.60,SPIKE
2025-08-15 05:00:00,FOS.Flow-In.Ave.15Minutes.3Hours.MIXED-COMPUTED-REV,2167.36,152.56,2014.80,SPIKE
2025-08-15 06:00:00,FOS.Flow-In.Ave.15Minutes.3Hours.MIXED-COMPUTED-REV,2024.16,152.56,1871.60,SPIKE
2025-08-16 00:00:00,FOS.Flow-In.Ave.15Minutes.3Hours.MIXED-COMPUTED-REV,2046.97,338.09,1708.88,SPIKE
2025-08-16 01:00:00,FOS.Flow-In.Ave.15Minutes.3Hours.MIXED-COMPUTED-REV,2185.06,338.09,1846.97,SPIKE
2025-08-16 02:00:00,FOS.Flow-In.Ave.15Minutes.3Hours.MIXED-COMPUTED-REV,2211.54,338.09,1873.45,SPIKE
2025-08-16 03:00:00,FOS.Flow-In.Ave.15Minutes.3Hours.MIXED-COMPUTED-REV,2180.20,338.09,1842.11,SPIKE
2025-08-16 04:00:00,FOS.Flow-In.Ave.15Minutes.3Hours.MIXED-COMPUTED-REV,2197.13,338.09,1859.05,SPIKE
2025-08-16 05:00:00,FOS.Flow-In.Ave.15Minutes.3Hours.MIXED-COMPUTED-REV,2186.00,338.09,1847.91,SPIKE
2025-08-16 06:00:00,FOS.Flow-In.Ave.15Minutes.3Hours.MIXED-COMPUTED-REV,2029.69,338.09,1691.60,SPIKE
2025-08-17 00:00:00,FOS.Flow-In.Ave.15Minutes.3Hours.MIXED-COMPUTED-REV,2092.20,270.80,1821.40,SPIKE
2025-08-17 01:00:00,FOS.Flow-In.Ave.15Minutes.3Hours.MIXED-COMPUTED-REV,2219.49,270.80,1948.68,SPIKE
2025-08-17 02:00:00,FOS.Flow-In.Ave.15Minutes.3Hours.MIXED-COMPUTED-REV,2232.25,270.80,1961.45,SPIKE
2025-08-17 03:00:00,FOS.Flow-In.Ave.15Minutes.3Hours.MIXED-COMPUTED-REV,2246.75,270.80,1975.95,SPIKE
2025-08-17 04:00:00,FOS.Flow-In.Ave.15Minutes.3Hours.MIXED-COMPUTED-REV,2233.06,270.80,1962.26,SPIKE
2025-08-17 05:00:00,FOS.Flow-In.Ave.15Minutes.3Hours.MIXED-COMPUTED-REV,2221.54,270.80,1950.74,SPIKE
2025-08-17 06:00:00,FOS.Flow-In.Ave.15Minutes.3Hours.MIXED-COMPUTED-REV,2023.66,270.80,1752.86,SPIKE
2025-08-17 23:00:00,FOS.Flow-In.Ave.15Minutes.3Hours.MIXED-COMPUTED-REV,1591.16,297.24,1293.92,SPIKE
2025-08-18 00:00:00,FOS.Flow-In.Ave.15Minutes.3Hours.MIXED-COMPUTED-REV,2116.27,297.24,1819.02,SPIKE
2025-08-18 01:00:00,FOS.Flow-In.Ave.15Minutes.3Hours.MIXED-COMPUTED-REV,2233.63,297.24,1936.39,SPIKE
2025-08-18 02:00:00,FOS.Flow-In.Ave.15Minutes.3Hours.MIXED-COMPUTED-REV,2225.62,297.24,1928.37,SPIKE
2025-08-18 03:00:00,FOS.Flow-In.Ave.15Minutes.3Hours.MIXED-COMPUTED-REV,2216.05,297.24,1918.81,SPIKE
2025-08-18 04:00:00,FOS.Flow-In.Ave.15Minutes.3Hours.MIXED-COMPUTED-REV,2196.76,297.24,1899.51,SPIKE
2025-08-18 05:00:00,FOS.Flow-In.Ave.15Minutes.3Hours.MIXED-COMPUTED-REV,2166.65,297.24,1869.40,SPIKE
2025-08-18 06:00:00,FOS.Flow-In.Ave.15Minutes.3Hours.MIXED-COMPUTED-REV,1973.75,297.24,1676.50,SPIKE
2025-08-19 00:00:00,FOS.Flow-In.Ave.15Minutes.3Hours.MIXED-COMPUTED-REV,2027.82,297.12,1730.69,SPIKE
2025-08-19 01:00:00,FOS.Flow-In.Ave.15Minutes.3Hours.MIXED-COMPUTED-REV,2135.25,297.12,1838.13,SPIKE
2025-08-19 02:00:00,FOS.Flow-In.Ave.15Minutes.3Hours.MIXED-COMPUTED-REV,2143.18,297.12,1846.06,SPIKE
2025-08-19 03:00:00,FOS.Flow-In.Ave.15Minutes.3Hours.MIXED-COMPUTED-REV,2127.17,297.12,1830.04,SPIKE
2025-08-19 04:00:00,FOS.Flow-In.Ave.15Minutes.3Hours.MIXED-COMPUTED-REV,2110.85,297.12,1813.73,SPIKE
2025-08-19 05:00:00,FOS.Flow-In.Ave.15Minutes.3Hours.MIXED-COMPUTED-REV,2106.74,297.12,1809.62,SPIKE
2025-08-19 06:00:00,FOS.Flow-In.Ave.15Minutes.3Hours.MIXED-COMPUTED-REV,1958.34,297.12,1661.21,SPIKE
2025-08-19 23:00:00,FOS.Flow-In.Ave.15Minutes.3Hours.MIXED-COMPUTED-REV,1531.85,296.27,1235.58,SPIKE
2025-08-20 00:00:00,FOS.Flow-In.Ave.15Minutes.3Hours.MIXED-COMPUTED-REV,2007.53,296.27,1711.26,SPIKE
2025-08-20 01:00:00,FOS.Flow-In.Ave.15Minutes.3Hours.MIXED-COMPUTED-REV,2096.70,296.27,1800.43,SPIKE
2025-08-20 02:00:00,FOS.Flow-In.Ave.15Minutes.3Hours.MIXED-COMPUTED-REV,2112.34,296.27,1816.07,SPIKE
2025-08-20 03:00:00,FOS.Flow-In.Ave.15Minutes.3Hours.MIXED-COMPUTED-REV,2116.75,296.27,1820.49,SPIKE
2025-08-20 04:00:00,FOS.Flow-In.Ave.15Minutes.3Hours.MIXED-COMPUTED-REV,2120.31,296.27,1824.04,SPIKE
2025-08-20 05:00:00,FOS.Flow-In.Ave.15Minutes.3Hours.MIXED-COMPUTED-REV,2125.96,296.27,1829.69,SPIKE
2025-08-20 06:00:00,FOS.Flow-In.Ave.15Minutes.3Hours.MIXED-COMPUTED-REV,1952.53,296.27,1656.27,SPIKE
2025-08-21 00:00:00,FOS.Flow-In.Ave.15Minutes.3Hours.MIXED-COMPUTED-REV,1949.86,297.07,1652.79,SPIKE
2025-08-21 01:00:00,FOS.Flow-In.Ave.15Minutes.3Hours.MIXED-COMPUTED-REV,2059.98,297.07,1762.91,SPIKE
2025-08-21 02:00:00,FOS.Flow-In.Ave.15Minutes.3Hours.MIXED-COMPUTED-REV,2078.13,297.07,1781.05,SPIKE
2025-08-21 03:00:00,FOS.Flow-In.Ave.15Minutes.3Hours.MIXED-COMPUTED-REV,2096.60,297.07,1799.53,SPIKE
2025-08-21 04:00:00,FOS.Flow-In.Ave.15Minutes.3Hours.MIXED-COMPUTED-REV,2106.01,297.07,1808.94,SPIKE
2025-08-21 05:00:00,FOS.Flow-In.Ave.15Minutes.3Hours.MIXED-COMPUTED-REV,2106.26,297.07,1809.19,SPIKE
2025-08-21 06:00:00,FOS.Flow-In.Ave.15Minutes.3Hours.MIXED-COMPUTED-REV,1921.65,297.07,1624.58,SPIKE
2025-08-22 00:00:00,FOS.Flow-In.Ave.15Minutes.3Hours.MIXED-COMPUTED-REV,1998.36,301.11,1697.25,SPIKE
2025-08-22 01:00:00,FOS.Flow-In.Ave.15Minutes.3Hours.MIXED-COMPUTED-REV,2117.20,301.11,1816.09,SPIKE
2025-08-22 02:00:00,FOS.Flow-In.Ave.15Minutes.3Hours.MIXED-COMPUTED-REV,2129.61,301.11,1828.50,SPIKE
2025-08-22 03:00:00,FOS.Flow-In.Ave.15Minutes.3Hours.MIXED-COMPUTED-REV,2169.12,301.11,1868.01,SPIKE
2025-08-22 04:00:00,FOS.Flow-In.Ave.15Minutes.3Hours.MIXED-COMPUTED-REV,2194.78,301.11,1893.66,SPIKE
2025-08-22 05:00:00,FOS.Flow-In.Ave.15Minutes.3Hours.MIXED-COMPUTED-REV,2179.07,301.11,1877.96,SPIKE
2025-08-22 06:00:00,FOS.Flow-In.Ave.15Minutes.3Hours.MIXED-COMPUTED-REV,2000.61,301.11,1699.50,SPIKE
2025-08-23 00:00:00,FOS.Flow-In.Ave.15Minutes.3Hours.MIXED-COMPUTED-REV,2002.49,276.78,1725.71,SPIKE
2025-08-23 01:00:00,FOS.Flow-In.Ave.15Minutes.3Hours.MIXED-COMPUTED-REV,2106.24,276.78,1829.46,SPIKE
2025-08-23 02:00:00,FOS.Flow-In.Ave.15Minutes.3Hours.MIXED-COMPUTED-REV,2147.35,276.78,1870.58,SPIKE
2025-08-23 03:00:00,FOS.Flow-In.Ave.15Minutes.3Hours.MIXED-COMPUTED-REV,2165.61,276.78,1888.83,SPIKE
2025-08-23 04:00:00,FOS.Flow-In.Ave.15Minutes.3Hours.MIXED-COMPUTED-REV,2187.86,276.78,1911.08,SPIKE
2025-08-23 05:00:00,FOS.Flow-In.Ave.15Minutes.3Hours.MIXED-COMPUTED-REV,2162.85,276.78,1886.07,SPIKE
2025-08-23 06:00:00,FOS.Flow-In.Ave.15Minutes.3Hours.MIXED-COMPUTED-REV,1994.35,276.78,1717.57,SPIKE
2025-08-24 00:00:00,FOS.Flow-In.Ave.15Minutes.3Hours.MIXED-COMPUTED-REV,1981.54,293.24,1688.30,SPIKE
2025-08-24 01:00:00,FOS.Flow-In.Ave.15Minutes.3Hours.MIXED-COMPUTED-REV,2124.84,293.24,1831.60,SPIKE
2025-08-24 02:00:00,FOS.Flow-In.Ave.15Minutes.3Hours.MIXED-COMPUTED-REV,2173.41,293.24,1880.17,SPIKE
2025-08-24 03:00:00,FOS.Flow-In.Ave.15Minutes.3Hours.MIXED-COMPUTED-REV,2188.96,293.24,1895.72,SPIKE
2025-08-24 04:00:00,FOS.Flow-In.Ave.15Minutes.3Hours.MIXED-COMPUTED-REV,2181.40,293.24,1888.16,SPIKE
2025-08-24 05:00:00,FOS.Flow-In.Ave.15Minutes.3Hours.MIXED-COMPUTED-REV,2136.99,293.24,1843.75,SPIKE
2025-08-25 01:00:00,FOS.Flow-In.Ave.15Minutes.3Hours.MIXED-COMPUTED-REV,2154.90,316.92,1837.98,SPIKE
2025-08-25 02:00:00,FOS.Flow-In.Ave.15Minutes.3Hours.MIXED-COMPUTED-REV,2186.99,316.92,1870.07,SPIKE
2025-08-25 03:00:00,FOS.Flow-In.Ave.15Minutes.3Hours.MIXED-COMPUTED-REV,2178.08,316.92,1861.17,SPIKE
2025-08-25 04:00:00,FOS.Flow-In.Ave.15Minutes.3Hours.MIXED-COMPUTED-REV,2132.97,316.92,1816.06,SPIKE
2025-08-25 05:00:00,FOS.Flow-In.Ave.15Minutes.3Hours.MIXED-COMPUTED-REV,2113.19,316.92,1796.27,SPIKE
2025-08-25 06:00:00,FOS.Flow-In.Ave.15Minutes.3Hours.MIXED-COMPUTED-REV,1985.58,316.92,1668.67,SPIKE
2025-08-26 00:00:00,FOS.Flow-In.Ave.15Minutes.3Hours.MIXED-COMPUTED-REV,2016.92,246.07,1770.85,SPIKE
2025-08-26 01:00:00,FOS.Flow-In.Ave.15Minutes.3Hours.MIXED-COMPUTED-REV,2157.73,246.07,1911.66,SPIKE
2025-08-26 02:00:00,FOS.Flow-In.Ave.15Minutes.3Hours.MIXED-COMPUTED-REV,2117.69,246.07,1871.61,SPIKE
2025-08-26 03:00:00,FOS.Flow-In.Ave.15Minutes.3Hours.MIXED-COMPUTED-REV,2022.09,246.07,1776.02,SPIKE
2025-08-26 04:00:00,FOS.Flow-In.Ave.15Minutes.3Hours.MIXED-COMPUTED-REV,1949.66,246.07,1703.58,SPIKE
2025-08-26 05:00:00,FOS.Flow-In.Ave.15Minutes.3Hours.MIXED-COMPUTED-REV,1983.62,246.07,1737.55,SPIKE
2025-08-26 06:00:00,FOS.Flow-In.Ave.15Minutes.3Hours.MIXED-COMPUTED-REV,1880.44,246.07,1634.37,SPIKE
2025-08-27 00:00:00,FOS.Flow-In.Ave.15Minutes.3Hours.MIXED-COMPUTED-REV,1965.40,270.85,1694.55,SPIKE
2025-08-27 01:00:00,FOS.Flow-In.Ave.15Minutes.3Hours.MIXED-COMPUTED-REV,2085.80,270.85,1814.94,SPIKE
2025-08-27 02:00:00,FOS.Flow-In.Ave.15Minutes.3Hours.MIXED-COMPUTED-REV,2057.81,270.85,1786.95,SPIKE
2025-08-27 03:00:00,FOS.Flow-In.Ave.15Minutes.3Hours.MIXED-COMPUTED-REV,2009.63,270.85,1738.78,SPIKE
2025-08-27 04:00:00,FOS.Flow-In.Ave.15Minutes.3Hours.MIXED-COMPUTED-REV,1978.79,270.85,1707.93,SPIKE
2025-08-27 05:00:00,FOS.Flow-In.Ave.15Minutes.3Hours.MIXED-COMPUTED-REV,1969.30,270.85,1698.45,SPIKE
2025-08-27 06:00:00,FOS.Flow-In.Ave.15Minutes.3Hours.MIXED-COMPUTED-REV,1885.50,270.85,1614.65,SPIKE
2025-08-28 00:00:00,FOS.Flow-In.Ave.15Minutes.3Hours.MIXED-COMPUTED-REV,1893.33,248.60,1644.73,SPIKE
2025-08-28 01:00:00,FOS.Flow-In.Ave.15Minutes.3Hours.MIXED-COMPUTED-REV,2025.79,248.60,1777.19,SPIKE
2025-08-28 02:00:00,FOS.Flow-In.Ave.15Minutes.3Hours.MIXED-COMPUTED-REV,2006.58,248.60,1757.98,SPIKE
2025-08-28 03:00:00,FOS.Flow-In.Ave.15Minutes.3Hours.MIXED-COMPUTED-REV,2016.22,248.60,1767.62,SPIKE
2025-08-28 04:00:00,FOS.Flow-In.Ave.15Minutes.3Hours.MIXED-COMPUTED-REV,2002.57,248.60,1753.97,SPIKE
2025-08-28 05:00:00,FOS.Flow-In.Ave.15Minutes.3Hours.MIXED-COMPUTED-REV,1978.63,248.60,1730.03,SPIKE
2025-08-29 00:00:00,FOS.Flow-In.Ave.15Minutes.3Hours.MIXED-COMPUTED-REV,1822.26,181.72,1640.54,SPIKE
2025-08-29 01:00:00,FOS.Flow-In.Ave.15Minutes.3Hours.MIXED-COMPUTED-REV,2019.33,181.72,1837.61,SPIKE
2025-08-29 02:00:00,FOS.Flow-In.Ave.15Minutes.3Hours.MIXED-COMPUTED-REV,2055.84,181.72,1874.12,SPIKE
2025-08-29 03:00:00,FOS.Flow-In.Ave.15Minutes.3Hours.MIXED-COMPUTED-REV,2031.49,181.72,1849.77,SPIKE
2025-08-29 04:00:00,FOS.Flow-In.Ave.15Minutes.3Hours.MIXED-COMPUTED-REV,2013.89,181.72,1832.17,SPIKE
2025-08-29 05:00:00,FOS.Flow-In.Ave.15Minutes.3Hours.MIXED-COMPUTED-REV,1993.42,181.72,1811.70,SPIKE
2025-08-29 06:00:00,FOS.Flow-In.Ave.15Minutes.3Hours.MIXED-COMPUTED-REV,1838.22,181.72,1656.50,SPIKE
2025-08-30 00:00:00,FOS.Flow-In.Ave.15Minutes.3Hours.MIXED-COMPUTED-REV,1871.40,308.61,1562.79,SPIKE
2025-08-30 01:00:00,FOS.Flow-In.Ave.15Minutes.3Hours.MIXED-COMPUTED-REV,1998.17,308.61,1689.57,SPIKE
2025-08-30 02:00:00,FOS.Flow-In.Ave.15Minutes.3Hours.MIXED-COMPUTED-REV,2020.80,308.61,1712.20,SPIKE
2025-08-30 03:00:00,FOS.Flow-In.Ave.15Minutes.3Hours.MIXED-COMPUTED-REV,2015.47,308.61,1706.86,SPIKE
2025-08-30 04:00:00,FOS.Flow-In.Ave.15Minutes.3Hours.MIXED-COMPUTED-REV,2001.59,308.61,1692.98,SPIKE
2025-08-30 05:00:00,FOS.Flow-In.Ave.15Minutes.3Hours.MIXED-COMPUTED-REV,1970.98,308.61,1662.37,SPIKE
2025-08-30 06:00:00,FOS.Flow-In.Ave.15Minutes.3Hours.MIXED-COMPUTED-REV,1811.94,308.61,1503.33,SPIKE
2025-08-31 00:00:00,FOS.Flow-In.Ave.15Minutes.3Hours.MIXED-COMPUTED-REV,1870.46,299.41,1571.05,SPIKE
2025-08-31 01:00:00,FOS.Flow-In.Ave.15Minutes.3Hours.MIXED-COMPUTED-REV,2000.44,299.41,1701.04,SPIKE
2025-08-31 02:00:00,FOS.Flow-In.Ave.15Minutes.3Hours.MIXED-COMPUTED-REV,2015.50,299.41,1716.10,SPIKE
2025-08-31 03:00:00,FOS.Flow-In.Ave.15Minutes.3Hours.MIXED-COMPUTED-REV,2015.40,299.41,1715.99,SPIKE
2025-08-31 04:00:00,FOS.Flow-In.Ave.15Minutes.3Hours.MIXED-COMPUTED-REV,1986.40,299.41,1687.00,SPIKE
2025-08-31 05:00:00,FOS.Flow-In.Ave.15Minutes.3Hours.MIXED-COMPUTED-REV,1950.18,299.41,1650.77,SPIKE
2025-09-02 01:00:00,FOS.Flow-In.Ave.15Minutes.3Hours.MIXED-COMPUTED-REV,2009.04,288.70,1720.34,SPIKE
2025-09-02 02:00:00,FOS.Flow-In.Ave.15Minutes.3Hours.MIXED-COMPUTED-REV,2060.88,288.70,1772.18,SPIKE
2025-09-02 03:00:00,FOS.Flow-In.Ave.15Minutes.3Hours.MIXED-COMPUTED-REV,2063.88,288.70,1775.18,SPIKE
2025-09-02 04:00:00,FOS.Flow-In.Ave.15Minutes.3Hours.MIXED-COMPUTED-REV,2043.39,288.70,1754.69,SPIKE
2025-09-02 05:00:00,FOS.Flow-In.Ave.15Minutes.3Hours.MIXED-COMPUTED-REV,1998.44,288.70,1709.74,SPIKE
2025-09-06 00:00:00,FOS.Flow-In.Ave.15Minutes.3Hours.MIXED-COMPUTED-REV,1690.85,245.97,1444.88,SPIKE
2025-09-06 01:00:00,FOS.Flow-In.Ave.15Minutes.3Hours.MIXED-COMPUTED-REV,2754.51,245.97,2508.54,SPIKE
2025-09-06 02:00:00,FOS.Flow-In.Ave.15Minutes.3Hours.MIXED-COMPUTED-REV,3535.03,245.97,3289.06,SPIKE
2025-09-06 03:00:00,FOS.Flow-In.Ave.15Minutes.3Hours.MIXED-COMPUTED-REV,3951.59,245.97,3705.62,SPIKE
2025-09-06 04:00:00,FOS.Flow-In.Ave.15Minutes.3Hours.MIXED-COMPUTED-REV,4045.77,245.97,3799.80,SPIKE
2025-09-06 05:00:00,FOS.Flow-In.Ave.15Minutes.3Hours.MIXED-COMPUTED-REV,4065.32,245.97,3819.36,SPIKE
2025-09-06 06:00:00,FOS.Flow-In.Ave.15Minutes.3Hours.MIXED-COMPUTED-REV,3630.02,245.97,3384.06,SPIKE
2025-09-06 07:00:00,FOS.Flow-In.Ave.15Minutes.3Hours.MIXED-COMPUTED-REV,2550.62,245.97,2304.66,SPIKE
2025-09-06 08:00:00,FOS.Flow-In.Ave.15Minutes.3Hours.MIXED-COMPUTED-REV,1247.92,245.97,1001.95,SPIKE
2025-09-07 00:00:00,FOS.Flow-In.Ave.15Minutes.3Hours.MIXED-COMPUTED-REV,1087.71,210.94,876.77,SPIKE
2025-09-07 01:00:00,FOS.Flow-In.Ave.15Minutes.3Hours.MIXED-COMPUTED-REV,2286.63,210.94,2075.70,SPIKE
2025-09-07 02:00:00,FOS.Flow-In.Ave.15Minutes.3Hours.MIXED-COMPUTED-REV,3399.04,210.94,3188.10,SPIKE
2025-09-07 03:00:00,FOS.Flow-In.Ave.15Minutes.3Hours.MIXED-COMPUTED-REV,3955.87,210.94,3744.93,SPIKE
2025-09-07 04:00:00,FOS.Flow-In.Ave.15Minutes.3Hours.MIXED-COMPUTED-REV,4047.26,210.94,3836.32,SPIKE
2025-09-07 05:00:00,FOS.Flow-In.Ave.15Minutes.3Hours.MIXED-COMPUTED-REV,4077.00,210.94,3866.06,SPIKE
2025-09-07 06:00:00,FOS.Flow-In.Ave.15Minutes.3Hours.MIXED-COMPUTED-REV,3649.95,210.94,3439.01,SPIKE
2025-09-07 07:00:00,FOS.Flow-In.Ave.15Minutes.3Hours.MIXED-COMPUTED-REV,2570.04,210.94,2359.10,SPIKE
2025-09-07 08:00:00,FOS.Flow-In.Ave.15Minutes.3Hours.MIXED-COMPUTED-REV,1261.40,210.94,1050.47,SPIKE
2025-09-08 00:00:00,FOS.Flow-In.Ave.15Minutes.3Hours.MIXED-COMPUTED-REV,1136.30,195.99,940.30,SPIKE
2025-09-08 01:00:00,FOS.Flow-In.Ave.15Minutes.3Hours.MIXED-COMPUTED-REV,2346.76,195.99,2150.76,SPIKE
2025-09-08 02:00:00,FOS.Flow-In.Ave.15Minutes.3Hours.MIXED-COMPUTED-REV,3442.49,195.99,3246.49,SPIKE
2025-09-08 03:00:00,FOS.Flow-In.Ave.15Minutes.3Hours.MIXED-COMPUTED-REV,3968.46,195.99,3772.47,SPIKE
2025-09-08 04:00:00,FOS.Flow-In.Ave.15Minutes.3Hours.MIXED-COMPUTED-REV,4062.18,195.99,3866.18,SPIKE
2025-09-08 05:00:00,FOS.Flow-In.Ave.15Minutes.3Hours.MIXED-COMPUTED-REV,4093.50,195.99,3897.51,SPIKE
2025-09-08 06:00:00,FOS.Flow-In.Ave.15Minutes.3Hours.MIXED-COMPUTED-REV,3646.57,195.99,3450.58,SPIKE
2025-09-08 07:00:00,FOS.Flow-In.Ave.15Minutes.3Hours.MIXED-COMPUTED-REV,2533.33,195.99,2337.33,SPIKE
2025-09-08 08:00:00,FOS.Flow-In.Ave.15Minutes.3Hours.MIXED-COMPUTED-REV,1251.42,202.70,1048.72,SPIKE
2025-09-09 00:00:00,FOS.Flow-In.Ave.15Minutes.3Hours.MIXED-COMPUTED-REV,1130.70,203.09,927.60,SPIKE
2025-09-09 01:00:00,FOS.Flow-In.Ave.15Minutes.3Hours.MIXED-COMPUTED-REV,2339.01,203.09,2135.91,SPIKE
2025-09-09 02:00:00,FOS.Flow-In.Ave.15Minutes.3Hours.MIXED-COMPUTED-REV,3459.94,203.09,3256.84,SPIKE
2025-09-09 03:00:00,FOS.Flow-In.Ave.15Minutes.3Hours.MIXED-COMPUTED-REV,3998.71,203.09,3795.62,SPIKE
2025-09-09 04:00:00,FOS.Flow-In.Ave.15Minutes.3Hours.MIXED-COMPUTED-REV,4076.63,203.09,3873.53,SPIKE
2025-09-09 05:00:00,FOS.Flow-In.Ave.15Minutes.3Hours.MIXED-COMPUTED-REV,4108.38,203.09,3905.29,SPIKE
2025-09-09 06:00:00,FOS.Flow-In.Ave.15Minutes.3Hours.MIXED-COMPUTED-REV,3647.94,203.09,3444.84,SPIKE
2025-09-09 07:00:00,FOS.Flow-In.Ave.15Minutes.3Hours.MIXED-COMPUTED-REV,2558.17,203.09,2355.07,SPIKE
2025-09-09 08:00:00,FOS.Flow-In.Ave.15Minutes.3Hours.MIXED-COMPUTED-REV,1274.26,221.09,1053.17,SPIKE
2025-09-10 00:00:00,FOS.Flow-In.Ave.15Minutes.3Hours.MIXED-COMPUTED-REV,1143.77,193.00,950.77,SPIKE
2025-09-10 01:00:00,FOS.Flow-In.Ave.15Minutes.3Hours.MIXED-COMPUTED-REV,2344.75,193.00,2151.75,SPIKE
2025-09-10 02:00:00,FOS.Flow-In.Ave.15Minutes.3Hours.MIXED-COMPUTED-REV,3413.20,193.00,3220.20,SPIKE
2025-09-10 03:00:00,FOS.Flow-In.Ave.15Minutes.3Hours.MIXED-COMPUTED-REV,3941.24,193.00,3748.24,SPIKE
2025-09-10 04:00:00,FOS.Flow-In.Ave.15Minutes.3Hours.MIXED-COMPUTED-REV,4022.07,193.00,3829.07,SPIKE
2025-09-10 05:00:00,FOS.Flow-In.Ave.15Minutes.3Hours.MIXED-COMPUTED-REV,4054.08,193.00,3861.08,SPIKE
2025-09-10 06:00:00,FOS.Flow-In.Ave.15Minutes.3Hours.MIXED-COMPUTED-REV,3613.62,193.00,3420.62,SPIKE
2025-09-10 07:00:00,FOS.Flow-In.Ave.15Minutes.3Hours.MIXED-COMPUTED-REV,2560.20,221.09,2339.11,SPIKE
2025-09-10 08:00:00,FOS.Flow-In.Ave.15Minutes.3Hours.MIXED-COMPUTED-REV,1310.41,237.84,1072.57,SPIKE
2025-09-11 00:00:00,FOS.Flow-In.Ave.15Minutes.3Hours.MIXED-COMPUTED-REV,1110.50,237.84,872.66,SPIKE
2025-09-11 01:00:00,FOS.Flow-In.Ave.15Minutes.3Hours.MIXED-COMPUTED-REV,2308.85,237.84,2071.01,SPIKE
2025-09-11 02:00:00,FOS.Flow-In.Ave.15Minutes.3Hours.MIXED-COMPUTED-REV,3394.86,237.84,3157.01,SPIKE
2025-09-11 03:00:00,FOS.Flow-In.Ave.15Minutes.3Hours.MIXED-COMPUTED-REV,3931.95,237.84,3694.11,SPIKE
2025-09-11 04:00:00,FOS.Flow-In.Ave.15Minutes.3Hours.MIXED-COMPUTED-REV,4007.75,237.84,3769.91,SPIKE
2025-09-11 05:00:00,FOS.Flow-In.Ave.15Minutes.3Hours.MIXED-COMPUTED-REV,4036.58,237.84,3798.73,SPIKE
2025-09-11 06:00:00,FOS.Flow-In.Ave.15Minutes.3Hours.MIXED-COMPUTED-REV,3601.38,237.84,3363.54,SPIKE
2025-09-11 07:00:00,FOS.Flow-In.Ave.15Minutes.3Hours.MIXED-COMPUTED-REV,2542.86,237.84,2305.01,SPIKE
2025-09-11 08:00:00,FOS.Flow-In.Ave.15Minutes.3Hours.MIXED-COMPUTED-REV,1288.76,202.58,1086.19,SPIKE
2025-09-17 01:00:00,FOS.Flow-In.Ave.15Minutes.3Hours.MIXED-COMPUTED-REV,892.12,233.04,659.08,SPIKE
2025-09-17 02:00:00,FOS.Flow-In.Ave.15Minutes.3Hours.MIXED-COMPUTED-REV,1480.69,233.04,1247.65,SPIKE
2025-09-17 03:00:00,FOS.Flow-In.Ave.15Minutes.3Hours.MIXED-COMPUTED-REV,1922.85,233.04,1689.81,SPIKE
2025-09-17 04:00:00,FOS.Flow-In.Ave.15Minutes.3Hours.MIXED-COMPUTED-REV,1982.85,233.04,1749.81,SPIKE
2025-09-17 05:00:00,FOS.Flow-In.Ave.15Minutes.3Hours.MIXED-COMPUTED-REV,1835.38,233.04,1602.34,SPIKE
2025-09-17 06:00:00,FOS.Flow-In.Ave.15Minutes.3Hours.MIXED-COMPUTED-REV,1420.24,209.38,1210.86,SPIKE
2025-09-17 07:00:00,FOS.Flow-In.Ave.15Minutes.3Hours.MIXED-COMPUTED-REV,879.65,193.22,686.43,SPIKE
2025-09-18 02:00:00,FOS.Flow-In.Ave.15Minutes.3Hours.MIXED-COMPUTED-REV,1563.09,153.47,1409.61,SPIKE
2025-09-18 03:00:00,FOS.Flow-In.Ave.15Minutes.3Hours.MIXED-COMPUTED-REV,2080.90,191.49,1889.41,SPIKE
2025-09-18 04:00:00,FOS.Flow-In.Ave.15Minutes.3Hours.MIXED-COMPUTED-REV,2105.55,191.49,1914.06,SPIKE
2025-09-18 05:00:00,FOS.Flow-In.Ave.15Minutes.3Hours.MIXED-COMPUTED-REV,1903.70,192.16,1711.55,SPIKE
2025-09-18 06:00:00,FOS.Flow-In.Ave.15Minutes.3Hours.MIXED-COMPUTED-REV,1458.18,196.57,1261.61,SPIKE
2025-09-19 01:00:00,FOS.Flow-In.Ave.15Minutes.3Hours.MIXED-COMPUTED-REV,860.59,236.57,624.03,SPIKE
2025-09-19 02:00:00,FOS.Flow-In.Ave.15Minutes.3Hours.MIXED-COMPUTED-REV,1442.87,235.60,1207.26,SPIKE
2025-09-19 03:00:00,FOS.Flow-In.Ave.15Minutes.3Hours.MIXED-COMPUTED-REV,1856.43,236.57,1619.87,SPIKE
2025-09-19 04:00:00,FOS.Flow-In.Ave.15Minutes.3Hours.MIXED-COMPUTED-REV,1990.45,268.77,1721.69,SPIKE
2025-09-19 05:00:00,FOS.Flow-In.Ave.15Minutes.3Hours.MIXED-COMPUTED-REV,1882.85,270.41,1612.45,SPIKE
2025-09-19 06:00:00,FOS.Flow-In.Ave.15Minutes.3Hours.MIXED-COMPUTED-REV,1409.71,270.41,1139.30,SPIKE
2025-09-19 07:00:00,FOS.Flow-In.Ave.15Minutes.3Hours.MIXED-COMPUTED-REV,788.22,270.41,517.82,SPIKE
2025-09-20 01:00:00,FOS.Flow-In.Ave.15Minutes.3Hours.MIXED-COMPUTED-REV,1456.34,271.41,1184.93,SPIKE
2025-09-20 02:00:00,FOS.Flow-In.Ave.15Minutes.3Hours.MIXED-COMPUTED-REV,1920.22,271.41,1648.81,SPIKE
2025-09-20 03:00:00,FOS.Flow-In.Ave.15Minutes.3Hours.MIXED-COMPUTED-REV,2004.47,271.41,1733.06,SPIKE
2025-09-20 04:00:00,FOS.Flow-In.Ave.15Minutes.3Hours.MIXED-COMPUTED-REV,1975.86,270.52,1705.34,SPIKE
2025-09-20 05:00:00,FOS.Flow-In.Ave.15Minutes.3Hours.MIXED-COMPUTED-REV,1997.19,199.17,1798.02,SPIKE
2025-09-20 06:00:00,FOS.Flow-In.Ave.15Minutes.3Hours.MIXED-COMPUTED-REV,1876.38,195.48,1680.90,SPIKE
2025-09-20 07:00:00,FOS.Flow-In.Ave.15Minutes.3Hours.MIXED-COMPUTED-REV,1461.69,199.17,1262.53,SPIKE
2025-09-21 00:00:00,FOS.Flow-In.Ave.15Minutes.3Hours.MIXED-COMPUTED-REV,905.72,250.53,655.19,SPIKE
2025-09-21 01:00:00,FOS.Flow-In.Ave.15Minutes.3Hours.MIXED-COMPUTED-REV,1387.20,271.86,1115.34,SPIKE
2025-09-21 02:00:00,FOS.Flow-In.Ave.15Minutes.3Hours.MIXED-COMPUTED-REV,1791.42,271.86,1519.56,SPIKE
2025-09-21 03:00:00,FOS.Flow-In.Ave.15Minutes.3Hours.MIXED-COMPUTED-REV,1948.50,271.86,1676.64,SPIKE
2025-09-21 04:00:00,FOS.Flow-In.Ave.15Minutes.3Hours.MIXED-COMPUTED-REV,2030.78,271.86,1758.92,SPIKE
2025-09-21 05:00:00,FOS.Flow-In.Ave.15Minutes.3Hours.MIXED-COMPUTED-REV,2048.57,271.86,1776.71,SPIKE
2025-09-21 06:00:00,FOS.Flow-In.Ave.15Minutes.3Hours.MIXED-COMPUTED-REV,1943.01,271.86,1671.15,SPIKE
2025-09-21 07:00:00,FOS.Flow-In.Ave.15Minutes.3Hours.MIXED-COMPUTED-REV,1503.90,271.86,1232.04,SPIKE
2025-09-21 08:00:00,FOS.Flow-In.Ave.15Minutes.3Hours.MIXED-COMPUTED-REV,880.76,271.86,608.90,SPIKE
2025-09-22 00:00:00,FOS.Flow-In.Ave.15Minutes.3Hours.MIXED-COMPUTED-REV,784.98,271.86,513.12,SPIKE
2025-09-22 01:00:00,FOS.Flow-In.Ave.15Minutes.3Hours.MIXED-COMPUTED-REV,1402.94,252.18,1150.77,SPIKE
2025-09-22 02:00:00,FOS.Flow-In.Ave.15Minutes.3Hours.MIXED-COMPUTED-REV,1877.26,227.51,1649.75,SPIKE
2025-09-22 03:00:00,FOS.Flow-In.Ave.15Minutes.3Hours.MIXED-COMPUTED-REV,1968.53,210.11,1758.42,SPIKE
2025-09-22 04:00:00,FOS.Flow-In.Ave.15Minutes.3Hours.MIXED-COMPUTED-REV,1969.71,210.11,1759.60,SPIKE
2025-09-22 05:00:00,FOS.Flow-In.Ave.15Minutes.3Hours.MIXED-COMPUTED-REV,1988.36,210.11,1778.25,SPIKE
2025-09-22 06:00:00,FOS.Flow-In.Ave.15Minutes.3Hours.MIXED-COMPUTED-REV,1892.40,210.11,1682.29,SPIKE
2025-09-22 07:00:00,FOS.Flow-In.Ave.15Minutes.3Hours.MIXED-COMPUTED-REV,1446.11,204.32,1241.79,SPIKE
2025-09-22 08:00:00,FOS.Flow-In.Ave.15Minutes.3Hours.MIXED-COMPUTED-REV,867.20,204.32,662.88,SPIKE
2025-09-23 00:00:00,FOS.Flow-In.Ave.15Minutes.3Hours.MIXED-COMPUTED-REV,833.52,197.68,635.84,SPIKE
2025-09-23 01:00:00,FOS.Flow-In.Ave.15Minutes.3Hours.MIXED-COMPUTED-REV,1457.68,197.68,1260.00,SPIKE
2025-09-23 02:00:00,FOS.Flow-In.Ave.15Minutes.3Hours.MIXED-COMPUTED-REV,1940.64,197.68,1742.96,SPIKE
2025-09-23 03:00:00,FOS.Flow-In.Ave.15Minutes.3Hours.MIXED-COMPUTED-REV,2032.89,197.68,1835.21,SPIKE
2025-09-23 04:00:00,FOS.Flow-In.Ave.15Minutes.3Hours.MIXED-COMPUTED-REV,2023.80,197.68,1826.12,SPIKE
2025-09-23 05:00:00,FOS.Flow-In.Ave.15Minutes.3Hours.MIXED-COMPUTED-REV,2002.92,197.68,1805.24,SPIKE
2025-09-23 06:00:00,FOS.Flow-In.Ave.15Minutes.3Hours.MIXED-COMPUTED-REV,1889.30,197.68,1691.62,SPIKE
2025-09-23 07:00:00,FOS.Flow-In.Ave.15Minutes.3Hours.MIXED-COMPUTED-REV,1431.35,197.68,1233.67,SPIKE
2025-09-23 08:00:00,FOS.Flow-In.Ave.15Minutes.3Hours.MIXED-COMPUTED-REV,833.89,197.68,636.21,SPIKE
2025-09-24 00:00:00,FOS.Flow-In.Ave.15Minutes.3Hours.MIXED-COMPUTED-REV,805.89,190.08,615.81,SPIKE
2025-09-24 01:00:00,FOS.Flow-In.Ave.15Minutes.3Hours.MIXED-COMPUTED-REV,1437.36,189.87,1247.48,SPIKE
2025-09-24 02:00:00,FOS.Flow-In.Ave.15Minutes.3Hours.MIXED-COMPUTED-REV,1942.30,190.08,1752.21,SPIKE
2025-09-24 03:00:00,FOS.Flow-In.Ave.15Minutes.3Hours.MIXED-COMPUTED-REV,2059.62,195.97,1863.64,SPIKE
2025-09-24 04:00:00,FOS.Flow-In.Ave.15Minutes.3Hours.MIXED-COMPUTED-REV,2057.85,210.84,1847.01,SPIKE
2025-09-24 05:00:00,FOS.Flow-In.Ave.15Minutes.3Hours.MIXED-COMPUTED-REV,2086.00,222.03,1863.97,SPIKE
2025-09-24 06:00:00,FOS.Flow-In.Ave.15Minutes.3Hours.MIXED-COMPUTED-REV,1967.63,239.69,1727.93,SPIKE
2025-09-24 07:00:00,FOS.Flow-In.Ave.15Minutes.3Hours.MIXED-COMPUTED-REV,1494.76,255.12,1239.63,SPIKE
2025-09-24 08:00:00,FOS.Flow-In.Ave.15Minutes.3Hours.MIXED-COMPUTED-REV,824.39,255.12,569.27,SPIKE
2025-09-25 00:00:00,FOS.Flow-In.Ave.15Minutes.3Hours.MIXED-COMPUTED-REV,783.46,255.12,528.34,SPIKE
2025-09-25 01:00:00,FOS.Flow-In.Ave.15Minutes.3Hours.MIXED-COMPUTED-REV,1358.90,255.12,1103.78,SPIKE
2025-09-25 02:00:00,FOS.Flow-In.Ave.15Minutes.3Hours.MIXED-COMPUTED-REV,1794.81,255.12,1539.69,SPIKE
2025-09-25 03:00:00,FOS.Flow-In.Ave.15Minutes.3Hours.MIXED-COMPUTED-REV,1940.24,255.12,1685.11,SPIKE
2025-09-25 04:00:00,FOS.Flow-In.Ave.15Minutes.3Hours.MIXED-COMPUTED-REV,1959.59,255.12,1704.47,SPIKE
2025-09-25 05:00:00,FOS.Flow-In.Ave.15Minutes.3Hours.MIXED-COMPUTED-REV,1959.99,255.12,1704.87,SPIKE
2025-09-25 06:00:00,FOS.Flow-In.Ave.15Minutes.3Hours.MIXED-COMPUTED-REV,1867.19,255.12,1612.06,SPIKE
2025-09-25 07:00:00,FOS.Flow-In.Ave.15Minutes.3Hours.MIXED-COMPUTED-REV,1454.85,252.33,1202.52,SPIKE
2025-09-26 01:00:00,FOS.Flow-In.Ave.15Minutes.3Hours.MIXED-COMPUTED-REV,1281.04,196.23,1084.81,SPIKE
2025-09-26 02:00:00,FOS.Flow-In.Ave.15Minutes.3Hours.MIXED-COMPUTED-REV,1777.19,190.81,1586.38,SPIKE
2025-09-26 03:00:00,FOS.Flow-In.Ave.15Minutes.3Hours.MIXED-COMPUTED-REV,1969.36,190.81,1778.56,SPIKE
2025-09-26 04:00:00,FOS.Flow-In.Ave.15Minutes.3Hours.MIXED-COMPUTED-REV,2024.75,190.81,1833.94,SPIKE
2025-09-26 05:00:00,FOS.Flow-In.Ave.15Minutes.3Hours.MIXED-COMPUTED-REV,2038.62,190.81,1847.82,SPIKE
2025-09-26 06:00:00,FOS.Flow-In.Ave.15Minutes.3Hours.MIXED-COMPUTED-REV,1917.06,195.67,1721.39,SPIKE
2025-09-26 07:00:00,FOS.Flow-In.Ave.15Minutes.3Hours.MIXED-COMPUTED-REV,1455.67,195.67,1259.99,SPIKE
2025-09-27 00:00:00,FOS.Flow-In.Ave.15Minutes.3Hours.MIXED-COMPUTED-REV,1304.14,260.94,1043.20,SPIKE
2025-09-27 01:00:00,FOS.Flow-In.Ave.15Minutes.3Hours.MIXED-COMPUTED-REV,1770.88,260.94,1509.94,SPIKE
2025-09-27 02:00:00,FOS.Flow-In.Ave.15Minutes.3Hours.MIXED-COMPUTED-REV,1955.47,260.94,1694.54,SPIKE
2025-09-27 03:00:00,FOS.Flow-In.Ave.15Minutes.3Hours.MIXED-COMPUTED-REV,1963.55,260.94,1702.61,SPIKE
2025-09-27 04:00:00,FOS.Flow-In.Ave.15Minutes.3Hours.MIXED-COMPUTED-REV,1953.15,260.94,1692.21,SPIKE
2025-09-27 05:00:00,FOS.Flow-In.Ave.15Minutes.3Hours.MIXED-COMPUTED-REV,1838.07,260.94,1577.13,SPIKE
2025-09-27 06:00:00,FOS.Flow-In.Ave.15Minutes.3Hours.MIXED-COMPUTED-REV,1438.03,260.94,1177.09,SPIKE
2025-09-28 00:00:00,FOS.Flow-In.Ave.15Minutes.3Hours.MIXED-COMPUTED-REV,1256.30,219.03,1037.27,SPIKE
2025-09-28 01:00:00,FOS.Flow-In.Ave.15Minutes.3Hours.MIXED-COMPUTED-REV,1739.32,217.60,1521.72,SPIKE
2025-09-28 02:00:00,FOS.Flow-In.Ave.15Minutes.3Hours.MIXED-COMPUTED-REV,1967.91,219.03,1748.88,SPIKE
2025-09-28 03:00:00,FOS.Flow-In.Ave.15Minutes.3Hours.MIXED-COMPUTED-REV,2030.66,227.33,1803.34,SPIKE
2025-09-28 04:00:00,FOS.Flow-In.Ave.15Minutes.3Hours.MIXED-COMPUTED-REV,2053.44,228.67,1824.76,SPIKE
2025-09-28 05:00:00,FOS.Flow-In.Ave.15Minutes.3Hours.MIXED-COMPUTED-REV,1950.88,230.39,1720.49,SPIKE
2025-09-28 06:00:00,FOS.Flow-In.Ave.15Minutes.3Hours.MIXED-COMPUTED-REV,1488.53,234.85,1253.68,SPIKE
2025-09-28 07:00:00,FOS.Flow-In.Ave.15Minutes.3Hours.MIXED-COMPUTED-REV,840.52,251.66,588.87,SPIKE
2025-09-28 23:00:00,FOS.Flow-In.Ave.15Minutes.3Hours.MIXED-COMPUTED-REV,666.89,252.60,414.29,SPIKE
2025-09-29 00:00:00,FOS.Flow-In.Ave.15Minutes.3Hours.MIXED-COMPUTED-REV,1211.20,252.60,958.60,SPIKE
2025-09-29 01:00:00,FOS.Flow-In.Ave.15Minutes.3Hours.MIXED-COMPUTED-REV,1701.43,252.60,1448.83,SPIKE
2025-09-29 02:00:00,FOS.Flow-In.Ave.15Minutes.3Hours.MIXED-COMPUTED-REV,1900.58,252.60,1647.98,SPIKE
2025-09-29 03:00:00,FOS.Flow-In.Ave.15Minutes.3Hours.MIXED-COMPUTED-REV,1954.27,252.60,1701.67,SPIKE
2025-09-29 04:00:00,FOS.Flow-In.Ave.15Minutes.3Hours.MIXED-COMPUTED-REV,1936.96,252.60,1684.36,SPIKE
2025-09-29 05:00:00,FOS.Flow-In.Ave.15Minutes.3Hours.MIXED-COMPUTED-REV,1840.92,252.60,1588.32,SPIKE
2025-09-29 06:00:00,FOS.Flow-In.Ave.15Minutes.3Hours.MIXED-COMPUTED-REV,1473.56,252.60,1220.96,SPIKE
2025-09-30 01:00:00,FOS.Flow-In.Ave.15Minutes.3Hours.MIXED-COMPUTED-REV,1751.11,239.79,1511.32,SPIKE
2025-09-30 02:00:00,FOS.Flow-In.Ave.15Minutes.3Hours.MIXED-COMPUTED-REV,1966.33,239.79,1726.54,SPIKE
2025-09-30 03:00:00,FOS.Flow-In.Ave.15Minutes.3Hours.MIXED-COMPUTED-REV,1988.59,240.87,1747.71,SPIKE
2025-09-30 04:00:00,FOS.Flow-In.Ave.15Minutes.3Hours.MIXED-COMPUTED-REV,1944.03,246.69,1697.34,SPIKE
2025-09-30 05:00:00,FOS.Flow-In.Ave.15Minutes.3Hours.MIXED-COMPUTED-REV,1852.03,253.65,1598.38,SPIKE
2025-09-30 06:00:00,FOS.Flow-In.Ave.15Minutes.3Hours.MIXED-COMPUTED-REV,1553.00,253.65,1299.35,SPIKE
2025-09-30 07:00:00,FOS.Flow-In.Ave.15Minutes.3Hours.MIXED-COMPUTED-REV,1057.12,253.65,803.47,SPIKE
2025-09-30 23:00:00,FOS.Flow-In.Ave.15Minutes.3Hours.MIXED-COMPUTED-REV,668.58,240.87,427.71,SPIKE
2024-10-01 00:00:00,FRN.Flow-In.Ave.15Minutes.3Hours.MIXED-COMPUTED-REV,-223.18,51.30,-274.48,NEGATIVE
2024-10-01 01:00:00,FRN.Flow-In.Ave.15Minutes.3Hours.MIXED-COMPUTED-REV,-118.62,51.28,-169.91,NEGATIVE
2024-10-01 12:00:00,FRN.Flow-In.Ave.15Minutes.3Hours.MIXED-COMPUTED-REV,-105.68,51.30,-156.98,NEGATIVE
2024-10-01 13:00:00,FRN.Flow-In.Ave.15Minutes.3Hours.MIXED-COMPUTED-REV,-197.18,62.79,-259.97,NEGATIVE
2024-10-01 14:00:00,FRN.Flow-In.Ave.15Minutes.3Hours.MIXED-COMPUTED-REV,-223.32,62.79,-286.11,NEGATIVE
2024-10-01 15:00:00,FRN.Flow-In.Ave.15Minutes.3Hours.MIXED-COMPUTED-REV,-66.47,62.79,-129.27,NEGATIVE
2024-10-01 19:00:00,FRN.Flow-In.Ave.15Minutes.3Hours.MIXED-COMPUTED-REV,-1242.74,-28.34,-1214.40,"SPIKE,NEGATIVE"
2024-10-01 20:00:00,FRN.Flow-In.Ave.15Minutes.3Hours.MIXED-COMPUTED-REV,-5172.59,-28.34,-5144.25,"SPIKE,JUMP,NEGATIVE"
2024-10-01 21:00:00,FRN.Flow-In.Ave.15Minutes.3Hours.MIXED-COMPUTED-REV,-1504.17,-28.34,-1475.83,"SPIKE,NEGATIVE"
2024-10-01 22:00:00,FRN.Flow-In.Ave.15Minutes.3Hours.MIXED-COMPUTED-REV,1054.70,-54.56,1109.26,SPIKE
2024-10-01 23:00:00,FRN.Flow-In.Ave.15Minutes.3Hours.MIXED-COMPUTED-REV,4984.34,-54.76,5039.10,"SPIKE,JUMP"
2024-10-02 00:00:00,FRN.Flow-In.Ave.15Minutes.3Hours.MIXED-COMPUTED-REV,1315.97,-66.47,1382.44,SPIKE
2024-10-02 02:00:00,FRN.Flow-In.Ave.15Minutes.3Hours.MIXED-COMPUTED-REV,-54.56,-66.47,11.91,NEGATIVE
2024-10-02 03:00:00,FRN.Flow-In.Ave.15Minutes.3Hours.MIXED-COMPUTED-REV,-106.73,-66.47,-40.25,NEGATIVE
2024-10-02 04:00:00,FRN.Flow-In.Ave.15Minutes.3Hours.MIXED-COMPUTED-REV,-158.96,-54.76,-104.21,NEGATIVE
2024-10-02 05:00:00,FRN.Flow-In.Ave.15Minutes.3Hours.MIXED-COMPUTED-REV,-132.76,-54.76,-78.00,NEGATIVE
2024-10-02 06:00:00,FRN.Flow-In.Ave.15Minutes.3Hours.MIXED-COMPUTED-REV,-80.49,-80.48,-0.01,NEGATIVE
2024-10-02 07:00:00,FRN.Flow-In.Ave.15Minutes.3Hours.MIXED-COMPUTED-REV,-28.34,-80.49,52.15,NEGATIVE
2024-10-02 10:00:00,FRN.Flow-In.Ave.15Minutes.3Hours.MIXED-COMPUTED-REV,-54.76,-54.76,0.00,NEGATIVE
2024-10-02 11:00:00,FRN.Flow-In.Ave.15Minutes.3Hours.MIXED-COMPUTED-REV,-458.49,-80.48,-378.01,NEGATIVE
2024-10-02 12:00:00,FRN.Flow-In.Ave.15Minutes.3Hours.MIXED-COMPUTED-REV,-744.75,-80.49,-664.25,NEGATIVE
2024-10-02 13:00:00,FRN.Flow-In.Ave.15Minutes.3Hours.MIXED-COMPUTED-REV,-887.47,-105.97,-781.50,"SPIKE,NEGATIVE"
2024-10-02 14:00:00,FRN.Flow-In.Ave.15Minutes.3Hours.MIXED-COMPUTED-REV,-522.71,-105.97,-416.73,NEGATIVE
2024-10-02 15:00:00,FRN.Flow-In.Ave.15Minutes.3Hours.MIXED-COMPUTED-REV,-80.48,-105.97,25.50,NEGATIVE
2024-10-02 18:00:00,FRN.Flow-In.Ave.15Minutes.3Hours.MIXED-COMPUTED-REV,-236.24,-54.76,-181.49,NEGATIVE
2024-10-02 19:00:00,FRN.Flow-In.Ave.15Minutes.3Hours.MIXED-COMPUTED-REV,-301.21,-54.06,-247.15,NEGATIVE
2024-10-02 20:00:00,FRN.Flow-In.Ave.15Minutes.3Hours.MIXED-COMPUTED-REV,-210.15,-54.06,-156.09,NEGATIVE
2024-10-02 22:00:00,FRN.Flow-In.Ave.15Minutes.3Hours.MIXED-COMPUTED-REV,-54.06,-80.48,26.42,NEGATIVE
2024-10-02 23:00:00,FRN.Flow-In.Ave.15Minutes.3Hours.MIXED-COMPUTED-REV,-105.97,-80.48,-25.50,NEGATIVE
2024-10-03 00:00:00,FRN.Flow-In.Ave.15Minutes.3Hours.MIXED-COMPUTED-REV,-222.82,-54.33,-168.50,NEGATIVE
2024-10-03 01:00:00,FRN.Flow-In.Ave.15Minutes.3Hours.MIXED-COMPUTED-REV,-235.62,-54.06,-181.56,NEGATIVE
2024-10-03 09:00:00,FRN.Flow-In.Ave.15Minutes.3Hours.MIXED-COMPUTED-REV,-235.93,49.50,-285.43,NEGATIVE
2024-10-03 10:00:00,FRN.Flow-In.Ave.15Minutes.3Hours.MIXED-COMPUTED-REV,-236.02,62.48,-298.50,NEGATIVE
2024-10-03 11:00:00,FRN.Flow-In.Ave.15Minutes.3Hours.MIXED-COMPUTED-REV,-54.33,62.48,-116.81,NEGATIVE
2024-10-03 16:00:00,FRN.Flow-In.Ave.15Minutes.3Hours.MIXED-COMPUTED-REV,-145.17,49.50,-194.68,NEGATIVE
2024-10-03 17:00:00,FRN.Flow-In.Ave.15Minutes.3Hours.MIXED-COMPUTED-REV,-210.07,49.50,-259.57,NEGATIVE
2024-10-03 18:00:00,FRN.Flow-In.Ave.15Minutes.3Hours.MIXED-COMPUTED-REV,-67.30,49.50,-116.81,NEGATIVE
2024-10-04 00:00:00,FRN.Flow-In.Ave.15Minutes.3Hours.MIXED-COMPUTED-REV,-170.66,49.50,-220.16,NEGATIVE
2024-10-04 01:00:00,FRN.Flow-In.Ave.15Minutes.3Hours.MIXED-COMPUTED-REV,-248.42,23.70,-272.12,NEGATIVE
2024-10-04 02:00:00,FRN.Flow-In.Ave.15Minutes.3Hours.MIXED-COMPUTED-REV,-209.57,-11.03,-198.53,NEGATIVE
2024-10-04 03:00:00,FRN.Flow-In.Ave.15Minutes.3Hours.MIXED-COMPUTED-REV,-15.03,-15.03,0.00,NEGATIVE
2024-10-04 09:00:00,FRN.Flow-In.Ave.15Minutes.3Hours.MIXED-COMPUTED-REV,-41.71,-15.03,-26.68,NEGATIVE
2024-10-04 10:00:00,FRN.Flow-In.Ave.15Minutes.3Hours.MIXED-COMPUTED-REV,-15.70,-15.03,-0.67,NEGATIVE
2024-10-04 11:00:00,FRN.Flow-In.Ave.15Minutes.3Hours.MIXED-COMPUTED-REV,-64.06,-15.70,-48.36,NEGATIVE
2024-10-04 12:00:00,FRN.Flow-In.Ave.15Minutes.3Hours.MIXED-COMPUTED-REV,-59.22,-25.30,-33.92,NEGATIVE
2024-10-04 13:00:00,FRN.Flow-In.Ave.15Minutes.3Hours.MIXED-COMPUTED-REV,-115.24,-25.30,-89.95,NEGATIVE
2024-10-04 14:00:00,FRN.Flow-In.Ave.15Minutes.3Hours.MIXED-COMPUTED-REV,-11.03,-25.30,14.27,NEGATIVE
2024-10-04 15:00:00,FRN.Flow-In.Ave.15Minutes.3Hours.MIXED-COMPUTED-REV,-25.30,-25.30,0.00,NEGATIVE
2024-10-04 16:00:00,FRN.Flow-In.Ave.15Minutes.3Hours.MIXED-COMPUTED-REV,-65.57,-25.30,-40.27,NEGATIVE
2024-10-04 17:00:00,FRN.Flow-In.Ave.15Minutes.3Hours.MIXED-COMPUTED-REV,-202.01,-25.30,-176.71,NEGATIVE
2024-10-04 18:00:00,FRN.Flow-In.Ave.15Minutes.3Hours.MIXED-COMPUTED-REV,-156.26,-25.30,-130.96,NEGATIVE
2024-10-04 19:00:00,FRN.Flow-In.Ave.15Minutes.3Hours.MIXED-COMPUTED-REV,-11.45,-25.30,13.85,NEGATIVE
2024-10-04 21:00:00,FRN.Flow-In.Ave.15Minutes.3Hours.MIXED-COMPUTED-REV,274.76,-36.86,311.61,SPIKE
2024-10-04 23:00:00,FRN.Flow-In.Ave.15Minutes.3Hours.MIXED-COMPUTED-REV,-154.22,-36.89,-117.33,NEGATIVE
2024-10-05 00:00:00,FRN.Flow-In.Ave.15Minutes.3Hours.MIXED-COMPUTED-REV,-310.12,-36.86,-273.27,"SPIKE,NEGATIVE"
2024-10-05 01:00:00,FRN.Flow-In.Ave.15Minutes.3Hours.MIXED-COMPUTED-REV,-167.16,-25.30,-141.86,NEGATIVE
2024-10-05 02:00:00,FRN.Flow-In.Ave.15Minutes.3Hours.MIXED-COMPUTED-REV,-76.00,-24.06,-51.94,NEGATIVE
2024-10-05 03:00:00,FRN.Flow-In.Ave.15Minutes.3Hours.MIXED-COMPUTED-REV,-36.86,-24.06,-12.80,NEGATIVE
2024-10-05 04:00:00,FRN.Flow-In.Ave.15Minutes.3Hours.MIXED-COMPUTED-REV,-23.69,-24.02,0.33,NEGATIVE
2024-10-05 05:00:00,FRN.Flow-In.Ave.15Minutes.3Hours.MIXED-COMPUTED-REV,-23.55,-24.02,0.47,NEGATIVE
2024-10-05 06:00:00,FRN.Flow-In.Ave.15Minutes.3Hours.MIXED-COMPUTED-REV,-23.70,-24.02,0.33,NEGATIVE
2024-10-05 07:00:00,FRN.Flow-In.Ave.15Minutes.3Hours.MIXED-COMPUTED-REV,-24.06,-24.02,-0.03,NEGATIVE
2024-10-05 08:00:00,FRN.Flow-In.Ave.15Minutes.3Hours.MIXED-COMPUTED-REV,-24.02,-24.02,0.00,NEGATIVE
2024-10-05 09:00:00,FRN.Flow-In.Ave.15Minutes.3Hours.MIXED-COMPUTED-REV,-36.89,-24.02,-12.86,NEGATIVE
2024-10-05 10:00:00,FRN.Flow-In.Ave.15Minutes.3Hours.MIXED-COMPUTED-REV,-192.37,-24.02,-168.35,NEGATIVE
2024-10-05 11:00:00,FRN.Flow-In.Ave.15Minutes.3Hours.MIXED-COMPUTED-REV,-147.53,-24.06,-123.48,NEGATIVE
2024-10-05 12:00:00,FRN.Flow-In.Ave.15Minutes.3Hours.MIXED-COMPUTED-REV,-17.29,-24.06,6.77,NEGATIVE
2024-10-05 16:00:00,FRN.Flow-In.Ave.15Minutes.3Hours.MIXED-COMPUTED-REV,-1.29,-23.69,22.40,NEGATIVE
2024-10-05 17:00:00,FRN.Flow-In.Ave.15Minutes.3Hours.MIXED-COMPUTED-REV,-53.75,-23.55,-30.20,NEGATIVE
2024-10-05 18:00:00,FRN.Flow-In.Ave.15Minutes.3Hours.MIXED-COMPUTED-REV,-181.41,-19.83,-161.58,NEGATIVE
2024-10-05 19:00:00,FRN.Flow-In.Ave.15Minutes.3Hours.MIXED-COMPUTED-REV,-165.78,-19.83,-145.95,NEGATIVE
2024-10-05 20:00:00,FRN.Flow-In.Ave.15Minutes.3Hours.MIXED-COMPUTED-REV,-19.83,-19.83,0.00,NEGATIVE
2024-10-05 23:00:00,FRN.Flow-In.Ave.15Minutes.3Hours.MIXED-COMPUTED-REV,-78.21,-19.83,-58.38,NEGATIVE
2024-10-06 00:00:00,FRN.Flow-In.Ave.15Minutes.3Hours.MIXED-COMPUTED-REV,-152.09,-19.83,-132.25,NEGATIVE
2024-10-06 01:00:00,FRN.Flow-In.Ave.15Minutes.3Hours.MIXED-COMPUTED-REV,-124.08,-19.83,-104.25,NEGATIVE
2024-10-06 07:00:00,FRN.Flow-In.Ave.15Minutes.3Hours.MIXED-COMPUTED-REV,-22.44,-50.11,27.66,NEGATIVE
2024-10-06 08:00:00,FRN.Flow-In.Ave.15Minutes.3Hours.MIXED-COMPUTED-REV,-50.11,-24.44,-25.67,NEGATIVE
2024-10-06 09:00:00,FRN.Flow-In.Ave.15Minutes.3Hours.MIXED-COMPUTED-REV,-90.20,-24.44,-65.76,NEGATIVE
2024-10-06 10:00:00,FRN.Flow-In.Ave.15Minutes.3Hours.MIXED-COMPUTED-REV,-129.22,-24.44,-104.78,NEGATIVE
2024-10-06 11:00:00,FRN.Flow-In.Ave.15Minutes.3Hours.MIXED-COMPUTED-REV,-139.72,-35.33,-104.40,NEGATIVE
2024-10-06 12:00:00,FRN.Flow-In.Ave.15Minutes.3Hours.MIXED-COMPUTED-REV,-56.66,-35.33,-21.34,NEGATIVE
2024-10-06 13:00:00,FRN.Flow-In.Ave.15Minutes.3Hours.MIXED-COMPUTED-REV,-4.66,-35.33,30.66,NEGATIVE
2024-10-06 15:00:00,FRN.Flow-In.Ave.15Minutes.3Hours.MIXED-COMPUTED-REV,-24.44,-35.33,10.89,NEGATIVE
2024-10-06 16:00:00,FRN.Flow-In.Ave.15Minutes.3Hours.MIXED-COMPUTED-REV,-87.95,-35.33,-52.62,NEGATIVE
2024-10-06 17:00:00,FRN.Flow-In.Ave.15Minutes.3Hours.MIXED-COMPUTED-REV,-123.48,-35.33,-88.15,NEGATIVE
2024-10-06 18:00:00,FRN.Flow-In.Ave.15Minutes.3Hours.MIXED-COMPUTED-REV,-224.29,-50.11,-174.18,NEGATIVE
2024-10-06 19:00:00,FRN.Flow-In.Ave.15Minutes.3Hours.MIXED-COMPUTED-REV,-154.78,-56.66,-98.11,NEGATIVE
2024-10-06 20:00:00,FRN.Flow-In.Ave.15Minutes.3Hours.MIXED-COMPUTED-REV,-4.09,-62.55,58.45,NEGATIVE
2024-10-06 23:00:00,FRN.Flow-In.Ave.15Minutes.3Hours.MIXED-COMPUTED-REV,-35.33,-35.33,0.00,NEGATIVE
2024-10-07 00:00:00,FRN.Flow-In.Ave.15Minutes.3Hours.MIXED-COMPUTED-REV,-152.20,-24.44,-127.76,NEGATIVE
2024-10-07 01:00:00,FRN.Flow-In.Ave.15Minutes.3Hours.MIXED-COMPUTED-REV,-228.19,-13.79,-214.40,NEGATIVE
2024-10-07 02:00:00,FRN.Flow-In.Ave.15Minutes.3Hours.MIXED-COMPUTED-REV,-122.66,-24.44,-98.22,NEGATIVE
2024-10-07 06:00:00,FRN.Flow-In.Ave.15Minutes.3Hours.MIXED-COMPUTED-REV,-62.55,-35.33,-27.22,NEGATIVE
2024-10-07 07:00:00,FRN.Flow-In.Ave.15Minutes.3Hours.MIXED-COMPUTED-REV,-154.18,-33.62,-120.56,NEGATIVE
2024-10-07 08:00:00,FRN.Flow-In.Ave.15Minutes.3Hours.MIXED-COMPUTED-REV,-104.23,-13.79,-90.44,NEGATIVE
2024-10-07 09:00:00,FRN.Flow-In.Ave.15Minutes.3Hours.MIXED-COMPUTED-REV,-13.79,-33.62,19.83,NEGATIVE
2024-10-07 10:00:00,FRN.Flow-In.Ave.15Minutes.3Hours.MIXED-COMPUTED-REV,-0.28,-33.99,33.71,NEGATIVE
2024-10-07 14:00:00,FRN.Flow-In.Ave.15Minutes.3Hours.MIXED-COMPUTED-REV,-33.62,-33.99,0.37,NEGATIVE
2024-10-07 15:00:00,FRN.Flow-In.Ave.15Minutes.3Hours.MIXED-COMPUTED-REV,-66.70,-33.62,-33.08,NEGATIVE
2024-10-07 16:00:00,FRN.Flow-In.Ave.15Minutes.3Hours.MIXED-COMPUTED-REV,-49.18,-33.62,-15.56,NEGATIVE
2024-10-07 17:00:00,FRN.Flow-In.Ave.15Minutes.3Hours.MIXED-COMPUTED-REV,-86.38,-33.62,-52.76,NEGATIVE
2024-10-07 18:00:00,FRN.Flow-In.Ave.15Minutes.3Hours.MIXED-COMPUTED-REV,-60.39,-33.62,-26.77,NEGATIVE
2024-10-07 21:00:00,FRN.Flow-In.Ave.15Minutes.3Hours.MIXED-COMPUTED-REV,-33.99,-13.19,-20.81,NEGATIVE
2024-10-07 22:00:00,FRN.Flow-In.Ave.15Minutes.3Hours.MIXED-COMPUTED-REV,-121.07,-13.19,-107.88,NEGATIVE
2024-10-07 23:00:00,FRN.Flow-In.Ave.15Minutes.3Hours.MIXED-COMPUTED-REV,-182.55,-32.45,-150.10,NEGATIVE
2024-10-08 00:00:00,FRN.Flow-In.Ave.15Minutes.3Hours.MIXED-COMPUTED-REV,-157.20,-32.45,-124.75,NEGATIVE
2024-10-08 01:00:00,FRN.Flow-In.Ave.15Minutes.3Hours.MIXED-COMPUTED-REV,-120.03,-33.62,-86.42,NEGATIVE
2024-10-08 02:00:00,FRN.Flow-In.Ave.15Minutes.3Hours.MIXED-COMPUTED-REV,-32.45,-33.99,1.54,NEGATIVE
2024-10-08 07:00:00,FRN.Flow-In.Ave.15Minutes.3Hours.MIXED-COMPUTED-REV,-13.19,-47.73,34.55,NEGATIVE
2024-10-08 08:00:00,FRN.Flow-In.Ave.15Minutes.3Hours.MIXED-COMPUTED-REV,-12.83,-47.73,34.90,NEGATIVE
2024-10-08 09:00:00,FRN.Flow-In.Ave.15Minutes.3Hours.MIXED-COMPUTED-REV,-10.93,-47.73,36.81,NEGATIVE
2024-10-08 10:00:00,FRN.Flow-In.Ave.15Minutes.3Hours.MIXED-COMPUTED-REV,-47.73,-47.73,0.00,NEGATIVE
2024-10-08 11:00:00,FRN.Flow-In.Ave.15Minutes.3Hours.MIXED-COMPUTED-REV,-48.49,-47.73,-0.76,NEGATIVE
2024-10-08 12:00:00,FRN.Flow-In.Ave.15Minutes.3Hours.MIXED-COMPUTED-REV,-25.40,-47.73,22.33,NEGATIVE
2024-10-08 13:00:00,FRN.Flow-In.Ave.15Minutes.3Hours.MIXED-COMPUTED-REV,-153.31,-47.73,-105.58,NEGATIVE
2024-10-08 14:00:00,FRN.Flow-In.Ave.15Minutes.3Hours.MIXED-COMPUTED-REV,-279.25,-40.54,-238.71,NEGATIVE
2024-10-08 15:00:00,FRN.Flow-In.Ave.15Minutes.3Hours.MIXED-COMPUTED-REV,-265.93,-40.54,-225.39,NEGATIVE
2024-10-08 16:00:00,FRN.Flow-In.Ave.15Minutes.3Hours.MIXED-COMPUTED-REV,-139.46,-40.54,-98.92,NEGATIVE
2024-10-08 17:00:00,FRN.Flow-In.Ave.15Minutes.3Hours.MIXED-COMPUTED-REV,-50.86,-40.54,-10.32,NEGATIVE
2024-10-08 18:00:00,FRN.Flow-In.Ave.15Minutes.3Hours.MIXED-COMPUTED-REV,-100.35,-47.73,-52.62,NEGATIVE
2024-10-08 19:00:00,FRN.Flow-In.Ave.15Minutes.3Hours.MIXED-COMPUTED-REV,-75.46,-47.73,-27.72,NEGATIVE
2024-10-08 20:00:00,FRN.Flow-In.Ave.15Minutes.3Hours.MIXED-COMPUTED-REV,-13.98,-47.73,33.75,NEGATIVE
2024-10-08 22:00:00,FRN.Flow-In.Ave.15Minutes.3Hours.MIXED-COMPUTED-REV,-40.54,-47.73,7.19,NEGATIVE
2024-10-08 23:00:00,FRN.Flow-In.Ave.15Minutes.3Hours.MIXED-COMPUTED-REV,-101.98,-48.49,-53.49,NEGATIVE
2024-10-09 00:00:00,FRN.Flow-In.Ave.15Minutes.3Hours.MIXED-COMPUTED-REV,-176.76,-50.86,-125.89,NEGATIVE
2024-10-09 01:00:00,FRN.Flow-In.Ave.15Minutes.3Hours.MIXED-COMPUTED-REV,-150.44,-62.72,-87.72,NEGATIVE
2024-10-09 02:00:00,FRN.Flow-In.Ave.15Minutes.3Hours.MIXED-COMPUTED-REV,-10.92,-50.86,39.95,NEGATIVE
2024-10-09 05:00:00,FRN.Flow-In.Ave.15Minutes.3Hours.MIXED-COMPUTED-REV,-10.61,-41.67,31.06,NEGATIVE
2024-10-09 06:00:00,FRN.Flow-In.Ave.15Minutes.3Hours.MIXED-COMPUTED-REV,-62.72,-41.67,-21.05,NEGATIVE
2024-10-09 07:00:00,FRN.Flow-In.Ave.15Minutes.3Hours.MIXED-COMPUTED-REV,-27.08,-41.67,14.60,NEGATIVE
2024-10-09 11:00:00,FRN.Flow-In.Ave.15Minutes.3Hours.MIXED-COMPUTED-REV,-129.74,-62.72,-67.01,NEGATIVE
2024-10-09 12:00:00,FRN.Flow-In.Ave.15Minutes.3Hours.MIXED-COMPUTED-REV,-166.12,-62.72,-103.40,NEGATIVE
2024-10-09 13:00:00,FRN.Flow-In.Ave.15Minutes.3Hours.MIXED-COMPUTED-REV,-101.59,-52.08,-49.51,NEGATIVE
2024-10-09 14:00:00,FRN.Flow-In.Ave.15Minutes.3Hours.MIXED-COMPUTED-REV,-26.48,-52.08,25.61,NEGATIVE
2024-10-09 15:00:00,FRN.Flow-In.Ave.15Minutes.3Hours.MIXED-COMPUTED-REV,-41.67,-62.72,21.05,NEGATIVE
2024-10-09 16:00:00,FRN.Flow-In.Ave.15Minutes.3Hours.MIXED-COMPUTED-REV,-70.97,-63.24,-7.73,NEGATIVE
2024-10-09 17:00:00,FRN.Flow-In.Ave.15Minutes.3Hours.MIXED-COMPUTED-REV,-47.89,-63.24,15.35,NEGATIVE
2024-10-09 18:00:00,FRN.Flow-In.Ave.15Minutes.3Hours.MIXED-COMPUTED-REV,-72.00,-63.24,-8.76,NEGATIVE
2024-10-09 19:00:00,FRN.Flow-In.Ave.15Minutes.3Hours.MIXED-COMPUTED-REV,-44.43,-63.24,18.81,NEGATIVE
2024-10-09 20:00:00,FRN.Flow-In.Ave.15Minutes.3Hours.MIXED-COMPUTED-REV,-155.02,-63.24,-91.78,NEGATIVE
2024-10-09 21:00:00,FRN.Flow-In.Ave.15Minutes.3Hours.MIXED-COMPUTED-REV,-116.98,-63.24,-53.74,NEGATIVE
2024-10-09 22:00:00,FRN.Flow-In.Ave.15Minutes.3Hours.MIXED-COMPUTED-REV,-141.02,-63.24,-77.78,NEGATIVE
2024-10-09 23:00:00,FRN.Flow-In.Ave.15Minutes.3Hours.MIXED-COMPUTED-REV,-77.20,-63.24,-13.96,NEGATIVE
2024-10-10 00:00:00,FRN.Flow-In.Ave.15Minutes.3Hours.MIXED-COMPUTED-REV,-63.24,-63.24,0.00,NEGATIVE
2024-10-10 01:00:00,FRN.Flow-In.Ave.15Minutes.3Hours.MIXED-COMPUTED-REV,-52.08,-63.24,11.16,NEGATIVE
2024-10-10 02:00:00,FRN.Flow-In.Ave.15Minutes.3Hours.MIXED-COMPUTED-REV,-104.70,-56.28,-48.42,NEGATIVE
2024-10-10 03:00:00,FRN.Flow-In.Ave.15Minutes.3Hours.MIXED-COMPUTED-REV,-205.36,-56.28,-149.08,NEGATIVE
2024-10-10 04:00:00,FRN.Flow-In.Ave.15Minutes.3Hours.MIXED-COMPUTED-REV,-167.53,-56.28,-111.25,NEGATIVE
2024-10-10 05:00:00,FRN.Flow-In.Ave.15Minutes.3Hours.MIXED-COMPUTED-REV,-5.14,-56.28,51.13,NEGATIVE
2024-10-10 10:00:00,FRN.Flow-In.Ave.15Minutes.3Hours.MIXED-COMPUTED-REV,-5.68,-56.28,50.60,NEGATIVE
2024-10-10 11:00:00,FRN.Flow-In.Ave.15Minutes.3Hours.MIXED-COMPUTED-REV,-32.74,-56.28,23.53,NEGATIVE
2024-10-10 12:00:00,FRN.Flow-In.Ave.15Minutes.3Hours.MIXED-COMPUTED-REV,-143.91,-56.28,-87.64,NEGATIVE
2024-10-10 13:00:00,FRN.Flow-In.Ave.15Minutes.3Hours.MIXED-COMPUTED-REV,-167.83,-56.28,-111.55,NEGATIVE
2024-10-10 14:00:00,FRN.Flow-In.Ave.15Minutes.3Hours.MIXED-COMPUTED-REV,-56.28,-56.28,0.00,NEGATIVE
2024-10-10 15:00:00,FRN.Flow-In.Ave.15Minutes.3Hours.MIXED-COMPUTED-REV,-32.47,-45.29,12.83,NEGATIVE
2024-10-10 16:00:00,FRN.Flow-In.Ave.15Minutes.3Hours.MIXED-COMPUTED-REV,-45.29,-32.74,-12.55,NEGATIVE
2024-10-10 17:00:00,FRN.Flow-In.Ave.15Minutes.3Hours.MIXED-COMPUTED-REV,-265.99,-32.47,-233.53,NEGATIVE
2024-10-10 18:00:00,FRN.Flow-In.Ave.15Minutes.3Hours.MIXED-COMPUTED-REV,-301.03,-32.74,-268.29,NEGATIVE
2024-10-10 19:00:00,FRN.Flow-In.Ave.15Minutes.3Hours.MIXED-COMPUTED-REV,-91.17,-45.29,-45.88,NEGATIVE
2024-10-10 22:00:00,FRN.Flow-In.Ave.15Minutes.3Hours.MIXED-COMPUTED-REV,-80.62,-56.28,-24.35,NEGATIVE
2024-10-10 23:00:00,FRN.Flow-In.Ave.15Minutes.3Hours.MIXED-COMPUTED-REV,-115.54,-56.28,-59.27,NEGATIVE
2024-10-11 00:00:00,FRN.Flow-In.Ave.15Minutes.3Hours.MIXED-COMPUTED-REV,-113.90,-56.28,-57.62,NEGATIVE
2024-10-11 01:00:00,FRN.Flow-In.Ave.15Minutes.3Hours.MIXED-COMPUTED-REV,-113.71,-45.29,-68.41,NEGATIVE
2024-10-11 06:00:00,FRN.Flow-In.Ave.15Minutes.3Hours.MIXED-COMPUTED-REV,-117.52,-58.32,-59.20,NEGATIVE
2024-10-11 07:00:00,FRN.Flow-In.Ave.15Minutes.3Hours.MIXED-COMPUTED-REV,-167.34,-58.32,-109.02,NEGATIVE
2024-10-11 08:00:00,FRN.Flow-In.Ave.15Minutes.3Hours.MIXED-COMPUTED-REV,-106.40,-53.73,-52.67,NEGATIVE
2024-10-11 09:00:00,FRN.Flow-In.Ave.15Minutes.3Hours.MIXED-COMPUTED-REV,-33.04,-53.73,20.70,NEGATIVE
2024-10-11 10:00:00,FRN.Flow-In.Ave.15Minutes.3Hours.MIXED-COMPUTED-REV,-20.76,-58.32,37.56,NEGATIVE
2024-10-11 11:00:00,FRN.Flow-In.Ave.15Minutes.3Hours.MIXED-COMPUTED-REV,-7.56,-58.32,50.76,NEGATIVE
2024-10-11 13:00:00,FRN.Flow-In.Ave.15Minutes.3Hours.MIXED-COMPUTED-REV,-4.44,-58.32,53.88,NEGATIVE
2024-10-11 14:00:00,FRN.Flow-In.Ave.15Minutes.3Hours.MIXED-COMPUTED-REV,-53.73,-58.32,4.59,NEGATIVE
2024-10-11 15:00:00,FRN.Flow-In.Ave.15Minutes.3Hours.MIXED-COMPUTED-REV,-117.00,-69.12,-47.89,NEGATIVE
2024-10-11 16:00:00,FRN.Flow-In.Ave.15Minutes.3Hours.MIXED-COMPUTED-REV,-58.32,-80.12,21.80,NEGATIVE
2024-10-11 17:00:00,FRN.Flow-In.Ave.15Minutes.3Hours.MIXED-COMPUTED-REV,-108.58,-80.12,-28.46,NEGATIVE
2024-10-11 18:00:00,FRN.Flow-In.Ave.15Minutes.3Hours.MIXED-COMPUTED-REV,-82.68,-80.12,-2.56,NEGATIVE
2024-10-11 19:00:00,FRN.Flow-In.Ave.15Minutes.3Hours.MIXED-COMPUTED-REV,-69.12,-69.12,0.00,NEGATIVE
2024-10-11 21:00:00,FRN.Flow-In.Ave.15Minutes.3Hours.MIXED-COMPUTED-REV,-19.07,-58.32,39.25,NEGATIVE
2024-10-11 22:00:00,FRN.Flow-In.Ave.15Minutes.3Hours.MIXED-COMPUTED-REV,-91.34,-68.86,-22.48,NEGATIVE
2024-10-11 23:00:00,FRN.Flow-In.Ave.15Minutes.3Hours.MIXED-COMPUTED-REV,-138.18,-69.12,-69.06,NEGATIVE
2024-10-12 00:00:00,FRN.Flow-In.Ave.15Minutes.3Hours.MIXED-COMPUTED-REV,-124.83,-80.12,-44.72,NEGATIVE
2024-10-12 01:00:00,FRN.Flow-In.Ave.15Minutes.3Hours.MIXED-COMPUTED-REV,-102.00,-82.68,-19.32,NEGATIVE
2024-10-12 02:00:00,FRN.Flow-In.Ave.15Minutes.3Hours.MIXED-COMPUTED-REV,-102.67,-82.68,-20.00,NEGATIVE
2024-10-12 03:00:00,FRN.Flow-In.Ave.15Minutes.3Hours.MIXED-COMPUTED-REV,-91.45,-82.68,-8.77,NEGATIVE
2024-10-12 04:00:00,FRN.Flow-In.Ave.15Minutes.3Hours.MIXED-COMPUTED-REV,-80.12,-80.12,0.00,NEGATIVE
2024-10-12 05:00:00,FRN.Flow-In.Ave.15Minutes.3Hours.MIXED-COMPUTED-REV,-56.55,-80.12,23.57,NEGATIVE
2024-10-12 06:00:00,FRN.Flow-In.Ave.15Minutes.3Hours.MIXED-COMPUTED-REV,-68.86,-69.12,0.25,NEGATIVE
2024-10-12 07:00:00,FRN.Flow-In.Ave.15Minutes.3Hours.MIXED-COMPUTED-REV,-17.98,-68.86,50.89,NEGATIVE
2024-10-12 08:00:00,FRN.Flow-In.Ave.15Minutes.3Hours.MIXED-COMPUTED-REV,-3.37,-68.86,65.49,NEGATIVE
2024-10-12 09:00:00,FRN.Flow-In.Ave.15Minutes.3Hours.MIXED-COMPUTED-REV,-2.71,-80.12,77.41,NEGATIVE
2024-10-12 10:00:00,FRN.Flow-In.Ave.15Minutes.3Hours.MIXED-COMPUTED-REV,-114.14,-91.34,-22.80,NEGATIVE
2024-10-12 11:00:00,FRN.Flow-In.Ave.15Minutes.3Hours.MIXED-COMPUTED-REV,-104.86,-91.45,-13.41,NEGATIVE
2024-10-12 12:00:00,FRN.Flow-In.Ave.15Minutes.3Hours.MIXED-COMPUTED-REV,-94.63,-91.45,-3.18,NEGATIVE
2024-10-12 13:00:00,FRN.Flow-In.Ave.15Minutes.3Hours.MIXED-COMPUTED-REV,-130.29,-91.45,-38.84,NEGATIVE
2024-10-12 14:00:00,FRN.Flow-In.Ave.15Minutes.3Hours.MIXED-COMPUTED-REV,-43.82,-80.12,36.29,NEGATIVE
2024-10-12 17:00:00,FRN.Flow-In.Ave.15Minutes.3Hours.MIXED-COMPUTED-REV,-52.84,-52.84,0.00,NEGATIVE
2024-10-12 18:00:00,FRN.Flow-In.Ave.15Minutes.3Hours.MIXED-COMPUTED-REV,-40.29,-43.82,3.53,NEGATIVE
2024-10-12 19:00:00,FRN.Flow-In.Ave.15Minutes.3Hours.MIXED-COMPUTED-REV,-28.49,-43.22,14.73,NEGATIVE
2024-10-12 20:00:00,FRN.Flow-In.Ave.15Minutes.3Hours.MIXED-COMPUTED-REV,-127.65,-43.82,-83.83,NEGATIVE
2024-10-12 21:00:00,FRN.Flow-In.Ave.15Minutes.3Hours.MIXED-COMPUTED-REV,-154.01,-44.77,-109.24,NEGATIVE
2024-10-12 22:00:00,FRN.Flow-In.Ave.15Minutes.3Hours.MIXED-COMPUTED-REV,-155.14,-52.84,-102.30,NEGATIVE
2024-10-12 23:00:00,FRN.Flow-In.Ave.15Minutes.3Hours.MIXED-COMPUTED-REV,-117.09,-52.84,-64.25,NEGATIVE
2024-10-13 00:00:00,FRN.Flow-In.Ave.15Minutes.3Hours.MIXED-COMPUTED-REV,-140.30,-52.84,-87.46,NEGATIVE
2024-10-13 01:00:00,FRN.Flow-In.Ave.15Minutes.3Hours.MIXED-COMPUTED-REV,-115.96,-52.84,-63.13,NEGATIVE
2024-10-13 02:00:00,FRN.Flow-In.Ave.15Minutes.3Hours.MIXED-COMPUTED-REV,-19.46,-52.84,33.37,NEGATIVE
2024-10-13 06:00:00,FRN.Flow-In.Ave.15Minutes.3Hours.MIXED-COMPUTED-REV,-43.22,-108.94,65.72,NEGATIVE
2024-10-13 08:00:00,FRN.Flow-In.Ave.15Minutes.3Hours.MIXED-COMPUTED-REV,-44.77,-108.94,64.17,NEGATIVE
2024-10-13 09:00:00,FRN.Flow-In.Ave.15Minutes.3Hours.MIXED-COMPUTED-REV,-92.99,-92.99,0.00,NEGATIVE
2024-10-13 10:00:00,FRN.Flow-In.Ave.15Minutes.3Hours.MIXED-COMPUTED-REV,-129.10,-92.21,-36.89,NEGATIVE
2024-10-13 11:00:00,FRN.Flow-In.Ave.15Minutes.3Hours.MIXED-COMPUTED-REV,-140.17,-83.87,-56.30,NEGATIVE
2024-10-13 12:00:00,FRN.Flow-In.Ave.15Minutes.3Hours.MIXED-COMPUTED-REV,-151.61,-58.63,-92.98,NEGATIVE
2024-10-13 13:00:00,FRN.Flow-In.Ave.15Minutes.3Hours.MIXED-COMPUTED-REV,-187.14,-58.63,-128.51,NEGATIVE
2024-10-13 14:00:00,FRN.Flow-In.Ave.15Minutes.3Hours.MIXED-COMPUTED-REV,-152.35,-58.21,-94.14,NEGATIVE
2024-10-13 15:00:00,FRN.Flow-In.Ave.15Minutes.3Hours.MIXED-COMPUTED-REV,-58.63,-58.21,-0.41,NEGATIVE
2024-10-13 16:00:00,FRN.Flow-In.Ave.15Minutes.3Hours.MIXED-COMPUTED-REV,-48.01,-58.21,10.21,NEGATIVE
2024-10-13 17:00:00,FRN.Flow-In.Ave.15Minutes.3Hours.MIXED-COMPUTED-REV,-108.94,-58.21,-50.72,NEGATIVE
2024-10-13 18:00:00,FRN.Flow-In.Ave.15Minutes.3Hours.MIXED-COMPUTED-REV,-144.59,-58.21,-86.37,NEGATIVE
2024-10-13 19:00:00,FRN.Flow-In.Ave.15Minutes.3Hours.MIXED-COMPUTED-REV,-83.87,-58.21,-25.66,NEGATIVE
2024-10-13 20:00:00,FRN.Flow-In.Ave.15Minutes.3Hours.MIXED-COMPUTED-REV,-58.21,-58.29,0.08,NEGATIVE
2024-10-13 21:00:00,FRN.Flow-In.Ave.15Minutes.3Hours.MIXED-COMPUTED-REV,-92.21,-58.29,-33.92,NEGATIVE
2024-10-13 22:00:00,FRN.Flow-In.Ave.15Minutes.3Hours.MIXED-COMPUTED-REV,-55.87,-58.29,2.43,NEGATIVE
2024-10-13 23:00:00,FRN.Flow-In.Ave.15Minutes.3Hours.MIXED-COMPUTED-REV,-21.13,-58.29,37.17,NEGATIVE
2024-10-14 00:00:00,FRN.Flow-In.Ave.15Minutes.3Hours.MIXED-COMPUTED-REV,-23.12,-58.29,35.18,NEGATIVE
2024-10-14 01:00:00,FRN.Flow-In.Ave.15Minutes.3Hours.MIXED-COMPUTED-REV,-59.26,-58.29,-0.97,NEGATIVE
2024-10-14 02:00:00,FRN.Flow-In.Ave.15Minutes.3Hours.MIXED-COMPUTED-REV,-57.53,-58.26,0.73,NEGATIVE
2024-10-14 06:00:00,FRN.Flow-In.Ave.15Minutes.3Hours.MIXED-COMPUTED-REV,-20.36,-58.26,37.90,NEGATIVE
2024-10-14 07:00:00,FRN.Flow-In.Ave.15Minutes.3Hours.MIXED-COMPUTED-REV,-56.99,-58.26,1.27,NEGATIVE
2024-10-14 08:00:00,FRN.Flow-In.Ave.15Minutes.3Hours.MIXED-COMPUTED-REV,-58.29,-58.26,-0.03,NEGATIVE
2024-10-14 09:00:00,FRN.Flow-In.Ave.15Minutes.3Hours.MIXED-COMPUTED-REV,-58.26,-58.26,0.00,NEGATIVE
2024-10-14 10:00:00,FRN.Flow-In.Ave.15Minutes.3Hours.MIXED-COMPUTED-REV,-106.81,-57.53,-49.28,NEGATIVE
2024-10-14 11:00:00,FRN.Flow-In.Ave.15Minutes.3Hours.MIXED-COMPUTED-REV,-130.61,-58.26,-72.35,NEGATIVE
2024-10-14 12:00:00,FRN.Flow-In.Ave.15Minutes.3Hours.MIXED-COMPUTED-REV,-107.66,-58.29,-49.37,NEGATIVE
2024-10-14 13:00:00,FRN.Flow-In.Ave.15Minutes.3Hours.MIXED-COMPUTED-REV,-95.94,-59.26,-36.68,NEGATIVE
2024-10-14 14:00:00,FRN.Flow-In.Ave.15Minutes.3Hours.MIXED-COMPUTED-REV,-36.17,-58.29,22.13,NEGATIVE
2024-10-14 15:00:00,FRN.Flow-In.Ave.15Minutes.3Hours.MIXED-COMPUTED-REV,-47.08,-58.29,11.21,NEGATIVE
2024-10-14 16:00:00,FRN.Flow-In.Ave.15Minutes.3Hours.MIXED-COMPUTED-REV,-80.57,-58.29,-22.28,NEGATIVE
2024-10-14 17:00:00,FRN.Flow-In.Ave.15Minutes.3Hours.MIXED-COMPUTED-REV,-102.72,-58.29,-44.43,NEGATIVE
2024-10-14 18:00:00,FRN.Flow-In.Ave.15Minutes.3Hours.MIXED-COMPUTED-REV,-205.94,-58.29,-147.65,NEGATIVE
2024-10-14 19:00:00,FRN.Flow-In.Ave.15Minutes.3Hours.MIXED-COMPUTED-REV,-188.96,-58.29,-130.67,NEGATIVE
2024-10-14 20:00:00,FRN.Flow-In.Ave.15Minutes.3Hours.MIXED-COMPUTED-REV,-149.78,-58.29,-91.49,NEGATIVE
2024-10-14 21:00:00,FRN.Flow-In.Ave.15Minutes.3Hours.MIXED-COMPUTED-REV,-40.26,-58.26,18.00,NEGATIVE
2024-10-14 22:00:00,FRN.Flow-In.Ave.15Minutes.3Hours.MIXED-COMPUTED-REV,-39.42,-54.89,15.46,NEGATIVE
2024-10-14 23:00:00,FRN.Flow-In.Ave.15Minutes.3Hours.MIXED-COMPUTED-REV,-155.15,-54.89,-100.26,NEGATIVE
2024-10-15 00:00:00,FRN.Flow-In.Ave.15Minutes.3Hours.MIXED-COMPUTED-REV,-119.24,-54.89,-64.35,NEGATIVE
2024-10-15 01:00:00,FRN.Flow-In.Ave.15Minutes.3Hours.MIXED-COMPUTED-REV,-82.09,-54.89,-27.20,NEGATIVE
2024-10-15 10:00:00,FRN.Flow-In.Ave.15Minutes.3Hours.MIXED-COMPUTED-REV,-54.89,-53.16,-1.72,NEGATIVE
2024-10-15 11:00:00,FRN.Flow-In.Ave.15Minutes.3Hours.MIXED-COMPUTED-REV,-123.75,-54.89,-68.87,NEGATIVE
2024-10-15 12:00:00,FRN.Flow-In.Ave.15Minutes.3Hours.MIXED-COMPUTED-REV,-135.72,-54.89,-80.84,NEGATIVE
2024-10-15 13:00:00,FRN.Flow-In.Ave.15Minutes.3Hours.MIXED-COMPUTED-REV,-100.20,-53.16,-47.04,NEGATIVE
2024-10-15 14:00:00,FRN.Flow-In.Ave.15Minutes.3Hours.MIXED-COMPUTED-REV,-75.89,-41.03,-34.86,NEGATIVE
2024-10-15 15:00:00,FRN.Flow-In.Ave.15Minutes.3Hours.MIXED-COMPUTED-REV,-41.03,-41.03,0.00,NEGATIVE
2024-10-15 18:00:00,FRN.Flow-In.Ave.15Minutes.3Hours.MIXED-COMPUTED-REV,-53.16,-54.89,1.72,NEGATIVE
2024-10-15 19:00:00,FRN.Flow-In.Ave.15Minutes.3Hours.MIXED-COMPUTED-REV,-131.24,-54.89,-76.35,NEGATIVE
2024-10-15 20:00:00,FRN.Flow-In.Ave.15Minutes.3Hours.MIXED-COMPUTED-REV,-106.81,-54.89,-51.92,NEGATIVE
2024-10-15 21:00:00,FRN.Flow-In.Ave.15Minutes.3Hours.MIXED-COMPUTED-REV,-83.37,-54.89,-28.48,NEGATIVE
2024-10-15 22:00:00,FRN.Flow-In.Ave.15Minutes.3Hours.MIXED-COMPUTED-REV,-140.30,-54.89,-85.41,NEGATIVE
2024-10-15 23:00:00,FRN.Flow-In.Ave.15Minutes.3Hours.MIXED-COMPUTED-REV,-175.55,-53.16,-122.39,NEGATIVE
2024-10-16 00:00:00,FRN.Flow-In.Ave.15Minutes.3Hours.MIXED-COMPUTED-REV,-96.17,-41.03,-55.14,NEGATIVE
2024-10-16 01:00:00,FRN.Flow-In.Ave.15Minutes.3Hours.MIXED-COMPUTED-REV,-26.80,-26.80,0.00,NEGATIVE
2024-10-16 04:00:00,FRN.Flow-In.Ave.15Minutes.3Hours.MIXED-COMPUTED-REV,-13.41,-25.45,12.03,NEGATIVE
2024-10-16 05:00:00,FRN.Flow-In.Ave.15Minutes.3Hours.MIXED-COMPUTED-REV,-92.33,-26.80,-65.54,NEGATIVE
2024-10-16 06:00:00,FRN.Flow-In.Ave.15Minutes.3Hours.MIXED-COMPUTED-REV,-68.56,-53.16,-15.40,NEGATIVE
2024-10-16 10:00:00,FRN.Flow-In.Ave.15Minutes.3Hours.MIXED-COMPUTED-REV,-23.27,-26.80,3.52,NEGATIVE
2024-10-16 11:00:00,FRN.Flow-In.Ave.15Minutes.3Hours.MIXED-COMPUTED-REV,-25.20,-26.80,1.60,NEGATIVE
2024-10-16 12:00:00,FRN.Flow-In.Ave.15Minutes.3Hours.MIXED-COMPUTED-REV,-25.45,-26.80,1.35,NEGATIVE
2024-10-16 13:00:00,FRN.Flow-In.Ave.15Minutes.3Hours.MIXED-COMPUTED-REV,-24.65,-26.80,2.15,NEGATIVE
2024-10-16 14:00:00,FRN.Flow-In.Ave.15Minutes.3Hours.MIXED-COMPUTED-REV,-1.20,-25.45,24.25,NEGATIVE
2024-10-16 15:00:00,FRN.Flow-In.Ave.15Minutes.3Hours.MIXED-COMPUTED-REV,-90.02,-25.45,-64.57,NEGATIVE
2024-10-16 16:00:00,FRN.Flow-In.Ave.15Minutes.3Hours.MIXED-COMPUTED-REV,-112.29,-47.27,-65.01,NEGATIVE
2024-10-16 17:00:00,FRN.Flow-In.Ave.15Minutes.3Hours.MIXED-COMPUTED-REV,-88.73,-47.27,-41.46,NEGATIVE
2024-10-16 18:00:00,FRN.Flow-In.Ave.15Minutes.3Hours.MIXED-COMPUTED-REV,-54.14,-25.45,-28.69,NEGATIVE
2024-10-16 19:00:00,FRN.Flow-In.Ave.15Minutes.3Hours.MIXED-COMPUTED-REV,-19.67,-25.20,5.53,NEGATIVE
2024-10-16 20:00:00,FRN.Flow-In.Ave.15Minutes.3Hours.MIXED-COMPUTED-REV,-109.70,-25.20,-84.50,NEGATIVE
2024-10-16 21:00:00,FRN.Flow-In.Ave.15Minutes.3Hours.MIXED-COMPUTED-REV,-133.04,-25.45,-107.60,NEGATIVE
2024-10-16 22:00:00,FRN.Flow-In.Ave.15Minutes.3Hours.MIXED-COMPUTED-REV,-133.32,-47.27,-86.05,NEGATIVE
2024-10-16 23:00:00,FRN.Flow-In.Ave.15Minutes.3Hours.MIXED-COMPUTED-REV,-197.59,-54.14,-143.45,NEGATIVE
2024-10-17 00:00:00,FRN.Flow-In.Ave.15Minutes.3Hours.MIXED-COMPUTED-REV,-160.62,-78.88,-81.74,NEGATIVE
2024-10-17 01:00:00,FRN.Flow-In.Ave.15Minutes.3Hours.MIXED-COMPUTED-REV,-80.66,-78.88,-1.78,NEGATIVE
2024-10-17 02:00:00,FRN.Flow-In.Ave.15Minutes.3Hours.MIXED-COMPUTED-REV,-24.17,-78.88,54.71,NEGATIVE
2024-10-17 04:00:00,FRN.Flow-In.Ave.15Minutes.3Hours.MIXED-COMPUTED-REV,-47.27,-54.14,6.86,NEGATIVE
2024-10-17 09:00:00,FRN.Flow-In.Ave.15Minutes.3Hours.MIXED-COMPUTED-REV,-82.43,-45.63,-36.79,NEGATIVE
2024-10-17 10:00:00,FRN.Flow-In.Ave.15Minutes.3Hours.MIXED-COMPUTED-REV,-136.35,-30.95,-105.40,NEGATIVE
2024-10-17 11:00:00,FRN.Flow-In.Ave.15Minutes.3Hours.MIXED-COMPUTED-REV,-167.97,-24.17,-143.80,NEGATIVE
2024-10-17 12:00:00,FRN.Flow-In.Ave.15Minutes.3Hours.MIXED-COMPUTED-REV,-78.88,-24.17,-54.71,NEGATIVE
2024-10-17 16:00:00,FRN.Flow-In.Ave.15Minutes.3Hours.MIXED-COMPUTED-REV,-23.67,-30.95,7.28,NEGATIVE
2024-10-17 17:00:00,FRN.Flow-In.Ave.15Minutes.3Hours.MIXED-COMPUTED-REV,-23.58,-23.67,0.09,NEGATIVE
2024-10-17 18:00:00,FRN.Flow-In.Ave.15Minutes.3Hours.MIXED-COMPUTED-REV,-30.95,-23.67,-7.28,NEGATIVE
2024-10-17 19:00:00,FRN.Flow-In.Ave.15Minutes.3Hours.MIXED-COMPUTED-REV,-78.33,-23.67,-54.66,NEGATIVE
2024-10-17 20:00:00,FRN.Flow-In.Ave.15Minutes.3Hours.MIXED-COMPUTED-REV,-195.93,-23.67,-172.27,NEGATIVE
2024-10-17 21:00:00,FRN.Flow-In.Ave.15Minutes.3Hours.MIXED-COMPUTED-REV,-45.63,-30.95,-14.68,NEGATIVE
2024-10-18 00:00:00,FRN.Flow-In.Ave.15Minutes.3Hours.MIXED-COMPUTED-REV,-124.54,-30.95,-93.59,NEGATIVE
2024-10-18 01:00:00,FRN.Flow-In.Ave.15Minutes.3Hours.MIXED-COMPUTED-REV,-396.00,-30.95,-365.06,NEGATIVE
2024-10-18 02:00:00,FRN.Flow-In.Ave.15Minutes.3Hours.MIXED-COMPUTED-REV,-405.06,-45.63,-359.43,NEGATIVE
2024-10-18 03:00:00,FRN.Flow-In.Ave.15Minutes.3Hours.MIXED-COMPUTED-REV,-153.13,-55.01,-98.12,NEGATIVE
2024-10-18 07:00:00,FRN.Flow-In.Ave.15Minutes.3Hours.MIXED-COMPUTED-REV,-2.44,-64.88,62.44,NEGATIVE
2024-10-18 09:00:00,FRN.Flow-In.Ave.15Minutes.3Hours.MIXED-COMPUTED-REV,-109.56,-64.88,-44.68,NEGATIVE
2024-10-18 10:00:00,FRN.Flow-In.Ave.15Minutes.3Hours.MIXED-COMPUTED-REV,-108.68,-64.88,-43.80,NEGATIVE
2024-10-18 11:00:00,FRN.Flow-In.Ave.15Minutes.3Hours.MIXED-COMPUTED-REV,-97.81,-64.88,-32.93,NEGATIVE
2024-10-18 12:00:00,FRN.Flow-In.Ave.15Minutes.3Hours.MIXED-COMPUTED-REV,-75.92,-64.88,-11.04,NEGATIVE
2024-10-18 13:00:00,FRN.Flow-In.Ave.15Minutes.3Hours.MIXED-COMPUTED-REV,-64.88,-63.15,-1.73,NEGATIVE
2024-10-18 14:00:00,FRN.Flow-In.Ave.15Minutes.3Hours.MIXED-COMPUTED-REV,-97.46,-63.15,-34.31,NEGATIVE
2024-10-18 15:00:00,FRN.Flow-In.Ave.15Minutes.3Hours.MIXED-COMPUTED-REV,-55.01,-63.15,8.14,NEGATIVE
2024-10-18 16:00:00,FRN.Flow-In.Ave.15Minutes.3Hours.MIXED-COMPUTED-REV,-34.29,-63.15,28.86,NEGATIVE
2024-10-18 17:00:00,FRN.Flow-In.Ave.15Minutes.3Hours.MIXED-COMPUTED-REV,-34.37,-63.15,28.79,NEGATIVE
2024-10-18 18:00:00,FRN.Flow-In.Ave.15Minutes.3Hours.MIXED-COMPUTED-REV,-54.82,-63.15,8.34,NEGATIVE
2024-10-18 19:00:00,FRN.Flow-In.Ave.15Minutes.3Hours.MIXED-COMPUTED-REV,-96.31,-63.15,-33.15,NEGATIVE
2024-10-18 20:00:00,FRN.Flow-In.Ave.15Minutes.3Hours.MIXED-COMPUTED-REV,-115.82,-63.15,-52.66,NEGATIVE
2024-10-18 21:00:00,FRN.Flow-In.Ave.15Minutes.3Hours.MIXED-COMPUTED-REV,-114.89,-63.15,-51.73,NEGATIVE
2024-10-18 22:00:00,FRN.Flow-In.Ave.15Minutes.3Hours.MIXED-COMPUTED-REV,-40.31,-57.34,17.03,NEGATIVE
2024-10-19 01:00:00,FRN.Flow-In.Ave.15Minutes.3Hours.MIXED-COMPUTED-REV,-63.15,-54.82,-8.34,NEGATIVE
2024-10-19 02:00:00,FRN.Flow-In.Ave.15Minutes.3Hours.MIXED-COMPUTED-REV,-124.55,-40.31,-84.23,NEGATIVE
2024-10-19 03:00:00,FRN.Flow-In.Ave.15Minutes.3Hours.MIXED-COMPUTED-REV,-101.02,-34.37,-66.65,NEGATIVE
2024-10-19 04:00:00,FRN.Flow-In.Ave.15Minutes.3Hours.MIXED-COMPUTED-REV,-89.43,-34.29,-55.14,NEGATIVE
2024-10-19 05:00:00,FRN.Flow-In.Ave.15Minutes.3Hours.MIXED-COMPUTED-REV,-57.34,-34.37,-22.97,NEGATIVE
2024-10-19 06:00:00,FRN.Flow-In.Ave.15Minutes.3Hours.MIXED-COMPUTED-REV,-14.33,-40.31,25.99,NEGATIVE
2024-10-19 09:00:00,FRN.Flow-In.Ave.15Minutes.3Hours.MIXED-COMPUTED-REV,-21.95,-40.31,18.36,NEGATIVE
2024-10-19 10:00:00,FRN.Flow-In.Ave.15Minutes.3Hours.MIXED-COMPUTED-REV,-32.22,-40.31,8.09,NEGATIVE
2024-10-19 11:00:00,FRN.Flow-In.Ave.15Minutes.3Hours.MIXED-COMPUTED-REV,-64.09,-32.55,-31.55,NEGATIVE
2024-10-19 12:00:00,FRN.Flow-In.Ave.15Minutes.3Hours.MIXED-COMPUTED-REV,-32.55,-32.55,0.00,NEGATIVE
2024-10-19 16:00:00,FRN.Flow-In.Ave.15Minutes.3Hours.MIXED-COMPUTED-REV,-31.33,-32.55,1.21,NEGATIVE
2024-10-19 17:00:00,FRN.Flow-In.Ave.15Minutes.3Hours.MIXED-COMPUTED-REV,-73.90,-32.55,-41.36,NEGATIVE
2024-10-19 18:00:00,FRN.Flow-In.Ave.15Minutes.3Hours.MIXED-COMPUTED-REV,-166.74,-32.55,-134.19,NEGATIVE
2024-10-19 19:00:00,FRN.Flow-In.Ave.15Minutes.3Hours.MIXED-COMPUTED-REV,-164.23,-49.95,-114.28,NEGATIVE
2024-10-19 20:00:00,FRN.Flow-In.Ave.15Minutes.3Hours.MIXED-COMPUTED-REV,-161.96,-49.95,-112.01,NEGATIVE
2024-10-19 21:00:00,FRN.Flow-In.Ave.15Minutes.3Hours.MIXED-COMPUTED-REV,-76.74,-49.95,-26.79,NEGATIVE
2024-10-19 22:00:00,FRN.Flow-In.Ave.15Minutes.3Hours.MIXED-COMPUTED-REV,-76.10,-49.95,-26.15,NEGATIVE
2024-10-19 23:00:00,FRN.Flow-In.Ave.15Minutes.3Hours.MIXED-COMPUTED-REV,-23.85,-49.95,26.10,NEGATIVE
2024-10-20 00:00:00,FRN.Flow-In.Ave.15Minutes.3Hours.MIXED-COMPUTED-REV,-12.76,-32.55,19.79,NEGATIVE
2024-10-20 01:00:00,FRN.Flow-In.Ave.15Minutes.3Hours.MIXED-COMPUTED-REV,-84.99,-31.33,-53.66,NEGATIVE
2024-10-20 02:00:00,FRN.Flow-In.Ave.15Minutes.3Hours.MIXED-COMPUTED-REV,-114.98,-31.33,-83.64,NEGATIVE
2024-10-20 03:00:00,FRN.Flow-In.Ave.15Minutes.3Hours.MIXED-COMPUTED-REV,-94.06,-31.33,-62.73,NEGATIVE
2024-10-20 04:00:00,FRN.Flow-In.Ave.15Minutes.3Hours.MIXED-COMPUTED-REV,-20.66,-31.33,10.67,NEGATIVE
2024-10-20 05:00:00,FRN.Flow-In.Ave.15Minutes.3Hours.MIXED-COMPUTED-REV,-49.95,-49.95,0.00,NEGATIVE
2024-10-20 06:00:00,FRN.Flow-In.Ave.15Minutes.3Hours.MIXED-COMPUTED-REV,-122.59,-49.95,-72.63,NEGATIVE
2024-10-20 07:00:00,FRN.Flow-In.Ave.15Minutes.3Hours.MIXED-COMPUTED-REV,-124.25,-49.95,-74.30,NEGATIVE
2024-10-20 08:00:00,FRN.Flow-In.Ave.15Minutes.3Hours.MIXED-COMPUTED-REV,-2.31,-23.85,21.54,NEGATIVE
2024-10-20 13:00:00,FRN.Flow-In.Ave.15Minutes.3Hours.MIXED-COMPUTED-REV,-4.27,-20.66,16.39,NEGATIVE
2024-10-20 17:00:00,FRN.Flow-In.Ave.15Minutes.3Hours.MIXED-COMPUTED-REV,-63.44,-24.72,-38.72,NEGATIVE
2024-10-20 18:00:00,FRN.Flow-In.Ave.15Minutes.3Hours.MIXED-COMPUTED-REV,-72.96,-4.27,-68.69,NEGATIVE
2024-10-20 19:00:00,FRN.Flow-In.Ave.15Minutes.3Hours.MIXED-COMPUTED-REV,-51.61,-2.31,-49.30,NEGATIVE
2024-10-20 23:00:00,FRN.Flow-In.Ave.15Minutes.3Hours.MIXED-COMPUTED-REV,-361.88,16.42,-378.30,NEGATIVE
2024-10-21 00:00:00,FRN.Flow-In.Ave.15Minutes.3Hours.MIXED-COMPUTED-REV,-463.02,16.42,-479.43,NEGATIVE
2024-10-21 01:00:00,FRN.Flow-In.Ave.15Minutes.3Hours.MIXED-COMPUTED-REV,-310.25,18.47,-328.72,NEGATIVE
2024-10-21 02:00:00,FRN.Flow-In.Ave.15Minutes.3Hours.MIXED-COMPUTED-REV,-24.72,27.00,-51.72,NEGATIVE
2024-10-21 03:00:00,FRN.Flow-In.Ave.15Minutes.3Hours.MIXED-COMPUTED-REV,-42.40,18.47,-60.87,NEGATIVE
2024-10-21 04:00:00,FRN.Flow-In.Ave.15Minutes.3Hours.MIXED-COMPUTED-REV,-131.13,18.47,-149.60,NEGATIVE
2024-10-21 05:00:00,FRN.Flow-In.Ave.15Minutes.3Hours.MIXED-COMPUTED-REV,-79.52,34.03,-113.56,NEGATIVE
2024-10-21 16:00:00,FRN.Flow-In.Ave.15Minutes.3Hours.MIXED-COMPUTED-REV,-13.15,41.43,-54.58,NEGATIVE
2024-10-21 20:00:00,FRN.Flow-In.Ave.15Minutes.3Hours.MIXED-COMPUTED-REV,-11.25,12.96,-24.21,NEGATIVE
2024-10-21 21:00:00,FRN.Flow-In.Ave.15Minutes.3Hours.MIXED-COMPUTED-REV,-119.98,-7.43,-112.54,NEGATIVE
2024-10-21 22:00:00,FRN.Flow-In.Ave.15Minutes.3Hours.MIXED-COMPUTED-REV,-317.34,-11.25,-306.09,NEGATIVE
2024-10-21 23:00:00,FRN.Flow-In.Ave.15Minutes.3Hours.MIXED-COMPUTED-REV,-315.55,-13.15,-302.39,NEGATIVE
2024-10-22 00:00:00,FRN.Flow-In.Ave.15Minutes.3Hours.MIXED-COMPUTED-REV,-244.72,-16.39,-228.33,NEGATIVE
2024-10-22 01:00:00,FRN.Flow-In.Ave.15Minutes.3Hours.MIXED-COMPUTED-REV,-125.84,-26.93,-98.91,NEGATIVE
2024-10-22 02:00:00,FRN.Flow-In.Ave.15Minutes.3Hours.MIXED-COMPUTED-REV,-7.43,-26.93,19.49,NEGATIVE
2024-10-22 05:00:00,FRN.Flow-In.Ave.15Minutes.3Hours.MIXED-COMPUTED-REV,-35.33,-33.79,-1.54,NEGATIVE
2024-10-22 06:00:00,FRN.Flow-In.Ave.15Minutes.3Hours.MIXED-COMPUTED-REV,-162.88,-35.33,-127.55,NEGATIVE
2024-10-22 07:00:00,FRN.Flow-In.Ave.15Minutes.3Hours.MIXED-COMPUTED-REV,-64.18,-35.95,-28.23,NEGATIVE
2024-10-22 08:00:00,FRN.Flow-In.Ave.15Minutes.3Hours.MIXED-COMPUTED-REV,-54.22,-39.47,-14.75,NEGATIVE
2024-10-22 09:00:00,FRN.Flow-In.Ave.15Minutes.3Hours.MIXED-COMPUTED-REV,-35.95,-54.22,18.27,NEGATIVE
2024-10-22 10:00:00,FRN.Flow-In.Ave.15Minutes.3Hours.MIXED-COMPUTED-REV,-26.93,-54.22,27.29,NEGATIVE
2024-10-22 11:00:00,FRN.Flow-In.Ave.15Minutes.3Hours.MIXED-COMPUTED-REV,-16.39,-54.22,37.82,NEGATIVE
2024-10-22 12:00:00,FRN.Flow-In.Ave.15Minutes.3Hours.MIXED-COMPUTED-REV,-33.79,-39.47,5.68,NEGATIVE
2024-10-22 13:00:00,FRN.Flow-In.Ave.15Minutes.3Hours.MIXED-COMPUTED-REV,-60.97,-35.95,-25.02,NEGATIVE
2024-10-22 14:00:00,FRN.Flow-In.Ave.15Minutes.3Hours.MIXED-COMPUTED-REV,-20.62,-35.33,14.72,NEGATIVE
2024-10-22 17:00:00,FRN.Flow-In.Ave.15Minutes.3Hours.MIXED-COMPUTED-REV,-39.47,-39.47,0.00,NEGATIVE
2024-10-22 18:00:00,FRN.Flow-In.Ave.15Minutes.3Hours.MIXED-COMPUTED-REV,-78.73,-39.47,-39.26,NEGATIVE
2024-10-22 19:00:00,FRN.Flow-In.Ave.15Minutes.3Hours.MIXED-COMPUTED-REV,-157.18,-35.95,-121.23,NEGATIVE
2024-10-22 20:00:00,FRN.Flow-In.Ave.15Minutes.3Hours.MIXED-COMPUTED-REV,-166.29,-33.79,-132.50,NEGATIVE
2024-10-22 21:00:00,FRN.Flow-In.Ave.15Minutes.3Hours.MIXED-COMPUTED-REV,-261.86,-26.93,-234.94,NEGATIVE
2024-10-22 22:00:00,FRN.Flow-In.Ave.15Minutes.3Hours.MIXED-COMPUTED-REV,-279.24,-20.62,-258.63,NEGATIVE
2024-10-22 23:00:00,FRN.Flow-In.Ave.15Minutes.3Hours.MIXED-COMPUTED-REV,-142.06,-16.39,-125.67,NEGATIVE
2024-10-23 04:00:00,FRN.Flow-In.Ave.15Minutes.3Hours.MIXED-COMPUTED-REV,-42.88,-20.41,-22.47,NEGATIVE
2024-10-23 05:00:00,FRN.Flow-In.Ave.15Minutes.3Hours.MIXED-COMPUTED-REV,-52.36,-30.31,-22.05,NEGATIVE
2024-10-23 09:00:00,FRN.Flow-In.Ave.15Minutes.3Hours.MIXED-COMPUTED-REV,-0.65,-30.31,29.66,NEGATIVE
2024-10-23 12:00:00,FRN.Flow-In.Ave.15Minutes.3Hours.MIXED-COMPUTED-REV,-3.83,-30.31,26.47,NEGATIVE
2024-10-23 13:00:00,FRN.Flow-In.Ave.15Minutes.3Hours.MIXED-COMPUTED-REV,-32.07,-32.07,0.00,NEGATIVE
2024-10-23 14:00:00,FRN.Flow-In.Ave.15Minutes.3Hours.MIXED-COMPUTED-REV,-50.44,-39.81,-10.63,NEGATIVE
2024-10-23 15:00:00,FRN.Flow-In.Ave.15Minutes.3Hours.MIXED-COMPUTED-REV,-39.81,-39.81,0.00,NEGATIVE
2024-10-23 16:00:00,FRN.Flow-In.Ave.15Minutes.3Hours.MIXED-COMPUTED-REV,-20.41,-39.81,19.40,NEGATIVE
2024-10-23 17:00:00,FRN.Flow-In.Ave.15Minutes.3Hours.MIXED-COMPUTED-REV,-30.31,-32.07,1.76,NEGATIVE
2024-10-23 18:00:00,FRN.Flow-In.Ave.15Minutes.3Hours.MIXED-COMPUTED-REV,-39.99,-30.31,-9.69,NEGATIVE
2024-10-23 19:00:00,FRN.Flow-In.Ave.15Minutes.3Hours.MIXED-COMPUTED-REV,-57.91,-32.07,-25.84,NEGATIVE
2024-10-23 20:00:00,FRN.Flow-In.Ave.15Minutes.3Hours.MIXED-COMPUTED-REV,-102.99,-39.81,-63.17,NEGATIVE
2024-10-23 21:00:00,FRN.Flow-In.Ave.15Minutes.3Hours.MIXED-COMPUTED-REV,-148.57,-39.99,-108.58,NEGATIVE
2024-10-23 22:00:00,FRN.Flow-In.Ave.15Minutes.3Hours.MIXED-COMPUTED-REV,-175.24,-40.58,-134.66,NEGATIVE
2024-10-23 23:00:00,FRN.Flow-In.Ave.15Minutes.3Hours.MIXED-COMPUTED-REV,-118.00,-40.58,-77.42,NEGATIVE
2024-10-24 00:00:00,FRN.Flow-In.Ave.15Minutes.3Hours.MIXED-COMPUTED-REV,-61.39,-40.58,-20.81,NEGATIVE
2024-10-24 01:00:00,FRN.Flow-In.Ave.15Minutes.3Hours.MIXED-COMPUTED-REV,-80.74,-40.58,-40.16,NEGATIVE
2024-10-24 02:00:00,FRN.Flow-In.Ave.15Minutes.3Hours.MIXED-COMPUTED-REV,-42.99,-40.58,-2.41,NEGATIVE
2024-10-24 06:00:00,FRN.Flow-In.Ave.15Minutes.3Hours.MIXED-COMPUTED-REV,-2.58,-52.26,49.68,NEGATIVE
2024-10-24 07:00:00,FRN.Flow-In.Ave.15Minutes.3Hours.MIXED-COMPUTED-REV,-40.58,-52.26,11.68,NEGATIVE
2024-10-24 08:00:00,FRN.Flow-In.Ave.15Minutes.3Hours.MIXED-COMPUTED-REV,-69.50,-42.99,-26.51,NEGATIVE
2024-10-24 09:00:00,FRN.Flow-In.Ave.15Minutes.3Hours.MIXED-COMPUTED-REV,-52.26,-40.58,-11.68,NEGATIVE
2024-10-24 10:00:00,FRN.Flow-In.Ave.15Minutes.3Hours.MIXED-COMPUTED-REV,-61.47,-40.58,-20.90,NEGATIVE
2024-10-24 11:00:00,FRN.Flow-In.Ave.15Minutes.3Hours.MIXED-COMPUTED-REV,-31.91,-40.58,8.67,NEGATIVE
2024-10-24 12:00:00,FRN.Flow-In.Ave.15Minutes.3Hours.MIXED-COMPUTED-REV,-20.54,-40.58,20.03,NEGATIVE
2024-10-24 16:00:00,FRN.Flow-In.Ave.15Minutes.3Hours.MIXED-COMPUTED-REV,-54.47,-26.76,-27.71,NEGATIVE
2024-10-24 17:00:00,FRN.Flow-In.Ave.15Minutes.3Hours.MIXED-COMPUTED-REV,-165.97,-26.76,-139.21,NEGATIVE
2024-10-24 18:00:00,FRN.Flow-In.Ave.15Minutes.3Hours.MIXED-COMPUTED-REV,-92.54,-26.76,-65.78,NEGATIVE
2024-10-24 19:00:00,FRN.Flow-In.Ave.15Minutes.3Hours.MIXED-COMPUTED-REV,-26.76,-26.76,0.00,NEGATIVE
2024-10-24 21:00:00,FRN.Flow-In.Ave.15Minutes.3Hours.MIXED-COMPUTED-REV,-20.93,-20.54,-0.39,NEGATIVE
2024-10-24 22:00:00,FRN.Flow-In.Ave.15Minutes.3Hours.MIXED-COMPUTED-REV,-258.40,-6.07,-252.33,NEGATIVE
2024-10-24 23:00:00,FRN.Flow-In.Ave.15Minutes.3Hours.MIXED-COMPUTED-REV,-387.06,-6.07,-380.99,NEGATIVE
2024-10-25 00:00:00,FRN.Flow-In.Ave.15Minutes.3Hours.MIXED-COMPUTED-REV,-431.87,-6.07,-425.80,NEGATIVE
2024-10-25 01:00:00,FRN.Flow-In.Ave.15Minutes.3Hours.MIXED-COMPUTED-REV,-131.36,-6.07,-125.29,NEGATIVE
2024-10-25 08:00:00,FRN.Flow-In.Ave.15Minutes.3Hours.MIXED-COMPUTED-REV,-6.07,-27.24,21.17,NEGATIVE
2024-10-25 11:00:00,FRN.Flow-In.Ave.15Minutes.3Hours.MIXED-COMPUTED-REV,-23.61,-31.29,7.68,NEGATIVE
2024-10-25 12:00:00,FRN.Flow-In.Ave.15Minutes.3Hours.MIXED-COMPUTED-REV,-76.95,-27.24,-49.70,NEGATIVE
2024-10-25 13:00:00,FRN.Flow-In.Ave.15Minutes.3Hours.MIXED-COMPUTED-REV,-66.39,-23.61,-42.78,NEGATIVE
2024-10-25 14:00:00,FRN.Flow-In.Ave.15Minutes.3Hours.MIXED-COMPUTED-REV,-42.12,-23.61,-18.51,NEGATIVE
2024-10-25 15:00:00,FRN.Flow-In.Ave.15Minutes.3Hours.MIXED-COMPUTED-REV,-39.61,-23.61,-16.00,NEGATIVE
2024-10-25 16:00:00,FRN.Flow-In.Ave.15Minutes.3Hours.MIXED-COMPUTED-REV,-27.24,-23.61,-3.63,NEGATIVE
2024-10-25 17:00:00,FRN.Flow-In.Ave.15Minutes.3Hours.MIXED-COMPUTED-REV,-34.89,-23.61,-11.28,NEGATIVE
2024-10-25 18:00:00,FRN.Flow-In.Ave.15Minutes.3Hours.MIXED-COMPUTED-REV,-60.11,-23.61,-36.50,NEGATIVE
2024-10-25 19:00:00,FRN.Flow-In.Ave.15Minutes.3Hours.MIXED-COMPUTED-REV,-61.28,-23.61,-37.68,NEGATIVE
2024-10-25 20:00:00,FRN.Flow-In.Ave.15Minutes.3Hours.MIXED-COMPUTED-REV,-87.95,-23.61,-64.34,NEGATIVE
2024-10-25 21:00:00,FRN.Flow-In.Ave.15Minutes.3Hours.MIXED-COMPUTED-REV,-122.22,-23.61,-98.61,NEGATIVE
2024-10-25 22:00:00,FRN.Flow-In.Ave.15Minutes.3Hours.MIXED-COMPUTED-REV,-31.29,-27.24,-4.04,NEGATIVE
2024-10-26 01:00:00,FRN.Flow-In.Ave.15Minutes.3Hours.MIXED-COMPUTED-REV,-7.34,-31.29,23.95,NEGATIVE
2024-10-26 02:00:00,FRN.Flow-In.Ave.15Minutes.3Hours.MIXED-COMPUTED-REV,-58.37,-27.24,-31.12,NEGATIVE
2024-10-26 03:00:00,FRN.Flow-In.Ave.15Minutes.3Hours.MIXED-COMPUTED-REV,-10.62,-10.62,0.00,NEGATIVE
2024-10-26 09:00:00,FRN.Flow-In.Ave.15Minutes.3Hours.MIXED-COMPUTED-REV,-2.55,10.37,-12.92,NEGATIVE
2024-10-26 10:00:00,FRN.Flow-In.Ave.15Minutes.3Hours.MIXED-COMPUTED-REV,-80.49,10.37,-90.86,NEGATIVE
2024-10-26 11:00:00,FRN.Flow-In.Ave.15Minutes.3Hours.MIXED-COMPUTED-REV,-61.88,10.37,-72.25,NEGATIVE
2024-10-26 12:00:00,FRN.Flow-In.Ave.15Minutes.3Hours.MIXED-COMPUTED-REV,-69.40,7.17,-76.57,NEGATIVE
2024-10-26 15:00:00,FRN.Flow-In.Ave.15Minutes.3Hours.MIXED-COMPUTED-REV,-6.68,-2.55,-4.13,NEGATIVE
2024-10-26 16:00:00,FRN.Flow-In.Ave.15Minutes.3Hours.MIXED-COMPUTED-REV,-58.56,-2.55,-56.00,NEGATIVE
2024-10-26 17:00:00,FRN.Flow-In.Ave.15Minutes.3Hours.MIXED-COMPUTED-REV,-58.00,-2.55,-55.45,NEGATIVE
2024-10-26 20:00:00,FRN.Flow-In.Ave.15Minutes.3Hours.MIXED-COMPUTED-REV,343.32,-2.55,345.87,SPIKE
2024-10-26 23:00:00,FRN.Flow-In.Ave.15Minutes.3Hours.MIXED-COMPUTED-REV,-94.24,8.89,-103.13,NEGATIVE
2024-10-27 00:00:00,FRN.Flow-In.Ave.15Minutes.3Hours.MIXED-COMPUTED-REV,-39.85,11.12,-50.97,NEGATIVE
2024-10-27 01:00:00,FRN.Flow-In.Ave.15Minutes.3Hours.MIXED-COMPUTED-REV,-122.16,18.97,-141.13,NEGATIVE
2024-10-27 02:00:00,FRN.Flow-In.Ave.15Minutes.3Hours.MIXED-COMPUTED-REV,-154.20,22.18,-176.38,NEGATIVE
2024-10-27 03:00:00,FRN.Flow-In.Ave.15Minutes.3Hours.MIXED-COMPUTED-REV,-144.68,60.21,-204.89,NEGATIVE
2024-10-27 04:00:00,FRN.Flow-In.Ave.15Minutes.3Hours.MIXED-COMPUTED-REV,-84.25,60.21,-144.46,NEGATIVE
2024-10-27 09:00:00,FRN.Flow-In.Ave.15Minutes.3Hours.MIXED-COMPUTED-REV,675.87,60.21,615.66,SPIKE
2024-10-27 10:00:00,FRN.Flow-In.Ave.15Minutes.3Hours.MIXED-COMPUTED-REV,1146.86,54.87,1091.99,SPIKE
2024-10-27 11:00:00,FRN.Flow-In.Ave.15Minutes.3Hours.MIXED-COMPUTED-REV,1121.77,54.87,1066.91,SPIKE
2024-10-27 17:00:00,FRN.Flow-In.Ave.15Minutes.3Hours.MIXED-COMPUTED-REV,-23.95,132.28,-156.23,NEGATIVE
2024-10-27 18:00:00,FRN.Flow-In.Ave.15Minutes.3Hours.MIXED-COMPUTED-REV,-42.70,132.28,-174.98,NEGATIVE
2024-10-27 23:00:00,FRN.Flow-In.Ave.15Minutes.3Hours.MIXED-COMPUTED-REV,-101.02,61.34,-162.35,NEGATIVE
2024-10-28 00:00:00,FRN.Flow-In.Ave.15Minutes.3Hours.MIXED-COMPUTED-REV,-50.08,61.34,-111.41,NEGATIVE
2024-10-28 02:00:00,FRN.Flow-In.Ave.15Minutes.3Hours.MIXED-COMPUTED-REV,479.96,54.87,425.09,SPIKE
2024-10-28 06:00:00,FRN.Flow-In.Ave.15Minutes.3Hours.MIXED-COMPUTED-REV,-2.86,55.77,-58.63,NEGATIVE
2024-10-28 08:00:00,FRN.Flow-In.Ave.15Minutes.3Hours.MIXED-COMPUTED-REV,-42.05,55.77,-97.82,NEGATIVE
2024-10-28 09:00:00,FRN.Flow-In.Ave.15Minutes.3Hours.MIXED-COMPUTED-REV,-1.15,54.87,-56.01,NEGATIVE
2024-10-29 02:00:00,FRN.Flow-In.Ave.15Minutes.3Hours.MIXED-COMPUTED-REV,-15.62,49.19,-64.81,NEGATIVE
2024-10-29 03:00:00,FRN.Flow-In.Ave.15Minutes.3Hours.MIXED-COMPUTED-REV,-61.51,49.19,-110.70,NEGATIVE
2024-10-29 04:00:00,FRN.Flow-In.Ave.15Minutes.3Hours.MIXED-COMPUTED-REV,-44.70,49.19,-93.89,NEGATIVE
2024-10-29 13:00:00,FRN.Flow-In.Ave.15Minutes.3Hours.MIXED-COMPUTED-REV,-2.05,27.48,-29.54,NEGATIVE
2024-10-29 14:00:00,FRN.Flow-In.Ave.15Minutes.3Hours.MIXED-COMPUTED-REV,-24.47,27.48,-51.95,NEGATIVE
2024-10-29 18:00:00,FRN.Flow-In.Ave.15Minutes.3Hours.MIXED-COMPUTED-REV,-98.47,40.41,-138.89,NEGATIVE
2024-10-29 19:00:00,FRN.Flow-In.Ave.15Minutes.3Hours.MIXED-COMPUTED-REV,-157.63,40.41,-198.04,NEGATIVE
2024-10-29 20:00:00,FRN.Flow-In.Ave.15Minutes.3Hours.MIXED-COMPUTED-REV,-194.79,36.28,-231.07,NEGATIVE
2024-10-29 21:00:00,FRN.Flow-In.Ave.15Minutes.3Hours.MIXED-COMPUTED-REV,-47.86,31.46,-79.32,NEGATIVE
2024-10-30 01:00:00,FRN.Flow-In.Ave.15Minutes.3Hours.MIXED-COMPUTED-REV,-15.69,27.48,-43.18,NEGATIVE
2024-10-30 09:00:00,FRN.Flow-In.Ave.15Minutes.3Hours.MIXED-COMPUTED-REV,-34.53,35.06,-69.58,NEGATIVE
2024-10-30 10:00:00,FRN.Flow-In.Ave.15Minutes.3Hours.MIXED-COMPUTED-REV,-40.88,40.50,-81.39,NEGATIVE
2024-10-31 01:00:00,FRN.Flow-In.Ave.15Minutes.3Hours.MIXED-COMPUTED-REV,-23.72,111.77,-135.49,NEGATIVE
2024-10-31 04:00:00,FRN.Flow-In.Ave.15Minutes.3Hours.MIXED-COMPUTED-REV,652.12,175.41,476.71,SPIKE
2024-11-01 22:00:00,FRN.Flow-In.Ave.15Minutes.3Hours.MIXED-COMPUTED-REV,-96.64,406.84,-503.48,NEGATIVE
2024-11-05 00:00:00,FRN.Flow-In.Ave.15Minutes.3Hours.MIXED-COMPUTED-REV,-3.66,163.80,-167.46,NEGATIVE
2024-11-05 01:00:00,FRN.Flow-In.Ave.15Minutes.3Hours.MIXED-COMPUTED-REV,-141.15,163.80,-304.95,"SPIKE,NEGATIVE"
2024-11-05 03:00:00,FRN.Flow-In.Ave.15Minutes.3Hours.MIXED-COMPUTED-REV,435.73,127.27,308.47,SPIKE
2024-11-05 04:00:00,FRN.Flow-In.Ave.15Minutes.3Hours.MIXED-COMPUTED-REV,515.76,122.78,392.97,SPIKE
2024-11-06 15:00:00,FRN.Flow-In.Ave.15Minutes.3Hours.MIXED-COMPUTED-REV,-7.70,84.74,-92.45,NEGATIVE
2024-11-06 16:00:00,FRN.Flow-In.Ave.15Minutes.3Hours.MIXED-COMPUTED-REV,-0.85,84.74,-85.60,NEGATIVE
2024-11-12 23:00:00,FRN.Flow-In.Ave.15Minutes.3Hours.MIXED-COMPUTED-REV,-111.95,152.69,-264.65,NEGATIVE
2024-11-13 00:00:00,FRN.Flow-In.Ave.15Minutes.3Hours.MIXED-COMPUTED-REV,-135.75,153.79,-289.54,NEGATIVE
2024-11-13 15:00:00,FRN.Flow-In.Ave.15Minutes.3Hours.MIXED-COMPUTED-REV,-47.21,329.97,-377.18,NEGATIVE
2024-11-13 16:00:00,FRN.Flow-In.Ave.15Minutes.3Hours.MIXED-COMPUTED-REV,-140.75,338.90,-479.65,NEGATIVE
2024-11-13 17:00:00,FRN.Flow-In.Ave.15Minutes.3Hours.MIXED-COMPUTED-REV,-24.11,357.07,-381.19,NEGATIVE
2024-11-19 12:00:00,FRN.Flow-In.Ave.15Minutes.3Hours.MIXED-COMPUTED-REV,1148.92,700.79,448.13,SPIKE
2024-11-19 13:00:00,FRN.Flow-In.Ave.15Minutes.3Hours.MIXED-COMPUTED-REV,1186.76,700.79,485.96,SPIKE
2024-12-16 09:00:00,FRN.Flow-In.Ave.15Minutes.3Hours.MIXED-COMPUTED-REV,1386.00,1084.87,301.13,SPIKE
2024-12-23 07:00:00,FRN.Flow-In.Ave.15Minutes.3Hours.MIXED-COMPUTED-REV,1029.31,765.19,264.12,SPIKE
2024-12-24 08:00:00,FRN.Flow-In.Ave.15Minutes.3Hours.MIXED-COMPUTED-REV,1617.09,1247.30,369.79,SPIKE
2024-12-24 09:00:00,FRN.Flow-In.Ave.15Minutes.3Hours.MIXED-COMPUTED-REV,1611.04,1249.89,361.15,SPIKE
2025-02-23 02:00:00,FRN.Flow-In.Ave.15Minutes.3Hours.MIXED-COMPUTED-REV,664.19,988.23,-324.04,SPIKE
2025-02-23 03:00:00,FRN.Flow-In.Ave.15Minutes.3Hours.MIXED-COMPUTED-REV,770.17,1066.96,-296.79,SPIKE
2025-03-27 20:00:00,FRN.Flow-In.Ave.15Minutes.3Hours.MIXED-COMPUTED-REV,2236.39,1013.29,1223.10,JUMP
2025-03-27 23:00:00,FRN.Flow-In.Ave.15Minutes.3Hours.MIXED-COMPUTED-REV,-17.69,1013.29,-1030.97,"JUMP,NEGATIVE"
2025-04-05 20:00:00,FRN.Flow-In.Ave.15Minutes.3Hours.MIXED-COMPUTED-REV,561.12,847.47,-286.35,SPIKE
2025-04-06 10:00:00,FRN.Flow-In.Ave.15Minutes.3Hours.MIXED-COMPUTED-REV,588.12,845.65,-257.53,SPIKE
2025-04-07 18:00:00,FRN.Flow-In.Ave.15Minutes.3Hours.MIXED-COMPUTED-REV,1880.59,1134.31,746.29,SPIKE
2025-04-07 19:00:00,FRN.Flow-In.Ave.15Minutes.3Hours.MIXED-COMPUTED-REV,2322.22,1132.18,1190.04,SPIKE
2025-04-07 20:00:00,FRN.Flow-In.Ave.15Minutes.3Hours.MIXED-COMPUTED-REV,1977.19,1132.18,845.01,SPIKE
2025-04-10 19:00:00,FRN.Flow-In.Ave.15Minutes.3Hours.MIXED-COMPUTED-REV,598.17,949.36,-351.19,SPIKE
2025-04-10 22:00:00,FRN.Flow-In.Ave.15Minutes.3Hours.MIXED-COMPUTED-REV,1146.69,850.01,296.68,SPIKE
2025-04-10 23:00:00,FRN.Flow-In.Ave.15Minutes.3Hours.MIXED-COMPUTED-REV,1142.72,844.17,298.54,SPIKE
2025-04-14 17:00:00,FRN.Flow-In.Ave.15Minutes.3Hours.MIXED-COMPUTED-REV,266.19,536.59,-270.40,SPIKE
2025-04-21 01:00:00,FRN.Flow-In.Ave.15Minutes.3Hours.MIXED-COMPUTED-REV,-0.34,256.88,-257.23,NEGATIVE
2025-04-22 11:00:00,FRN.Flow-In.Ave.15Minutes.3Hours.MIXED-COMPUTED-REV,-201.78,213.79,-415.58,NEGATIVE
2025-04-22 12:00:00,FRN.Flow-In.Ave.15Minutes.3Hours.MIXED-COMPUTED-REV,-516.75,213.79,-730.54,NEGATIVE
2025-04-22 13:00:00,FRN.Flow-In.Ave.15Minutes.3Hours.MIXED-COMPUTED-REV,-244.49,224.81,-469.30,NEGATIVE
2025-04-24 02:00:00,FRN.Flow-In.Ave.15Minutes.3Hours.MIXED-COMPUTED-REV,-13.66,186.28,-199.94,NEGATIVE
2025-04-25 07:00:00,FRN.Flow-In.Ave.15Minutes.3Hours.MIXED-COMPUTED-REV,-126.07,247.72,-373.79,NEGATIVE
2025-04-25 08:00:00,FRN.Flow-In.Ave.15Minutes.3Hours.MIXED-COMPUTED-REV,-241.04,247.72,-488.76,NEGATIVE
2025-04-25 09:00:00,FRN.Flow-In.Ave.15Minutes.3Hours.MIXED-COMPUTED-REV,-226.65,190.53,-417.18,NEGATIVE
2025-04-25 10:00:00,FRN.Flow-In.Ave.15Minutes.3Hours.MIXED-COMPUTED-REV,-25.40,219.21,-244.62,NEGATIVE
2025-04-26 00:00:00,FRN.Flow-In.Ave.15Minutes.3Hours.MIXED-COMPUTED-REV,752.28,190.32,561.96,SPIKE
2025-04-26 02:00:00,FRN.Flow-In.Ave.15Minutes.3Hours.MIXED-COMPUTED-REV,-40.09,176.10,-216.19,NEGATIVE
2025-04-26 03:00:00,FRN.Flow-In.Ave.15Minutes.3Hours.MIXED-COMPUTED-REV,-256.25,176.10,-432.35,"SPIKE,NEGATIVE"
2025-04-26 04:00:00,FRN.Flow-In.Ave.15Minutes.3Hours.MIXED-COMPUTED-REV,-126.55,176.10,-302.65,NEGATIVE
2025-04-27 00:00:00,FRN.Flow-In.Ave.15Minutes.3Hours.MIXED-COMPUTED-REV,-39.83,161.50,-201.33,NEGATIVE
2025-04-27 01:00:00,FRN.Flow-In.Ave.15Minutes.3Hours.MIXED-COMPUTED-REV,-11.06,161.50,-172.57,NEGATIVE
2025-04-28 02:00:00,FRN.Flow-In.Ave.15Minutes.3Hours.MIXED-COMPUTED-REV,-171.73,143.26,-314.98,NEGATIVE
2025-04-28 03:00:00,FRN.Flow-In.Ave.15Minutes.3Hours.MIXED-COMPUTED-REV,-171.68,104.01,-275.68,NEGATIVE
2025-04-29 00:00:00,FRN.Flow-In.Ave.15Minutes.3Hours.MIXED-COMPUTED-REV,-38.80,152.32,-191.12,NEGATIVE
2025-04-29 01:00:00,FRN.Flow-In.Ave.15Minutes.3Hours.MIXED-COMPUTED-REV,-53.12,166.43,-219.56,NEGATIVE
2025-04-29 02:00:00,FRN.Flow-In.Ave.15Minutes.3Hours.MIXED-COMPUTED-REV,-67.43,191.39,-258.82,NEGATIVE
2025-04-29 17:00:00,FRN.Flow-In.Ave.15Minutes.3Hours.MIXED-COMPUTED-REV,-79.31,137.74,-217.05,NEGATIVE
2025-04-30 01:00:00,FRN.Flow-In.Ave.15Minutes.3Hours.MIXED-COMPUTED-REV,-49.09,156.34,-205.43,NEGATIVE
2025-04-30 02:00:00,FRN.Flow-In.Ave.15Minutes.3Hours.MIXED-COMPUTED-REV,-145.49,156.34,-301.83,NEGATIVE
2025-04-30 08:00:00,FRN.Flow-In.Ave.15Minutes.3Hours.MIXED-COMPUTED-REV,-146.64,137.32,-283.96,NEGATIVE
2025-04-30 16:00:00,FRN.Flow-In.Ave.15Minutes.3Hours.MIXED-COMPUTED-REV,-117.74,156.34,-274.08,NEGATIVE
2025-04-30 17:00:00,FRN.Flow-In.Ave.15Minutes.3Hours.MIXED-COMPUTED-REV,-247.99,185.87,-433.86,NEGATIVE
2025-04-30 18:00:00,FRN.Flow-In.Ave.15Minutes.3Hours.MIXED-COMPUTED-REV,-161.53,185.87,-347.40,NEGATIVE
2025-04-30 23:00:00,FRN.Flow-In.Ave.15Minutes.3Hours.MIXED-COMPUTED-REV,-45.16,244.61,-289.77,NEGATIVE
2025-05-01 00:00:00,FRN.Flow-In.Ave.15Minutes.3Hours.MIXED-COMPUTED-REV,-117.30,244.61,-361.91,NEGATIVE
2025-05-01 01:00:00,FRN.Flow-In.Ave.15Minutes.3Hours.MIXED-COMPUTED-REV,-145.91,186.13,-332.04,NEGATIVE
2025-05-01 18:00:00,FRN.Flow-In.Ave.15Minutes.3Hours.MIXED-COMPUTED-REV,-0.80,155.95,-156.75,NEGATIVE
2025-05-02 00:00:00,FRN.Flow-In.Ave.15Minutes.3Hours.MIXED-COMPUTED-REV,-46.44,142.96,-189.41,NEGATIVE
2025-05-02 15:00:00,FRN.Flow-In.Ave.15Minutes.3Hours.MIXED-COMPUTED-REV,-61.00,141.56,-202.56,NEGATIVE
2025-05-02 16:00:00,FRN.Flow-In.Ave.15Minutes.3Hours.MIXED-COMPUTED-REV,-75.38,141.56,-216.94,NEGATIVE
2025-05-02 20:00:00,FRN.Flow-In.Ave.15Minutes.3Hours.MIXED-COMPUTED-REV,-89.44,127.17,-216.61,NEGATIVE
2025-05-02 21:00:00,FRN.Flow-In.Ave.15Minutes.3Hours.MIXED-COMPUTED-REV,-219.11,127.17,-346.28,NEGATIVE
2025-05-02 22:00:00,FRN.Flow-In.Ave.15Minutes.3Hours.MIXED-COMPUTED-REV,-132.24,127.17,-259.41,NEGATIVE
2025-05-02 23:00:00,FRN.Flow-In.Ave.15Minutes.3Hours.MIXED-COMPUTED-REV,-45.47,127.17,-172.64,NEGATIVE
2025-05-03 06:00:00,FRN.Flow-In.Ave.15Minutes.3Hours.MIXED-COMPUTED-REV,-88.70,141.56,-230.26,NEGATIVE
2025-05-03 07:00:00,FRN.Flow-In.Ave.15Minutes.3Hours.MIXED-COMPUTED-REV,-31.19,128.02,-159.21,NEGATIVE
2025-05-03 18:00:00,FRN.Flow-In.Ave.15Minutes.3Hours.MIXED-COMPUTED-REV,-61.01,142.18,-203.19,NEGATIVE
2025-05-03 19:00:00,FRN.Flow-In.Ave.15Minutes.3Hours.MIXED-COMPUTED-REV,-46.47,155.76,-202.23,NEGATIVE
2025-05-03 23:00:00,FRN.Flow-In.Ave.15Minutes.3Hours.MIXED-COMPUTED-REV,-89.72,156.00,-245.72,NEGATIVE
2025-05-04 00:00:00,FRN.Flow-In.Ave.15Minutes.3Hours.MIXED-COMPUTED-REV,-46.06,156.00,-202.06,NEGATIVE
2025-05-04 16:00:00,FRN.Flow-In.Ave.15Minutes.3Hours.MIXED-COMPUTED-REV,-45.52,141.74,-187.26,NEGATIVE
2025-05-04 17:00:00,FRN.Flow-In.Ave.15Minutes.3Hours.MIXED-COMPUTED-REV,-204.15,141.74,-345.89,"SPIKE,NEGATIVE"
2025-05-04 18:00:00,FRN.Flow-In.Ave.15Minutes.3Hours.MIXED-COMPUTED-REV,-232.98,142.18,-375.16,NEGATIVE
2025-05-04 19:00:00,FRN.Flow-In.Ave.15Minutes.3Hours.MIXED-COMPUTED-REV,-2.52,156.32,-158.84,NEGATIVE
2025-05-04 22:00:00,FRN.Flow-In.Ave.15Minutes.3Hours.MIXED-COMPUTED-REV,-117.70,141.74,-259.44,NEGATIVE
2025-05-04 23:00:00,FRN.Flow-In.Ave.15Minutes.3Hours.MIXED-COMPUTED-REV,-189.82,127.53,-317.34,NEGATIVE
2025-05-05 00:00:00,FRN.Flow-In.Ave.15Minutes.3Hours.MIXED-COMPUTED-REV,-89.18,127.53,-216.71,NEGATIVE
2025-05-05 17:00:00,FRN.Flow-In.Ave.15Minutes.3Hours.MIXED-COMPUTED-REV,-160.15,113.60,-273.75,NEGATIVE
2025-05-05 18:00:00,FRN.Flow-In.Ave.15Minutes.3Hours.MIXED-COMPUTED-REV,-174.26,113.60,-287.86,NEGATIVE
2025-05-05 21:00:00,FRN.Flow-In.Ave.15Minutes.3Hours.MIXED-COMPUTED-REV,-44.73,113.60,-158.33,NEGATIVE
2025-05-06 01:00:00,FRN.Flow-In.Ave.15Minutes.3Hours.MIXED-COMPUTED-REV,-87.81,116.88,-204.69,NEGATIVE
2025-05-06 02:00:00,FRN.Flow-In.Ave.15Minutes.3Hours.MIXED-COMPUTED-REV,-131.15,127.66,-258.81,NEGATIVE
2025-05-06 04:00:00,FRN.Flow-In.Ave.15Minutes.3Hours.MIXED-COMPUTED-REV,481.58,142.29,339.30,SPIKE
2025-05-06 05:00:00,FRN.Flow-In.Ave.15Minutes.3Hours.MIXED-COMPUTED-REV,492.42,145.64,346.79,SPIKE
2025-05-07 01:00:00,FRN.Flow-In.Ave.15Minutes.3Hours.MIXED-COMPUTED-REV,-68.53,145.67,-214.20,NEGATIVE
2025-05-07 02:00:00,FRN.Flow-In.Ave.15Minutes.3Hours.MIXED-COMPUTED-REV,-111.77,145.67,-257.44,NEGATIVE
2025-05-07 03:00:00,FRN.Flow-In.Ave.15Minutes.3Hours.MIXED-COMPUTED-REV,-39.86,145.67,-185.53,NEGATIVE
2025-05-07 13:00:00,FRN.Flow-In.Ave.15Minutes.3Hours.MIXED-COMPUTED-REV,-113.47,117.14,-230.60,NEGATIVE
2025-05-07 14:00:00,FRN.Flow-In.Ave.15Minutes.3Hours.MIXED-COMPUTED-REV,-185.32,117.14,-302.45,NEGATIVE
2025-05-07 15:00:00,FRN.Flow-In.Ave.15Minutes.3Hours.MIXED-COMPUTED-REV,-55.51,117.14,-172.65,NEGATIVE
2025-05-07 22:00:00,FRN.Flow-In.Ave.15Minutes.3Hours.MIXED-COMPUTED-REV,-155.35,60.01,-215.37,NEGATIVE
2025-05-07 23:00:00,FRN.Flow-In.Ave.15Minutes.3Hours.MIXED-COMPUTED-REV,-212.71,60.01,-272.72,NEGATIVE
2025-05-08 00:00:00,FRN.Flow-In.Ave.15Minutes.3Hours.MIXED-COMPUTED-REV,-270.47,60.01,-330.48,NEGATIVE
2025-05-08 01:00:00,FRN.Flow-In.Ave.15Minutes.3Hours.MIXED-COMPUTED-REV,-54.71,60.05,-114.75,NEGATIVE
2025-05-08 02:00:00,FRN.Flow-In.Ave.15Minutes.3Hours.MIXED-COMPUTED-REV,-69.25,60.16,-129.41,NEGATIVE
2025-05-08 16:00:00,FRN.Flow-In.Ave.15Minutes.3Hours.MIXED-COMPUTED-REV,-185.15,103.32,-288.47,NEGATIVE
2025-05-08 17:00:00,FRN.Flow-In.Ave.15Minutes.3Hours.MIXED-COMPUTED-REV,-199.81,103.32,-303.13,NEGATIVE
2025-05-08 18:00:00,FRN.Flow-In.Ave.15Minutes.3Hours.MIXED-COMPUTED-REV,-12.60,103.32,-115.92,NEGATIVE
2025-05-09 15:00:00,FRN.Flow-In.Ave.15Minutes.3Hours.MIXED-COMPUTED-REV,-61.38,111.59,-172.97,NEGATIVE
2025-05-09 16:00:00,FRN.Flow-In.Ave.15Minutes.3Hours.MIXED-COMPUTED-REV,-119.08,112.86,-231.95,NEGATIVE
2025-05-09 17:00:00,FRN.Flow-In.Ave.15Minutes.3Hours.MIXED-COMPUTED-REV,-90.21,112.86,-203.07,NEGATIVE
2025-05-09 22:00:00,FRN.Flow-In.Ave.15Minutes.3Hours.MIXED-COMPUTED-REV,-46.51,112.86,-159.37,NEGATIVE
2025-05-09 23:00:00,FRN.Flow-In.Ave.15Minutes.3Hours.MIXED-COMPUTED-REV,-89.74,112.99,-202.73,NEGATIVE
2025-05-10 17:00:00,FRN.Flow-In.Ave.15Minutes.3Hours.MIXED-COMPUTED-REV,-133.08,112.99,-246.06,NEGATIVE
2025-05-10 18:00:00,FRN.Flow-In.Ave.15Minutes.3Hours.MIXED-COMPUTED-REV,-60.91,112.97,-173.87,NEGATIVE
2025-05-10 21:00:00,FRN.Flow-In.Ave.15Minutes.3Hours.MIXED-COMPUTED-REV,-248.21,112.97,-361.17,"SPIKE,NEGATIVE"
2025-05-10 22:00:00,FRN.Flow-In.Ave.15Minutes.3Hours.MIXED-COMPUTED-REV,-363.17,112.97,-476.14,"SPIKE,NEGATIVE"
2025-05-10 23:00:00,FRN.Flow-In.Ave.15Minutes.3Hours.MIXED-COMPUTED-REV,-276.54,112.95,-389.49,"SPIKE,NEGATIVE"
2025-05-11 22:00:00,FRN.Flow-In.Ave.15Minutes.3Hours.MIXED-COMPUTED-REV,-103.21,112.88,-216.10,NEGATIVE
2025-05-11 23:00:00,FRN.Flow-In.Ave.15Minutes.3Hours.MIXED-COMPUTED-REV,-203.65,112.88,-316.53,"SPIKE,NEGATIVE"
2025-05-12 00:00:00,FRN.Flow-In.Ave.15Minutes.3Hours.MIXED-COMPUTED-REV,-59.58,112.88,-172.46,NEGATIVE
2025-05-13 23:00:00,FRN.Flow-In.Ave.15Minutes.3Hours.MIXED-COMPUTED-REV,-46.49,111.70,-158.20,NEGATIVE
2025-05-14 00:00:00,FRN.Flow-In.Ave.15Minutes.3Hours.MIXED-COMPUTED-REV,-103.99,111.56,-215.54,NEGATIVE
2025-05-14 01:00:00,FRN.Flow-In.Ave.15Minutes.3Hours.MIXED-COMPUTED-REV,-147.08,111.29,-258.37,"SPIKE,NEGATIVE"
2025-05-14 02:00:00,FRN.Flow-In.Ave.15Minutes.3Hours.MIXED-COMPUTED-REV,-103.61,111.25,-214.86,NEGATIVE
2025-05-14 03:00:00,FRN.Flow-In.Ave.15Minutes.3Hours.MIXED-COMPUTED-REV,-31.56,111.25,-142.81,NEGATIVE
2025-05-14 06:00:00,FRN.Flow-In.Ave.15Minutes.3Hours.MIXED-COMPUTED-REV,399.47,111.75,287.72,SPIKE
2025-05-14 07:00:00,FRN.Flow-In.Ave.15Minutes.3Hours.MIXED-COMPUTED-REV,385.03,126.03,258.99,SPIKE
2025-05-14 21:00:00,FRN.Flow-In.Ave.15Minutes.3Hours.MIXED-COMPUTED-REV,-147.59,111.56,-259.15,"SPIKE,NEGATIVE"
2025-05-14 22:00:00,FRN.Flow-In.Ave.15Minutes.3Hours.MIXED-COMPUTED-REV,-75.23,111.56,-186.79,NEGATIVE
2025-05-14 23:00:00,FRN.Flow-In.Ave.15Minutes.3Hours.MIXED-COMPUTED-REV,-74.98,111.56,-186.54,NEGATIVE
2025-05-15 00:00:00,FRN.Flow-In.Ave.15Minutes.3Hours.MIXED-COMPUTED-REV,-189.94,111.56,-301.49,"SPIKE,NEGATIVE"
2025-05-15 01:00:00,FRN.Flow-In.Ave.15Minutes.3Hours.MIXED-COMPUTED-REV,-117.85,111.56,-229.41,NEGATIVE
2025-05-15 04:00:00,FRN.Flow-In.Ave.15Minutes.3Hours.MIXED-COMPUTED-REV,-60.19,111.13,-171.32,NEGATIVE
2025-05-15 23:00:00,FRN.Flow-In.Ave.15Minutes.3Hours.MIXED-COMPUTED-REV,-219.97,111.35,-331.33,"SPIKE,NEGATIVE"
2025-05-16 00:00:00,FRN.Flow-In.Ave.15Minutes.3Hours.MIXED-COMPUTED-REV,-291.82,111.33,-403.15,"SPIKE,NEGATIVE"
2025-05-16 01:00:00,FRN.Flow-In.Ave.15Minutes.3Hours.MIXED-COMPUTED-REV,-104.23,111.30,-215.53,NEGATIVE
2025-05-16 03:00:00,FRN.Flow-In.Ave.15Minutes.3Hours.MIXED-COMPUTED-REV,472.54,111.23,361.31,SPIKE
2025-05-16 04:00:00,FRN.Flow-In.Ave.15Minutes.3Hours.MIXED-COMPUTED-REV,414.60,111.23,303.38,SPIKE
2025-05-16 18:00:00,FRN.Flow-In.Ave.15Minutes.3Hours.MIXED-COMPUTED-REV,-177.48,111.11,-288.59,"SPIKE,NEGATIVE"
2025-05-16 19:00:00,FRN.Flow-In.Ave.15Minutes.3Hours.MIXED-COMPUTED-REV,-234.95,111.11,-346.05,"SPIKE,NEGATIVE"
2025-05-16 20:00:00,FRN.Flow-In.Ave.15Minutes.3Hours.MIXED-COMPUTED-REV,-133.83,111.11,-244.94,NEGATIVE
2025-05-17 01:00:00,FRN.Flow-In.Ave.15Minutes.3Hours.MIXED-COMPUTED-REV,-118.81,111.87,-230.68,NEGATIVE
2025-05-17 02:00:00,FRN.Flow-In.Ave.15Minutes.3Hours.MIXED-COMPUTED-REV,-118.51,112.29,-230.79,NEGATIVE
2025-05-17 03:00:00,FRN.Flow-In.Ave.15Minutes.3Hours.MIXED-COMPUTED-REV,-2.77,112.38,-115.14,NEGATIVE
2025-05-17 16:00:00,FRN.Flow-In.Ave.15Minutes.3Hours.MIXED-COMPUTED-REV,-31.76,112.29,-144.04,NEGATIVE
2025-05-17 17:00:00,FRN.Flow-In.Ave.15Minutes.3Hours.MIXED-COMPUTED-REV,-219.36,112.29,-331.65,NEGATIVE
2025-05-17 18:00:00,FRN.Flow-In.Ave.15Minutes.3Hours.MIXED-COMPUTED-REV,-306.17,112.29,-418.46,NEGATIVE
2025-05-17 19:00:00,FRN.Flow-In.Ave.15Minutes.3Hours.MIXED-COMPUTED-REV,-277.46,112.29,-389.75,NEGATIVE
2025-05-17 20:00:00,FRN.Flow-In.Ave.15Minutes.3Hours.MIXED-COMPUTED-REV,-118.80,98.53,-217.33,NEGATIVE
2025-05-17 21:00:00,FRN.Flow-In.Ave.15Minutes.3Hours.MIXED-COMPUTED-REV,-75.46,69.09,-144.55,NEGATIVE
2025-05-17 22:00:00,FRN.Flow-In.Ave.15Minutes.3Hours.MIXED-COMPUTED-REV,-60.93,69.09,-130.02,NEGATIVE
2025-05-17 23:00:00,FRN.Flow-In.Ave.15Minutes.3Hours.MIXED-COMPUTED-REV,-46.49,69.09,-115.58,NEGATIVE
2025-05-18 00:00:00,FRN.Flow-In.Ave.15Minutes.3Hours.MIXED-COMPUTED-REV,-175.97,69.09,-245.06,NEGATIVE
2025-05-18 01:00:00,FRN.Flow-In.Ave.15Minutes.3Hours.MIXED-COMPUTED-REV,-17.51,69.09,-86.60,NEGATIVE
2025-05-18 17:00:00,FRN.Flow-In.Ave.15Minutes.3Hours.MIXED-COMPUTED-REV,-33.30,111.00,-144.30,NEGATIVE
2025-05-18 22:00:00,FRN.Flow-In.Ave.15Minutes.3Hours.MIXED-COMPUTED-REV,-33.13,111.08,-144.21,NEGATIVE
2025-05-18 23:00:00,FRN.Flow-In.Ave.15Minutes.3Hours.MIXED-COMPUTED-REV,-162.76,111.08,-273.84,"SPIKE,NEGATIVE"
2025-05-19 00:00:00,FRN.Flow-In.Ave.15Minutes.3Hours.MIXED-COMPUTED-REV,-47.47,111.08,-158.55,NEGATIVE
2025-05-19 20:00:00,FRN.Flow-In.Ave.15Minutes.3Hours.MIXED-COMPUTED-REV,-104.98,111.78,-216.76,NEGATIVE
2025-05-19 21:00:00,FRN.Flow-In.Ave.15Minutes.3Hours.MIXED-COMPUTED-REV,-234.79,111.98,-346.77,"SPIKE,NEGATIVE"
2025-05-19 22:00:00,FRN.Flow-In.Ave.15Minutes.3Hours.MIXED-COMPUTED-REV,-263.62,111.98,-375.59,"SPIKE,NEGATIVE"
2025-05-19 23:00:00,FRN.Flow-In.Ave.15Minutes.3Hours.MIXED-COMPUTED-REV,-119.41,111.98,-231.39,NEGATIVE
2025-05-20 17:00:00,FRN.Flow-In.Ave.15Minutes.3Hours.MIXED-COMPUTED-REV,-90.01,111.49,-201.50,NEGATIVE
2025-05-20 21:00:00,FRN.Flow-In.Ave.15Minutes.3Hours.MIXED-COMPUTED-REV,-32.79,39.63,-72.42,NEGATIVE
2025-05-20 22:00:00,FRN.Flow-In.Ave.15Minutes.3Hours.MIXED-COMPUTED-REV,-18.23,39.63,-57.86,NEGATIVE
2025-05-20 23:00:00,FRN.Flow-In.Ave.15Minutes.3Hours.MIXED-COMPUTED-REV,-17.98,39.63,-57.62,NEGATIVE
2025-05-21 00:00:00,FRN.Flow-In.Ave.15Minutes.3Hours.MIXED-COMPUTED-REV,-46.64,39.63,-86.27,NEGATIVE
2025-05-21 01:00:00,FRN.Flow-In.Ave.15Minutes.3Hours.MIXED-COMPUTED-REV,-133.02,53.74,-186.76,NEGATIVE
2025-05-21 02:00:00,FRN.Flow-In.Ave.15Minutes.3Hours.MIXED-COMPUTED-REV,-89.83,53.74,-143.57,NEGATIVE
2025-05-21 14:00:00,FRN.Flow-In.Ave.15Minutes.3Hours.MIXED-COMPUTED-REV,-47.27,82.22,-129.49,NEGATIVE
2025-05-21 15:00:00,FRN.Flow-In.Ave.15Minutes.3Hours.MIXED-COMPUTED-REV,-162.46,82.22,-244.69,NEGATIVE
2025-05-21 16:00:00,FRN.Flow-In.Ave.15Minutes.3Hours.MIXED-COMPUTED-REV,-133.76,82.22,-215.98,NEGATIVE
2025-05-21 17:00:00,FRN.Flow-In.Ave.15Minutes.3Hours.MIXED-COMPUTED-REV,-76.21,82.22,-158.44,NEGATIVE
2025-05-22 03:00:00,FRN.Flow-In.Ave.15Minutes.3Hours.MIXED-COMPUTED-REV,-88.99,111.23,-200.23,NEGATIVE
2025-05-22 04:00:00,FRN.Flow-In.Ave.15Minutes.3Hours.MIXED-COMPUTED-REV,-2.77,111.28,-114.05,NEGATIVE
2025-05-22 20:00:00,FRN.Flow-In.Ave.15Minutes.3Hours.MIXED-COMPUTED-REV,-32.71,111.12,-143.83,NEGATIVE
2025-05-22 21:00:00,FRN.Flow-In.Ave.15Minutes.3Hours.MIXED-COMPUTED-REV,-219.43,111.23,-330.66,"SPIKE,NEGATIVE"
2025-05-22 22:00:00,FRN.Flow-In.Ave.15Minutes.3Hours.MIXED-COMPUTED-REV,-233.69,111.12,-344.81,"SPIKE,NEGATIVE"
2025-05-23 01:00:00,FRN.Flow-In.Ave.15Minutes.3Hours.MIXED-COMPUTED-REV,-3.93,111.08,-115.01,NEGATIVE
2025-05-24 01:00:00,FRN.Flow-In.Ave.15Minutes.3Hours.MIXED-COMPUTED-REV,-147.02,111.00,-258.02,NEGATIVE
2025-05-24 02:00:00,FRN.Flow-In.Ave.15Minutes.3Hours.MIXED-COMPUTED-REV,-232.72,110.92,-343.64,"SPIKE,NEGATIVE"
2025-05-24 03:00:00,FRN.Flow-In.Ave.15Minutes.3Hours.MIXED-COMPUTED-REV,-189.34,110.92,-300.26,NEGATIVE
2025-05-24 12:00:00,FRN.Flow-In.Ave.15Minutes.3Hours.MIXED-COMPUTED-REV,-18.24,111.03,-129.27,NEGATIVE
2025-05-24 13:00:00,FRN.Flow-In.Ave.15Minutes.3Hours.MIXED-COMPUTED-REV,-46.82,111.03,-157.86,NEGATIVE
2025-05-25 08:00:00,FRN.Flow-In.Ave.15Minutes.3Hours.MIXED-COMPUTED-REV,-2.04,54.87,-56.91,NEGATIVE
2025-05-25 09:00:00,FRN.Flow-In.Ave.15Minutes.3Hours.MIXED-COMPUTED-REV,-45.02,54.87,-99.89,NEGATIVE
2025-05-25 10:00:00,FRN.Flow-In.Ave.15Minutes.3Hours.MIXED-COMPUTED-REV,-217.47,54.87,-272.35,NEGATIVE
2025-05-25 11:00:00,FRN.Flow-In.Ave.15Minutes.3Hours.MIXED-COMPUTED-REV,-232.25,54.87,-287.12,NEGATIVE
2025-05-25 12:00:00,FRN.Flow-In.Ave.15Minutes.3Hours.MIXED-COMPUTED-REV,-89.21,54.87,-144.08,NEGATIVE
2025-05-25 13:00:00,FRN.Flow-In.Ave.15Minutes.3Hours.MIXED-COMPUTED-REV,-32.06,54.87,-86.93,NEGATIVE
2025-05-25 14:00:00,FRN.Flow-In.Ave.15Minutes.3Hours.MIXED-COMPUTED-REV,-17.85,39.15,-57.01,NEGATIVE
2025-05-25 17:00:00,FRN.Flow-In.Ave.15Minutes.3Hours.MIXED-COMPUTED-REV,-32.54,-2.04,-30.50,NEGATIVE
2025-05-25 18:00:00,FRN.Flow-In.Ave.15Minutes.3Hours.MIXED-COMPUTED-REV,-233.29,-16.72,-216.57,NEGATIVE
2025-05-25 19:00:00,FRN.Flow-In.Ave.15Minutes.3Hours.MIXED-COMPUTED-REV,-118.59,-16.72,-101.87,NEGATIVE
2025-05-26 02:00:00,FRN.Flow-In.Ave.15Minutes.3Hours.MIXED-COMPUTED-REV,-16.72,39.15,-55.87,NEGATIVE
2025-05-26 03:00:00,FRN.Flow-In.Ave.15Minutes.3Hours.MIXED-COMPUTED-REV,-16.84,39.15,-55.99,NEGATIVE
2025-05-26 05:00:00,FRN.Flow-In.Ave.15Minutes.3Hours.MIXED-COMPUTED-REV,-17.30,39.15,-56.45,NEGATIVE
2025-05-26 06:00:00,FRN.Flow-In.Ave.15Minutes.3Hours.MIXED-COMPUTED-REV,-17.54,97.56,-115.11,NEGATIVE
2025-05-26 12:00:00,FRN.Flow-In.Ave.15Minutes.3Hours.MIXED-COMPUTED-REV,-103.73,96.51,-200.24,NEGATIVE
2025-05-26 13:00:00,FRN.Flow-In.Ave.15Minutes.3Hours.MIXED-COMPUTED-REV,-232.81,24.94,-257.75,NEGATIVE
2025-05-26 14:00:00,FRN.Flow-In.Ave.15Minutes.3Hours.MIXED-COMPUTED-REV,-189.85,24.94,-214.79,NEGATIVE
2025-05-26 20:00:00,FRN.Flow-In.Ave.15Minutes.3Hours.MIXED-COMPUTED-REV,-17.96,96.51,-114.46,NEGATIVE
2025-05-26 21:00:00,FRN.Flow-In.Ave.15Minutes.3Hours.MIXED-COMPUTED-REV,-3.53,96.51,-100.04,NEGATIVE
2025-05-27 00:00:00,FRN.Flow-In.Ave.15Minutes.3Hours.MIXED-COMPUTED-REV,-89.52,82.83,-172.34,NEGATIVE
2025-05-27 01:00:00,FRN.Flow-In.Ave.15Minutes.3Hours.MIXED-COMPUTED-REV,-218.21,82.83,-301.04,NEGATIVE
2025-05-27 02:00:00,FRN.Flow-In.Ave.15Minutes.3Hours.MIXED-COMPUTED-REV,-89.15,82.83,-171.98,NEGATIVE
2025-05-27 13:00:00,FRN.Flow-In.Ave.15Minutes.3Hours.MIXED-COMPUTED-REV,-4.31,39.46,-43.76,NEGATIVE
2025-05-27 14:00:00,FRN.Flow-In.Ave.15Minutes.3Hours.MIXED-COMPUTED-REV,-133.82,53.35,-187.18,NEGATIVE
2025-05-27 15:00:00,FRN.Flow-In.Ave.15Minutes.3Hours.MIXED-COMPUTED-REV,-148.18,58.92,-207.09,NEGATIVE
2025-05-27 16:00:00,FRN.Flow-In.Ave.15Minutes.3Hours.MIXED-COMPUTED-REV,-120.23,82.83,-203.06,NEGATIVE
2025-05-27 19:00:00,FRN.Flow-In.Ave.15Minutes.3Hours.MIXED-COMPUTED-REV,-105.63,81.33,-186.96,NEGATIVE
2025-05-27 20:00:00,FRN.Flow-In.Ave.15Minutes.3Hours.MIXED-COMPUTED-REV,-255.59,81.33,-336.93,NEGATIVE
2025-05-27 21:00:00,FRN.Flow-In.Ave.15Minutes.3Hours.MIXED-COMPUTED-REV,-246.06,81.30,-327.35,NEGATIVE
2025-05-27 22:00:00,FRN.Flow-In.Ave.15Minutes.3Hours.MIXED-COMPUTED-REV,-62.27,81.30,-143.57,NEGATIVE
2025-05-28 14:00:00,FRN.Flow-In.Ave.15Minutes.3Hours.MIXED-COMPUTED-REV,-163.63,95.42,-259.05,NEGATIVE
2025-05-28 15:00:00,FRN.Flow-In.Ave.15Minutes.3Hours.MIXED-COMPUTED-REV,-264.46,81.33,-345.80,NEGATIVE
2025-05-28 16:00:00,FRN.Flow-In.Ave.15Minutes.3Hours.MIXED-COMPUTED-REV,-106.20,81.30,-187.50,NEGATIVE
2025-05-28 22:00:00,FRN.Flow-In.Ave.15Minutes.3Hours.MIXED-COMPUTED-REV,-48.49,66.64,-115.13,NEGATIVE
2025-05-28 23:00:00,FRN.Flow-In.Ave.15Minutes.3Hours.MIXED-COMPUTED-REV,-77.24,23.55,-100.79,NEGATIVE
2025-05-29 00:00:00,FRN.Flow-In.Ave.15Minutes.3Hours.MIXED-COMPUTED-REV,-177.83,23.45,-201.28,NEGATIVE
2025-05-29 01:00:00,FRN.Flow-In.Ave.15Minutes.3Hours.MIXED-COMPUTED-REV,-264.04,-33.90,-230.14,NEGATIVE
2025-05-29 02:00:00,FRN.Flow-In.Ave.15Minutes.3Hours.MIXED-COMPUTED-REV,-335.86,-33.90,-301.96,NEGATIVE
2025-05-29 03:00:00,FRN.Flow-In.Ave.15Minutes.3Hours.MIXED-COMPUTED-REV,-235.15,-5.31,-229.84,NEGATIVE
2025-05-29 04:00:00,FRN.Flow-In.Ave.15Minutes.3Hours.MIXED-COMPUTED-REV,-148.84,23.45,-172.29,NEGATIVE
2025-05-29 05:00:00,FRN.Flow-In.Ave.15Minutes.3Hours.MIXED-COMPUTED-REV,-120.09,23.55,-143.64,NEGATIVE
2025-05-29 06:00:00,FRN.Flow-In.Ave.15Minutes.3Hours.MIXED-COMPUTED-REV,-33.90,23.55,-57.45,NEGATIVE
2025-05-29 13:00:00,FRN.Flow-In.Ave.15Minutes.3Hours.MIXED-COMPUTED-REV,-48.41,23.15,-71.57,NEGATIVE
2025-05-29 14:00:00,FRN.Flow-In.Ave.15Minutes.3Hours.MIXED-COMPUTED-REV,-5.31,23.15,-28.46,NEGATIVE
2025-05-29 22:00:00,FRN.Flow-In.Ave.15Minutes.3Hours.MIXED-COMPUTED-REV,-120.32,80.54,-200.86,NEGATIVE
2025-05-29 23:00:00,FRN.Flow-In.Ave.15Minutes.3Hours.MIXED-COMPUTED-REV,-48.49,80.54,-129.03,NEGATIVE
2025-05-30 00:00:00,FRN.Flow-In.Ave.15Minutes.3Hours.MIXED-COMPUTED-REV,-120.22,80.54,-200.76,NEGATIVE
2025-05-30 01:00:00,FRN.Flow-In.Ave.15Minutes.3Hours.MIXED-COMPUTED-REV,-62.72,80.54,-143.26,NEGATIVE
2025-05-30 02:00:00,FRN.Flow-In.Ave.15Minutes.3Hours.MIXED-COMPUTED-REV,-134.41,80.54,-214.95,NEGATIVE
2025-05-30 03:00:00,FRN.Flow-In.Ave.15Minutes.3Hours.MIXED-COMPUTED-REV,-5.15,80.54,-85.69,NEGATIVE
2025-05-30 12:00:00,FRN.Flow-In.Ave.15Minutes.3Hours.MIXED-COMPUTED-REV,-5.09,-5.09,0.00,NEGATIVE
2025-05-30 13:00:00,FRN.Flow-In.Ave.15Minutes.3Hours.MIXED-COMPUTED-REV,-191.69,8.93,-200.62,NEGATIVE
2025-05-30 14:00:00,FRN.Flow-In.Ave.15Minutes.3Hours.MIXED-COMPUTED-REV,-163.03,9.32,-172.35,NEGATIVE
2025-05-30 15:00:00,FRN.Flow-In.Ave.15Minutes.3Hours.MIXED-COMPUTED-REV,-105.79,23.66,-129.45,NEGATIVE
2025-05-30 16:00:00,FRN.Flow-In.Ave.15Minutes.3Hours.MIXED-COMPUTED-REV,-62.74,80.75,-143.49,NEGATIVE
2025-05-30 21:00:00,FRN.Flow-In.Ave.15Minutes.3Hours.MIXED-COMPUTED-REV,-76.72,9.32,-86.05,NEGATIVE
2025-05-30 22:00:00,FRN.Flow-In.Ave.15Minutes.3Hours.MIXED-COMPUTED-REV,-134.09,9.32,-143.41,NEGATIVE
2025-05-30 23:00:00,FRN.Flow-In.Ave.15Minutes.3Hours.MIXED-COMPUTED-REV,-134.09,9.32,-143.41,NEGATIVE
2025-05-31 00:00:00,FRN.Flow-In.Ave.15Minutes.3Hours.MIXED-COMPUTED-REV,-105.41,9.32,-114.73,NEGATIVE
2025-05-31 08:00:00,FRN.Flow-In.Ave.15Minutes.3Hours.MIXED-COMPUTED-REV,-171.98,23.66,-195.65,NEGATIVE
2025-05-31 09:00:00,FRN.Flow-In.Ave.15Minutes.3Hours.MIXED-COMPUTED-REV,-178.66,16.85,-195.51,NEGATIVE
2025-05-31 14:00:00,FRN.Flow-In.Ave.15Minutes.3Hours.MIXED-COMPUTED-REV,-131.57,24.90,-156.47,NEGATIVE
2025-05-31 15:00:00,FRN.Flow-In.Ave.15Minutes.3Hours.MIXED-COMPUTED-REV,-60.14,24.90,-85.04,NEGATIVE
2025-05-31 20:00:00,FRN.Flow-In.Ave.15Minutes.3Hours.MIXED-COMPUTED-REV,-231.05,-30.03,-201.02,NEGATIVE
2025-05-31 21:00:00,FRN.Flow-In.Ave.15Minutes.3Hours.MIXED-COMPUTED-REV,-531.75,-30.03,-501.72,NEGATIVE
2025-05-31 22:00:00,FRN.Flow-In.Ave.15Minutes.3Hours.MIXED-COMPUTED-REV,-831.80,-30.03,-801.77,NEGATIVE
2025-05-31 23:00:00,FRN.Flow-In.Ave.15Minutes.3Hours.MIXED-COMPUTED-REV,-645.31,-30.03,-615.28,NEGATIVE
2025-06-01 00:00:00,FRN.Flow-In.Ave.15Minutes.3Hours.MIXED-COMPUTED-REV,-73.03,-30.03,-43.00,NEGATIVE
2025-06-01 03:00:00,FRN.Flow-In.Ave.15Minutes.3Hours.MIXED-COMPUTED-REV,-30.03,-16.07,-13.96,NEGATIVE
2025-06-01 06:00:00,FRN.Flow-In.Ave.15Minutes.3Hours.MIXED-COMPUTED-REV,-215.81,-73.03,-142.78,NEGATIVE
2025-06-01 07:00:00,FRN.Flow-In.Ave.15Minutes.3Hours.MIXED-COMPUTED-REV,-358.89,-117.41,-241.47,NEGATIVE
2025-06-01 08:00:00,FRN.Flow-In.Ave.15Minutes.3Hours.MIXED-COMPUTED-REV,-259.06,-117.41,-141.65,NEGATIVE
2025-06-01 09:00:00,FRN.Flow-In.Ave.15Minutes.3Hours.MIXED-COMPUTED-REV,-202.04,-73.03,-129.01,NEGATIVE
2025-06-01 10:00:00,FRN.Flow-In.Ave.15Minutes.3Hours.MIXED-COMPUTED-REV,-187.59,-30.03,-157.56,NEGATIVE
2025-06-01 11:00:00,FRN.Flow-In.Ave.15Minutes.3Hours.MIXED-COMPUTED-REV,-16.07,-30.03,13.96,NEGATIVE
2025-06-01 16:00:00,FRN.Flow-In.Ave.15Minutes.3Hours.MIXED-COMPUTED-REV,-142.52,-40.41,-102.11,NEGATIVE
2025-06-01 17:00:00,FRN.Flow-In.Ave.15Minutes.3Hours.MIXED-COMPUTED-REV,-359.59,-40.41,-319.18,NEGATIVE
2025-06-01 18:00:00,FRN.Flow-In.Ave.15Minutes.3Hours.MIXED-COMPUTED-REV,-345.90,-40.41,-305.50,NEGATIVE
2025-06-01 19:00:00,FRN.Flow-In.Ave.15Minutes.3Hours.MIXED-COMPUTED-REV,-117.41,-25.84,-91.57,NEGATIVE
2025-06-01 23:00:00,FRN.Flow-In.Ave.15Minutes.3Hours.MIXED-COMPUTED-REV,-121.62,17.18,-138.79,NEGATIVE
2025-06-02 00:00:00,FRN.Flow-In.Ave.15Minutes.3Hours.MIXED-COMPUTED-REV,-224.80,31.56,-256.36,NEGATIVE
2025-06-02 01:00:00,FRN.Flow-In.Ave.15Minutes.3Hours.MIXED-COMPUTED-REV,-111.91,31.56,-143.47,NEGATIVE
2025-06-02 02:00:00,FRN.Flow-In.Ave.15Minutes.3Hours.MIXED-COMPUTED-REV,-40.41,31.56,-71.97,NEGATIVE
2025-06-02 03:00:00,FRN.Flow-In.Ave.15Minutes.3Hours.MIXED-COMPUTED-REV,-25.84,17.18,-43.02,NEGATIVE
2025-06-02 09:00:00,FRN.Flow-In.Ave.15Minutes.3Hours.MIXED-COMPUTED-REV,-269.50,-25.84,-243.66,NEGATIVE
2025-06-02 10:00:00,FRN.Flow-In.Ave.15Minutes.3Hours.MIXED-COMPUTED-REV,-11.50,-40.41,28.90,NEGATIVE
2025-06-02 15:00:00,FRN.Flow-In.Ave.15Minutes.3Hours.MIXED-COMPUTED-REV,-83.29,-25.84,-57.45,NEGATIVE
2025-06-02 16:00:00,FRN.Flow-In.Ave.15Minutes.3Hours.MIXED-COMPUTED-REV,-198.04,-11.50,-186.53,NEGATIVE
2025-06-02 17:00:00,FRN.Flow-In.Ave.15Minutes.3Hours.MIXED-COMPUTED-REV,-241.04,-11.50,-229.54,NEGATIVE
2025-06-02 18:00:00,FRN.Flow-In.Ave.15Minutes.3Hours.MIXED-COMPUTED-REV,-111.94,-11.50,-100.44,NEGATIVE
2025-06-02 19:00:00,FRN.Flow-In.Ave.15Minutes.3Hours.MIXED-COMPUTED-REV,-169.20,-11.50,-157.70,NEGATIVE
2025-06-02 20:00:00,FRN.Flow-In.Ave.15Minutes.3Hours.MIXED-COMPUTED-REV,-240.84,-11.50,-229.34,NEGATIVE
2025-06-02 21:00:00,FRN.Flow-In.Ave.15Minutes.3Hours.MIXED-COMPUTED-REV,-255.20,-11.50,-243.69,NEGATIVE
2025-06-02 22:00:00,FRN.Flow-In.Ave.15Minutes.3Hours.MIXED-COMPUTED-REV,-112.04,31.83,-143.87,NEGATIVE
2025-06-03 01:00:00,FRN.Flow-In.Ave.15Minutes.3Hours.MIXED-COMPUTED-REV,-54.65,-25.53,-29.12,NEGATIVE
2025-06-03 02:00:00,FRN.Flow-In.Ave.15Minutes.3Hours.MIXED-COMPUTED-REV,-254.83,-40.06,-214.77,NEGATIVE
2025-06-03 03:00:00,FRN.Flow-In.Ave.15Minutes.3Hours.MIXED-COMPUTED-REV,-197.47,-40.06,-157.41,NEGATIVE
2025-06-03 12:00:00,FRN.Flow-In.Ave.15Minutes.3Hours.MIXED-COMPUTED-REV,-25.53,17.51,-43.04,NEGATIVE
2025-06-03 13:00:00,FRN.Flow-In.Ave.15Minutes.3Hours.MIXED-COMPUTED-REV,-97.24,17.51,-114.75,NEGATIVE
2025-06-03 14:00:00,FRN.Flow-In.Ave.15Minutes.3Hours.MIXED-COMPUTED-REV,-40.06,17.51,-57.57,NEGATIVE
2025-06-03 15:00:00,FRN.Flow-In.Ave.15Minutes.3Hours.MIXED-COMPUTED-REV,-11.37,17.51,-28.88,NEGATIVE
2025-06-03 16:00:00,FRN.Flow-In.Ave.15Minutes.3Hours.MIXED-COMPUTED-REV,-39.88,17.65,-57.52,NEGATIVE
2025-06-03 17:00:00,FRN.Flow-In.Ave.15Minutes.3Hours.MIXED-COMPUTED-REV,-68.40,17.65,-86.05,NEGATIVE
2025-06-03 20:00:00,FRN.Flow-In.Ave.15Minutes.3Hours.MIXED-COMPUTED-REV,-168.52,17.65,-186.17,NEGATIVE
2025-06-03 21:00:00,FRN.Flow-In.Ave.15Minutes.3Hours.MIXED-COMPUTED-REV,-197.13,17.51,-214.64,NEGATIVE
2025-06-03 22:00:00,FRN.Flow-In.Ave.15Minutes.3Hours.MIXED-COMPUTED-REV,-182.79,17.51,-200.30,NEGATIVE
2025-06-04 02:00:00,FRN.Flow-In.Ave.15Minutes.3Hours.MIXED-COMPUTED-REV,-282.60,41.14,-323.74,NEGATIVE
2025-06-04 03:00:00,FRN.Flow-In.Ave.15Minutes.3Hours.MIXED-COMPUTED-REV,-254.80,46.11,-300.91,NEGATIVE
2025-06-04 05:00:00,FRN.Flow-In.Ave.15Minutes.3Hours.MIXED-COMPUTED-REV,385.46,69.72,315.74,SPIKE
2025-06-04 09:00:00,FRN.Flow-In.Ave.15Minutes.3Hours.MIXED-COMPUTED-REV,-30.32,74.77,-105.08,NEGATIVE
2025-06-04 18:00:00,FRN.Flow-In.Ave.15Minutes.3Hours.MIXED-COMPUTED-REV,-59.94,84.01,-143.95,NEGATIVE
2025-06-04 19:00:00,FRN.Flow-In.Ave.15Minutes.3Hours.MIXED-COMPUTED-REV,-221.37,84.01,-305.38,NEGATIVE
2025-06-04 20:00:00,FRN.Flow-In.Ave.15Minutes.3Hours.MIXED-COMPUTED-REV,-198.37,84.01,-282.38,NEGATIVE
2025-06-05 00:00:00,FRN.Flow-In.Ave.15Minutes.3Hours.MIXED-COMPUTED-REV,-349.53,84.01,-433.54,NEGATIVE
2025-06-05 01:00:00,FRN.Flow-In.Ave.15Minutes.3Hours.MIXED-COMPUTED-REV,-521.99,55.43,-577.42,NEGATIVE
2025-06-05 02:00:00,FRN.Flow-In.Ave.15Minutes.3Hours.MIXED-COMPUTED-REV,-437.07,33.18,-470.26,NEGATIVE
2025-06-05 03:00:00,FRN.Flow-In.Ave.15Minutes.3Hours.MIXED-COMPUTED-REV,-308.77,-59.94,-248.83,NEGATIVE
2025-06-05 04:00:00,FRN.Flow-In.Ave.15Minutes.3Hours.MIXED-COMPUTED-REV,-66.02,-59.94,-6.08,NEGATIVE
2025-06-05 11:00:00,FRN.Flow-In.Ave.15Minutes.3Hours.MIXED-COMPUTED-REV,-123.90,-66.02,-57.87,NEGATIVE
2025-06-05 12:00:00,FRN.Flow-In.Ave.15Minutes.3Hours.MIXED-COMPUTED-REV,-238.11,-66.02,-172.09,NEGATIVE
2025-06-05 13:00:00,FRN.Flow-In.Ave.15Minutes.3Hours.MIXED-COMPUTED-REV,-209.55,-38.14,-171.41,NEGATIVE
2025-06-05 14:00:00,FRN.Flow-In.Ave.15Minutes.3Hours.MIXED-COMPUTED-REV,-152.38,33.08,-185.46,NEGATIVE
2025-06-05 15:00:00,FRN.Flow-In.Ave.15Minutes.3Hours.MIXED-COMPUTED-REV,-66.77,33.18,-99.95,NEGATIVE
2025-06-05 22:00:00,FRN.Flow-In.Ave.15Minutes.3Hours.MIXED-COMPUTED-REV,-261.76,61.96,-323.72,NEGATIVE
2025-06-05 23:00:00,FRN.Flow-In.Ave.15Minutes.3Hours.MIXED-COMPUTED-REV,-195.17,62.13,-257.30,NEGATIVE
2025-06-06 00:00:00,FRN.Flow-In.Ave.15Minutes.3Hours.MIXED-COMPUTED-REV,-38.14,90.14,-128.28,NEGATIVE
2025-06-06 14:00:00,FRN.Flow-In.Ave.15Minutes.3Hours.MIXED-COMPUTED-REV,-23.77,19.48,-43.25,NEGATIVE
2025-06-06 15:00:00,FRN.Flow-In.Ave.15Minutes.3Hours.MIXED-COMPUTED-REV,-252.11,19.48,-271.60,NEGATIVE
2025-06-06 16:00:00,FRN.Flow-In.Ave.15Minutes.3Hours.MIXED-COMPUTED-REV,-223.61,19.48,-243.10,NEGATIVE
2025-06-06 17:00:00,FRN.Flow-In.Ave.15Minutes.3Hours.MIXED-COMPUTED-REV,-109.56,47.52,-157.08,NEGATIVE
2025-06-06 21:00:00,FRN.Flow-In.Ave.15Minutes.3Hours.MIXED-COMPUTED-REV,-123.04,5.07,-128.11,NEGATIVE
2025-06-06 22:00:00,FRN.Flow-In.Ave.15Minutes.3Hours.MIXED-COMPUTED-REV,-66.11,5.07,-71.18,NEGATIVE
2025-06-06 23:00:00,FRN.Flow-In.Ave.15Minutes.3Hours.MIXED-COMPUTED-REV,-151.47,5.07,-156.53,NEGATIVE
2025-06-07 00:00:00,FRN.Flow-In.Ave.15Minutes.3Hours.MIXED-COMPUTED-REV,-79.85,5.07,-84.92,NEGATIVE
2025-06-07 01:00:00,FRN.Flow-In.Ave.15Minutes.3Hours.MIXED-COMPUTED-REV,-36.91,-8.50,-28.41,NEGATIVE
2025-06-07 02:00:00,FRN.Flow-In.Ave.15Minutes.3Hours.MIXED-COMPUTED-REV,-8.50,-23.23,14.73,NEGATIVE
2025-06-07 08:00:00,FRN.Flow-In.Ave.15Minutes.3Hours.MIXED-COMPUTED-REV,-108.63,47.98,-156.60,NEGATIVE
2025-06-07 09:00:00,FRN.Flow-In.Ave.15Minutes.3Hours.MIXED-COMPUTED-REV,-65.72,47.98,-113.70,NEGATIVE
2025-06-07 13:00:00,FRN.Flow-In.Ave.15Minutes.3Hours.MIXED-COMPUTED-REV,-23.23,47.98,-71.21,NEGATIVE
2025-06-07 14:00:00,FRN.Flow-In.Ave.15Minutes.3Hours.MIXED-COMPUTED-REV,-151.70,48.37,-200.07,NEGATIVE
2025-06-07 21:00:00,FRN.Flow-In.Ave.15Minutes.3Hours.MIXED-COMPUTED-REV,-65.94,61.97,-127.92,NEGATIVE
2025-06-07 22:00:00,FRN.Flow-In.Ave.15Minutes.3Hours.MIXED-COMPUTED-REV,-179.82,61.97,-241.79,NEGATIVE
2025-06-07 23:00:00,FRN.Flow-In.Ave.15Minutes.3Hours.MIXED-COMPUTED-REV,-265.22,61.97,-327.20,"SPIKE,NEGATIVE"
2025-06-08 00:00:00,FRN.Flow-In.Ave.15Minutes.3Hours.MIXED-COMPUTED-REV,-151.31,61.97,-213.28,NEGATIVE
2025-06-08 01:00:00,FRN.Flow-In.Ave.15Minutes.3Hours.MIXED-COMPUTED-REV,-37.43,61.97,-99.41,NEGATIVE
2025-06-08 21:00:00,FRN.Flow-In.Ave.15Minutes.3Hours.MIXED-COMPUTED-REV,-165.66,61.61,-227.27,NEGATIVE
2025-06-08 22:00:00,FRN.Flow-In.Ave.15Minutes.3Hours.MIXED-COMPUTED-REV,-222.68,61.61,-284.29,"SPIKE,NEGATIVE"
2025-06-08 23:00:00,FRN.Flow-In.Ave.15Minutes.3Hours.MIXED-COMPUTED-REV,-237.08,61.61,-298.69,"SPIKE,NEGATIVE"
2025-06-09 00:00:00,FRN.Flow-In.Ave.15Minutes.3Hours.MIXED-COMPUTED-REV,-52.21,61.61,-113.82,NEGATIVE
2025-06-09 14:00:00,FRN.Flow-In.Ave.15Minutes.3Hours.MIXED-COMPUTED-REV,-24.03,61.61,-85.64,NEGATIVE
2025-06-09 15:00:00,FRN.Flow-In.Ave.15Minutes.3Hours.MIXED-COMPUTED-REV,-66.85,61.61,-128.46,NEGATIVE
2025-06-09 16:00:00,FRN.Flow-In.Ave.15Minutes.3Hours.MIXED-COMPUTED-REV,-195.31,61.61,-256.92,"SPIKE,NEGATIVE"
2025-06-09 17:00:00,FRN.Flow-In.Ave.15Minutes.3Hours.MIXED-COMPUTED-REV,-195.31,61.61,-256.92,"SPIKE,NEGATIVE"
2025-06-09 18:00:00,FRN.Flow-In.Ave.15Minutes.3Hours.MIXED-COMPUTED-REV,-152.49,61.61,-214.10,NEGATIVE
2025-06-09 23:00:00,FRN.Flow-In.Ave.15Minutes.3Hours.MIXED-COMPUTED-REV,-81.00,61.61,-142.61,NEGATIVE
2025-06-10 00:00:00,FRN.Flow-In.Ave.15Minutes.3Hours.MIXED-COMPUTED-REV,-266.39,47.35,-313.74,"SPIKE,NEGATIVE"
2025-06-10 01:00:00,FRN.Flow-In.Ave.15Minutes.3Hours.MIXED-COMPUTED-REV,-280.65,33.11,-313.76,"SPIKE,NEGATIVE"
2025-06-10 02:00:00,FRN.Flow-In.Ave.15Minutes.3Hours.MIXED-COMPUTED-REV,-138.04,47.35,-185.39,NEGATIVE
2025-06-10 15:00:00,FRN.Flow-In.Ave.15Minutes.3Hours.MIXED-COMPUTED-REV,-109.43,47.35,-156.78,NEGATIVE
2025-06-10 16:00:00,FRN.Flow-In.Ave.15Minutes.3Hours.MIXED-COMPUTED-REV,-223.50,33.11,-256.61,"SPIKE,NEGATIVE"
2025-06-10 17:00:00,FRN.Flow-In.Ave.15Minutes.3Hours.MIXED-COMPUTED-REV,-266.34,33.11,-299.45,"SPIKE,NEGATIVE"
2025-06-10 18:00:00,FRN.Flow-In.Ave.15Minutes.3Hours.MIXED-COMPUTED-REV,-81.11,33.11,-114.22,NEGATIVE
2025-06-10 22:00:00,FRN.Flow-In.Ave.15Minutes.3Hours.MIXED-COMPUTED-REV,-194.64,-9.57,-185.07,NEGATIVE
2025-06-10 23:00:00,FRN.Flow-In.Ave.15Minutes.3Hours.MIXED-COMPUTED-REV,-208.87,-9.57,-199.30,NEGATIVE
2025-06-11 00:00:00,FRN.Flow-In.Ave.15Minutes.3Hours.MIXED-COMPUTED-REV,-9.57,-9.57,0.00,NEGATIVE
2025-06-11 02:00:00,FRN.Flow-In.Ave.15Minutes.3Hours.MIXED-COMPUTED-REV,-9.57,-52.50,42.93,NEGATIVE
2025-06-11 03:00:00,FRN.Flow-In.Ave.15Minutes.3Hours.MIXED-COMPUTED-REV,-166.17,-66.51,-99.65,NEGATIVE
2025-06-11 04:00:00,FRN.Flow-In.Ave.15Minutes.3Hours.MIXED-COMPUTED-REV,-66.51,-66.51,0.00,NEGATIVE
2025-06-11 08:00:00,FRN.Flow-In.Ave.15Minutes.3Hours.MIXED-COMPUTED-REV,-194.42,-9.57,-184.85,NEGATIVE
2025-06-11 09:00:00,FRN.Flow-In.Ave.15Minutes.3Hours.MIXED-COMPUTED-REV,-279.76,-16.68,-263.08,NEGATIVE
2025-06-11 10:00:00,FRN.Flow-In.Ave.15Minutes.3Hours.MIXED-COMPUTED-REV,-237.09,-38.15,-198.94,NEGATIVE
2025-06-11 11:00:00,FRN.Flow-In.Ave.15Minutes.3Hours.MIXED-COMPUTED-REV,-23.79,-38.15,14.36,NEGATIVE
2025-06-11 13:00:00,FRN.Flow-In.Ave.15Minutes.3Hours.MIXED-COMPUTED-REV,-52.50,-38.15,-14.36,NEGATIVE
2025-06-11 14:00:00,FRN.Flow-In.Ave.15Minutes.3Hours.MIXED-COMPUTED-REV,-237.60,-38.15,-199.45,NEGATIVE
2025-06-11 15:00:00,FRN.Flow-In.Ave.15Minutes.3Hours.MIXED-COMPUTED-REV,-223.72,-38.15,-185.58,NEGATIVE
2025-06-11 16:00:00,FRN.Flow-In.Ave.15Minutes.3Hours.MIXED-COMPUTED-REV,-124.51,-10.30,-114.20,NEGATIVE
2025-06-11 22:00:00,FRN.Flow-In.Ave.15Minutes.3Hours.MIXED-COMPUTED-REV,-266.44,-10.30,-256.13,NEGATIVE
2025-06-11 23:00:00,FRN.Flow-In.Ave.15Minutes.3Hours.MIXED-COMPUTED-REV,-280.62,-10.30,-270.31,NEGATIVE
2025-06-12 00:00:00,FRN.Flow-In.Ave.15Minutes.3Hours.MIXED-COMPUTED-REV,-138.63,-10.44,-128.19,NEGATIVE
2025-06-12 06:00:00,FRN.Flow-In.Ave.15Minutes.3Hours.MIXED-COMPUTED-REV,-24.05,-31.29,7.24,NEGATIVE
2025-06-12 07:00:00,FRN.Flow-In.Ave.15Minutes.3Hours.MIXED-COMPUTED-REV,-151.79,-31.29,-120.51,NEGATIVE
2025-06-12 08:00:00,FRN.Flow-In.Ave.15Minutes.3Hours.MIXED-COMPUTED-REV,-38.53,-59.72,21.20,NEGATIVE
2025-06-12 11:00:00,FRN.Flow-In.Ave.15Minutes.3Hours.MIXED-COMPUTED-REV,-109.51,-95.24,-14.27,NEGATIVE
2025-06-12 12:00:00,FRN.Flow-In.Ave.15Minutes.3Hours.MIXED-COMPUTED-REV,-151.97,-80.92,-71.05,NEGATIVE
2025-06-12 13:00:00,FRN.Flow-In.Ave.15Minutes.3Hours.MIXED-COMPUTED-REV,-95.24,-38.53,-56.71,NEGATIVE
2025-06-12 14:00:00,FRN.Flow-In.Ave.15Minutes.3Hours.MIXED-COMPUTED-REV,-151.87,-38.53,-113.34,NEGATIVE
2025-06-12 15:00:00,FRN.Flow-In.Ave.15Minutes.3Hours.MIXED-COMPUTED-REV,-265.15,-38.53,-226.62,NEGATIVE
2025-06-12 16:00:00,FRN.Flow-In.Ave.15Minutes.3Hours.MIXED-COMPUTED-REV,-279.27,-38.53,-240.74,NEGATIVE
2025-06-12 17:00:00,FRN.Flow-In.Ave.15Minutes.3Hours.MIXED-COMPUTED-REV,-137.68,-38.53,-99.15,NEGATIVE
2025-06-12 20:00:00,FRN.Flow-In.Ave.15Minutes.3Hours.MIXED-COMPUTED-REV,-80.92,-24.60,-56.32,NEGATIVE
2025-06-12 21:00:00,FRN.Flow-In.Ave.15Minutes.3Hours.MIXED-COMPUTED-REV,-321.70,4.48,-326.17,NEGATIVE
2025-06-12 22:00:00,FRN.Flow-In.Ave.15Minutes.3Hours.MIXED-COMPUTED-REV,-350.25,4.48,-354.73,NEGATIVE
2025-06-12 23:00:00,FRN.Flow-In.Ave.15Minutes.3Hours.MIXED-COMPUTED-REV,-180.25,4.12,-184.37,NEGATIVE
2025-06-13 03:00:00,FRN.Flow-In.Ave.15Minutes.3Hours.MIXED-COMPUTED-REV,-24.60,4.12,-28.71,NEGATIVE
2025-06-13 12:00:00,FRN.Flow-In.Ave.15Minutes.3Hours.MIXED-COMPUTED-REV,-138.40,18.65,-157.06,NEGATIVE
2025-06-13 13:00:00,FRN.Flow-In.Ave.15Minutes.3Hours.MIXED-COMPUTED-REV,-238.16,18.48,-256.63,NEGATIVE
2025-06-13 14:00:00,FRN.Flow-In.Ave.15Minutes.3Hours.MIXED-COMPUTED-REV,-223.91,4.48,-228.39,NEGATIVE
2025-06-13 15:00:00,FRN.Flow-In.Ave.15Minutes.3Hours.MIXED-COMPUTED-REV,-81.30,4.12,-85.41,NEGATIVE
2025-06-13 17:00:00,FRN.Flow-In.Ave.15Minutes.3Hours.MIXED-COMPUTED-REV,-194.69,4.48,-199.17,NEGATIVE
2025-06-13 18:00:00,FRN.Flow-In.Ave.15Minutes.3Hours.MIXED-COMPUTED-REV,-237.57,4.48,-242.05,NEGATIVE
2025-06-13 19:00:00,FRN.Flow-In.Ave.15Minutes.3Hours.MIXED-COMPUTED-REV,-66.96,4.48,-71.44,NEGATIVE
2025-06-14 00:00:00,FRN.Flow-In.Ave.15Minutes.3Hours.MIXED-COMPUTED-REV,-66.62,-66.62,0.00,NEGATIVE
2025-06-14 01:00:00,FRN.Flow-In.Ave.15Minutes.3Hours.MIXED-COMPUTED-REV,-237.26,-66.62,-170.65,NEGATIVE
2025-06-14 02:00:00,FRN.Flow-In.Ave.15Minutes.3Hours.MIXED-COMPUTED-REV,-194.50,-66.62,-127.88,NEGATIVE
2025-06-14 03:00:00,FRN.Flow-In.Ave.15Minutes.3Hours.MIXED-COMPUTED-REV,-52.21,-52.21,0.00,NEGATIVE
2025-06-14 09:00:00,FRN.Flow-In.Ave.15Minutes.3Hours.MIXED-COMPUTED-REV,-24.08,-24.08,0.00,NEGATIVE
2025-06-14 10:00:00,FRN.Flow-In.Ave.15Minutes.3Hours.MIXED-COMPUTED-REV,-137.65,-37.81,-99.85,NEGATIVE
2025-06-14 11:00:00,FRN.Flow-In.Ave.15Minutes.3Hours.MIXED-COMPUTED-REV,-208.58,-37.84,-170.74,NEGATIVE
2025-06-14 12:00:00,FRN.Flow-In.Ave.15Minutes.3Hours.MIXED-COMPUTED-REV,-307.88,-52.21,-255.68,NEGATIVE
2025-06-14 13:00:00,FRN.Flow-In.Ave.15Minutes.3Hours.MIXED-COMPUTED-REV,-336.18,-52.21,-283.98,NEGATIVE
2025-06-14 14:00:00,FRN.Flow-In.Ave.15Minutes.3Hours.MIXED-COMPUTED-REV,-250.91,-37.84,-213.07,NEGATIVE
2025-06-14 15:00:00,FRN.Flow-In.Ave.15Minutes.3Hours.MIXED-COMPUTED-REV,-37.81,-37.81,0.00,NEGATIVE
2025-06-14 16:00:00,FRN.Flow-In.Ave.15Minutes.3Hours.MIXED-COMPUTED-REV,-9.40,-24.08,14.67,NEGATIVE
2025-06-14 17:00:00,FRN.Flow-In.Ave.15Minutes.3Hours.MIXED-COMPUTED-REV,-37.84,-24.08,-13.76,NEGATIVE
2025-06-14 18:00:00,FRN.Flow-In.Ave.15Minutes.3Hours.MIXED-COMPUTED-REV,-66.33,-24.08,-42.25,NEGATIVE
2025-06-14 22:00:00,FRN.Flow-In.Ave.15Minutes.3Hours.MIXED-COMPUTED-REV,-80.42,-9.40,-71.01,NEGATIVE
2025-06-14 23:00:00,FRN.Flow-In.Ave.15Minutes.3Hours.MIXED-COMPUTED-REV,-264.82,-9.28,-255.54,NEGATIVE
2025-06-15 00:00:00,FRN.Flow-In.Ave.15Minutes.3Hours.MIXED-COMPUTED-REV,-278.95,4.90,-283.85,NEGATIVE
2025-06-15 01:00:00,FRN.Flow-In.Ave.15Minutes.3Hours.MIXED-COMPUTED-REV,-137.05,19.08,-156.13,NEGATIVE
2025-06-15 04:00:00,FRN.Flow-In.Ave.15Minutes.3Hours.MIXED-COMPUTED-REV,-9.28,47.26,-56.54,NEGATIVE
2025-06-15 16:00:00,FRN.Flow-In.Ave.15Minutes.3Hours.MIXED-COMPUTED-REV,-193.77,47.39,-241.16,NEGATIVE
2025-06-15 17:00:00,FRN.Flow-In.Ave.15Minutes.3Hours.MIXED-COMPUTED-REV,-278.91,61.59,-340.50,"SPIKE,NEGATIVE"
2025-06-15 18:00:00,FRN.Flow-In.Ave.15Minutes.3Hours.MIXED-COMPUTED-REV,-236.31,61.59,-297.90,NEGATIVE
2025-06-15 19:00:00,FRN.Flow-In.Ave.15Minutes.3Hours.MIXED-COMPUTED-REV,-23.56,61.59,-85.15,NEGATIVE
2025-06-15 22:00:00,FRN.Flow-In.Ave.15Minutes.3Hours.MIXED-COMPUTED-REV,-108.50,33.28,-141.78,NEGATIVE
2025-06-15 23:00:00,FRN.Flow-In.Ave.15Minutes.3Hours.MIXED-COMPUTED-REV,-221.83,18.98,-240.80,NEGATIVE
2025-06-16 00:00:00,FRN.Flow-In.Ave.15Minutes.3Hours.MIXED-COMPUTED-REV,-264.29,18.98,-283.27,NEGATIVE
2025-06-16 01:00:00,FRN.Flow-In.Ave.15Minutes.3Hours.MIXED-COMPUTED-REV,-108.39,18.98,-127.37,NEGATIVE
2025-06-16 09:00:00,FRN.Flow-In.Ave.15Minutes.3Hours.MIXED-COMPUTED-REV,-150.87,33.28,-184.15,NEGATIVE
2025-06-16 10:00:00,FRN.Flow-In.Ave.15Minutes.3Hours.MIXED-COMPUTED-REV,-80.04,33.28,-113.32,NEGATIVE
2025-06-16 16:00:00,FRN.Flow-In.Ave.15Minutes.3Hours.MIXED-COMPUTED-REV,-136.70,33.21,-169.91,NEGATIVE
2025-06-16 17:00:00,FRN.Flow-In.Ave.15Minutes.3Hours.MIXED-COMPUTED-REV,-136.76,4.95,-141.71,NEGATIVE
2025-06-16 23:00:00,FRN.Flow-In.Ave.15Minutes.3Hours.MIXED-COMPUTED-REV,-9.15,-9.15,0.00,NEGATIVE
2025-06-17 00:00:00,FRN.Flow-In.Ave.15Minutes.3Hours.MIXED-COMPUTED-REV,-193.14,-37.32,-155.82,NEGATIVE
2025-06-17 01:00:00,FRN.Flow-In.Ave.15Minutes.3Hours.MIXED-COMPUTED-REV,-249.75,-51.51,-198.24,NEGATIVE
2025-06-17 02:00:00,FRN.Flow-In.Ave.15Minutes.3Hours.MIXED-COMPUTED-REV,-263.83,-51.51,-212.32,NEGATIVE
2025-06-17 03:00:00,FRN.Flow-In.Ave.15Minutes.3Hours.MIXED-COMPUTED-REV,-320.26,-51.51,-268.74,NEGATIVE
2025-06-17 04:00:00,FRN.Flow-In.Ave.15Minutes.3Hours.MIXED-COMPUTED-REV,-263.62,-51.51,-212.11,NEGATIVE
2025-06-17 05:00:00,FRN.Flow-In.Ave.15Minutes.3Hours.MIXED-COMPUTED-REV,-51.51,-51.41,-0.10,NEGATIVE
2025-06-17 08:00:00,FRN.Flow-In.Ave.15Minutes.3Hours.MIXED-COMPUTED-REV,-79.79,-66.10,-13.70,NEGATIVE
2025-06-17 09:00:00,FRN.Flow-In.Ave.15Minutes.3Hours.MIXED-COMPUTED-REV,-164.64,-66.10,-98.54,NEGATIVE
2025-06-17 10:00:00,FRN.Flow-In.Ave.15Minutes.3Hours.MIXED-COMPUTED-REV,-37.32,-66.10,28.77,NEGATIVE
2025-06-17 11:00:00,FRN.Flow-In.Ave.15Minutes.3Hours.MIXED-COMPUTED-REV,-93.80,-79.79,-14.00,NEGATIVE
2025-06-17 12:00:00,FRN.Flow-In.Ave.15Minutes.3Hours.MIXED-COMPUTED-REV,-178.57,-80.10,-98.47,NEGATIVE
2025-06-17 13:00:00,FRN.Flow-In.Ave.15Minutes.3Hours.MIXED-COMPUTED-REV,-136.18,-80.10,-56.08,NEGATIVE
2025-06-17 14:00:00,FRN.Flow-In.Ave.15Minutes.3Hours.MIXED-COMPUTED-REV,-9.03,-79.79,70.76,NEGATIVE
2025-06-17 16:00:00,FRN.Flow-In.Ave.15Minutes.3Hours.MIXED-COMPUTED-REV,-23.16,-51.51,28.36,NEGATIVE
2025-06-17 17:00:00,FRN.Flow-In.Ave.15Minutes.3Hours.MIXED-COMPUTED-REV,-51.41,-51.41,0.00,NEGATIVE
2025-06-17 18:00:00,FRN.Flow-In.Ave.15Minutes.3Hours.MIXED-COMPUTED-REV,-80.10,-37.32,-42.78,NEGATIVE
2025-06-17 19:00:00,FRN.Flow-In.Ave.15Minutes.3Hours.MIXED-COMPUTED-REV,-108.66,-37.32,-71.34,NEGATIVE
2025-06-17 20:00:00,FRN.Flow-In.Ave.15Minutes.3Hours.MIXED-COMPUTED-REV,-66.10,-37.32,-28.77,NEGATIVE
2025-06-17 23:00:00,FRN.Flow-In.Ave.15Minutes.3Hours.MIXED-COMPUTED-REV,-94.89,-23.16,-71.73,NEGATIVE
2025-06-18 00:00:00,FRN.Flow-In.Ave.15Minutes.3Hours.MIXED-COMPUTED-REV,-180.45,-23.16,-157.29,NEGATIVE
2025-06-18 01:00:00,FRN.Flow-In.Ave.15Minutes.3Hours.MIXED-COMPUTED-REV,-81.34,-23.16,-58.19,NEGATIVE
2025-06-18 10:00:00,FRN.Flow-In.Ave.15Minutes.3Hours.MIXED-COMPUTED-REV,-137.84,17.72,-155.57,NEGATIVE
2025-06-18 11:00:00,FRN.Flow-In.Ave.15Minutes.3Hours.MIXED-COMPUTED-REV,-279.84,3.89,-283.73,NEGATIVE
2025-06-18 12:00:00,FRN.Flow-In.Ave.15Minutes.3Hours.MIXED-COMPUTED-REV,-265.90,3.89,-269.79,NEGATIVE
2025-06-18 13:00:00,FRN.Flow-In.Ave.15Minutes.3Hours.MIXED-COMPUTED-REV,-81.63,3.89,-85.52,NEGATIVE
2025-06-18 17:00:00,FRN.Flow-In.Ave.15Minutes.3Hours.MIXED-COMPUTED-REV,-39.11,-39.11,0.00,NEGATIVE
2025-06-18 21:00:00,FRN.Flow-In.Ave.15Minutes.3Hours.MIXED-COMPUTED-REV,-138.41,-39.11,-99.31,NEGATIVE
2025-06-18 22:00:00,FRN.Flow-In.Ave.15Minutes.3Hours.MIXED-COMPUTED-REV,-223.37,-39.11,-184.26,NEGATIVE
2025-06-18 23:00:00,FRN.Flow-In.Ave.15Minutes.3Hours.MIXED-COMPUTED-REV,-124.13,3.23,-127.37,NEGATIVE
2025-06-19 00:00:00,FRN.Flow-In.Ave.15Minutes.3Hours.MIXED-COMPUTED-REV,-53.29,17.72,-71.02,NEGATIVE
2025-06-19 01:00:00,FRN.Flow-In.Ave.15Minutes.3Hours.MIXED-COMPUTED-REV,-53.21,17.85,-71.06,NEGATIVE
2025-06-19 02:00:00,FRN.Flow-In.Ave.15Minutes.3Hours.MIXED-COMPUTED-REV,-237.06,17.85,-254.91,NEGATIVE
2025-06-19 03:00:00,FRN.Flow-In.Ave.15Minutes.3Hours.MIXED-COMPUTED-REV,-279.38,17.72,-297.10,NEGATIVE
2025-06-19 04:00:00,FRN.Flow-In.Ave.15Minutes.3Hours.MIXED-COMPUTED-REV,-194.42,3.23,-197.66,NEGATIVE
2025-06-19 14:00:00,FRN.Flow-In.Ave.15Minutes.3Hours.MIXED-COMPUTED-REV,-81.50,31.70,-113.20,NEGATIVE
2025-06-19 15:00:00,FRN.Flow-In.Ave.15Minutes.3Hours.MIXED-COMPUTED-REV,-236.97,31.70,-268.66,NEGATIVE
2025-06-19 16:00:00,FRN.Flow-In.Ave.15Minutes.3Hours.MIXED-COMPUTED-REV,-392.32,31.70,-424.02,"SPIKE,NEGATIVE"
2025-06-19 17:00:00,FRN.Flow-In.Ave.15Minutes.3Hours.MIXED-COMPUTED-REV,-321.59,32.21,-353.80,NEGATIVE
2025-06-19 18:00:00,FRN.Flow-In.Ave.15Minutes.3Hours.MIXED-COMPUTED-REV,-10.71,45.77,-56.47,NEGATIVE
2025-06-20 01:00:00,FRN.Flow-In.Ave.15Minutes.3Hours.MIXED-COMPUTED-REV,-207.84,45.77,-253.61,"SPIKE,NEGATIVE"
2025-06-20 02:00:00,FRN.Flow-In.Ave.15Minutes.3Hours.MIXED-COMPUTED-REV,-278.26,60.12,-338.38,"SPIKE,NEGATIVE"
2025-06-20 03:00:00,FRN.Flow-In.Ave.15Minutes.3Hours.MIXED-COMPUTED-REV,-193.25,60.12,-253.37,"SPIKE,NEGATIVE"
2025-06-20 23:00:00,FRN.Flow-In.Ave.15Minutes.3Hours.MIXED-COMPUTED-REV,-38.10,60.04,-98.13,NEGATIVE
2025-06-21 00:00:00,FRN.Flow-In.Ave.15Minutes.3Hours.MIXED-COMPUTED-REV,-165.45,60.02,-225.47,NEGATIVE
2025-06-21 01:00:00,FRN.Flow-In.Ave.15Minutes.3Hours.MIXED-COMPUTED-REV,-363.07,46.41,-409.48,NEGATIVE
2025-06-21 02:00:00,FRN.Flow-In.Ave.15Minutes.3Hours.MIXED-COMPUTED-REV,-518.22,46.41,-564.62,NEGATIVE
2025-06-21 03:00:00,FRN.Flow-In.Ave.15Minutes.3Hours.MIXED-COMPUTED-REV,-292.49,46.41,-338.89,NEGATIVE
2025-06-21 04:00:00,FRN.Flow-In.Ave.15Minutes.3Hours.MIXED-COMPUTED-REV,-66.73,46.41,-113.14,NEGATIVE
2025-06-21 09:00:00,FRN.Flow-In.Ave.15Minutes.3Hours.MIXED-COMPUTED-REV,-10.52,88.09,-98.61,NEGATIVE
2025-06-21 10:00:00,FRN.Flow-In.Ave.15Minutes.3Hours.MIXED-COMPUTED-REV,-123.42,88.09,-211.52,NEGATIVE
2025-06-21 11:00:00,FRN.Flow-In.Ave.15Minutes.3Hours.MIXED-COMPUTED-REV,-236.26,88.09,-324.35,NEGATIVE
2025-06-21 12:00:00,FRN.Flow-In.Ave.15Minutes.3Hours.MIXED-COMPUTED-REV,-208.05,130.61,-338.67,NEGATIVE
2025-06-21 13:00:00,FRN.Flow-In.Ave.15Minutes.3Hours.MIXED-COMPUTED-REV,-10.62,130.61,-141.23,NEGATIVE
2025-06-21 17:00:00,FRN.Flow-In.Ave.15Minutes.3Hours.MIXED-COMPUTED-REV,-38.83,130.61,-169.44,NEGATIVE
2025-06-21 23:00:00,FRN.Flow-In.Ave.15Minutes.3Hours.MIXED-COMPUTED-REV,483.63,59.89,423.74,SPIKE
2025-06-22 15:00:00,FRN.Flow-In.Ave.15Minutes.3Hours.MIXED-COMPUTED-REV,-180.27,59.89,-240.16,NEGATIVE
2025-06-22 16:00:00,FRN.Flow-In.Ave.15Minutes.3Hours.MIXED-COMPUTED-REV,-279.16,59.89,-339.05,"SPIKE,NEGATIVE"
2025-06-22 17:00:00,FRN.Flow-In.Ave.15Minutes.3Hours.MIXED-COMPUTED-REV,-222.65,59.89,-282.54,"SPIKE,NEGATIVE"
2025-06-22 18:00:00,FRN.Flow-In.Ave.15Minutes.3Hours.MIXED-COMPUTED-REV,-39.00,59.89,-98.89,NEGATIVE
2025-06-23 01:00:00,FRN.Flow-In.Ave.15Minutes.3Hours.MIXED-COMPUTED-REV,-95.15,17.61,-112.76,NEGATIVE
2025-06-23 02:00:00,FRN.Flow-In.Ave.15Minutes.3Hours.MIXED-COMPUTED-REV,-207.89,-10.42,-197.47,NEGATIVE
2025-06-23 03:00:00,FRN.Flow-In.Ave.15Minutes.3Hours.MIXED-COMPUTED-REV,-236.04,-24.79,-211.25,NEGATIVE
2025-06-23 04:00:00,FRN.Flow-In.Ave.15Minutes.3Hours.MIXED-COMPUTED-REV,-123.24,-24.67,-98.58,NEGATIVE
2025-06-23 05:00:00,FRN.Flow-In.Ave.15Minutes.3Hours.MIXED-COMPUTED-REV,-10.42,-10.42,0.00,NEGATIVE
2025-06-23 08:00:00,FRN.Flow-In.Ave.15Minutes.3Hours.MIXED-COMPUTED-REV,385.07,17.61,367.46,SPIKE
2025-06-23 11:00:00,FRN.Flow-In.Ave.15Minutes.3Hours.MIXED-COMPUTED-REV,-81.01,-24.67,-56.35,NEGATIVE
2025-06-23 12:00:00,FRN.Flow-In.Ave.15Minutes.3Hours.MIXED-COMPUTED-REV,-95.30,-24.79,-70.51,NEGATIVE
2025-06-23 13:00:00,FRN.Flow-In.Ave.15Minutes.3Hours.MIXED-COMPUTED-REV,-38.91,-38.33,-0.58,NEGATIVE
2025-06-23 14:00:00,FRN.Flow-In.Ave.15Minutes.3Hours.MIXED-COMPUTED-REV,-81.26,-38.33,-42.93,NEGATIVE
2025-06-23 15:00:00,FRN.Flow-In.Ave.15Minutes.3Hours.MIXED-COMPUTED-REV,-24.79,-24.79,0.00,NEGATIVE
2025-06-23 16:00:00,FRN.Flow-In.Ave.15Minutes.3Hours.MIXED-COMPUTED-REV,-24.67,-24.67,0.00,NEGATIVE
2025-06-23 20:00:00,FRN.Flow-In.Ave.15Minutes.3Hours.MIXED-COMPUTED-REV,-38.33,-9.34,-28.99,NEGATIVE
2025-06-23 21:00:00,FRN.Flow-In.Ave.15Minutes.3Hours.MIXED-COMPUTED-REV,-123.19,-24.67,-98.53,NEGATIVE
2025-06-23 22:00:00,FRN.Flow-In.Ave.15Minutes.3Hours.MIXED-COMPUTED-REV,-9.34,-24.79,15.45,NEGATIVE
2025-06-23 23:00:00,FRN.Flow-In.Ave.15Minutes.3Hours.MIXED-COMPUTED-REV,-104.33,-24.79,-79.54,NEGATIVE
2025-06-24 00:00:00,FRN.Flow-In.Ave.15Minutes.3Hours.MIXED-COMPUTED-REV,-207.63,-24.67,-182.96,NEGATIVE
2025-06-24 01:00:00,FRN.Flow-In.Ave.15Minutes.3Hours.MIXED-COMPUTED-REV,-241.04,-9.34,-231.70,NEGATIVE
2025-06-24 02:00:00,FRN.Flow-In.Ave.15Minutes.3Hours.MIXED-COMPUTED-REV,-80.53,31.12,-111.65,NEGATIVE
2025-06-24 09:00:00,FRN.Flow-In.Ave.15Minutes.3Hours.MIXED-COMPUTED-REV,-66.83,58.82,-125.65,NEGATIVE
2025-06-24 10:00:00,FRN.Flow-In.Ave.15Minutes.3Hours.MIXED-COMPUTED-REV,-52.93,58.82,-111.75,NEGATIVE
2025-06-24 21:00:00,FRN.Flow-In.Ave.15Minutes.3Hours.MIXED-COMPUTED-REV,-78.70,59.09,-137.79,NEGATIVE
2025-06-24 22:00:00,FRN.Flow-In.Ave.15Minutes.3Hours.MIXED-COMPUTED-REV,-259.79,59.09,-318.88,"SPIKE,NEGATIVE"
2025-06-24 23:00:00,FRN.Flow-In.Ave.15Minutes.3Hours.MIXED-COMPUTED-REV,-218.10,59.09,-277.20,"SPIKE,NEGATIVE"
2025-06-25 00:00:00,FRN.Flow-In.Ave.15Minutes.3Hours.MIXED-COMPUTED-REV,-107.42,58.82,-166.25,NEGATIVE
2025-06-25 09:00:00,FRN.Flow-In.Ave.15Minutes.3Hours.MIXED-COMPUTED-REV,-80.88,-11.21,-69.67,NEGATIVE
2025-06-25 10:00:00,FRN.Flow-In.Ave.15Minutes.3Hours.MIXED-COMPUTED-REV,-263.89,3.53,-267.42,NEGATIVE
2025-06-25 11:00:00,FRN.Flow-In.Ave.15Minutes.3Hours.MIXED-COMPUTED-REV,-277.97,3.53,-281.50,NEGATIVE
2025-06-25 12:00:00,FRN.Flow-In.Ave.15Minutes.3Hours.MIXED-COMPUTED-REV,-137.19,3.53,-140.73,NEGATIVE
2025-06-25 15:00:00,FRN.Flow-In.Ave.15Minutes.3Hours.MIXED-COMPUTED-REV,-95.65,17.47,-113.12,NEGATIVE
2025-06-25 16:00:00,FRN.Flow-In.Ave.15Minutes.3Hours.MIXED-COMPUTED-REV,-208.89,17.47,-226.36,NEGATIVE
2025-06-25 17:00:00,FRN.Flow-In.Ave.15Minutes.3Hours.MIXED-COMPUTED-REV,-237.29,17.47,-254.76,NEGATIVE
2025-06-25 18:00:00,FRN.Flow-In.Ave.15Minutes.3Hours.MIXED-COMPUTED-REV,-124.23,17.47,-141.71,NEGATIVE
2025-06-25 19:00:00,FRN.Flow-In.Ave.15Minutes.3Hours.MIXED-COMPUTED-REV,-11.21,17.47,-28.68,NEGATIVE
2025-06-25 23:00:00,FRN.Flow-In.Ave.15Minutes.3Hours.MIXED-COMPUTED-REV,-138.44,44.90,-183.33,NEGATIVE
2025-06-26 00:00:00,FRN.Flow-In.Ave.15Minutes.3Hours.MIXED-COMPUTED-REV,-251.12,44.90,-296.01,NEGATIVE
2025-06-26 01:00:00,FRN.Flow-In.Ave.15Minutes.3Hours.MIXED-COMPUTED-REV,-123.89,44.90,-168.78,NEGATIVE
2025-06-26 11:00:00,FRN.Flow-In.Ave.15Minutes.3Hours.MIXED-COMPUTED-REV,-138.17,16.42,-154.58,NEGATIVE
2025-06-26 12:00:00,FRN.Flow-In.Ave.15Minutes.3Hours.MIXED-COMPUTED-REV,-279.55,30.79,-310.34,NEGATIVE
2025-06-26 13:00:00,FRN.Flow-In.Ave.15Minutes.3Hours.MIXED-COMPUTED-REV,-265.66,30.79,-296.45,NEGATIVE
2025-06-26 14:00:00,FRN.Flow-In.Ave.15Minutes.3Hours.MIXED-COMPUTED-REV,-82.16,30.79,-112.95,NEGATIVE
2025-06-26 19:00:00,FRN.Flow-In.Ave.15Minutes.3Hours.MIXED-COMPUTED-REV,-96.48,-10.62,-85.86,NEGATIVE
2025-06-26 20:00:00,FRN.Flow-In.Ave.15Minutes.3Hours.MIXED-COMPUTED-REV,-209.33,-10.62,-198.71,NEGATIVE
2025-06-26 21:00:00,FRN.Flow-In.Ave.15Minutes.3Hours.MIXED-COMPUTED-REV,-237.53,-10.62,-226.91,NEGATIVE
2025-06-26 22:00:00,FRN.Flow-In.Ave.15Minutes.3Hours.MIXED-COMPUTED-REV,-96.37,-10.62,-85.76,NEGATIVE
2025-06-27 01:00:00,FRN.Flow-In.Ave.15Minutes.3Hours.MIXED-COMPUTED-REV,-137.88,3.39,-141.27,NEGATIVE
2025-06-27 02:00:00,FRN.Flow-In.Ave.15Minutes.3Hours.MIXED-COMPUTED-REV,-264.54,3.48,-268.02,NEGATIVE
2025-06-27 03:00:00,FRN.Flow-In.Ave.15Minutes.3Hours.MIXED-COMPUTED-REV,-151.64,3.48,-155.11,NEGATIVE
2025-06-27 04:00:00,FRN.Flow-In.Ave.15Minutes.3Hours.MIXED-COMPUTED-REV,-38.82,3.39,-42.21,NEGATIVE
2025-06-27 06:00:00,FRN.Flow-In.Ave.15Minutes.3Hours.MIXED-COMPUTED-REV,-10.62,-10.62,0.00,NEGATIVE
2025-06-27 15:00:00,FRN.Flow-In.Ave.15Minutes.3Hours.MIXED-COMPUTED-REV,-10.81,-10.62,-0.19,NEGATIVE
2025-06-27 16:00:00,FRN.Flow-In.Ave.15Minutes.3Hours.MIXED-COMPUTED-REV,-179.87,-10.62,-169.25,NEGATIVE
2025-06-27 17:00:00,FRN.Flow-In.Ave.15Minutes.3Hours.MIXED-COMPUTED-REV,-264.61,-10.62,-253.99,NEGATIVE
2025-06-27 18:00:00,FRN.Flow-In.Ave.15Minutes.3Hours.MIXED-COMPUTED-REV,-208.40,-10.62,-197.78,NEGATIVE
2025-06-27 19:00:00,FRN.Flow-In.Ave.15Minutes.3Hours.MIXED-COMPUTED-REV,-39.36,3.39,-42.75,NEGATIVE
2025-06-27 23:00:00,FRN.Flow-In.Ave.15Minutes.3Hours.MIXED-COMPUTED-REV,-137.44,3.39,-140.83,NEGATIVE
2025-06-28 00:00:00,FRN.Flow-In.Ave.15Minutes.3Hours.MIXED-COMPUTED-REV,-278.01,45.21,-323.22,NEGATIVE
2025-06-28 01:00:00,FRN.Flow-In.Ave.15Minutes.3Hours.MIXED-COMPUTED-REV,-263.88,45.21,-309.09,NEGATIVE
2025-06-28 02:00:00,FRN.Flow-In.Ave.15Minutes.3Hours.MIXED-COMPUTED-REV,-123.09,45.21,-168.30,NEGATIVE
2025-06-28 03:00:00,FRN.Flow-In.Ave.15Minutes.3Hours.MIXED-COMPUTED-REV,-193.36,-10.81,-182.56,NEGATIVE
2025-06-28 04:00:00,FRN.Flow-In.Ave.15Minutes.3Hours.MIXED-COMPUTED-REV,-263.72,-38.68,-225.03,NEGATIVE
2025-06-28 05:00:00,FRN.Flow-In.Ave.15Minutes.3Hours.MIXED-COMPUTED-REV,-38.68,-38.68,0.00,NEGATIVE
2025-06-28 15:00:00,FRN.Flow-In.Ave.15Minutes.3Hours.MIXED-COMPUTED-REV,-137.02,-81.14,-55.88,NEGATIVE
2025-06-28 16:00:00,FRN.Flow-In.Ave.15Minutes.3Hours.MIXED-COMPUTED-REV,-277.66,-53.12,-224.54,NEGATIVE
2025-06-28 17:00:00,FRN.Flow-In.Ave.15Minutes.3Hours.MIXED-COMPUTED-REV,-263.75,-38.68,-225.07,NEGATIVE
2025-06-28 18:00:00,FRN.Flow-In.Ave.15Minutes.3Hours.MIXED-COMPUTED-REV,-81.14,-24.44,-56.70,NEGATIVE
2025-06-28 19:00:00,FRN.Flow-In.Ave.15Minutes.3Hours.MIXED-COMPUTED-REV,-53.12,-24.44,-28.68,NEGATIVE
2025-06-28 20:00:00,FRN.Flow-In.Ave.15Minutes.3Hours.MIXED-COMPUTED-REV,-151.72,-53.12,-98.60,NEGATIVE
2025-06-28 21:00:00,FRN.Flow-In.Ave.15Minutes.3Hours.MIXED-COMPUTED-REV,-249.95,-81.14,-168.81,NEGATIVE
2025-06-28 22:00:00,FRN.Flow-In.Ave.15Minutes.3Hours.MIXED-COMPUTED-REV,-165.51,-108.58,-56.93,NEGATIVE
2025-06-28 23:00:00,FRN.Flow-In.Ave.15Minutes.3Hours.MIXED-COMPUTED-REV,-109.14,-108.58,-0.56,NEGATIVE
2025-06-29 00:00:00,FRN.Flow-In.Ave.15Minutes.3Hours.MIXED-COMPUTED-REV,-221.39,-108.58,-112.81,NEGATIVE
2025-06-29 01:00:00,FRN.Flow-In.Ave.15Minutes.3Hours.MIXED-COMPUTED-REV,-277.55,-108.58,-168.97,NEGATIVE
2025-06-29 02:00:00,FRN.Flow-In.Ave.15Minutes.3Hours.MIXED-COMPUTED-REV,-235.25,-108.58,-126.67,NEGATIVE
2025-06-29 03:00:00,FRN.Flow-In.Ave.15Minutes.3Hours.MIXED-COMPUTED-REV,-24.44,-109.14,84.71,NEGATIVE
2025-06-29 08:00:00,FRN.Flow-In.Ave.15Minutes.3Hours.MIXED-COMPUTED-REV,-164.74,-108.58,-56.16,NEGATIVE
2025-06-29 09:00:00,FRN.Flow-In.Ave.15Minutes.3Hours.MIXED-COMPUTED-REV,-164.74,-81.66,-83.08,NEGATIVE
2025-06-29 10:00:00,FRN.Flow-In.Ave.15Minutes.3Hours.MIXED-COMPUTED-REV,-108.58,-81.66,-26.93,NEGATIVE
2025-06-29 15:00:00,FRN.Flow-In.Ave.15Minutes.3Hours.MIXED-COMPUTED-REV,-137.02,3.63,-140.65,NEGATIVE
2025-06-29 16:00:00,FRN.Flow-In.Ave.15Minutes.3Hours.MIXED-COMPUTED-REV,-277.48,3.72,-281.19,NEGATIVE
2025-06-29 17:00:00,FRN.Flow-In.Ave.15Minutes.3Hours.MIXED-COMPUTED-REV,-263.67,3.72,-267.38,NEGATIVE
2025-06-29 18:00:00,FRN.Flow-In.Ave.15Minutes.3Hours.MIXED-COMPUTED-REV,-81.25,3.72,-84.97,NEGATIVE
2025-06-29 21:00:00,FRN.Flow-In.Ave.15Minutes.3Hours.MIXED-COMPUTED-REV,-81.66,17.55,-99.21,NEGATIVE
2025-06-29 22:00:00,FRN.Flow-In.Ave.15Minutes.3Hours.MIXED-COMPUTED-REV,-236.48,17.62,-254.10,NEGATIVE
2025-06-29 23:00:00,FRN.Flow-In.Ave.15Minutes.3Hours.MIXED-COMPUTED-REV,-250.25,17.62,-267.87,NEGATIVE
2025-06-30 00:00:00,FRN.Flow-In.Ave.15Minutes.3Hours.MIXED-COMPUTED-REV,-137.36,17.55,-154.91,NEGATIVE
2025-06-30 11:00:00,FRN.Flow-In.Ave.15Minutes.3Hours.MIXED-COMPUTED-REV,-10.55,59.89,-70.44,NEGATIVE
2025-06-30 12:00:00,FRN.Flow-In.Ave.15Minutes.3Hours.MIXED-COMPUTED-REV,-137.36,59.89,-197.25,NEGATIVE
2025-06-30 13:00:00,FRN.Flow-In.Ave.15Minutes.3Hours.MIXED-COMPUTED-REV,-250.07,59.89,-309.96,NEGATIVE
2025-06-30 14:00:00,FRN.Flow-In.Ave.15Minutes.3Hours.MIXED-COMPUTED-REV,-207.80,59.89,-267.69,NEGATIVE
2025-06-30 15:00:00,FRN.Flow-In.Ave.15Minutes.3Hours.MIXED-COMPUTED-REV,-81.00,31.71,-112.71,NEGATIVE
2025-06-30 19:00:00,FRN.Flow-In.Ave.15Minutes.3Hours.MIXED-COMPUTED-REV,-95.16,17.61,-112.77,NEGATIVE
2025-06-30 20:00:00,FRN.Flow-In.Ave.15Minutes.3Hours.MIXED-COMPUTED-REV,-67.06,-10.55,-56.50,NEGATIVE
2025-07-01 00:00:00,FRN.Flow-In.Ave.15Minutes.3Hours.MIXED-COMPUTED-REV,-179.53,-24.58,-154.95,NEGATIVE
2025-07-01 01:00:00,FRN.Flow-In.Ave.15Minutes.3Hours.MIXED-COMPUTED-REV,-278.07,-24.58,-253.49,NEGATIVE
2025-07-01 02:00:00,FRN.Flow-In.Ave.15Minutes.3Hours.MIXED-COMPUTED-REV,-235.81,-10.43,-225.38,NEGATIVE
2025-07-01 03:00:00,FRN.Flow-In.Ave.15Minutes.3Hours.MIXED-COMPUTED-REV,-24.58,-10.43,-14.16,NEGATIVE
2025-07-01 07:00:00,FRN.Flow-In.Ave.15Minutes.3Hours.MIXED-COMPUTED-REV,-52.67,-24.86,-27.82,NEGATIVE
2025-07-01 08:00:00,FRN.Flow-In.Ave.15Minutes.3Hours.MIXED-COMPUTED-REV,-151.23,-24.71,-126.52,NEGATIVE
2025-07-01 09:00:00,FRN.Flow-In.Ave.15Minutes.3Hours.MIXED-COMPUTED-REV,-38.65,-24.71,-13.93,NEGATIVE
2025-07-01 12:00:00,FRN.Flow-In.Ave.15Minutes.3Hours.MIXED-COMPUTED-REV,-10.43,-52.62,42.19,NEGATIVE
2025-07-01 13:00:00,FRN.Flow-In.Ave.15Minutes.3Hours.MIXED-COMPUTED-REV,-52.62,-52.62,0.00,NEGATIVE
2025-07-01 15:00:00,FRN.Flow-In.Ave.15Minutes.3Hours.MIXED-COMPUTED-REV,-123.00,-24.86,-98.14,NEGATIVE
2025-07-01 16:00:00,FRN.Flow-In.Ave.15Minutes.3Hours.MIXED-COMPUTED-REV,-165.39,-24.86,-140.53,NEGATIVE
2025-07-01 17:00:00,FRN.Flow-In.Ave.15Minutes.3Hours.MIXED-COMPUTED-REV,-193.64,-24.86,-168.79,NEGATIVE
2025-07-01 18:00:00,FRN.Flow-In.Ave.15Minutes.3Hours.MIXED-COMPUTED-REV,-24.86,-24.86,0.00,NEGATIVE
2025-07-01 20:00:00,FRN.Flow-In.Ave.15Minutes.3Hours.MIXED-COMPUTED-REV,-24.71,-24.86,0.15,NEGATIVE
2025-07-01 21:00:00,FRN.Flow-In.Ave.15Minutes.3Hours.MIXED-COMPUTED-REV,-235.60,-24.86,-210.74,NEGATIVE
2025-07-01 22:00:00,FRN.Flow-In.Ave.15Minutes.3Hours.MIXED-COMPUTED-REV,-277.77,-24.86,-252.91,NEGATIVE
2025-07-01 23:00:00,FRN.Flow-In.Ave.15Minutes.3Hours.MIXED-COMPUTED-REV,-235.43,-38.52,-196.91,NEGATIVE
2025-07-02 00:00:00,FRN.Flow-In.Ave.15Minutes.3Hours.MIXED-COMPUTED-REV,-235.12,-52.62,-182.49,NEGATIVE
2025-07-02 01:00:00,FRN.Flow-In.Ave.15Minutes.3Hours.MIXED-COMPUTED-REV,-136.67,-123.00,-13.67,NEGATIVE
2025-07-02 07:00:00,FRN.Flow-In.Ave.15Minutes.3Hours.MIXED-COMPUTED-REV,-24.34,-25.75,1.40,NEGATIVE
2025-07-02 08:00:00,FRN.Flow-In.Ave.15Minutes.3Hours.MIXED-COMPUTED-REV,-234.93,-25.75,-209.18,NEGATIVE
2025-07-02 09:00:00,FRN.Flow-In.Ave.15Minutes.3Hours.MIXED-COMPUTED-REV,-319.18,-25.75,-293.43,NEGATIVE
2025-07-02 10:00:00,FRN.Flow-In.Ave.15Minutes.3Hours.MIXED-COMPUTED-REV,-305.14,-24.34,-280.80,NEGATIVE
2025-07-02 11:00:00,FRN.Flow-In.Ave.15Minutes.3Hours.MIXED-COMPUTED-REV,-38.52,2.35,-40.87,NEGATIVE
2025-07-02 12:00:00,FRN.Flow-In.Ave.15Minutes.3Hours.MIXED-COMPUTED-REV,-150.88,2.35,-153.23,NEGATIVE
2025-07-02 13:00:00,FRN.Flow-In.Ave.15Minutes.3Hours.MIXED-COMPUTED-REV,-165.21,2.35,-167.56,NEGATIVE
2025-07-02 14:00:00,FRN.Flow-In.Ave.15Minutes.3Hours.MIXED-COMPUTED-REV,-221.77,2.35,-224.12,NEGATIVE
2025-07-02 15:00:00,FRN.Flow-In.Ave.15Minutes.3Hours.MIXED-COMPUTED-REV,-25.75,-24.34,-1.40,NEGATIVE
2025-07-03 00:00:00,FRN.Flow-In.Ave.15Minutes.3Hours.MIXED-COMPUTED-REV,-235.26,2.35,-237.61,NEGATIVE
2025-07-03 01:00:00,FRN.Flow-In.Ave.15Minutes.3Hours.MIXED-COMPUTED-REV,-319.15,2.35,-321.50,NEGATIVE
2025-07-03 02:00:00,FRN.Flow-In.Ave.15Minutes.3Hours.MIXED-COMPUTED-REV,-444.98,2.35,-447.33,NEGATIVE
2025-07-03 03:00:00,FRN.Flow-In.Ave.15Minutes.3Hours.MIXED-COMPUTED-REV,-304.73,2.35,-307.08,NEGATIVE
2025-07-03 04:00:00,FRN.Flow-In.Ave.15Minutes.3Hours.MIXED-COMPUTED-REV,-38.82,2.35,-41.17,NEGATIVE
2025-07-03 07:00:00,FRN.Flow-In.Ave.15Minutes.3Hours.MIXED-COMPUTED-REV,-122.52,2.35,-124.87,NEGATIVE
2025-07-03 08:00:00,FRN.Flow-In.Ave.15Minutes.3Hours.MIXED-COMPUTED-REV,-276.69,2.79,-279.48,NEGATIVE
2025-07-03 09:00:00,FRN.Flow-In.Ave.15Minutes.3Hours.MIXED-COMPUTED-REV,-137.17,2.79,-139.96,NEGATIVE
2025-07-03 13:00:00,FRN.Flow-In.Ave.15Minutes.3Hours.MIXED-COMPUTED-REV,-137.64,-81.69,-55.96,NEGATIVE
2025-07-03 14:00:00,FRN.Flow-In.Ave.15Minutes.3Hours.MIXED-COMPUTED-REV,-277.53,-81.56,-195.97,NEGATIVE
2025-07-03 15:00:00,FRN.Flow-In.Ave.15Minutes.3Hours.MIXED-COMPUTED-REV,-263.54,-38.82,-224.73,NEGATIVE
2025-07-03 16:00:00,FRN.Flow-In.Ave.15Minutes.3Hours.MIXED-COMPUTED-REV,-81.69,44.21,-125.90,NEGATIVE
2025-07-03 22:00:00,FRN.Flow-In.Ave.15Minutes.3Hours.MIXED-COMPUTED-REV,-137.47,58.20,-195.67,NEGATIVE
2025-07-03 23:00:00,FRN.Flow-In.Ave.15Minutes.3Hours.MIXED-COMPUTED-REV,-277.23,58.20,-335.43,"SPIKE,NEGATIVE"
2025-07-04 00:00:00,FRN.Flow-In.Ave.15Minutes.3Hours.MIXED-COMPUTED-REV,-263.26,58.20,-321.46,"SPIKE,NEGATIVE"
2025-07-04 01:00:00,FRN.Flow-In.Ave.15Minutes.3Hours.MIXED-COMPUTED-REV,-81.56,58.20,-139.76,NEGATIVE
2025-07-04 15:00:00,FRN.Flow-In.Ave.15Minutes.3Hours.MIXED-COMPUTED-REV,-194.19,16.13,-210.33,NEGATIVE
2025-07-04 16:00:00,FRN.Flow-In.Ave.15Minutes.3Hours.MIXED-COMPUTED-REV,-278.32,16.10,-294.42,"SPIKE,NEGATIVE"
2025-07-04 17:00:00,FRN.Flow-In.Ave.15Minutes.3Hours.MIXED-COMPUTED-REV,-236.26,-137.58,-98.68,NEGATIVE
2025-07-04 18:00:00,FRN.Flow-In.Ave.15Minutes.3Hours.MIXED-COMPUTED-REV,-166.02,-137.58,-28.44,NEGATIVE
2025-07-04 19:00:00,FRN.Flow-In.Ave.15Minutes.3Hours.MIXED-COMPUTED-REV,-264.01,-137.58,-126.43,NEGATIVE
2025-07-04 20:00:00,FRN.Flow-In.Ave.15Minutes.3Hours.MIXED-COMPUTED-REV,-278.05,-137.58,-140.48,NEGATIVE
2025-07-04 21:00:00,FRN.Flow-In.Ave.15Minutes.3Hours.MIXED-COMPUTED-REV,-138.04,-138.04,0.00,NEGATIVE
2025-07-05 00:00:00,FRN.Flow-In.Ave.15Minutes.3Hours.MIXED-COMPUTED-REV,-193.77,-138.04,-55.73,NEGATIVE
2025-07-05 01:00:00,FRN.Flow-In.Ave.15Minutes.3Hours.MIXED-COMPUTED-REV,-277.72,-138.04,-139.68,NEGATIVE
2025-07-05 02:00:00,FRN.Flow-In.Ave.15Minutes.3Hours.MIXED-COMPUTED-REV,-235.73,-138.04,-97.69,NEGATIVE
2025-07-05 03:00:00,FRN.Flow-In.Ave.15Minutes.3Hours.MIXED-COMPUTED-REV,-165.62,-138.04,-27.58,NEGATIVE
2025-07-05 04:00:00,FRN.Flow-In.Ave.15Minutes.3Hours.MIXED-COMPUTED-REV,-263.44,-138.04,-125.39,NEGATIVE
2025-07-05 05:00:00,FRN.Flow-In.Ave.15Minutes.3Hours.MIXED-COMPUTED-REV,-137.58,-138.04,0.46,NEGATIVE
2025-07-05 08:00:00,FRN.Flow-In.Ave.15Minutes.3Hours.MIXED-COMPUTED-REV,-81.64,-137.53,55.89,NEGATIVE
2025-07-05 09:00:00,FRN.Flow-In.Ave.15Minutes.3Hours.MIXED-COMPUTED-REV,-221.48,-137.53,-83.95,NEGATIVE
2025-07-05 10:00:00,FRN.Flow-In.Ave.15Minutes.3Hours.MIXED-COMPUTED-REV,-25.70,-137.53,111.83,NEGATIVE
2025-07-05 15:00:00,FRN.Flow-In.Ave.15Minutes.3Hours.MIXED-COMPUTED-REV,-81.68,-137.53,55.85,NEGATIVE
2025-07-05 16:00:00,FRN.Flow-In.Ave.15Minutes.3Hours.MIXED-COMPUTED-REV,-263.40,-81.68,-181.72,NEGATIVE
2025-07-05 17:00:00,FRN.Flow-In.Ave.15Minutes.3Hours.MIXED-COMPUTED-REV,-277.36,-81.64,-195.72,NEGATIVE
2025-07-05 18:00:00,FRN.Flow-In.Ave.15Minutes.3Hours.MIXED-COMPUTED-REV,-137.53,-39.54,-97.99,NEGATIVE
2025-07-05 19:00:00,FRN.Flow-In.Ave.15Minutes.3Hours.MIXED-COMPUTED-REV,-39.54,-39.54,0.00,NEGATIVE
2025-07-05 20:00:00,FRN.Flow-In.Ave.15Minutes.3Hours.MIXED-COMPUTED-REV,-234.94,-39.54,-195.40,NEGATIVE
2025-07-05 21:00:00,FRN.Flow-In.Ave.15Minutes.3Hours.MIXED-COMPUTED-REV,-276.82,-25.70,-251.11,NEGATIVE
2025-07-05 22:00:00,FRN.Flow-In.Ave.15Minutes.3Hours.MIXED-COMPUTED-REV,-193.06,-25.48,-167.58,NEGATIVE
2025-07-06 01:00:00,FRN.Flow-In.Ave.15Minutes.3Hours.MIXED-COMPUTED-REV,-192.84,16.32,-209.16,NEGATIVE
2025-07-06 02:00:00,FRN.Flow-In.Ave.15Minutes.3Hours.MIXED-COMPUTED-REV,-276.52,-25.48,-251.04,NEGATIVE
2025-07-06 03:00:00,FRN.Flow-In.Ave.15Minutes.3Hours.MIXED-COMPUTED-REV,-234.68,-25.53,-209.15,NEGATIVE
2025-07-06 04:00:00,FRN.Flow-In.Ave.15Minutes.3Hours.MIXED-COMPUTED-REV,-25.48,-25.53,0.05,NEGATIVE
2025-07-06 14:00:00,FRN.Flow-In.Ave.15Minutes.3Hours.MIXED-COMPUTED-REV,-25.53,-25.53,0.00,NEGATIVE
2025-07-06 15:00:00,FRN.Flow-In.Ave.15Minutes.3Hours.MIXED-COMPUTED-REV,-234.51,-25.48,-209.03,NEGATIVE
2025-07-06 16:00:00,FRN.Flow-In.Ave.15Minutes.3Hours.MIXED-COMPUTED-REV,-276.24,58.08,-334.31,NEGATIVE
2025-07-06 17:00:00,FRN.Flow-In.Ave.15Minutes.3Hours.MIXED-COMPUTED-REV,-276.14,58.15,-334.29,NEGATIVE
2025-07-06 18:00:00,FRN.Flow-In.Ave.15Minutes.3Hours.MIXED-COMPUTED-REV,-275.96,58.15,-334.11,NEGATIVE
2025-07-06 19:00:00,FRN.Flow-In.Ave.15Minutes.3Hours.MIXED-COMPUTED-REV,-275.99,58.08,-334.07,NEGATIVE
2025-07-06 20:00:00,FRN.Flow-In.Ave.15Minutes.3Hours.MIXED-COMPUTED-REV,-206.43,-25.53,-180.89,NEGATIVE
2025-07-06 21:00:00,FRN.Flow-In.Ave.15Minutes.3Hours.MIXED-COMPUTED-REV,-178.42,-25.53,-152.89,NEGATIVE
2025-07-06 22:00:00,FRN.Flow-In.Ave.15Minutes.3Hours.MIXED-COMPUTED-REV,-275.70,-25.53,-250.16,NEGATIVE
2025-07-06 23:00:00,FRN.Flow-In.Ave.15Minutes.3Hours.MIXED-COMPUTED-REV,-261.72,-25.53,-236.18,NEGATIVE
2025-07-07 00:00:00,FRN.Flow-In.Ave.15Minutes.3Hours.MIXED-COMPUTED-REV,-80.89,-25.73,-55.16,NEGATIVE
2025-07-07 07:00:00,FRN.Flow-In.Ave.15Minutes.3Hours.MIXED-COMPUTED-REV,-25.73,-151.63,125.90,NEGATIVE
2025-07-07 08:00:00,FRN.Flow-In.Ave.15Minutes.3Hours.MIXED-COMPUTED-REV,-151.63,-80.89,-70.73,NEGATIVE
2025-07-07 12:00:00,FRN.Flow-In.Ave.15Minutes.3Hours.MIXED-COMPUTED-REV,-151.63,43.95,-195.57,NEGATIVE
2025-07-07 13:00:00,FRN.Flow-In.Ave.15Minutes.3Hours.MIXED-COMPUTED-REV,-277.52,58.20,-335.72,NEGATIVE
2025-07-07 14:00:00,FRN.Flow-In.Ave.15Minutes.3Hours.MIXED-COMPUTED-REV,-249.53,43.95,-293.48,NEGATIVE
2025-07-07 15:00:00,FRN.Flow-In.Ave.15Minutes.3Hours.MIXED-COMPUTED-REV,-235.33,29.87,-265.20,NEGATIVE
2025-07-07 16:00:00,FRN.Flow-In.Ave.15Minutes.3Hours.MIXED-COMPUTED-REV,-263.26,16.23,-279.49,NEGATIVE
2025-07-07 17:00:00,FRN.Flow-In.Ave.15Minutes.3Hours.MIXED-COMPUTED-REV,-249.41,16.23,-265.65,NEGATIVE
2025-07-07 18:00:00,FRN.Flow-In.Ave.15Minutes.3Hours.MIXED-COMPUTED-REV,-151.70,16.23,-167.94,NEGATIVE
2025-07-08 02:00:00,FRN.Flow-In.Ave.15Minutes.3Hours.MIXED-COMPUTED-REV,-25.58,30.12,-55.70,NEGATIVE
2025-07-08 03:00:00,FRN.Flow-In.Ave.15Minutes.3Hours.MIXED-COMPUTED-REV,-235.03,30.12,-265.15,NEGATIVE
2025-07-08 04:00:00,FRN.Flow-In.Ave.15Minutes.3Hours.MIXED-COMPUTED-REV,-193.14,43.95,-237.08,NEGATIVE
2025-07-08 08:00:00,FRN.Flow-In.Ave.15Minutes.3Hours.MIXED-COMPUTED-REV,-193.09,57.69,-250.78,NEGATIVE
2025-07-08 09:00:00,FRN.Flow-In.Ave.15Minutes.3Hours.MIXED-COMPUTED-REV,-248.99,57.69,-306.68,NEGATIVE
2025-07-08 10:00:00,FRN.Flow-In.Ave.15Minutes.3Hours.MIXED-COMPUTED-REV,-165.24,57.61,-222.84,NEGATIVE
2025-07-08 21:00:00,FRN.Flow-In.Ave.15Minutes.3Hours.MIXED-COMPUTED-REV,-193.30,15.93,-209.23,NEGATIVE
2025-07-08 22:00:00,FRN.Flow-In.Ave.15Minutes.3Hours.MIXED-COMPUTED-REV,-276.93,15.93,-292.86,NEGATIVE
2025-07-08 23:00:00,FRN.Flow-In.Ave.15Minutes.3Hours.MIXED-COMPUTED-REV,-234.88,15.93,-250.80,NEGATIVE
2025-07-09 00:00:00,FRN.Flow-In.Ave.15Minutes.3Hours.MIXED-COMPUTED-REV,-25.51,2.03,-27.54,NEGATIVE
2025-07-09 05:00:00,FRN.Flow-In.Ave.15Minutes.3Hours.MIXED-COMPUTED-REV,-178.96,-25.51,-153.45,NEGATIVE
2025-07-09 06:00:00,FRN.Flow-In.Ave.15Minutes.3Hours.MIXED-COMPUTED-REV,-304.39,-26.29,-278.10,NEGATIVE
2025-07-09 07:00:00,FRN.Flow-In.Ave.15Minutes.3Hours.MIXED-COMPUTED-REV,-304.23,-137.47,-166.76,NEGATIVE
2025-07-09 08:00:00,FRN.Flow-In.Ave.15Minutes.3Hours.MIXED-COMPUTED-REV,-318.12,-137.47,-180.65,NEGATIVE
2025-07-09 09:00:00,FRN.Flow-In.Ave.15Minutes.3Hours.MIXED-COMPUTED-REV,-387.73,-137.47,-250.26,NEGATIVE
2025-07-09 10:00:00,FRN.Flow-In.Ave.15Minutes.3Hours.MIXED-COMPUTED-REV,-290.32,-81.87,-208.46,NEGATIVE
2025-07-09 11:00:00,FRN.Flow-In.Ave.15Minutes.3Hours.MIXED-COMPUTED-REV,-234.97,-26.29,-208.67,NEGATIVE
2025-07-09 12:00:00,FRN.Flow-In.Ave.15Minutes.3Hours.MIXED-COMPUTED-REV,-26.29,-25.51,-0.79,NEGATIVE
2025-07-09 17:00:00,FRN.Flow-In.Ave.15Minutes.3Hours.MIXED-COMPUTED-REV,-137.47,-137.47,0.00,NEGATIVE
2025-07-09 18:00:00,FRN.Flow-In.Ave.15Minutes.3Hours.MIXED-COMPUTED-REV,-276.65,-81.87,-194.79,NEGATIVE
2025-07-09 19:00:00,FRN.Flow-In.Ave.15Minutes.3Hours.MIXED-COMPUTED-REV,-262.75,-81.48,-181.27,NEGATIVE
2025-07-09 20:00:00,FRN.Flow-In.Ave.15Minutes.3Hours.MIXED-COMPUTED-REV,-81.87,-26.29,-55.57,NEGATIVE
2025-07-10 01:00:00,FRN.Flow-In.Ave.15Minutes.3Hours.MIXED-COMPUTED-REV,-81.48,15.87,-97.35,NEGATIVE
2025-07-10 02:00:00,FRN.Flow-In.Ave.15Minutes.3Hours.MIXED-COMPUTED-REV,-345.37,15.87,-361.24,NEGATIVE
2025-07-10 03:00:00,FRN.Flow-In.Ave.15Minutes.3Hours.MIXED-COMPUTED-REV,-567.50,-25.30,-542.20,NEGATIVE
2025-07-10 04:00:00,FRN.Flow-In.Ave.15Minutes.3Hours.MIXED-COMPUTED-REV,-331.27,-25.31,-305.95,NEGATIVE
2025-07-10 09:00:00,FRN.Flow-In.Ave.15Minutes.3Hours.MIXED-COMPUTED-REV,-25.30,15.87,-41.17,NEGATIVE
2025-07-10 10:00:00,FRN.Flow-In.Ave.15Minutes.3Hours.MIXED-COMPUTED-REV,-233.78,-12.05,-221.72,NEGATIVE
2025-07-10 11:00:00,FRN.Flow-In.Ave.15Minutes.3Hours.MIXED-COMPUTED-REV,-275.64,-25.30,-250.35,NEGATIVE
2025-07-10 12:00:00,FRN.Flow-In.Ave.15Minutes.3Hours.MIXED-COMPUTED-REV,-192.56,-25.31,-167.24,NEGATIVE
2025-07-10 15:00:00,FRN.Flow-In.Ave.15Minutes.3Hours.MIXED-COMPUTED-REV,-25.31,-25.62,0.31,NEGATIVE
2025-07-10 16:00:00,FRN.Flow-In.Ave.15Minutes.3Hours.MIXED-COMPUTED-REV,-233.57,-25.62,-207.95,NEGATIVE
2025-07-10 17:00:00,FRN.Flow-In.Ave.15Minutes.3Hours.MIXED-COMPUTED-REV,-275.47,-25.31,-250.16,NEGATIVE
2025-07-10 18:00:00,FRN.Flow-In.Ave.15Minutes.3Hours.MIXED-COMPUTED-REV,-192.36,-25.31,-167.05,NEGATIVE
2025-07-10 22:00:00,FRN.Flow-In.Ave.15Minutes.3Hours.MIXED-COMPUTED-REV,-12.05,-25.62,13.57,NEGATIVE
2025-07-10 23:00:00,FRN.Flow-In.Ave.15Minutes.3Hours.MIXED-COMPUTED-REV,-165.33,-25.62,-139.71,NEGATIVE
2025-07-11 00:00:00,FRN.Flow-In.Ave.15Minutes.3Hours.MIXED-COMPUTED-REV,-276.72,-25.62,-251.10,NEGATIVE
2025-07-11 01:00:00,FRN.Flow-In.Ave.15Minutes.3Hours.MIXED-COMPUTED-REV,-206.85,-25.62,-181.23,NEGATIVE
2025-07-11 02:00:00,FRN.Flow-In.Ave.15Minutes.3Hours.MIXED-COMPUTED-REV,-53.54,-25.70,-27.84,NEGATIVE
2025-07-11 03:00:00,FRN.Flow-In.Ave.15Minutes.3Hours.MIXED-COMPUTED-REV,-25.62,-25.70,0.07,NEGATIVE
2025-07-11 04:00:00,FRN.Flow-In.Ave.15Minutes.3Hours.MIXED-COMPUTED-REV,-150.99,-53.54,-97.46,NEGATIVE
2025-07-11 09:00:00,FRN.Flow-In.Ave.15Minutes.3Hours.MIXED-COMPUTED-REV,-109.11,-109.11,0.00,NEGATIVE
2025-07-11 10:00:00,FRN.Flow-In.Ave.15Minutes.3Hours.MIXED-COMPUTED-REV,-25.54,-122.98,97.44,NEGATIVE
2025-07-11 11:00:00,FRN.Flow-In.Ave.15Minutes.3Hours.MIXED-COMPUTED-REV,-150.88,-122.98,-27.90,NEGATIVE
2025-07-11 12:00:00,FRN.Flow-In.Ave.15Minutes.3Hours.MIXED-COMPUTED-REV,-109.06,-109.19,0.13,NEGATIVE
2025-07-11 13:00:00,FRN.Flow-In.Ave.15Minutes.3Hours.MIXED-COMPUTED-REV,-192.71,-109.19,-83.52,NEGATIVE
2025-07-11 14:00:00,FRN.Flow-In.Ave.15Minutes.3Hours.MIXED-COMPUTED-REV,-25.70,-109.19,83.49,NEGATIVE
2025-07-11 16:00:00,FRN.Flow-In.Ave.15Minutes.3Hours.MIXED-COMPUTED-REV,-192.75,-109.19,-83.56,NEGATIVE
2025-07-11 17:00:00,FRN.Flow-In.Ave.15Minutes.3Hours.MIXED-COMPUTED-REV,-317.84,-109.11,-208.73,NEGATIVE
2025-07-11 18:00:00,FRN.Flow-In.Ave.15Minutes.3Hours.MIXED-COMPUTED-REV,-317.82,-109.11,-208.71,NEGATIVE
2025-07-11 19:00:00,FRN.Flow-In.Ave.15Minutes.3Hours.MIXED-COMPUTED-REV,-164.75,-109.11,-55.64,NEGATIVE
2025-07-11 20:00:00,FRN.Flow-In.Ave.15Minutes.3Hours.MIXED-COMPUTED-REV,-122.98,-109.19,-13.79,NEGATIVE
2025-07-11 21:00:00,FRN.Flow-In.Ave.15Minutes.3Hours.MIXED-COMPUTED-REV,-164.72,-109.19,-55.53,NEGATIVE
2025-07-11 22:00:00,FRN.Flow-In.Ave.15Minutes.3Hours.MIXED-COMPUTED-REV,-137.01,-109.19,-27.82,NEGATIVE
2025-07-11 23:00:00,FRN.Flow-In.Ave.15Minutes.3Hours.MIXED-COMPUTED-REV,-53.74,-109.19,55.45,NEGATIVE
2025-07-12 00:00:00,FRN.Flow-In.Ave.15Minutes.3Hours.MIXED-COMPUTED-REV,-109.19,-109.19,0.00,NEGATIVE
2025-07-12 01:00:00,FRN.Flow-In.Ave.15Minutes.3Hours.MIXED-COMPUTED-REV,-261.71,-122.98,-138.73,NEGATIVE
2025-07-12 02:00:00,FRN.Flow-In.Ave.15Minutes.3Hours.MIXED-COMPUTED-REV,-275.32,-122.98,-152.34,NEGATIVE
2025-07-12 03:00:00,FRN.Flow-In.Ave.15Minutes.3Hours.MIXED-COMPUTED-REV,-108.53,-136.23,27.71,NEGATIVE
2025-07-12 07:00:00,FRN.Flow-In.Ave.15Minutes.3Hours.MIXED-COMPUTED-REV,-94.80,-136.23,41.43,NEGATIVE
2025-07-12 08:00:00,FRN.Flow-In.Ave.15Minutes.3Hours.MIXED-COMPUTED-REV,-164.21,-135.87,-28.34,NEGATIVE
2025-07-12 12:00:00,FRN.Flow-In.Ave.15Minutes.3Hours.MIXED-COMPUTED-REV,-136.23,-109.19,-27.04,NEGATIVE
2025-07-12 13:00:00,FRN.Flow-In.Ave.15Minutes.3Hours.MIXED-COMPUTED-REV,-275.18,-108.53,-166.66,NEGATIVE
2025-07-12 14:00:00,FRN.Flow-In.Ave.15Minutes.3Hours.MIXED-COMPUTED-REV,-233.64,-108.53,-125.12,NEGATIVE
2025-07-12 15:00:00,FRN.Flow-In.Ave.15Minutes.3Hours.MIXED-COMPUTED-REV,-164.17,-108.53,-55.64,NEGATIVE
2025-07-12 16:00:00,FRN.Flow-In.Ave.15Minutes.3Hours.MIXED-COMPUTED-REV,-261.24,-94.80,-166.44,NEGATIVE
2025-07-12 17:00:00,FRN.Flow-In.Ave.15Minutes.3Hours.MIXED-COMPUTED-REV,-288.87,-94.80,-194.07,NEGATIVE
2025-07-12 18:00:00,FRN.Flow-In.Ave.15Minutes.3Hours.MIXED-COMPUTED-REV,-247.07,-94.80,-152.26,NEGATIVE
2025-07-12 19:00:00,FRN.Flow-In.Ave.15Minutes.3Hours.MIXED-COMPUTED-REV,-38.88,-94.80,55.92,NEGATIVE
2025-07-12 20:00:00,FRN.Flow-In.Ave.15Minutes.3Hours.MIXED-COMPUTED-REV,-135.87,-135.87,0.00,NEGATIVE
2025-07-12 21:00:00,FRN.Flow-In.Ave.15Minutes.3Hours.MIXED-COMPUTED-REV,-52.70,-94.27,41.57,NEGATIVE
2025-07-12 22:00:00,FRN.Flow-In.Ave.15Minutes.3Hours.MIXED-COMPUTED-REV,-177.49,-94.27,-83.22,NEGATIVE
2025-07-12 23:00:00,FRN.Flow-In.Ave.15Minutes.3Hours.MIXED-COMPUTED-REV,-66.67,-94.27,27.60,NEGATIVE
2025-07-13 00:00:00,FRN.Flow-In.Ave.15Minutes.3Hours.MIXED-COMPUTED-REV,-52.83,-94.27,41.45,NEGATIVE
2025-07-13 01:00:00,FRN.Flow-In.Ave.15Minutes.3Hours.MIXED-COMPUTED-REV,-94.27,-94.27,0.00,NEGATIVE
2025-07-13 02:00:00,FRN.Flow-In.Ave.15Minutes.3Hours.MIXED-COMPUTED-REV,-260.38,-80.30,-180.08,NEGATIVE
2025-07-13 03:00:00,FRN.Flow-In.Ave.15Minutes.3Hours.MIXED-COMPUTED-REV,-232.65,-66.67,-165.97,NEGATIVE
2025-07-13 04:00:00,FRN.Flow-In.Ave.15Minutes.3Hours.MIXED-COMPUTED-REV,-11.05,-66.67,55.63,NEGATIVE
2025-07-13 07:00:00,FRN.Flow-In.Ave.15Minutes.3Hours.MIXED-COMPUTED-REV,-66.45,-66.67,0.23,NEGATIVE
2025-07-13 08:00:00,FRN.Flow-In.Ave.15Minutes.3Hours.MIXED-COMPUTED-REV,-191.10,-80.30,-110.80,NEGATIVE
2025-07-13 12:00:00,FRN.Flow-In.Ave.15Minutes.3Hours.MIXED-COMPUTED-REV,-80.30,-94.27,13.97,NEGATIVE
2025-07-13 13:00:00,FRN.Flow-In.Ave.15Minutes.3Hours.MIXED-COMPUTED-REV,-121.85,-94.27,-27.57,NEGATIVE
2025-07-13 16:00:00,FRN.Flow-In.Ave.15Minutes.3Hours.MIXED-COMPUTED-REV,-190.87,-66.45,-124.42,NEGATIVE
2025-07-13 17:00:00,FRN.Flow-In.Ave.15Minutes.3Hours.MIXED-COMPUTED-REV,-273.90,-66.45,-207.45,NEGATIVE
2025-07-13 18:00:00,FRN.Flow-In.Ave.15Minutes.3Hours.MIXED-COMPUTED-REV,-273.86,-66.45,-207.41,NEGATIVE
2025-07-13 19:00:00,FRN.Flow-In.Ave.15Minutes.3Hours.MIXED-COMPUTED-REV,-135.42,-66.45,-68.97,NEGATIVE
2025-07-13 20:00:00,FRN.Flow-In.Ave.15Minutes.3Hours.MIXED-COMPUTED-REV,-93.96,-52.84,-41.12,NEGATIVE
2025-07-13 21:00:00,FRN.Flow-In.Ave.15Minutes.3Hours.MIXED-COMPUTED-REV,-301.86,-38.93,-262.93,NEGATIVE
2025-07-13 22:00:00,FRN.Flow-In.Ave.15Minutes.3Hours.MIXED-COMPUTED-REV,-454.90,-52.84,-402.06,NEGATIVE
2025-07-13 23:00:00,FRN.Flow-In.Ave.15Minutes.3Hours.MIXED-COMPUTED-REV,-455.04,-52.84,-402.20,NEGATIVE
2025-07-14 00:00:00,FRN.Flow-In.Ave.15Minutes.3Hours.MIXED-COMPUTED-REV,-205.65,-52.84,-152.81,NEGATIVE
2025-07-14 01:00:00,FRN.Flow-In.Ave.15Minutes.3Hours.MIXED-COMPUTED-REV,-52.84,-38.93,-13.91,NEGATIVE
2025-07-14 02:00:00,FRN.Flow-In.Ave.15Minutes.3Hours.MIXED-COMPUTED-REV,-38.93,-25.13,-13.80,NEGATIVE
2025-07-14 09:00:00,FRN.Flow-In.Ave.15Minutes.3Hours.MIXED-COMPUTED-REV,-25.13,-38.93,13.80,NEGATIVE
2025-07-14 10:00:00,FRN.Flow-In.Ave.15Minutes.3Hours.MIXED-COMPUTED-REV,-94.57,-38.93,-55.64,NEGATIVE
2025-07-14 15:00:00,FRN.Flow-In.Ave.15Minutes.3Hours.MIXED-COMPUTED-REV,-25.05,-25.13,0.08,NEGATIVE
2025-07-14 16:00:00,FRN.Flow-In.Ave.15Minutes.3Hours.MIXED-COMPUTED-REV,-233.18,-25.13,-208.05,NEGATIVE
2025-07-14 17:00:00,FRN.Flow-In.Ave.15Minutes.3Hours.MIXED-COMPUTED-REV,-274.84,-25.13,-249.71,NEGATIVE
2025-07-14 18:00:00,FRN.Flow-In.Ave.15Minutes.3Hours.MIXED-COMPUTED-REV,-219.52,-25.13,-194.39,NEGATIVE
2025-07-14 19:00:00,FRN.Flow-In.Ave.15Minutes.3Hours.MIXED-COMPUTED-REV,-177.88,-25.13,-152.75,NEGATIVE
2025-07-14 20:00:00,FRN.Flow-In.Ave.15Minutes.3Hours.MIXED-COMPUTED-REV,-261.01,-94.35,-166.66,NEGATIVE
2025-07-14 21:00:00,FRN.Flow-In.Ave.15Minutes.3Hours.MIXED-COMPUTED-REV,-246.98,-94.57,-152.41,NEGATIVE
2025-07-14 22:00:00,FRN.Flow-In.Ave.15Minutes.3Hours.MIXED-COMPUTED-REV,-94.35,-94.57,0.22,NEGATIVE
2025-07-14 23:00:00,FRN.Flow-In.Ave.15Minutes.3Hours.MIXED-COMPUTED-REV,-149.68,-94.35,-55.33,NEGATIVE
2025-07-15 00:00:00,FRN.Flow-In.Ave.15Minutes.3Hours.MIXED-COMPUTED-REV,-274.33,-107.99,-166.34,NEGATIVE
2025-07-15 01:00:00,FRN.Flow-In.Ave.15Minutes.3Hours.MIXED-COMPUTED-REV,-315.79,-135.72,-180.07,NEGATIVE
2025-07-15 02:00:00,FRN.Flow-In.Ave.15Minutes.3Hours.MIXED-COMPUTED-REV,-107.99,-135.82,27.83,NEGATIVE
2025-07-15 08:00:00,FRN.Flow-In.Ave.15Minutes.3Hours.MIXED-COMPUTED-REV,-191.10,-135.72,-55.38,NEGATIVE
2025-07-15 09:00:00,FRN.Flow-In.Ave.15Minutes.3Hours.MIXED-COMPUTED-REV,-135.72,-135.71,-0.01,NEGATIVE
2025-07-15 11:00:00,FRN.Flow-In.Ave.15Minutes.3Hours.MIXED-COMPUTED-REV,-80.43,-135.72,55.29,NEGATIVE
2025-07-15 12:00:00,FRN.Flow-In.Ave.15Minutes.3Hours.MIXED-COMPUTED-REV,-260.33,-135.72,-124.61,NEGATIVE
2025-07-15 13:00:00,FRN.Flow-In.Ave.15Minutes.3Hours.MIXED-COMPUTED-REV,-274.19,-135.72,-138.47,NEGATIVE
2025-07-15 14:00:00,FRN.Flow-In.Ave.15Minutes.3Hours.MIXED-COMPUTED-REV,-135.82,-135.72,-0.10,NEGATIVE
2025-07-15 16:00:00,FRN.Flow-In.Ave.15Minutes.3Hours.MIXED-COMPUTED-REV,-80.35,-135.72,55.37,NEGATIVE
2025-07-15 17:00:00,FRN.Flow-In.Ave.15Minutes.3Hours.MIXED-COMPUTED-REV,-260.09,-135.72,-124.37,NEGATIVE
2025-07-15 18:00:00,FRN.Flow-In.Ave.15Minutes.3Hours.MIXED-COMPUTED-REV,-273.90,-135.72,-138.18,NEGATIVE
2025-07-15 19:00:00,FRN.Flow-In.Ave.15Minutes.3Hours.MIXED-COMPUTED-REV,-135.82,-135.72,-0.10,NEGATIVE
2025-07-15 21:00:00,FRN.Flow-In.Ave.15Minutes.3Hours.MIXED-COMPUTED-REV,-135.71,-135.72,0.01,NEGATIVE
2025-07-15 22:00:00,FRN.Flow-In.Ave.15Minutes.3Hours.MIXED-COMPUTED-REV,-301.42,-135.71,-165.71,NEGATIVE
2025-07-15 23:00:00,FRN.Flow-In.Ave.15Minutes.3Hours.MIXED-COMPUTED-REV,-356.41,-135.71,-220.70,NEGATIVE
2025-07-16 00:00:00,FRN.Flow-In.Ave.15Minutes.3Hours.MIXED-COMPUTED-REV,-328.63,-135.82,-192.81,NEGATIVE
2025-07-16 01:00:00,FRN.Flow-In.Ave.15Minutes.3Hours.MIXED-COMPUTED-REV,-245.62,-135.71,-109.91,NEGATIVE
2025-07-16 02:00:00,FRN.Flow-In.Ave.15Minutes.3Hours.MIXED-COMPUTED-REV,-176.52,-134.99,-41.53,NEGATIVE
2025-07-16 03:00:00,FRN.Flow-In.Ave.15Minutes.3Hours.MIXED-COMPUTED-REV,-10.87,-80.35,69.48,NEGATIVE
2025-07-16 07:00:00,FRN.Flow-In.Ave.15Minutes.3Hours.MIXED-COMPUTED-REV,-65.97,-10.97,-55.00,NEGATIVE
2025-07-16 08:00:00,FRN.Flow-In.Ave.15Minutes.3Hours.MIXED-COMPUTED-REV,-286.73,-10.97,-275.77,NEGATIVE
2025-07-16 12:00:00,FRN.Flow-In.Ave.15Minutes.3Hours.MIXED-COMPUTED-REV,-190.19,-10.87,-179.32,NEGATIVE
2025-07-16 13:00:00,FRN.Flow-In.Ave.15Minutes.3Hours.MIXED-COMPUTED-REV,-134.99,16.88,-151.87,NEGATIVE
2025-07-16 18:00:00,FRN.Flow-In.Ave.15Minutes.3Hours.MIXED-COMPUTED-REV,-10.97,-10.97,0.00,NEGATIVE
2025-07-16 19:00:00,FRN.Flow-In.Ave.15Minutes.3Hours.MIXED-COMPUTED-REV,-162.70,-10.97,-151.73,NEGATIVE
2025-07-16 20:00:00,FRN.Flow-In.Ave.15Minutes.3Hours.MIXED-COMPUTED-REV,-273.01,16.88,-289.89,NEGATIVE
2025-07-16 21:00:00,FRN.Flow-In.Ave.15Minutes.3Hours.MIXED-COMPUTED-REV,-203.96,30.60,-234.56,NEGATIVE
2025-07-16 22:00:00,FRN.Flow-In.Ave.15Minutes.3Hours.MIXED-COMPUTED-REV,-52.20,44.37,-96.56,NEGATIVE
2025-07-17 02:00:00,FRN.Flow-In.Ave.15Minutes.3Hours.MIXED-COMPUTED-REV,-189.74,44.21,-233.95,NEGATIVE
2025-07-17 03:00:00,FRN.Flow-In.Ave.15Minutes.3Hours.MIXED-COMPUTED-REV,-272.38,16.88,-289.26,NEGATIVE
2025-07-17 04:00:00,FRN.Flow-In.Ave.15Minutes.3Hours.MIXED-COMPUTED-REV,-231.06,-10.97,-220.09,NEGATIVE
2025-07-17 05:00:00,FRN.Flow-In.Ave.15Minutes.3Hours.MIXED-COMPUTED-REV,-24.45,-10.97,-13.48,NEGATIVE
2025-07-17 13:00:00,FRN.Flow-In.Ave.15Minutes.3Hours.MIXED-COMPUTED-REV,-135.85,-80.49,-55.36,NEGATIVE
2025-07-17 14:00:00,FRN.Flow-In.Ave.15Minutes.3Hours.MIXED-COMPUTED-REV,-274.37,-80.49,-193.89,NEGATIVE
2025-07-17 15:00:00,FRN.Flow-In.Ave.15Minutes.3Hours.MIXED-COMPUTED-REV,-260.48,-80.49,-179.99,NEGATIVE
2025-07-17 16:00:00,FRN.Flow-In.Ave.15Minutes.3Hours.MIXED-COMPUTED-REV,-80.49,-79.80,-0.69,NEGATIVE
2025-07-17 18:00:00,FRN.Flow-In.Ave.15Minutes.3Hours.MIXED-COMPUTED-REV,-191.18,16.42,-207.60,NEGATIVE
2025-07-17 19:00:00,FRN.Flow-In.Ave.15Minutes.3Hours.MIXED-COMPUTED-REV,-288.00,16.42,-304.42,NEGATIVE
2025-07-17 20:00:00,FRN.Flow-In.Ave.15Minutes.3Hours.MIXED-COMPUTED-REV,-426.10,-79.80,-346.30,NEGATIVE
2025-07-17 21:00:00,FRN.Flow-In.Ave.15Minutes.3Hours.MIXED-COMPUTED-REV,-356.80,-80.49,-276.31,NEGATIVE
2025-07-17 22:00:00,FRN.Flow-In.Ave.15Minutes.3Hours.MIXED-COMPUTED-REV,-260.07,-80.62,-179.45,NEGATIVE
2025-07-17 23:00:00,FRN.Flow-In.Ave.15Minutes.3Hours.MIXED-COMPUTED-REV,-80.62,-80.62,0.00,NEGATIVE
2025-07-18 03:00:00,FRN.Flow-In.Ave.15Minutes.3Hours.MIXED-COMPUTED-REV,-121.30,-121.30,0.00,NEGATIVE
2025-07-18 04:00:00,FRN.Flow-In.Ave.15Minutes.3Hours.MIXED-COMPUTED-REV,-79.80,-80.65,0.85,NEGATIVE
2025-07-18 08:00:00,FRN.Flow-In.Ave.15Minutes.3Hours.MIXED-COMPUTED-REV,-134.99,-121.30,-13.69,NEGATIVE
2025-07-18 09:00:00,FRN.Flow-In.Ave.15Minutes.3Hours.MIXED-COMPUTED-REV,-272.99,-80.65,-192.34,NEGATIVE
2025-07-18 10:00:00,FRN.Flow-In.Ave.15Minutes.3Hours.MIXED-COMPUTED-REV,-259.26,-80.62,-178.64,NEGATIVE
2025-07-18 11:00:00,FRN.Flow-In.Ave.15Minutes.3Hours.MIXED-COMPUTED-REV,-80.04,-80.48,0.44,NEGATIVE
2025-07-18 13:00:00,FRN.Flow-In.Ave.15Minutes.3Hours.MIXED-COMPUTED-REV,-135.70,-80.48,-55.22,NEGATIVE
2025-07-18 14:00:00,FRN.Flow-In.Ave.15Minutes.3Hours.MIXED-COMPUTED-REV,-273.77,-80.65,-193.12,NEGATIVE
2025-07-18 15:00:00,FRN.Flow-In.Ave.15Minutes.3Hours.MIXED-COMPUTED-REV,-260.04,-121.30,-138.74,NEGATIVE
2025-07-18 16:00:00,FRN.Flow-In.Ave.15Minutes.3Hours.MIXED-COMPUTED-REV,-80.65,-80.65,0.00,NEGATIVE
2025-07-18 17:00:00,FRN.Flow-In.Ave.15Minutes.3Hours.MIXED-COMPUTED-REV,-80.48,-80.65,0.17,NEGATIVE
2025-07-18 18:00:00,FRN.Flow-In.Ave.15Minutes.3Hours.MIXED-COMPUTED-REV,-259.61,-134.99,-124.61,NEGATIVE
2025-07-18 19:00:00,FRN.Flow-In.Ave.15Minutes.3Hours.MIXED-COMPUTED-REV,-273.49,-135.70,-137.79,NEGATIVE
2025-07-18 20:00:00,FRN.Flow-In.Ave.15Minutes.3Hours.MIXED-COMPUTED-REV,-135.81,-135.70,-0.11,NEGATIVE
2025-07-19 00:00:00,FRN.Flow-In.Ave.15Minutes.3Hours.MIXED-COMPUTED-REV,-24.56,-134.71,110.16,NEGATIVE
2025-07-19 01:00:00,FRN.Flow-In.Ave.15Minutes.3Hours.MIXED-COMPUTED-REV,-230.97,-135.70,-95.28,NEGATIVE
2025-07-19 02:00:00,FRN.Flow-In.Ave.15Minutes.3Hours.MIXED-COMPUTED-REV,-272.31,-135.15,-137.16,NEGATIVE
2025-07-19 03:00:00,FRN.Flow-In.Ave.15Minutes.3Hours.MIXED-COMPUTED-REV,-189.67,-134.71,-54.96,NEGATIVE
2025-07-19 05:00:00,FRN.Flow-In.Ave.15Minutes.3Hours.MIXED-COMPUTED-REV,-79.31,-80.48,1.17,NEGATIVE
2025-07-19 06:00:00,FRN.Flow-In.Ave.15Minutes.3Hours.MIXED-COMPUTED-REV,-258.08,-79.82,-178.27,NEGATIVE
2025-07-19 07:00:00,FRN.Flow-In.Ave.15Minutes.3Hours.MIXED-COMPUTED-REV,-271.99,-79.31,-192.69,NEGATIVE
2025-07-19 08:00:00,FRN.Flow-In.Ave.15Minutes.3Hours.MIXED-COMPUTED-REV,-134.71,-24.56,-110.16,NEGATIVE
2025-07-19 11:00:00,FRN.Flow-In.Ave.15Minutes.3Hours.MIXED-COMPUTED-REV,-79.82,-79.31,-0.51,NEGATIVE
2025-07-19 12:00:00,FRN.Flow-In.Ave.15Minutes.3Hours.MIXED-COMPUTED-REV,-244.87,-79.82,-165.05,NEGATIVE
2025-07-19 13:00:00,FRN.Flow-In.Ave.15Minutes.3Hours.MIXED-COMPUTED-REV,-258.73,-93.31,-165.42,NEGATIVE
2025-07-19 14:00:00,FRN.Flow-In.Ave.15Minutes.3Hours.MIXED-COMPUTED-REV,-135.15,-93.31,-41.84,NEGATIVE
2025-07-19 22:00:00,FRN.Flow-In.Ave.15Minutes.3Hours.MIXED-COMPUTED-REV,-134.61,-52.29,-82.32,NEGATIVE
2025-07-19 23:00:00,FRN.Flow-In.Ave.15Minutes.3Hours.MIXED-COMPUTED-REV,-271.70,-52.29,-219.41,NEGATIVE
2025-07-20 00:00:00,FRN.Flow-In.Ave.15Minutes.3Hours.MIXED-COMPUTED-REV,-257.95,-52.29,-205.66,NEGATIVE
2025-07-20 01:00:00,FRN.Flow-In.Ave.15Minutes.3Hours.MIXED-COMPUTED-REV,-93.31,-52.29,-41.02,NEGATIVE
2025-07-20 02:00:00,FRN.Flow-In.Ave.15Minutes.3Hours.MIXED-COMPUTED-REV,-121.45,-52.29,-69.16,NEGATIVE
2025-07-20 03:00:00,FRN.Flow-In.Ave.15Minutes.3Hours.MIXED-COMPUTED-REV,-162.64,-52.29,-110.35,NEGATIVE
2025-07-20 04:00:00,FRN.Flow-In.Ave.15Minutes.3Hours.MIXED-COMPUTED-REV,-217.67,-52.29,-165.38,NEGATIVE
2025-07-20 05:00:00,FRN.Flow-In.Ave.15Minutes.3Hours.MIXED-COMPUTED-REV,-93.53,-52.29,-41.24,NEGATIVE
2025-07-20 06:00:00,FRN.Flow-In.Ave.15Minutes.3Hours.MIXED-COMPUTED-REV,-52.29,-52.29,0.00,NEGATIVE
2025-07-20 12:00:00,FRN.Flow-In.Ave.15Minutes.3Hours.MIXED-COMPUTED-REV,-80.68,-80.68,0.00,NEGATIVE
2025-07-20 13:00:00,FRN.Flow-In.Ave.15Minutes.3Hours.MIXED-COMPUTED-REV,-259.64,-52.29,-207.35,NEGATIVE
2025-07-20 14:00:00,FRN.Flow-In.Ave.15Minutes.3Hours.MIXED-COMPUTED-REV,-273.39,-25.32,-248.07,NEGATIVE
2025-07-20 15:00:00,FRN.Flow-In.Ave.15Minutes.3Hours.MIXED-COMPUTED-REV,-135.75,15.83,-151.58,NEGATIVE
2025-07-20 21:00:00,FRN.Flow-In.Ave.15Minutes.3Hours.MIXED-COMPUTED-REV,-25.32,56.97,-82.29,NEGATIVE
2025-07-20 22:00:00,FRN.Flow-In.Ave.15Minutes.3Hours.MIXED-COMPUTED-REV,-231.87,44.16,-276.04,"SPIKE,NEGATIVE"
2025-07-20 23:00:00,FRN.Flow-In.Ave.15Minutes.3Hours.MIXED-COMPUTED-REV,-273.34,43.44,-316.78,"SPIKE,NEGATIVE"
2025-07-21 00:00:00,FRN.Flow-In.Ave.15Minutes.3Hours.MIXED-COMPUTED-REV,-190.75,15.83,-206.58,NEGATIVE
2025-07-21 09:00:00,FRN.Flow-In.Ave.15Minutes.3Hours.MIXED-COMPUTED-REV,-134.60,15.83,-150.43,NEGATIVE
2025-07-21 10:00:00,FRN.Flow-In.Ave.15Minutes.3Hours.MIXED-COMPUTED-REV,-272.10,15.83,-287.93,NEGATIVE
2025-07-21 11:00:00,FRN.Flow-In.Ave.15Minutes.3Hours.MIXED-COMPUTED-REV,-258.42,15.83,-274.24,NEGATIVE
2025-07-21 12:00:00,FRN.Flow-In.Ave.15Minutes.3Hours.MIXED-COMPUTED-REV,-79.72,15.83,-95.55,NEGATIVE
2025-07-21 15:00:00,FRN.Flow-In.Ave.15Minutes.3Hours.MIXED-COMPUTED-REV,-189.53,16.44,-205.97,NEGATIVE
2025-07-21 16:00:00,FRN.Flow-In.Ave.15Minutes.3Hours.MIXED-COMPUTED-REV,-271.84,-24.35,-247.49,NEGATIVE
2025-07-21 17:00:00,FRN.Flow-In.Ave.15Minutes.3Hours.MIXED-COMPUTED-REV,-230.46,-24.46,-206.00,NEGATIVE
2025-07-21 18:00:00,FRN.Flow-In.Ave.15Minutes.3Hours.MIXED-COMPUTED-REV,-24.35,-24.70,0.35,NEGATIVE
2025-07-21 22:00:00,FRN.Flow-In.Ave.15Minutes.3Hours.MIXED-COMPUTED-REV,-24.70,-24.70,0.00,NEGATIVE
2025-07-21 23:00:00,FRN.Flow-In.Ave.15Minutes.3Hours.MIXED-COMPUTED-REV,-230.35,-24.46,-205.89,NEGATIVE
2025-07-22 00:00:00,FRN.Flow-In.Ave.15Minutes.3Hours.MIXED-COMPUTED-REV,-271.28,-24.35,-246.93,NEGATIVE
2025-07-22 01:00:00,FRN.Flow-In.Ave.15Minutes.3Hours.MIXED-COMPUTED-REV,-189.03,-11.21,-177.82,NEGATIVE
2025-07-22 04:00:00,FRN.Flow-In.Ave.15Minutes.3Hours.MIXED-COMPUTED-REV,-24.46,-24.46,0.00,NEGATIVE
2025-07-22 05:00:00,FRN.Flow-In.Ave.15Minutes.3Hours.MIXED-COMPUTED-REV,-202.77,-24.46,-178.31,NEGATIVE
2025-07-22 06:00:00,FRN.Flow-In.Ave.15Minutes.3Hours.MIXED-COMPUTED-REV,-216.63,-24.35,-192.28,NEGATIVE
2025-07-22 07:00:00,FRN.Flow-In.Ave.15Minutes.3Hours.MIXED-COMPUTED-REV,-189.34,-11.21,-178.13,NEGATIVE
2025-07-22 08:00:00,FRN.Flow-In.Ave.15Minutes.3Hours.MIXED-COMPUTED-REV,-11.21,-11.21,0.00,NEGATIVE
2025-07-22 14:00:00,FRN.Flow-In.Ave.15Minutes.3Hours.MIXED-COMPUTED-REV,-134.20,-79.49,-54.72,NEGATIVE
2025-07-22 15:00:00,FRN.Flow-In.Ave.15Minutes.3Hours.MIXED-COMPUTED-REV,-271.15,-79.91,-191.23,NEGATIVE
2025-07-22 16:00:00,FRN.Flow-In.Ave.15Minutes.3Hours.MIXED-COMPUTED-REV,-257.65,-79.91,-177.73,NEGATIVE
2025-07-22 17:00:00,FRN.Flow-In.Ave.15Minutes.3Hours.MIXED-COMPUTED-REV,-79.91,-79.91,0.00,NEGATIVE
2025-07-22 21:00:00,FRN.Flow-In.Ave.15Minutes.3Hours.MIXED-COMPUTED-REV,-79.49,-78.53,-0.96,NEGATIVE
2025-07-22 22:00:00,FRN.Flow-In.Ave.15Minutes.3Hours.MIXED-COMPUTED-REV,-257.30,-78.53,-178.76,NEGATIVE
2025-07-22 23:00:00,FRN.Flow-In.Ave.15Minutes.3Hours.MIXED-COMPUTED-REV,-270.91,-78.53,-192.38,NEGATIVE
2025-07-23 00:00:00,FRN.Flow-In.Ave.15Minutes.3Hours.MIXED-COMPUTED-REV,-174.85,-78.53,-96.32,NEGATIVE
2025-07-23 01:00:00,FRN.Flow-In.Ave.15Minutes.3Hours.MIXED-COMPUTED-REV,-201.88,-78.53,-123.35,NEGATIVE
2025-07-23 02:00:00,FRN.Flow-In.Ave.15Minutes.3Hours.MIXED-COMPUTED-REV,-270.12,-78.53,-191.59,NEGATIVE
2025-07-23 03:00:00,FRN.Flow-In.Ave.15Minutes.3Hours.MIXED-COMPUTED-REV,-229.06,-23.91,-205.15,NEGATIVE
2025-07-23 04:00:00,FRN.Flow-In.Ave.15Minutes.3Hours.MIXED-COMPUTED-REV,-23.91,-23.91,0.00,NEGATIVE
2025-07-23 08:00:00,FRN.Flow-In.Ave.15Minutes.3Hours.MIXED-COMPUTED-REV,-78.53,-78.53,0.00,NEGATIVE
2025-07-23 09:00:00,FRN.Flow-In.Ave.15Minutes.3Hours.MIXED-COMPUTED-REV,-119.55,-78.53,-41.02,NEGATIVE
2025-07-23 16:00:00,FRN.Flow-In.Ave.15Minutes.3Hours.MIXED-COMPUTED-REV,-134.36,43.96,-178.31,NEGATIVE
2025-07-23 17:00:00,FRN.Flow-In.Ave.15Minutes.3Hours.MIXED-COMPUTED-REV,-271.61,44.52,-316.13,NEGATIVE
2025-07-23 18:00:00,FRN.Flow-In.Ave.15Minutes.3Hours.MIXED-COMPUTED-REV,-257.84,44.52,-302.36,NEGATIVE
2025-07-23 19:00:00,FRN.Flow-In.Ave.15Minutes.3Hours.MIXED-COMPUTED-REV,-79.70,44.52,-124.22,NEGATIVE
2025-07-23 22:00:00,FRN.Flow-In.Ave.15Minutes.3Hours.MIXED-COMPUTED-REV,-134.32,57.72,-192.05,NEGATIVE
2025-07-23 23:00:00,FRN.Flow-In.Ave.15Minutes.3Hours.MIXED-COMPUTED-REV,-271.11,57.72,-328.83,NEGATIVE
2025-07-24 00:00:00,FRN.Flow-In.Ave.15Minutes.3Hours.MIXED-COMPUTED-REV,-257.26,57.40,-314.65,NEGATIVE
2025-07-24 01:00:00,FRN.Flow-In.Ave.15Minutes.3Hours.MIXED-COMPUTED-REV,-78.91,44.32,-123.23,NEGATIVE
2025-07-24 12:00:00,FRN.Flow-In.Ave.15Minutes.3Hours.MIXED-COMPUTED-REV,-133.88,-78.91,-54.97,NEGATIVE
2025-07-24 13:00:00,FRN.Flow-In.Ave.15Minutes.3Hours.MIXED-COMPUTED-REV,-270.96,-78.70,-192.26,NEGATIVE
2025-07-24 14:00:00,FRN.Flow-In.Ave.15Minutes.3Hours.MIXED-COMPUTED-REV,-257.51,-78.70,-178.81,NEGATIVE
2025-07-24 15:00:00,FRN.Flow-In.Ave.15Minutes.3Hours.MIXED-COMPUTED-REV,-79.67,-79.67,0.00,NEGATIVE
2025-07-24 17:00:00,FRN.Flow-In.Ave.15Minutes.3Hours.MIXED-COMPUTED-REV,-189.37,-106.48,-82.89,NEGATIVE
2025-07-24 18:00:00,FRN.Flow-In.Ave.15Minutes.3Hours.MIXED-COMPUTED-REV,-271.26,-106.48,-164.78,NEGATIVE
2025-07-24 19:00:00,FRN.Flow-In.Ave.15Minutes.3Hours.MIXED-COMPUTED-REV,-229.93,-106.48,-123.45,NEGATIVE
2025-07-24 20:00:00,FRN.Flow-In.Ave.15Minutes.3Hours.MIXED-COMPUTED-REV,-106.48,-106.48,0.00,NEGATIVE
2025-07-24 21:00:00,FRN.Flow-In.Ave.15Minutes.3Hours.MIXED-COMPUTED-REV,-229.42,-106.48,-122.93,NEGATIVE
2025-07-24 22:00:00,FRN.Flow-In.Ave.15Minutes.3Hours.MIXED-COMPUTED-REV,-270.42,-132.99,-137.43,NEGATIVE
2025-07-24 23:00:00,FRN.Flow-In.Ave.15Minutes.3Hours.MIXED-COMPUTED-REV,-188.39,-133.12,-55.27,NEGATIVE
2025-07-25 01:00:00,FRN.Flow-In.Ave.15Minutes.3Hours.MIXED-COMPUTED-REV,-78.70,-133.12,54.42,NEGATIVE
2025-07-25 02:00:00,FRN.Flow-In.Ave.15Minutes.3Hours.MIXED-COMPUTED-REV,-256.11,-132.99,-123.12,NEGATIVE
2025-07-25 03:00:00,FRN.Flow-In.Ave.15Minutes.3Hours.MIXED-COMPUTED-REV,-269.60,-132.99,-136.61,NEGATIVE
2025-07-25 04:00:00,FRN.Flow-In.Ave.15Minutes.3Hours.MIXED-COMPUTED-REV,-132.99,-133.12,0.13,NEGATIVE
2025-07-25 10:00:00,FRN.Flow-In.Ave.15Minutes.3Hours.MIXED-COMPUTED-REV,-133.12,-132.99,-0.13,NEGATIVE
2025-07-25 11:00:00,FRN.Flow-In.Ave.15Minutes.3Hours.MIXED-COMPUTED-REV,-269.60,-78.86,-190.73,NEGATIVE
2025-07-25 12:00:00,FRN.Flow-In.Ave.15Minutes.3Hours.MIXED-COMPUTED-REV,-256.02,-78.86,-177.15,NEGATIVE
2025-07-25 13:00:00,FRN.Flow-In.Ave.15Minutes.3Hours.MIXED-COMPUTED-REV,-78.80,-92.72,13.93,NEGATIVE
2025-07-25 14:00:00,FRN.Flow-In.Ave.15Minutes.3Hours.MIXED-COMPUTED-REV,-78.86,-132.99,54.13,NEGATIVE
2025-07-25 15:00:00,FRN.Flow-In.Ave.15Minutes.3Hours.MIXED-COMPUTED-REV,-256.23,-132.99,-123.24,NEGATIVE
2025-07-25 16:00:00,FRN.Flow-In.Ave.15Minutes.3Hours.MIXED-COMPUTED-REV,-270.05,-132.99,-137.06,NEGATIVE
2025-07-25 17:00:00,FRN.Flow-In.Ave.15Minutes.3Hours.MIXED-COMPUTED-REV,-133.86,-92.72,-41.14,NEGATIVE
2025-07-25 19:00:00,FRN.Flow-In.Ave.15Minutes.3Hours.MIXED-COMPUTED-REV,-188.40,-92.72,-95.68,NEGATIVE
2025-07-25 20:00:00,FRN.Flow-In.Ave.15Minutes.3Hours.MIXED-COMPUTED-REV,-229.32,-92.72,-136.60,NEGATIVE
2025-07-26 00:00:00,FRN.Flow-In.Ave.15Minutes.3Hours.MIXED-COMPUTED-REV,-174.60,-78.80,-95.80,NEGATIVE
2025-07-26 01:00:00,FRN.Flow-In.Ave.15Minutes.3Hours.MIXED-COMPUTED-REV,-92.72,-78.41,-14.31,NEGATIVE
2025-07-26 02:00:00,FRN.Flow-In.Ave.15Minutes.3Hours.MIXED-COMPUTED-REV,-133.18,-78.41,-54.77,NEGATIVE
2025-07-26 03:00:00,FRN.Flow-In.Ave.15Minutes.3Hours.MIXED-COMPUTED-REV,-269.03,-78.41,-190.62,NEGATIVE
2025-07-26 04:00:00,FRN.Flow-In.Ave.15Minutes.3Hours.MIXED-COMPUTED-REV,-255.34,-78.41,-176.93,NEGATIVE
2025-07-26 05:00:00,FRN.Flow-In.Ave.15Minutes.3Hours.MIXED-COMPUTED-REV,-78.41,-25.24,-53.17,NEGATIVE
2025-07-26 13:00:00,FRN.Flow-In.Ave.15Minutes.3Hours.MIXED-COMPUTED-REV,-25.24,-25.24,0.00,NEGATIVE
2025-07-26 14:00:00,FRN.Flow-In.Ave.15Minutes.3Hours.MIXED-COMPUTED-REV,-230.65,-25.24,-205.41,NEGATIVE
2025-07-26 15:00:00,FRN.Flow-In.Ave.15Minutes.3Hours.MIXED-COMPUTED-REV,-271.84,-25.24,-246.60,NEGATIVE
2025-07-26 16:00:00,FRN.Flow-In.Ave.15Minutes.3Hours.MIXED-COMPUTED-REV,-189.81,-25.24,-164.58,NEGATIVE
2025-07-26 19:00:00,FRN.Flow-In.Ave.15Minutes.3Hours.MIXED-COMPUTED-REV,-80.00,16.30,-96.30,NEGATIVE
2025-07-26 20:00:00,FRN.Flow-In.Ave.15Minutes.3Hours.MIXED-COMPUTED-REV,-257.70,15.47,-273.17,NEGATIVE
2025-07-26 21:00:00,FRN.Flow-In.Ave.15Minutes.3Hours.MIXED-COMPUTED-REV,-271.31,15.47,-286.78,NEGATIVE
2025-07-26 22:00:00,FRN.Flow-In.Ave.15Minutes.3Hours.MIXED-COMPUTED-REV,-134.66,15.47,-150.13,NEGATIVE
2025-07-27 02:00:00,FRN.Flow-In.Ave.15Minutes.3Hours.MIXED-COMPUTED-REV,-134.17,15.47,-149.64,NEGATIVE
2025-07-27 03:00:00,FRN.Flow-In.Ave.15Minutes.3Hours.MIXED-COMPUTED-REV,-270.55,15.47,-286.01,NEGATIVE
2025-07-27 04:00:00,FRN.Flow-In.Ave.15Minutes.3Hours.MIXED-COMPUTED-REV,-215.67,15.47,-231.14,NEGATIVE
2025-07-27 08:00:00,FRN.Flow-In.Ave.15Minutes.3Hours.MIXED-COMPUTED-REV,-52.34,-25.28,-27.06,NEGATIVE
2025-07-27 14:00:00,FRN.Flow-In.Ave.15Minutes.3Hours.MIXED-COMPUTED-REV,-134.55,-52.34,-82.21,NEGATIVE
2025-07-27 15:00:00,FRN.Flow-In.Ave.15Minutes.3Hours.MIXED-COMPUTED-REV,-271.03,-52.34,-218.69,NEGATIVE
2025-07-27 16:00:00,FRN.Flow-In.Ave.15Minutes.3Hours.MIXED-COMPUTED-REV,-257.38,-52.34,-205.04,NEGATIVE
2025-07-27 17:00:00,FRN.Flow-In.Ave.15Minutes.3Hours.MIXED-COMPUTED-REV,-79.95,-25.28,-54.67,NEGATIVE
2025-07-27 19:00:00,FRN.Flow-In.Ave.15Minutes.3Hours.MIXED-COMPUTED-REV,-25.28,-25.28,0.00,NEGATIVE
2025-07-27 20:00:00,FRN.Flow-In.Ave.15Minutes.3Hours.MIXED-COMPUTED-REV,-229.82,-25.28,-204.53,NEGATIVE
2025-07-27 21:00:00,FRN.Flow-In.Ave.15Minutes.3Hours.MIXED-COMPUTED-REV,-270.73,15.84,-286.57,NEGATIVE
2025-07-27 22:00:00,FRN.Flow-In.Ave.15Minutes.3Hours.MIXED-COMPUTED-REV,-188.84,15.84,-204.68,NEGATIVE
2025-07-28 01:00:00,FRN.Flow-In.Ave.15Minutes.3Hours.MIXED-COMPUTED-REV,-133.85,-79.95,-53.89,NEGATIVE
2025-07-28 02:00:00,FRN.Flow-In.Ave.15Minutes.3Hours.MIXED-COMPUTED-REV,-270.16,-79.95,-190.21,NEGATIVE
2025-07-28 03:00:00,FRN.Flow-In.Ave.15Minutes.3Hours.MIXED-COMPUTED-REV,-256.43,-79.13,-177.30,NEGATIVE
2025-07-28 04:00:00,FRN.Flow-In.Ave.15Minutes.3Hours.MIXED-COMPUTED-REV,-79.13,-79.13,0.00,NEGATIVE
2025-07-28 11:00:00,FRN.Flow-In.Ave.15Minutes.3Hours.MIXED-COMPUTED-REV,-188.35,-11.20,-177.15,NEGATIVE
2025-07-28 12:00:00,FRN.Flow-In.Ave.15Minutes.3Hours.MIXED-COMPUTED-REV,-270.11,-25.13,-244.98,NEGATIVE
2025-07-28 13:00:00,FRN.Flow-In.Ave.15Minutes.3Hours.MIXED-COMPUTED-REV,-229.28,-25.13,-204.15,NEGATIVE
2025-07-28 14:00:00,FRN.Flow-In.Ave.15Minutes.3Hours.MIXED-COMPUTED-REV,-25.13,-25.13,0.00,NEGATIVE
2025-07-28 16:00:00,FRN.Flow-In.Ave.15Minutes.3Hours.MIXED-COMPUTED-REV,-106.52,-25.13,-81.39,NEGATIVE
2025-07-28 17:00:00,FRN.Flow-In.Ave.15Minutes.3Hours.MIXED-COMPUTED-REV,-11.20,-24.71,13.51,NEGATIVE
2025-07-28 21:00:00,FRN.Flow-In.Ave.15Minutes.3Hours.MIXED-COMPUTED-REV,-133.78,-24.71,-109.08,NEGATIVE
2025-07-28 22:00:00,FRN.Flow-In.Ave.15Minutes.3Hours.MIXED-COMPUTED-REV,-269.81,-24.71,-245.10,NEGATIVE
2025-07-28 23:00:00,FRN.Flow-In.Ave.15Minutes.3Hours.MIXED-COMPUTED-REV,-256.21,-24.71,-231.51,NEGATIVE
2025-07-29 00:00:00,FRN.Flow-In.Ave.15Minutes.3Hours.MIXED-COMPUTED-REV,-79.43,-24.71,-54.72,NEGATIVE
2025-07-29 02:00:00,FRN.Flow-In.Ave.15Minutes.3Hours.MIXED-COMPUTED-REV,-187.87,-24.71,-163.16,NEGATIVE
2025-07-29 03:00:00,FRN.Flow-In.Ave.15Minutes.3Hours.MIXED-COMPUTED-REV,-269.38,-24.71,-244.68,NEGATIVE
2025-07-29 04:00:00,FRN.Flow-In.Ave.15Minutes.3Hours.MIXED-COMPUTED-REV,-228.63,-24.71,-203.92,NEGATIVE
2025-07-29 05:00:00,FRN.Flow-In.Ave.15Minutes.3Hours.MIXED-COMPUTED-REV,-24.71,-11.20,-13.51,NEGATIVE
2025-07-29 12:00:00,FRN.Flow-In.Ave.15Minutes.3Hours.MIXED-COMPUTED-REV,-187.64,-24.71,-162.93,NEGATIVE
2025-07-29 13:00:00,FRN.Flow-In.Ave.15Minutes.3Hours.MIXED-COMPUTED-REV,-268.95,15.82,-284.77,NEGATIVE
2025-07-29 14:00:00,FRN.Flow-In.Ave.15Minutes.3Hours.MIXED-COMPUTED-REV,-228.23,-24.71,-203.52,NEGATIVE
2025-07-29 15:00:00,FRN.Flow-In.Ave.15Minutes.3Hours.MIXED-COMPUTED-REV,-24.73,-24.71,-0.03,NEGATIVE
2025-07-29 21:00:00,FRN.Flow-In.Ave.15Minutes.3Hours.MIXED-COMPUTED-REV,-134.10,15.82,-149.92,NEGATIVE
2025-07-29 22:00:00,FRN.Flow-In.Ave.15Minutes.3Hours.MIXED-COMPUTED-REV,-270.47,-24.55,-245.92,NEGATIVE
2025-07-29 23:00:00,FRN.Flow-In.Ave.15Minutes.3Hours.MIXED-COMPUTED-REV,-256.81,-24.73,-232.08,NEGATIVE
2025-07-30 00:00:00,FRN.Flow-In.Ave.15Minutes.3Hours.MIXED-COMPUTED-REV,-79.44,-79.44,0.00,NEGATIVE
2025-07-30 02:00:00,FRN.Flow-In.Ave.15Minutes.3Hours.MIXED-COMPUTED-REV,-187.97,-24.73,-163.24,NEGATIVE
2025-07-30 03:00:00,FRN.Flow-In.Ave.15Minutes.3Hours.MIXED-COMPUTED-REV,-269.69,-24.55,-245.14,NEGATIVE
2025-07-30 04:00:00,FRN.Flow-In.Ave.15Minutes.3Hours.MIXED-COMPUTED-REV,-228.91,16.21,-245.12,NEGATIVE
2025-07-30 05:00:00,FRN.Flow-In.Ave.15Minutes.3Hours.MIXED-COMPUTED-REV,-24.55,-24.55,0.00,NEGATIVE
2025-07-30 10:00:00,FRN.Flow-In.Ave.15Minutes.3Hours.MIXED-COMPUTED-REV,-187.77,-79.44,-108.33,NEGATIVE
2025-07-30 11:00:00,FRN.Flow-In.Ave.15Minutes.3Hours.MIXED-COMPUTED-REV,-269.70,-79.44,-190.25,NEGATIVE
2025-07-30 12:00:00,FRN.Flow-In.Ave.15Minutes.3Hours.MIXED-COMPUTED-REV,-229.11,-79.44,-149.67,NEGATIVE
2025-07-30 13:00:00,FRN.Flow-In.Ave.15Minutes.3Hours.MIXED-COMPUTED-REV,-25.10,-25.10,0.00,NEGATIVE
2025-07-30 17:00:00,FRN.Flow-In.Ave.15Minutes.3Hours.MIXED-COMPUTED-REV,-24.98,-24.70,-0.28,NEGATIVE
2025-07-30 18:00:00,FRN.Flow-In.Ave.15Minutes.3Hours.MIXED-COMPUTED-REV,-229.02,-24.70,-204.32,NEGATIVE
2025-07-30 19:00:00,FRN.Flow-In.Ave.15Minutes.3Hours.MIXED-COMPUTED-REV,-269.82,-24.70,-245.12,NEGATIVE
2025-07-30 20:00:00,FRN.Flow-In.Ave.15Minutes.3Hours.MIXED-COMPUTED-REV,-188.23,-24.70,-163.53,NEGATIVE
2025-07-30 21:00:00,FRN.Flow-In.Ave.15Minutes.3Hours.MIXED-COMPUTED-REV,-25.01,-24.98,-0.03,NEGATIVE
2025-07-30 22:00:00,FRN.Flow-In.Ave.15Minutes.3Hours.MIXED-COMPUTED-REV,-187.92,-25.01,-162.91,NEGATIVE
2025-07-30 23:00:00,FRN.Flow-In.Ave.15Minutes.3Hours.MIXED-COMPUTED-REV,-269.31,-25.01,-244.30,NEGATIVE
2025-07-31 00:00:00,FRN.Flow-In.Ave.15Minutes.3Hours.MIXED-COMPUTED-REV,-228.50,-24.98,-203.51,NEGATIVE
2025-07-31 01:00:00,FRN.Flow-In.Ave.15Minutes.3Hours.MIXED-COMPUTED-REV,-24.70,-24.90,0.20,NEGATIVE
2025-07-31 09:00:00,FRN.Flow-In.Ave.15Minutes.3Hours.MIXED-COMPUTED-REV,-187.77,-24.79,-162.98,NEGATIVE
2025-07-31 10:00:00,FRN.Flow-In.Ave.15Minutes.3Hours.MIXED-COMPUTED-REV,-269.21,-24.70,-244.51,NEGATIVE
2025-07-31 11:00:00,FRN.Flow-In.Ave.15Minutes.3Hours.MIXED-COMPUTED-REV,-228.49,-24.70,-203.79,NEGATIVE
2025-07-31 12:00:00,FRN.Flow-In.Ave.15Minutes.3Hours.MIXED-COMPUTED-REV,-24.90,-24.70,-0.20,NEGATIVE
2025-07-31 15:00:00,FRN.Flow-In.Ave.15Minutes.3Hours.MIXED-COMPUTED-REV,-24.83,-24.75,-0.08,NEGATIVE
2025-07-31 16:00:00,FRN.Flow-In.Ave.15Minutes.3Hours.MIXED-COMPUTED-REV,-228.22,-24.75,-203.47,NEGATIVE
2025-07-31 17:00:00,FRN.Flow-In.Ave.15Minutes.3Hours.MIXED-COMPUTED-REV,-282.45,-24.75,-257.70,NEGATIVE
2025-07-31 18:00:00,FRN.Flow-In.Ave.15Minutes.3Hours.MIXED-COMPUTED-REV,-295.92,-24.75,-271.17,NEGATIVE
2025-07-31 19:00:00,FRN.Flow-In.Ave.15Minutes.3Hours.MIXED-COMPUTED-REV,-24.79,-24.79,0.00,NEGATIVE
2025-07-31 23:00:00,FRN.Flow-In.Ave.15Minutes.3Hours.MIXED-COMPUTED-REV,-24.75,-24.79,0.04,NEGATIVE
2025-08-01 00:00:00,FRN.Flow-In.Ave.15Minutes.3Hours.MIXED-COMPUTED-REV,-227.95,-24.75,-203.20,NEGATIVE
2025-08-01 01:00:00,FRN.Flow-In.Ave.15Minutes.3Hours.MIXED-COMPUTED-REV,-268.52,-24.55,-243.98,NEGATIVE
2025-08-01 02:00:00,FRN.Flow-In.Ave.15Minutes.3Hours.MIXED-COMPUTED-REV,-187.19,-24.55,-162.64,NEGATIVE
2025-08-01 06:00:00,FRN.Flow-In.Ave.15Minutes.3Hours.MIXED-COMPUTED-REV,-24.55,-24.75,0.20,NEGATIVE
2025-08-01 07:00:00,FRN.Flow-In.Ave.15Minutes.3Hours.MIXED-COMPUTED-REV,-227.59,-24.55,-203.05,NEGATIVE
2025-08-01 08:00:00,FRN.Flow-In.Ave.15Minutes.3Hours.MIXED-COMPUTED-REV,-268.28,-24.55,-243.73,NEGATIVE
2025-08-01 09:00:00,FRN.Flow-In.Ave.15Minutes.3Hours.MIXED-COMPUTED-REV,-187.09,-24.75,-162.33,NEGATIVE
2025-08-01 15:00:00,FRN.Flow-In.Ave.15Minutes.3Hours.MIXED-COMPUTED-REV,-78.69,-79.06,0.37,NEGATIVE
2025-08-01 16:00:00,FRN.Flow-In.Ave.15Minutes.3Hours.MIXED-COMPUTED-REV,-254.46,-79.06,-175.41,NEGATIVE
2025-08-01 17:00:00,FRN.Flow-In.Ave.15Minutes.3Hours.MIXED-COMPUTED-REV,-267.99,-79.06,-188.93,NEGATIVE
2025-08-01 18:00:00,FRN.Flow-In.Ave.15Minutes.3Hours.MIXED-COMPUTED-REV,-132.77,-79.06,-53.71,NEGATIVE
2025-08-01 20:00:00,FRN.Flow-In.Ave.15Minutes.3Hours.MIXED-COMPUTED-REV,-133.68,-78.69,-54.99,NEGATIVE
2025-08-01 21:00:00,FRN.Flow-In.Ave.15Minutes.3Hours.MIXED-COMPUTED-REV,-269.54,-78.69,-190.85,NEGATIVE
2025-08-01 22:00:00,FRN.Flow-In.Ave.15Minutes.3Hours.MIXED-COMPUTED-REV,-269.52,-78.69,-190.84,NEGATIVE
2025-08-01 23:00:00,FRN.Flow-In.Ave.15Minutes.3Hours.MIXED-COMPUTED-REV,-269.36,-79.06,-190.30,NEGATIVE
2025-08-02 00:00:00,FRN.Flow-In.Ave.15Minutes.3Hours.MIXED-COMPUTED-REV,-269.20,-79.06,-190.14,NEGATIVE
2025-08-02 01:00:00,FRN.Flow-In.Ave.15Minutes.3Hours.MIXED-COMPUTED-REV,-255.54,-79.06,-176.48,NEGATIVE
2025-08-02 02:00:00,FRN.Flow-In.Ave.15Minutes.3Hours.MIXED-COMPUTED-REV,-79.06,-79.06,0.00,NEGATIVE
2025-08-02 09:00:00,FRN.Flow-In.Ave.15Minutes.3Hours.MIXED-COMPUTED-REV,-79.06,-79.06,-0.00,NEGATIVE
2025-08-02 10:00:00,FRN.Flow-In.Ave.15Minutes.3Hours.MIXED-COMPUTED-REV,-200.97,-78.95,-122.02,NEGATIVE
2025-08-02 11:00:00,FRN.Flow-In.Ave.15Minutes.3Hours.MIXED-COMPUTED-REV,-241.55,-11.12,-230.43,NEGATIVE
2025-08-02 12:00:00,FRN.Flow-In.Ave.15Minutes.3Hours.MIXED-COMPUTED-REV,-133.06,-11.12,-121.94,NEGATIVE
2025-08-02 13:00:00,FRN.Flow-In.Ave.15Minutes.3Hours.MIXED-COMPUTED-REV,-11.12,-11.12,0.00,NEGATIVE
2025-08-02 17:00:00,FRN.Flow-In.Ave.15Minutes.3Hours.MIXED-COMPUTED-REV,-78.95,-11.12,-67.82,NEGATIVE
2025-08-02 18:00:00,FRN.Flow-In.Ave.15Minutes.3Hours.MIXED-COMPUTED-REV,-255.07,-11.12,-243.94,NEGATIVE
2025-08-02 19:00:00,FRN.Flow-In.Ave.15Minutes.3Hours.MIXED-COMPUTED-REV,-268.60,-51.59,-217.00,NEGATIVE
2025-08-02 20:00:00,FRN.Flow-In.Ave.15Minutes.3Hours.MIXED-COMPUTED-REV,-133.02,-65.17,-67.86,NEGATIVE
2025-08-03 00:00:00,FRN.Flow-In.Ave.15Minutes.3Hours.MIXED-COMPUTED-REV,-186.93,-51.59,-135.34,NEGATIVE
2025-08-03 01:00:00,FRN.Flow-In.Ave.15Minutes.3Hours.MIXED-COMPUTED-REV,-268.24,-11.12,-257.12,NEGATIVE
2025-08-03 02:00:00,FRN.Flow-In.Ave.15Minutes.3Hours.MIXED-COMPUTED-REV,-281.68,-51.59,-230.08,NEGATIVE
2025-08-03 03:00:00,FRN.Flow-In.Ave.15Minutes.3Hours.MIXED-COMPUTED-REV,-51.59,-65.17,13.57,NEGATIVE
2025-08-03 07:00:00,FRN.Flow-In.Ave.15Minutes.3Hours.MIXED-COMPUTED-REV,-65.17,-65.17,0.00,NEGATIVE
2025-08-03 08:00:00,FRN.Flow-In.Ave.15Minutes.3Hours.MIXED-COMPUTED-REV,-200.39,-51.59,-148.79,NEGATIVE
2025-08-03 09:00:00,FRN.Flow-In.Ave.15Minutes.3Hours.MIXED-COMPUTED-REV,-254.48,-11.08,-243.40,NEGATIVE
2025-08-03 10:00:00,FRN.Flow-In.Ave.15Minutes.3Hours.MIXED-COMPUTED-REV,-146.30,-51.59,-94.71,NEGATIVE
2025-08-03 11:00:00,FRN.Flow-In.Ave.15Minutes.3Hours.MIXED-COMPUTED-REV,-11.08,-65.17,54.09,NEGATIVE
2025-08-03 14:00:00,FRN.Flow-In.Ave.15Minutes.3Hours.MIXED-COMPUTED-REV,-132.48,-65.17,-67.31,NEGATIVE
2025-08-03 15:00:00,FRN.Flow-In.Ave.15Minutes.3Hours.MIXED-COMPUTED-REV,-267.56,-51.59,-215.97,NEGATIVE
2025-08-03 16:00:00,FRN.Flow-In.Ave.15Minutes.3Hours.MIXED-COMPUTED-REV,-254.09,-37.86,-216.23,NEGATIVE
2025-08-03 17:00:00,FRN.Flow-In.Ave.15Minutes.3Hours.MIXED-COMPUTED-REV,-78.55,-65.17,-13.38,NEGATIVE
2025-08-03 22:00:00,FRN.Flow-In.Ave.15Minutes.3Hours.MIXED-COMPUTED-REV,-78.43,-78.31,-0.13,NEGATIVE
2025-08-03 23:00:00,FRN.Flow-In.Ave.15Minutes.3Hours.MIXED-COMPUTED-REV,-253.89,-37.86,-216.03,NEGATIVE
2025-08-04 00:00:00,FRN.Flow-In.Ave.15Minutes.3Hours.MIXED-COMPUTED-REV,-267.39,-37.86,-229.53,NEGATIVE
2025-08-04 01:00:00,FRN.Flow-In.Ave.15Minutes.3Hours.MIXED-COMPUTED-REV,-132.42,-37.86,-94.56,NEGATIVE
2025-08-04 04:00:00,FRN.Flow-In.Ave.15Minutes.3Hours.MIXED-COMPUTED-REV,-37.86,-37.86,-0.00,NEGATIVE
2025-08-04 05:00:00,FRN.Flow-In.Ave.15Minutes.3Hours.MIXED-COMPUTED-REV,-78.31,-37.86,-40.45,NEGATIVE
2025-08-04 06:00:00,FRN.Flow-In.Ave.15Minutes.3Hours.MIXED-COMPUTED-REV,-37.86,-37.86,0.00,NEGATIVE
2025-08-04 07:00:00,FRN.Flow-In.Ave.15Minutes.3Hours.MIXED-COMPUTED-REV,-37.86,-37.86,0.00,NEGATIVE
2025-08-04 08:00:00,FRN.Flow-In.Ave.15Minutes.3Hours.MIXED-COMPUTED-REV,-118.76,-37.86,-80.90,NEGATIVE
2025-08-04 09:00:00,FRN.Flow-In.Ave.15Minutes.3Hours.MIXED-COMPUTED-REV,-159.21,-64.83,-94.38,NEGATIVE
2025-08-04 10:00:00,FRN.Flow-In.Ave.15Minutes.3Hours.MIXED-COMPUTED-REV,-78.31,-78.31,-0.00,NEGATIVE
2025-08-04 17:00:00,FRN.Flow-In.Ave.15Minutes.3Hours.MIXED-COMPUTED-REV,-185.95,-78.31,-107.64,NEGATIVE
2025-08-04 18:00:00,FRN.Flow-In.Ave.15Minutes.3Hours.MIXED-COMPUTED-REV,-266.77,-64.83,-201.94,NEGATIVE
2025-08-04 19:00:00,FRN.Flow-In.Ave.15Minutes.3Hours.MIXED-COMPUTED-REV,-226.36,-64.83,-161.53,NEGATIVE
2025-08-04 20:00:00,FRN.Flow-In.Ave.15Minutes.3Hours.MIXED-COMPUTED-REV,-64.83,-64.83,0.00,NEGATIVE
2025-08-04 21:00:00,FRN.Flow-In.Ave.15Minutes.3Hours.MIXED-COMPUTED-REV,-186.87,-24.01,-162.86,NEGATIVE
2025-08-04 22:00:00,FRN.Flow-In.Ave.15Minutes.3Hours.MIXED-COMPUTED-REV,-267.90,-23.99,-243.90,NEGATIVE
2025-08-04 23:00:00,FRN.Flow-In.Ave.15Minutes.3Hours.MIXED-COMPUTED-REV,-227.09,16.12,-243.20,NEGATIVE
2025-08-05 00:00:00,FRN.Flow-In.Ave.15Minutes.3Hours.MIXED-COMPUTED-REV,-23.99,16.12,-40.11,NEGATIVE
2025-08-05 01:00:00,FRN.Flow-In.Ave.15Minutes.3Hours.MIXED-COMPUTED-REV,-24.01,16.12,-40.13,NEGATIVE
2025-08-05 02:00:00,FRN.Flow-In.Ave.15Minutes.3Hours.MIXED-COMPUTED-REV,-226.91,-10.62,-216.29,NEGATIVE
2025-08-05 03:00:00,FRN.Flow-In.Ave.15Minutes.3Hours.MIXED-COMPUTED-REV,-267.46,-23.99,-243.47,NEGATIVE
2025-08-05 04:00:00,FRN.Flow-In.Ave.15Minutes.3Hours.MIXED-COMPUTED-REV,-186.13,-24.01,-162.12,NEGATIVE
2025-08-05 14:00:00,FRN.Flow-In.Ave.15Minutes.3Hours.MIXED-COMPUTED-REV,-10.62,17.05,-27.67,NEGATIVE
2025-08-05 15:00:00,FRN.Flow-In.Ave.15Minutes.3Hours.MIXED-COMPUTED-REV,-159.37,43.17,-202.54,NEGATIVE
2025-08-05 16:00:00,FRN.Flow-In.Ave.15Minutes.3Hours.MIXED-COMPUTED-REV,-267.58,43.17,-310.75,NEGATIVE
2025-08-05 17:00:00,FRN.Flow-In.Ave.15Minutes.3Hours.MIXED-COMPUTED-REV,-200.14,43.17,-243.31,NEGATIVE
2025-08-05 18:00:00,FRN.Flow-In.Ave.15Minutes.3Hours.MIXED-COMPUTED-REV,-51.48,43.17,-94.64,NEGATIVE
2025-08-05 20:00:00,FRN.Flow-In.Ave.15Minutes.3Hours.MIXED-COMPUTED-REV,-132.23,-10.62,-121.61,NEGATIVE
2025-08-05 21:00:00,FRN.Flow-In.Ave.15Minutes.3Hours.MIXED-COMPUTED-REV,-267.15,-10.62,-256.53,NEGATIVE
2025-08-05 22:00:00,FRN.Flow-In.Ave.15Minutes.3Hours.MIXED-COMPUTED-REV,-253.65,-10.62,-243.03,NEGATIVE
2025-08-05 23:00:00,FRN.Flow-In.Ave.15Minutes.3Hours.MIXED-COMPUTED-REV,-78.21,-51.48,-26.73,NEGATIVE
2025-08-06 04:00:00,FRN.Flow-In.Ave.15Minutes.3Hours.MIXED-COMPUTED-REV,-131.26,-77.44,-53.83,NEGATIVE
2025-08-06 05:00:00,FRN.Flow-In.Ave.15Minutes.3Hours.MIXED-COMPUTED-REV,-266.00,-77.37,-188.63,NEGATIVE
2025-08-06 06:00:00,FRN.Flow-In.Ave.15Minutes.3Hours.MIXED-COMPUTED-REV,-252.45,-51.48,-200.97,NEGATIVE
2025-08-06 07:00:00,FRN.Flow-In.Ave.15Minutes.3Hours.MIXED-COMPUTED-REV,-77.44,-77.37,-0.07,NEGATIVE
2025-08-06 11:00:00,FRN.Flow-In.Ave.15Minutes.3Hours.MIXED-COMPUTED-REV,-131.59,-24.22,-107.37,NEGATIVE
2025-08-06 12:00:00,FRN.Flow-In.Ave.15Minutes.3Hours.MIXED-COMPUTED-REV,-266.18,43.40,-309.57,NEGATIVE
2025-08-06 13:00:00,FRN.Flow-In.Ave.15Minutes.3Hours.MIXED-COMPUTED-REV,-252.57,-24.22,-228.36,NEGATIVE
2025-08-06 14:00:00,FRN.Flow-In.Ave.15Minutes.3Hours.MIXED-COMPUTED-REV,-77.37,-50.91,-26.45,NEGATIVE
2025-08-06 18:00:00,FRN.Flow-In.Ave.15Minutes.3Hours.MIXED-COMPUTED-REV,-24.22,-77.37,53.15,NEGATIVE
2025-08-06 19:00:00,FRN.Flow-In.Ave.15Minutes.3Hours.MIXED-COMPUTED-REV,-226.10,-50.91,-175.19,NEGATIVE
2025-08-06 20:00:00,FRN.Flow-In.Ave.15Minutes.3Hours.MIXED-COMPUTED-REV,-266.48,-24.22,-242.26,NEGATIVE
2025-08-06 21:00:00,FRN.Flow-In.Ave.15Minutes.3Hours.MIXED-COMPUTED-REV,-185.73,-24.22,-161.51,NEGATIVE
2025-08-07 01:00:00,FRN.Flow-In.Ave.15Minutes.3Hours.MIXED-COMPUTED-REV,-50.91,-50.91,0.00,NEGATIVE
2025-08-07 02:00:00,FRN.Flow-In.Ave.15Minutes.3Hours.MIXED-COMPUTED-REV,-198.55,-24.22,-174.33,NEGATIVE
2025-08-07 03:00:00,FRN.Flow-In.Ave.15Minutes.3Hours.MIXED-COMPUTED-REV,-265.62,-23.67,-241.95,NEGATIVE
2025-08-07 04:00:00,FRN.Flow-In.Ave.15Minutes.3Hours.MIXED-COMPUTED-REV,-252.22,-23.67,-228.56,NEGATIVE
2025-08-07 05:00:00,FRN.Flow-In.Ave.15Minutes.3Hours.MIXED-COMPUTED-REV,-77.59,-24.22,-53.37,NEGATIVE
2025-08-07 10:00:00,FRN.Flow-In.Ave.15Minutes.3Hours.MIXED-COMPUTED-REV,-23.67,-23.67,0.00,NEGATIVE
2025-08-07 11:00:00,FRN.Flow-In.Ave.15Minutes.3Hours.MIXED-COMPUTED-REV,-225.29,-23.67,-201.63,NEGATIVE
2025-08-07 12:00:00,FRN.Flow-In.Ave.15Minutes.3Hours.MIXED-COMPUTED-REV,-265.71,-23.67,-242.04,NEGATIVE
2025-08-07 13:00:00,FRN.Flow-In.Ave.15Minutes.3Hours.MIXED-COMPUTED-REV,-185.14,-50.91,-134.23,NEGATIVE
2025-08-07 17:00:00,FRN.Flow-In.Ave.15Minutes.3Hours.MIXED-COMPUTED-REV,-131.24,-77.59,-53.66,NEGATIVE
2025-08-07 18:00:00,FRN.Flow-In.Ave.15Minutes.3Hours.MIXED-COMPUTED-REV,-279.01,-23.67,-255.35,NEGATIVE
2025-08-07 19:00:00,FRN.Flow-In.Ave.15Minutes.3Hours.MIXED-COMPUTED-REV,-427.45,-23.67,-403.78,NEGATIVE
2025-08-07 20:00:00,FRN.Flow-In.Ave.15Minutes.3Hours.MIXED-COMPUTED-REV,-212.53,-23.67,-188.86,NEGATIVE
2025-08-08 01:00:00,FRN.Flow-In.Ave.15Minutes.3Hours.MIXED-COMPUTED-REV,-186.03,-104.52,-81.51,NEGATIVE
2025-08-08 02:00:00,FRN.Flow-In.Ave.15Minutes.3Hours.MIXED-COMPUTED-REV,-266.71,-78.20,-188.52,NEGATIVE
2025-08-08 03:00:00,FRN.Flow-In.Ave.15Minutes.3Hours.MIXED-COMPUTED-REV,-360.83,-78.20,-282.63,NEGATIVE
2025-08-08 04:00:00,FRN.Flow-In.Ave.15Minutes.3Hours.MIXED-COMPUTED-REV,-279.69,-104.52,-175.17,NEGATIVE
2025-08-08 05:00:00,FRN.Flow-In.Ave.15Minutes.3Hours.MIXED-COMPUTED-REV,-104.52,-118.41,13.88,NEGATIVE
2025-08-08 09:00:00,FRN.Flow-In.Ave.15Minutes.3Hours.MIXED-COMPUTED-REV,-118.41,-104.90,-13.50,NEGATIVE
2025-08-08 10:00:00,FRN.Flow-In.Ave.15Minutes.3Hours.MIXED-COMPUTED-REV,-266.73,-118.41,-148.33,NEGATIVE
2025-08-08 11:00:00,FRN.Flow-In.Ave.15Minutes.3Hours.MIXED-COMPUTED-REV,-253.34,-118.41,-134.93,NEGATIVE
2025-08-08 12:00:00,FRN.Flow-In.Ave.15Minutes.3Hours.MIXED-COMPUTED-REV,-78.20,-131.33,53.14,NEGATIVE
2025-08-08 16:00:00,FRN.Flow-In.Ave.15Minutes.3Hours.MIXED-COMPUTED-REV,-185.75,-118.41,-67.34,NEGATIVE
2025-08-08 17:00:00,FRN.Flow-In.Ave.15Minutes.3Hours.MIXED-COMPUTED-REV,-266.50,-104.90,-161.60,NEGATIVE
2025-08-08 18:00:00,FRN.Flow-In.Ave.15Minutes.3Hours.MIXED-COMPUTED-REV,-226.13,-104.90,-121.22,NEGATIVE
2025-08-08 19:00:00,FRN.Flow-In.Ave.15Minutes.3Hours.MIXED-COMPUTED-REV,-104.90,-104.90,0.00,NEGATIVE
2025-08-08 20:00:00,FRN.Flow-In.Ave.15Minutes.3Hours.MIXED-COMPUTED-REV,-225.78,-104.90,-120.88,NEGATIVE
2025-08-08 21:00:00,FRN.Flow-In.Ave.15Minutes.3Hours.MIXED-COMPUTED-REV,-266.07,-104.90,-161.16,NEGATIVE
2025-08-08 22:00:00,FRN.Flow-In.Ave.15Minutes.3Hours.MIXED-COMPUTED-REV,-185.39,-78.20,-107.19,NEGATIVE
2025-08-09 00:00:00,FRN.Flow-In.Ave.15Minutes.3Hours.MIXED-COMPUTED-REV,-131.33,-37.49,-93.84,NEGATIVE
2025-08-09 01:00:00,FRN.Flow-In.Ave.15Minutes.3Hours.MIXED-COMPUTED-REV,-265.60,-10.53,-255.07,NEGATIVE
2025-08-09 02:00:00,FRN.Flow-In.Ave.15Minutes.3Hours.MIXED-COMPUTED-REV,-252.10,-10.53,-241.58,NEGATIVE
2025-08-09 03:00:00,FRN.Flow-In.Ave.15Minutes.3Hours.MIXED-COMPUTED-REV,-77.56,-37.49,-40.07,NEGATIVE
2025-08-09 09:00:00,FRN.Flow-In.Ave.15Minutes.3Hours.MIXED-COMPUTED-REV,-10.53,-37.49,26.96,NEGATIVE
2025-08-09 10:00:00,FRN.Flow-In.Ave.15Minutes.3Hours.MIXED-COMPUTED-REV,-37.49,-37.49,0.00,NEGATIVE
2025-08-09 15:00:00,FRN.Flow-In.Ave.15Minutes.3Hours.MIXED-COMPUTED-REV,-77.68,-37.49,-40.19,NEGATIVE
2025-08-09 16:00:00,FRN.Flow-In.Ave.15Minutes.3Hours.MIXED-COMPUTED-REV,-252.16,-37.32,-214.84,NEGATIVE
2025-08-09 17:00:00,FRN.Flow-In.Ave.15Minutes.3Hours.MIXED-COMPUTED-REV,-305.80,-37.32,-268.49,NEGATIVE
2025-08-09 18:00:00,FRN.Flow-In.Ave.15Minutes.3Hours.MIXED-COMPUTED-REV,-372.72,-37.32,-335.40,NEGATIVE
2025-08-09 19:00:00,FRN.Flow-In.Ave.15Minutes.3Hours.MIXED-COMPUTED-REV,-278.69,-37.49,-241.20,NEGATIVE
2025-08-09 20:00:00,FRN.Flow-In.Ave.15Minutes.3Hours.MIXED-COMPUTED-REV,-225.04,-64.03,-161.02,NEGATIVE
2025-08-09 21:00:00,FRN.Flow-In.Ave.15Minutes.3Hours.MIXED-COMPUTED-REV,-37.32,-77.68,40.37,NEGATIVE
2025-08-09 22:00:00,FRN.Flow-In.Ave.15Minutes.3Hours.MIXED-COMPUTED-REV,-64.03,-77.68,13.65,NEGATIVE
2025-08-09 23:00:00,FRN.Flow-In.Ave.15Minutes.3Hours.MIXED-COMPUTED-REV,-171.19,-77.68,-93.51,NEGATIVE
2025-08-10 00:00:00,FRN.Flow-In.Ave.15Minutes.3Hours.MIXED-COMPUTED-REV,-251.51,-77.68,-173.83,NEGATIVE
2025-08-10 01:00:00,FRN.Flow-In.Ave.15Minutes.3Hours.MIXED-COMPUTED-REV,-184.43,-77.68,-106.75,NEGATIVE
2025-08-10 02:00:00,FRN.Flow-In.Ave.15Minutes.3Hours.MIXED-COMPUTED-REV,-144.15,-103.89,-40.27,NEGATIVE
2025-08-10 06:00:00,FRN.Flow-In.Ave.15Minutes.3Hours.MIXED-COMPUTED-REV,-10.07,-157.48,147.40,NEGATIVE
2025-08-10 07:00:00,FRN.Flow-In.Ave.15Minutes.3Hours.MIXED-COMPUTED-REV,-224.13,-157.48,-66.65,NEGATIVE
2025-08-10 08:00:00,FRN.Flow-In.Ave.15Minutes.3Hours.MIXED-COMPUTED-REV,-224.17,-144.15,-80.02,NEGATIVE
2025-08-10 09:00:00,FRN.Flow-In.Ave.15Minutes.3Hours.MIXED-COMPUTED-REV,-103.89,-144.02,40.13,NEGATIVE
2025-08-10 14:00:00,FRN.Flow-In.Ave.15Minutes.3Hours.MIXED-COMPUTED-REV,-170.97,-130.82,-40.15,NEGATIVE
2025-08-10 15:00:00,FRN.Flow-In.Ave.15Minutes.3Hours.MIXED-COMPUTED-REV,-264.65,-103.89,-160.77,NEGATIVE
2025-08-10 16:00:00,FRN.Flow-In.Ave.15Minutes.3Hours.MIXED-COMPUTED-REV,-251.23,-103.89,-147.35,NEGATIVE
2025-08-10 17:00:00,FRN.Flow-In.Ave.15Minutes.3Hours.MIXED-COMPUTED-REV,-157.48,-103.89,-53.59,NEGATIVE
2025-08-10 18:00:00,FRN.Flow-In.Ave.15Minutes.3Hours.MIXED-COMPUTED-REV,-224.24,-103.89,-120.35,NEGATIVE
2025-08-10 19:00:00,FRN.Flow-In.Ave.15Minutes.3Hours.MIXED-COMPUTED-REV,-224.24,-103.89,-120.35,NEGATIVE
2025-08-10 20:00:00,FRN.Flow-In.Ave.15Minutes.3Hours.MIXED-COMPUTED-REV,-144.02,-77.36,-66.65,NEGATIVE
2025-08-10 23:00:00,FRN.Flow-In.Ave.15Minutes.3Hours.MIXED-COMPUTED-REV,-77.36,43.82,-121.18,NEGATIVE
2025-08-11 00:00:00,FRN.Flow-In.Ave.15Minutes.3Hours.MIXED-COMPUTED-REV,-251.81,43.82,-295.63,"SPIKE,NEGATIVE"
2025-08-11 01:00:00,FRN.Flow-In.Ave.15Minutes.3Hours.MIXED-COMPUTED-REV,-265.17,43.82,-308.99,"SPIKE,NEGATIVE"
2025-08-11 02:00:00,FRN.Flow-In.Ave.15Minutes.3Hours.MIXED-COMPUTED-REV,-130.82,43.82,-174.64,NEGATIVE
2025-08-11 16:00:00,FRN.Flow-In.Ave.15Minutes.3Hours.MIXED-COMPUTED-REV,-131.31,56.69,-188.00,NEGATIVE
2025-08-11 17:00:00,FRN.Flow-In.Ave.15Minutes.3Hours.MIXED-COMPUTED-REV,-265.48,56.63,-322.10,"SPIKE,NEGATIVE"
2025-08-11 18:00:00,FRN.Flow-In.Ave.15Minutes.3Hours.MIXED-COMPUTED-REV,-252.06,56.56,-308.62,"SPIKE,NEGATIVE"
2025-08-11 19:00:00,FRN.Flow-In.Ave.15Minutes.3Hours.MIXED-COMPUTED-REV,-77.61,56.56,-134.18,NEGATIVE
2025-08-11 23:00:00,FRN.Flow-In.Ave.15Minutes.3Hours.MIXED-COMPUTED-REV,-76.48,44.41,-120.89,NEGATIVE
2025-08-12 00:00:00,FRN.Flow-In.Ave.15Minutes.3Hours.MIXED-COMPUTED-REV,-250.59,44.28,-294.87,NEGATIVE
2025-08-12 01:00:00,FRN.Flow-In.Ave.15Minutes.3Hours.MIXED-COMPUTED-REV,-129.81,43.11,-172.92,NEGATIVE
2025-08-12 04:00:00,FRN.Flow-In.Ave.15Minutes.3Hours.MIXED-COMPUTED-REV,-76.39,-76.48,0.09,NEGATIVE
2025-08-12 05:00:00,FRN.Flow-In.Ave.15Minutes.3Hours.MIXED-COMPUTED-REV,-116.64,-76.48,-40.15,NEGATIVE
2025-08-12 11:00:00,FRN.Flow-In.Ave.15Minutes.3Hours.MIXED-COMPUTED-REV,-77.05,-76.48,-0.57,NEGATIVE
2025-08-12 12:00:00,FRN.Flow-In.Ave.15Minutes.3Hours.MIXED-COMPUTED-REV,-251.19,-77.05,-174.14,NEGATIVE
2025-08-12 13:00:00,FRN.Flow-In.Ave.15Minutes.3Hours.MIXED-COMPUTED-REV,-264.69,-76.39,-188.30,NEGATIVE
2025-08-12 14:00:00,FRN.Flow-In.Ave.15Minutes.3Hours.MIXED-COMPUTED-REV,-130.75,-23.76,-107.00,NEGATIVE
2025-08-12 16:00:00,FRN.Flow-In.Ave.15Minutes.3Hours.MIXED-COMPUTED-REV,-184.12,-23.76,-160.37,NEGATIVE
2025-08-12 17:00:00,FRN.Flow-In.Ave.15Minutes.3Hours.MIXED-COMPUTED-REV,-264.44,-22.77,-241.66,NEGATIVE
2025-08-12 18:00:00,FRN.Flow-In.Ave.15Minutes.3Hours.MIXED-COMPUTED-REV,-224.40,3.23,-227.63,NEGATIVE
2025-08-12 19:00:00,FRN.Flow-In.Ave.15Minutes.3Hours.MIXED-COMPUTED-REV,-23.76,3.23,-26.99,NEGATIVE
2025-08-12 22:00:00,FRN.Flow-In.Ave.15Minutes.3Hours.MIXED-COMPUTED-REV,-183.72,-22.77,-160.95,NEGATIVE
2025-08-12 23:00:00,FRN.Flow-In.Ave.15Minutes.3Hours.MIXED-COMPUTED-REV,-263.76,-23.76,-240.01,NEGATIVE
2025-08-13 00:00:00,FRN.Flow-In.Ave.15Minutes.3Hours.MIXED-COMPUTED-REV,-223.54,-23.76,-199.79,NEGATIVE
2025-08-13 01:00:00,FRN.Flow-In.Ave.15Minutes.3Hours.MIXED-COMPUTED-REV,-22.77,-23.76,0.98,NEGATIVE
2025-08-13 10:00:00,FRN.Flow-In.Ave.15Minutes.3Hours.MIXED-COMPUTED-REV,-76.17,-116.83,40.66,NEGATIVE
2025-08-13 11:00:00,FRN.Flow-In.Ave.15Minutes.3Hours.MIXED-COMPUTED-REV,-249.84,-76.17,-173.68,NEGATIVE
2025-08-13 12:00:00,FRN.Flow-In.Ave.15Minutes.3Hours.MIXED-COMPUTED-REV,-263.18,-36.31,-226.87,NEGATIVE
2025-08-13 13:00:00,FRN.Flow-In.Ave.15Minutes.3Hours.MIXED-COMPUTED-REV,-129.67,-36.31,-93.36,NEGATIVE
2025-08-13 14:00:00,FRN.Flow-In.Ave.15Minutes.3Hours.MIXED-COMPUTED-REV,-36.31,-76.17,39.85,NEGATIVE
2025-08-13 15:00:00,FRN.Flow-In.Ave.15Minutes.3Hours.MIXED-COMPUTED-REV,-223.44,-116.83,-106.61,NEGATIVE
2025-08-13 16:00:00,FRN.Flow-In.Ave.15Minutes.3Hours.MIXED-COMPUTED-REV,-263.63,-116.83,-146.81,NEGATIVE
2025-08-13 17:00:00,FRN.Flow-In.Ave.15Minutes.3Hours.MIXED-COMPUTED-REV,-183.65,-116.83,-66.82,NEGATIVE
2025-08-13 18:00:00,FRN.Flow-In.Ave.15Minutes.3Hours.MIXED-COMPUTED-REV,-116.83,-116.83,0.00,NEGATIVE
2025-08-13 19:00:00,FRN.Flow-In.Ave.15Minutes.3Hours.MIXED-COMPUTED-REV,-250.05,-129.67,-120.38,NEGATIVE
2025-08-13 20:00:00,FRN.Flow-In.Ave.15Minutes.3Hours.MIXED-COMPUTED-REV,-263.24,-129.77,-133.47,NEGATIVE
2025-08-13 21:00:00,FRN.Flow-In.Ave.15Minutes.3Hours.MIXED-COMPUTED-REV,-129.77,-130.13,0.36,NEGATIVE
2025-08-14 00:00:00,FRN.Flow-In.Ave.15Minutes.3Hours.MIXED-COMPUTED-REV,-22.75,-129.77,107.02,NEGATIVE
2025-08-14 01:00:00,FRN.Flow-In.Ave.15Minutes.3Hours.MIXED-COMPUTED-REV,-222.33,-129.67,-92.66,NEGATIVE
2025-08-14 02:00:00,FRN.Flow-In.Ave.15Minutes.3Hours.MIXED-COMPUTED-REV,-262.16,-116.83,-145.34,NEGATIVE
2025-08-14 03:00:00,FRN.Flow-In.Ave.15Minutes.3Hours.MIXED-COMPUTED-REV,-182.17,-116.83,-65.34,NEGATIVE
2025-08-14 07:00:00,FRN.Flow-In.Ave.15Minutes.3Hours.MIXED-COMPUTED-REV,-130.13,-22.75,-107.38,NEGATIVE
2025-08-14 08:00:00,FRN.Flow-In.Ave.15Minutes.3Hours.MIXED-COMPUTED-REV,-264.06,-22.75,-241.31,NEGATIVE
2025-08-14 09:00:00,FRN.Flow-In.Ave.15Minutes.3Hours.MIXED-COMPUTED-REV,-250.83,-22.75,-228.08,NEGATIVE
2025-08-14 10:00:00,FRN.Flow-In.Ave.15Minutes.3Hours.MIXED-COMPUTED-REV,-76.82,17.52,-94.34,NEGATIVE
2025-08-14 18:00:00,FRN.Flow-In.Ave.15Minutes.3Hours.MIXED-COMPUTED-REV,-77.19,16.45,-93.64,NEGATIVE
2025-08-14 19:00:00,FRN.Flow-In.Ave.15Minutes.3Hours.MIXED-COMPUTED-REV,-251.03,16.45,-267.48,NEGATIVE
2025-08-14 20:00:00,FRN.Flow-In.Ave.15Minutes.3Hours.MIXED-COMPUTED-REV,-264.40,43.16,-307.56,NEGATIVE
2025-08-14 21:00:00,FRN.Flow-In.Ave.15Minutes.3Hours.MIXED-COMPUTED-REV,-130.68,43.16,-173.84,NEGATIVE
2025-08-15 02:00:00,FRN.Flow-In.Ave.15Minutes.3Hours.MIXED-COMPUTED-REV,-183.93,-10.20,-173.73,NEGATIVE
2025-08-15 03:00:00,FRN.Flow-In.Ave.15Minutes.3Hours.MIXED-COMPUTED-REV,-264.09,-10.20,-253.89,NEGATIVE
2025-08-15 04:00:00,FRN.Flow-In.Ave.15Minutes.3Hours.MIXED-COMPUTED-REV,-223.93,-10.20,-213.72,NEGATIVE
2025-08-15 05:00:00,FRN.Flow-In.Ave.15Minutes.3Hours.MIXED-COMPUTED-REV,-23.32,-10.20,-13.12,NEGATIVE
2025-08-15 10:00:00,FRN.Flow-In.Ave.15Minutes.3Hours.MIXED-COMPUTED-REV,-90.28,-10.20,-80.08,NEGATIVE
2025-08-15 11:00:00,FRN.Flow-In.Ave.15Minutes.3Hours.MIXED-COMPUTED-REV,-197.05,-23.32,-173.73,NEGATIVE
2025-08-15 12:00:00,FRN.Flow-In.Ave.15Minutes.3Hours.MIXED-COMPUTED-REV,-223.74,-23.32,-200.42,NEGATIVE
2025-08-15 13:00:00,FRN.Flow-In.Ave.15Minutes.3Hours.MIXED-COMPUTED-REV,-116.97,-23.32,-93.65,NEGATIVE
2025-08-15 14:00:00,FRN.Flow-In.Ave.15Minutes.3Hours.MIXED-COMPUTED-REV,-10.20,-23.32,13.12,NEGATIVE
2025-08-15 19:00:00,FRN.Flow-In.Ave.15Minutes.3Hours.MIXED-COMPUTED-REV,-183.47,-10.20,-173.27,NEGATIVE
2025-08-15 20:00:00,FRN.Flow-In.Ave.15Minutes.3Hours.MIXED-COMPUTED-REV,-263.47,-10.20,-253.27,NEGATIVE
2025-08-15 21:00:00,FRN.Flow-In.Ave.15Minutes.3Hours.MIXED-COMPUTED-REV,-223.47,-10.20,-213.27,NEGATIVE
2025-08-15 22:00:00,FRN.Flow-In.Ave.15Minutes.3Hours.MIXED-COMPUTED-REV,-23.47,-10.20,-13.27,NEGATIVE
2025-08-15 23:00:00,FRN.Flow-In.Ave.15Minutes.3Hours.MIXED-COMPUTED-REV,-36.71,-10.20,-26.51,NEGATIVE
2025-08-16 00:00:00,FRN.Flow-In.Ave.15Minutes.3Hours.MIXED-COMPUTED-REV,-10.00,-10.20,0.20,NEGATIVE
2025-08-16 04:00:00,FRN.Flow-In.Ave.15Minutes.3Hours.MIXED-COMPUTED-REV,-222.94,-10.00,-212.94,NEGATIVE
2025-08-16 05:00:00,FRN.Flow-In.Ave.15Minutes.3Hours.MIXED-COMPUTED-REV,-262.98,-10.00,-252.98,NEGATIVE
2025-08-16 06:00:00,FRN.Flow-In.Ave.15Minutes.3Hours.MIXED-COMPUTED-REV,-183.16,-10.00,-173.16,NEGATIVE
2025-08-16 11:00:00,FRN.Flow-In.Ave.15Minutes.3Hours.MIXED-COMPUTED-REV,-23.31,43.49,-66.80,NEGATIVE
2025-08-16 12:00:00,FRN.Flow-In.Ave.15Minutes.3Hours.MIXED-COMPUTED-REV,-222.92,43.49,-266.41,NEGATIVE
2025-08-16 13:00:00,FRN.Flow-In.Ave.15Minutes.3Hours.MIXED-COMPUTED-REV,-262.85,43.49,-306.34,NEGATIVE
2025-08-16 14:00:00,FRN.Flow-In.Ave.15Minutes.3Hours.MIXED-COMPUTED-REV,-183.00,16.61,-199.61,NEGATIVE
2025-08-16 23:00:00,FRN.Flow-In.Ave.15Minutes.3Hours.MIXED-COMPUTED-REV,-76.41,-23.31,-53.10,NEGATIVE
2025-08-17 00:00:00,FRN.Flow-In.Ave.15Minutes.3Hours.MIXED-COMPUTED-REV,-249.24,-23.16,-226.08,NEGATIVE
2025-08-17 01:00:00,FRN.Flow-In.Ave.15Minutes.3Hours.MIXED-COMPUTED-REV,-262.54,-23.16,-239.38,NEGATIVE
2025-08-17 02:00:00,FRN.Flow-In.Ave.15Minutes.3Hours.MIXED-COMPUTED-REV,-129.59,3.46,-133.05,NEGATIVE
2025-08-17 06:00:00,FRN.Flow-In.Ave.15Minutes.3Hours.MIXED-COMPUTED-REV,-36.44,-49.62,13.18,NEGATIVE
2025-08-17 07:00:00,FRN.Flow-In.Ave.15Minutes.3Hours.MIXED-COMPUTED-REV,-23.16,-49.62,26.46,NEGATIVE
2025-08-17 08:00:00,FRN.Flow-In.Ave.15Minutes.3Hours.MIXED-COMPUTED-REV,-129.41,-49.62,-79.79,NEGATIVE
2025-08-17 09:00:00,FRN.Flow-In.Ave.15Minutes.3Hours.MIXED-COMPUTED-REV,-169.26,-49.62,-119.64,NEGATIVE
2025-08-17 10:00:00,FRN.Flow-In.Ave.15Minutes.3Hours.MIXED-COMPUTED-REV,-182.54,-49.62,-132.92,NEGATIVE
2025-08-17 11:00:00,FRN.Flow-In.Ave.15Minutes.3Hours.MIXED-COMPUTED-REV,-76.29,-49.62,-26.67,NEGATIVE
2025-08-17 13:00:00,FRN.Flow-In.Ave.15Minutes.3Hours.MIXED-COMPUTED-REV,-49.62,-23.16,-26.46,NEGATIVE
2025-08-17 15:00:00,FRN.Flow-In.Ave.15Minutes.3Hours.MIXED-COMPUTED-REV,-115.96,-23.16,-92.80,NEGATIVE
2025-08-17 16:00:00,FRN.Flow-In.Ave.15Minutes.3Hours.MIXED-COMPUTED-REV,-155.77,-36.44,-119.33,NEGATIVE
2025-08-17 17:00:00,FRN.Flow-In.Ave.15Minutes.3Hours.MIXED-COMPUTED-REV,-208.84,-36.44,-172.40,NEGATIVE
2025-08-17 18:00:00,FRN.Flow-In.Ave.15Minutes.3Hours.MIXED-COMPUTED-REV,-76.16,-36.44,-39.72,NEGATIVE
2025-08-18 02:00:00,FRN.Flow-In.Ave.15Minutes.3Hours.MIXED-COMPUTED-REV,-183.50,16.53,-200.02,NEGATIVE
2025-08-18 03:00:00,FRN.Flow-In.Ave.15Minutes.3Hours.MIXED-COMPUTED-REV,-263.50,16.53,-280.03,NEGATIVE
2025-08-18 04:00:00,FRN.Flow-In.Ave.15Minutes.3Hours.MIXED-COMPUTED-REV,-223.50,43.21,-266.71,NEGATIVE
2025-08-18 05:00:00,FRN.Flow-In.Ave.15Minutes.3Hours.MIXED-COMPUTED-REV,-23.48,43.22,-66.70,NEGATIVE
2025-08-18 12:00:00,FRN.Flow-In.Ave.15Minutes.3Hours.MIXED-COMPUTED-REV,-129.97,-23.48,-106.50,NEGATIVE
2025-08-18 13:00:00,FRN.Flow-In.Ave.15Minutes.3Hours.MIXED-COMPUTED-REV,-263.19,-76.56,-186.63,NEGATIVE
2025-08-18 14:00:00,FRN.Flow-In.Ave.15Minutes.3Hours.MIXED-COMPUTED-REV,-249.87,-76.69,-173.18,NEGATIVE
2025-08-18 15:00:00,FRN.Flow-In.Ave.15Minutes.3Hours.MIXED-COMPUTED-REV,-76.69,-76.56,-0.13,NEGATIVE
2025-08-18 18:00:00,FRN.Flow-In.Ave.15Minutes.3Hours.MIXED-COMPUTED-REV,-129.79,29.94,-159.73,NEGATIVE
2025-08-18 19:00:00,FRN.Flow-In.Ave.15Minutes.3Hours.MIXED-COMPUTED-REV,-262.88,29.94,-292.82,NEGATIVE
2025-08-18 20:00:00,FRN.Flow-In.Ave.15Minutes.3Hours.MIXED-COMPUTED-REV,-249.57,-76.43,-173.14,NEGATIVE
2025-08-18 21:00:00,FRN.Flow-In.Ave.15Minutes.3Hours.MIXED-COMPUTED-REV,-76.56,-76.56,0.00,NEGATIVE
2025-08-19 00:00:00,FRN.Flow-In.Ave.15Minutes.3Hours.MIXED-COMPUTED-REV,-129.61,-76.69,-52.92,NEGATIVE
2025-08-19 01:00:00,FRN.Flow-In.Ave.15Minutes.3Hours.MIXED-COMPUTED-REV,-249.27,-76.56,-172.72,NEGATIVE
2025-08-19 02:00:00,FRN.Flow-In.Ave.15Minutes.3Hours.MIXED-COMPUTED-REV,-235.98,-76.43,-159.55,NEGATIVE
2025-08-19 03:00:00,FRN.Flow-In.Ave.15Minutes.3Hours.MIXED-COMPUTED-REV,-76.43,-76.16,-0.26,NEGATIVE
2025-08-19 08:00:00,FRN.Flow-In.Ave.15Minutes.3Hours.MIXED-COMPUTED-REV,-129.28,-76.16,-53.12,NEGATIVE
2025-08-19 09:00:00,FRN.Flow-In.Ave.15Minutes.3Hours.MIXED-COMPUTED-REV,-262.13,-22.68,-239.45,NEGATIVE
2025-08-19 10:00:00,FRN.Flow-In.Ave.15Minutes.3Hours.MIXED-COMPUTED-REV,-248.85,17.27,-266.12,NEGATIVE
2025-08-19 11:00:00,FRN.Flow-In.Ave.15Minutes.3Hours.MIXED-COMPUTED-REV,-76.16,17.27,-93.44,NEGATIVE
2025-08-19 16:00:00,FRN.Flow-In.Ave.15Minutes.3Hours.MIXED-COMPUTED-REV,-22.68,-22.28,-0.39,NEGATIVE
2025-08-19 17:00:00,FRN.Flow-In.Ave.15Minutes.3Hours.MIXED-COMPUTED-REV,-221.63,-22.28,-199.35,NEGATIVE
2025-08-19 18:00:00,FRN.Flow-In.Ave.15Minutes.3Hours.MIXED-COMPUTED-REV,-261.36,-22.28,-239.07,NEGATIVE
2025-08-19 19:00:00,FRN.Flow-In.Ave.15Minutes.3Hours.MIXED-COMPUTED-REV,-181.75,-22.68,-159.07,NEGATIVE
2025-08-20 00:00:00,FRN.Flow-In.Ave.15Minutes.3Hours.MIXED-COMPUTED-REV,-22.28,17.27,-39.56,NEGATIVE
2025-08-20 01:00:00,FRN.Flow-In.Ave.15Minutes.3Hours.MIXED-COMPUTED-REV,-221.22,17.27,-238.49,NEGATIVE
2025-08-20 02:00:00,FRN.Flow-In.Ave.15Minutes.3Hours.MIXED-COMPUTED-REV,-300.36,17.27,-317.63,NEGATIVE
2025-08-20 03:00:00,FRN.Flow-In.Ave.15Minutes.3Hours.MIXED-COMPUTED-REV,-405.95,17.27,-423.22,NEGATIVE
2025-08-20 04:00:00,FRN.Flow-In.Ave.15Minutes.3Hours.MIXED-COMPUTED-REV,-114.28,17.27,-131.56,NEGATIVE
2025-08-20 07:00:00,FRN.Flow-In.Ave.15Minutes.3Hours.MIXED-COMPUTED-REV,-114.17,17.27,-131.44,NEGATIVE
2025-08-20 08:00:00,FRN.Flow-In.Ave.15Minutes.3Hours.MIXED-COMPUTED-REV,-259.96,17.27,-277.23,NEGATIVE
2025-08-20 09:00:00,FRN.Flow-In.Ave.15Minutes.3Hours.MIXED-COMPUTED-REV,-127.60,18.05,-145.64,NEGATIVE
2025-08-20 17:00:00,FRN.Flow-In.Ave.15Minutes.3Hours.MIXED-COMPUTED-REV,-22.17,-22.17,0.00,NEGATIVE
2025-08-20 18:00:00,FRN.Flow-In.Ave.15Minutes.3Hours.MIXED-COMPUTED-REV,-220.62,-22.17,-198.46,NEGATIVE
2025-08-20 19:00:00,FRN.Flow-In.Ave.15Minutes.3Hours.MIXED-COMPUTED-REV,-260.13,-22.17,-237.96,NEGATIVE
2025-08-20 20:00:00,FRN.Flow-In.Ave.15Minutes.3Hours.MIXED-COMPUTED-REV,-180.50,-21.69,-158.82,NEGATIVE
2025-08-20 23:00:00,FRN.Flow-In.Ave.15Minutes.3Hours.MIXED-COMPUTED-REV,-127.19,18.05,-145.23,NEGATIVE
2025-08-21 00:00:00,FRN.Flow-In.Ave.15Minutes.3Hours.MIXED-COMPUTED-REV,-259.26,18.05,-277.31,NEGATIVE
2025-08-21 01:00:00,FRN.Flow-In.Ave.15Minutes.3Hours.MIXED-COMPUTED-REV,-325.59,18.05,-343.64,NEGATIVE
2025-08-21 02:00:00,FRN.Flow-In.Ave.15Minutes.3Hours.MIXED-COMPUTED-REV,-352.96,18.05,-371.00,NEGATIVE
2025-08-21 03:00:00,FRN.Flow-In.Ave.15Minutes.3Hours.MIXED-COMPUTED-REV,-260.63,17.83,-278.46,NEGATIVE
2025-08-21 04:00:00,FRN.Flow-In.Ave.15Minutes.3Hours.MIXED-COMPUTED-REV,-180.92,-21.69,-159.23,NEGATIVE
2025-08-21 08:00:00,FRN.Flow-In.Ave.15Minutes.3Hours.MIXED-COMPUTED-REV,-21.69,-127.19,105.50,NEGATIVE
2025-08-21 09:00:00,FRN.Flow-In.Ave.15Minutes.3Hours.MIXED-COMPUTED-REV,-141.31,-127.19,-14.13,NEGATIVE
2025-08-21 16:00:00,FRN.Flow-In.Ave.15Minutes.3Hours.MIXED-COMPUTED-REV,-181.34,-114.06,-67.28,NEGATIVE
2025-08-21 17:00:00,FRN.Flow-In.Ave.15Minutes.3Hours.MIXED-COMPUTED-REV,-261.10,-61.69,-199.41,NEGATIVE
2025-08-21 18:00:00,FRN.Flow-In.Ave.15Minutes.3Hours.MIXED-COMPUTED-REV,-300.81,-61.69,-239.12,NEGATIVE
2025-08-21 19:00:00,FRN.Flow-In.Ave.15Minutes.3Hours.MIXED-COMPUTED-REV,-300.61,-61.69,-238.92,NEGATIVE
2025-08-21 20:00:00,FRN.Flow-In.Ave.15Minutes.3Hours.MIXED-COMPUTED-REV,-260.66,-61.69,-198.97,NEGATIVE
2025-08-21 21:00:00,FRN.Flow-In.Ave.15Minutes.3Hours.MIXED-COMPUTED-REV,-181.09,-61.69,-119.40,NEGATIVE
2025-08-21 22:00:00,FRN.Flow-In.Ave.15Minutes.3Hours.MIXED-COMPUTED-REV,-61.69,17.83,-79.52,NEGATIVE
2025-08-21 23:00:00,FRN.Flow-In.Ave.15Minutes.3Hours.MIXED-COMPUTED-REV,-220.58,17.83,-238.41,NEGATIVE
2025-08-22 00:00:00,FRN.Flow-In.Ave.15Minutes.3Hours.MIXED-COMPUTED-REV,-273.51,17.83,-291.34,NEGATIVE
2025-08-22 01:00:00,FRN.Flow-In.Ave.15Minutes.3Hours.MIXED-COMPUTED-REV,-365.91,-21.69,-344.22,NEGATIVE
2025-08-22 02:00:00,FRN.Flow-In.Ave.15Minutes.3Hours.MIXED-COMPUTED-REV,-299.40,-61.69,-237.71,NEGATIVE
2025-08-22 03:00:00,FRN.Flow-In.Ave.15Minutes.3Hours.MIXED-COMPUTED-REV,-114.06,-114.06,0.00,NEGATIVE
2025-08-22 13:00:00,FRN.Flow-In.Ave.15Minutes.3Hours.MIXED-COMPUTED-REV,-21.69,18.49,-40.18,NEGATIVE
2025-08-22 14:00:00,FRN.Flow-In.Ave.15Minutes.3Hours.MIXED-COMPUTED-REV,-220.25,57.07,-277.32,"SPIKE,NEGATIVE"
2025-08-22 15:00:00,FRN.Flow-In.Ave.15Minutes.3Hours.MIXED-COMPUTED-REV,-260.20,57.25,-317.45,"SPIKE,NEGATIVE"
2025-08-22 16:00:00,FRN.Flow-In.Ave.15Minutes.3Hours.MIXED-COMPUTED-REV,-181.10,57.38,-238.48,NEGATIVE
2025-08-22 21:00:00,FRN.Flow-In.Ave.15Minutes.3Hours.MIXED-COMPUTED-REV,-21.70,18.49,-40.19,NEGATIVE
2025-08-22 22:00:00,FRN.Flow-In.Ave.15Minutes.3Hours.MIXED-COMPUTED-REV,-219.80,17.36,-237.17,NEGATIVE
2025-08-22 23:00:00,FRN.Flow-In.Ave.15Minutes.3Hours.MIXED-COMPUTED-REV,-259.32,17.36,-276.69,"SPIKE,NEGATIVE"
2025-08-23 00:00:00,FRN.Flow-In.Ave.15Minutes.3Hours.MIXED-COMPUTED-REV,-179.88,17.36,-197.24,NEGATIVE
2025-08-23 07:00:00,FRN.Flow-In.Ave.15Minutes.3Hours.MIXED-COMPUTED-REV,-126.69,18.49,-145.18,NEGATIVE
2025-08-23 08:00:00,FRN.Flow-In.Ave.15Minutes.3Hours.MIXED-COMPUTED-REV,-258.75,18.49,-277.24,"SPIKE,NEGATIVE"
2025-08-23 09:00:00,FRN.Flow-In.Ave.15Minutes.3Hours.MIXED-COMPUTED-REV,-245.55,18.49,-264.04,"SPIKE,NEGATIVE"
2025-08-23 10:00:00,FRN.Flow-In.Ave.15Minutes.3Hours.MIXED-COMPUTED-REV,-73.86,44.78,-118.65,NEGATIVE
2025-08-23 16:00:00,FRN.Flow-In.Ave.15Minutes.3Hours.MIXED-COMPUTED-REV,-126.75,18.55,-145.30,NEGATIVE
2025-08-23 17:00:00,FRN.Flow-In.Ave.15Minutes.3Hours.MIXED-COMPUTED-REV,-258.60,18.55,-277.14,NEGATIVE
2025-08-23 18:00:00,FRN.Flow-In.Ave.15Minutes.3Hours.MIXED-COMPUTED-REV,-245.32,18.55,-263.87,NEGATIVE
2025-08-23 19:00:00,FRN.Flow-In.Ave.15Minutes.3Hours.MIXED-COMPUTED-REV,-73.83,18.55,-92.38,NEGATIVE
2025-08-23 23:00:00,FRN.Flow-In.Ave.15Minutes.3Hours.MIXED-COMPUTED-REV,-20.88,44.78,-65.66,NEGATIVE
2025-08-24 00:00:00,FRN.Flow-In.Ave.15Minutes.3Hours.MIXED-COMPUTED-REV,-218.59,18.55,-237.14,NEGATIVE
2025-08-24 01:00:00,FRN.Flow-In.Ave.15Minutes.3Hours.MIXED-COMPUTED-REV,-258.13,18.55,-276.68,NEGATIVE
2025-08-24 02:00:00,FRN.Flow-In.Ave.15Minutes.3Hours.MIXED-COMPUTED-REV,-179.08,18.55,-197.63,NEGATIVE
2025-08-24 09:00:00,FRN.Flow-In.Ave.15Minutes.3Hours.MIXED-COMPUTED-REV,-126.34,-21.72,-104.62,NEGATIVE
2025-08-24 10:00:00,FRN.Flow-In.Ave.15Minutes.3Hours.MIXED-COMPUTED-REV,-258.15,-73.85,-184.30,NEGATIVE
2025-08-24 11:00:00,FRN.Flow-In.Ave.15Minutes.3Hours.MIXED-COMPUTED-REV,-245.06,-75.04,-170.02,NEGATIVE
2025-08-24 12:00:00,FRN.Flow-In.Ave.15Minutes.3Hours.MIXED-COMPUTED-REV,-73.85,-75.04,1.19,NEGATIVE
2025-08-24 15:00:00,FRN.Flow-In.Ave.15Minutes.3Hours.MIXED-COMPUTED-REV,-21.72,-75.04,53.32,NEGATIVE
2025-08-24 16:00:00,FRN.Flow-In.Ave.15Minutes.3Hours.MIXED-COMPUTED-REV,-220.47,-75.04,-145.43,NEGATIVE
2025-08-24 17:00:00,FRN.Flow-In.Ave.15Minutes.3Hours.MIXED-COMPUTED-REV,-260.28,-75.04,-185.24,NEGATIVE
2025-08-24 18:00:00,FRN.Flow-In.Ave.15Minutes.3Hours.MIXED-COMPUTED-REV,-180.92,-75.04,-105.88,NEGATIVE
2025-08-24 20:00:00,FRN.Flow-In.Ave.15Minutes.3Hours.MIXED-COMPUTED-REV,-127.85,-88.40,-39.45,NEGATIVE
2025-08-24 21:00:00,FRN.Flow-In.Ave.15Minutes.3Hours.MIXED-COMPUTED-REV,-260.04,-126.34,-133.70,NEGATIVE
2025-08-24 22:00:00,FRN.Flow-In.Ave.15Minutes.3Hours.MIXED-COMPUTED-REV,-246.80,-88.40,-158.40,NEGATIVE
2025-08-24 23:00:00,FRN.Flow-In.Ave.15Minutes.3Hours.MIXED-COMPUTED-REV,-75.04,-88.40,13.36,NEGATIVE
2025-08-25 00:00:00,FRN.Flow-In.Ave.15Minutes.3Hours.MIXED-COMPUTED-REV,-22.27,-75.04,52.77,NEGATIVE
2025-08-25 01:00:00,FRN.Flow-In.Ave.15Minutes.3Hours.MIXED-COMPUTED-REV,-220.52,-75.04,-145.49,NEGATIVE
2025-08-25 02:00:00,FRN.Flow-In.Ave.15Minutes.3Hours.MIXED-COMPUTED-REV,-260.13,-75.04,-185.09,NEGATIVE
2025-08-25 03:00:00,FRN.Flow-In.Ave.15Minutes.3Hours.MIXED-COMPUTED-REV,-180.62,-75.04,-105.58,NEGATIVE
2025-08-25 08:00:00,FRN.Flow-In.Ave.15Minutes.3Hours.MIXED-COMPUTED-REV,-88.40,-75.04,-13.36,NEGATIVE
2025-08-25 09:00:00,FRN.Flow-In.Ave.15Minutes.3Hours.MIXED-COMPUTED-REV,-141.50,-22.72,-118.78,NEGATIVE
2025-08-25 10:00:00,FRN.Flow-In.Ave.15Minutes.3Hours.MIXED-COMPUTED-REV,-22.72,-22.72,0.00,NEGATIVE
2025-08-25 11:00:00,FRN.Flow-In.Ave.15Minutes.3Hours.MIXED-COMPUTED-REV,-101.97,-22.72,-79.25,NEGATIVE
2025-08-25 16:00:00,FRN.Flow-In.Ave.15Minutes.3Hours.MIXED-COMPUTED-REV,-22.64,-35.55,12.91,NEGATIVE
2025-08-25 17:00:00,FRN.Flow-In.Ave.15Minutes.3Hours.MIXED-COMPUTED-REV,-220.57,-35.55,-185.02,NEGATIVE
2025-08-25 18:00:00,FRN.Flow-In.Ave.15Minutes.3Hours.MIXED-COMPUTED-REV,-260.15,-35.55,-224.61,NEGATIVE
2025-08-25 19:00:00,FRN.Flow-In.Ave.15Minutes.3Hours.MIXED-COMPUTED-REV,-180.98,-35.55,-145.44,NEGATIVE
2025-08-25 22:00:00,FRN.Flow-In.Ave.15Minutes.3Hours.MIXED-COMPUTED-REV,-88.46,-22.64,-65.82,NEGATIVE
2025-08-25 23:00:00,FRN.Flow-In.Ave.15Minutes.3Hours.MIXED-COMPUTED-REV,-431.02,16.91,-447.93,NEGATIVE
2025-08-26 00:00:00,FRN.Flow-In.Ave.15Minutes.3Hours.MIXED-COMPUTED-REV,-575.84,16.94,-592.79,NEGATIVE
2025-08-26 01:00:00,FRN.Flow-In.Ave.15Minutes.3Hours.MIXED-COMPUTED-REV,-430.78,30.19,-460.97,NEGATIVE
2025-08-26 02:00:00,FRN.Flow-In.Ave.15Minutes.3Hours.MIXED-COMPUTED-REV,-246.06,17.17,-263.23,NEGATIVE
2025-08-26 03:00:00,FRN.Flow-In.Ave.15Minutes.3Hours.MIXED-COMPUTED-REV,-259.06,16.94,-276.01,NEGATIVE
2025-08-26 04:00:00,FRN.Flow-In.Ave.15Minutes.3Hours.MIXED-COMPUTED-REV,-35.55,-22.64,-12.91,NEGATIVE
2025-08-26 15:00:00,FRN.Flow-In.Ave.15Minutes.3Hours.MIXED-COMPUTED-REV,-180.07,-22.29,-157.78,NEGATIVE
2025-08-26 16:00:00,FRN.Flow-In.Ave.15Minutes.3Hours.MIXED-COMPUTED-REV,-258.96,-22.20,-236.75,NEGATIVE
2025-08-26 17:00:00,FRN.Flow-In.Ave.15Minutes.3Hours.MIXED-COMPUTED-REV,-219.54,17.17,-236.72,NEGATIVE
2025-08-26 18:00:00,FRN.Flow-In.Ave.15Minutes.3Hours.MIXED-COMPUTED-REV,-22.29,17.17,-39.47,NEGATIVE
2025-08-26 19:00:00,FRN.Flow-In.Ave.15Minutes.3Hours.MIXED-COMPUTED-REV,-22.20,17.17,-39.38,NEGATIVE
2025-08-26 20:00:00,FRN.Flow-In.Ave.15Minutes.3Hours.MIXED-COMPUTED-REV,-219.26,17.17,-236.44,NEGATIVE
2025-08-26 21:00:00,FRN.Flow-In.Ave.15Minutes.3Hours.MIXED-COMPUTED-REV,-258.56,17.17,-275.74,NEGATIVE
2025-08-26 22:00:00,FRN.Flow-In.Ave.15Minutes.3Hours.MIXED-COMPUTED-REV,-179.50,17.17,-196.67,NEGATIVE
2025-08-26 23:00:00,FRN.Flow-In.Ave.15Minutes.3Hours.MIXED-COMPUTED-REV,-60.98,-22.20,-38.78,NEGATIVE
2025-08-27 00:00:00,FRN.Flow-In.Ave.15Minutes.3Hours.MIXED-COMPUTED-REV,-218.56,-22.29,-196.27,NEGATIVE
2025-08-27 01:00:00,FRN.Flow-In.Ave.15Minutes.3Hours.MIXED-COMPUTED-REV,-257.93,-60.98,-196.95,NEGATIVE
2025-08-27 02:00:00,FRN.Flow-In.Ave.15Minutes.3Hours.MIXED-COMPUTED-REV,-178.99,-87.55,-91.44,NEGATIVE
2025-08-27 11:00:00,FRN.Flow-In.Ave.15Minutes.3Hours.MIXED-COMPUTED-REV,-87.55,-87.55,0.00,NEGATIVE
2025-08-27 12:00:00,FRN.Flow-In.Ave.15Minutes.3Hours.MIXED-COMPUTED-REV,-258.27,-178.99,-79.29,NEGATIVE
2025-08-27 13:00:00,FRN.Flow-In.Ave.15Minutes.3Hours.MIXED-COMPUTED-REV,-284.44,-178.99,-105.46,NEGATIVE
2025-08-27 14:00:00,FRN.Flow-In.Ave.15Minutes.3Hours.MIXED-COMPUTED-REV,-310.52,-87.55,-222.97,NEGATIVE
2025-08-27 15:00:00,FRN.Flow-In.Ave.15Minutes.3Hours.MIXED-COMPUTED-REV,-257.95,-22.39,-235.56,NEGATIVE
2025-08-27 16:00:00,FRN.Flow-In.Ave.15Minutes.3Hours.MIXED-COMPUTED-REV,-258.21,-22.39,-235.82,NEGATIVE
2025-08-27 17:00:00,FRN.Flow-In.Ave.15Minutes.3Hours.MIXED-COMPUTED-REV,-259.28,-22.39,-236.89,NEGATIVE
2025-08-27 18:00:00,FRN.Flow-In.Ave.15Minutes.3Hours.MIXED-COMPUTED-REV,-259.78,-22.39,-237.40,NEGATIVE
2025-08-27 19:00:00,FRN.Flow-In.Ave.15Minutes.3Hours.MIXED-COMPUTED-REV,-220.28,-22.39,-197.89,NEGATIVE
2025-08-27 20:00:00,FRN.Flow-In.Ave.15Minutes.3Hours.MIXED-COMPUTED-REV,-22.39,-22.39,0.00,NEGATIVE
2025-08-27 23:00:00,FRN.Flow-In.Ave.15Minutes.3Hours.MIXED-COMPUTED-REV,-180.31,-87.55,-92.76,NEGATIVE
2025-08-28 00:00:00,FRN.Flow-In.Ave.15Minutes.3Hours.MIXED-COMPUTED-REV,-259.42,-180.31,-79.11,NEGATIVE
2025-08-28 01:00:00,FRN.Flow-In.Ave.15Minutes.3Hours.MIXED-COMPUTED-REV,-219.89,-173.49,-46.40,NEGATIVE
2025-08-28 02:00:00,FRN.Flow-In.Ave.15Minutes.3Hours.MIXED-COMPUTED-REV,-22.36,-22.39,0.03,NEGATIVE
2025-08-28 10:00:00,FRN.Flow-In.Ave.15Minutes.3Hours.MIXED-COMPUTED-REV,-15.60,-18.98,3.38,NEGATIVE
2025-08-28 11:00:00,FRN.Flow-In.Ave.15Minutes.3Hours.MIXED-COMPUTED-REV,-212.96,-22.36,-190.60,NEGATIVE
2025-08-28 12:00:00,FRN.Flow-In.Ave.15Minutes.3Hours.MIXED-COMPUTED-REV,-252.44,-15.60,-236.84,NEGATIVE
2025-08-28 13:00:00,FRN.Flow-In.Ave.15Minutes.3Hours.MIXED-COMPUTED-REV,-173.49,23.88,-197.37,NEGATIVE
2025-08-28 16:00:00,FRN.Flow-In.Ave.15Minutes.3Hours.MIXED-COMPUTED-REV,-68.10,58.89,-126.98,NEGATIVE
2025-08-28 17:00:00,FRN.Flow-In.Ave.15Minutes.3Hours.MIXED-COMPUTED-REV,-236.35,58.89,-295.23,NEGATIVE
2025-08-28 18:00:00,FRN.Flow-In.Ave.15Minutes.3Hours.MIXED-COMPUTED-REV,-252.12,23.88,-276.00,NEGATIVE
2025-08-28 21:00:00,FRN.Flow-In.Ave.15Minutes.3Hours.MIXED-COMPUTED-REV,-251.81,-68.10,-183.71,NEGATIVE
2025-08-29 05:00:00,FRN.Flow-In.Ave.15Minutes.3Hours.MIXED-COMPUTED-REV,-15.36,-172.45,157.09,NEGATIVE
2025-08-29 06:00:00,FRN.Flow-In.Ave.15Minutes.3Hours.MIXED-COMPUTED-REV,-212.14,-120.13,-92.01,NEGATIVE
2025-08-29 07:00:00,FRN.Flow-In.Ave.15Minutes.3Hours.MIXED-COMPUTED-REV,-251.50,-107.06,-144.43,NEGATIVE
2025-08-29 08:00:00,FRN.Flow-In.Ave.15Minutes.3Hours.MIXED-COMPUTED-REV,-172.78,-61.22,-111.56,NEGATIVE
2025-08-29 09:00:00,FRN.Flow-In.Ave.15Minutes.3Hours.MIXED-COMPUTED-REV,-107.06,-15.38,-91.68,NEGATIVE
2025-08-29 10:00:00,FRN.Flow-In.Ave.15Minutes.3Hours.MIXED-COMPUTED-REV,-238.08,-15.38,-222.70,NEGATIVE
2025-08-29 11:00:00,FRN.Flow-In.Ave.15Minutes.3Hours.MIXED-COMPUTED-REV,-251.18,-61.22,-189.96,NEGATIVE
2025-08-29 12:00:00,FRN.Flow-In.Ave.15Minutes.3Hours.MIXED-COMPUTED-REV,-120.13,-107.06,-13.07,NEGATIVE
2025-08-29 15:00:00,FRN.Flow-In.Ave.15Minutes.3Hours.MIXED-COMPUTED-REV,-172.45,-107.06,-65.39,NEGATIVE
2025-08-29 16:00:00,FRN.Flow-In.Ave.15Minutes.3Hours.MIXED-COMPUTED-REV,-250.99,-107.06,-143.93,NEGATIVE
2025-08-29 17:00:00,FRN.Flow-In.Ave.15Minutes.3Hours.MIXED-COMPUTED-REV,-211.66,-107.06,-104.60,NEGATIVE
2025-08-29 18:00:00,FRN.Flow-In.Ave.15Minutes.3Hours.MIXED-COMPUTED-REV,-15.38,-107.06,91.68,NEGATIVE
2025-08-29 22:00:00,FRN.Flow-In.Ave.15Minutes.3Hours.MIXED-COMPUTED-REV,-120.14,-93.87,-26.27,NEGATIVE
2025-08-29 23:00:00,FRN.Flow-In.Ave.15Minutes.3Hours.MIXED-COMPUTED-REV,-250.73,-93.87,-156.86,NEGATIVE
2025-08-30 00:00:00,FRN.Flow-In.Ave.15Minutes.3Hours.MIXED-COMPUTED-REV,-237.49,-93.87,-143.63,NEGATIVE
2025-08-30 01:00:00,FRN.Flow-In.Ave.15Minutes.3Hours.MIXED-COMPUTED-REV,-67.44,-93.87,26.42,NEGATIVE
2025-08-30 07:00:00,FRN.Flow-In.Ave.15Minutes.3Hours.MIXED-COMPUTED-REV,-171.85,-107.74,-64.10,NEGATIVE
2025-08-30 08:00:00,FRN.Flow-In.Ave.15Minutes.3Hours.MIXED-COMPUTED-REV,-250.24,-107.74,-142.50,NEGATIVE
2025-08-30 09:00:00,FRN.Flow-In.Ave.15Minutes.3Hours.MIXED-COMPUTED-REV,-211.04,-107.74,-103.30,NEGATIVE
2025-08-30 10:00:00,FRN.Flow-In.Ave.15Minutes.3Hours.MIXED-COMPUTED-REV,-93.87,-120.14,26.27,NEGATIVE
2025-08-30 11:00:00,FRN.Flow-In.Ave.15Minutes.3Hours.MIXED-COMPUTED-REV,-212.56,-120.59,-91.98,NEGATIVE
2025-08-30 12:00:00,FRN.Flow-In.Ave.15Minutes.3Hours.MIXED-COMPUTED-REV,-252.08,-120.59,-131.49,NEGATIVE
2025-08-30 13:00:00,FRN.Flow-In.Ave.15Minutes.3Hours.MIXED-COMPUTED-REV,-173.45,-120.59,-52.86,NEGATIVE
2025-08-30 14:00:00,FRN.Flow-In.Ave.15Minutes.3Hours.MIXED-COMPUTED-REV,-107.74,-171.85,64.10,NEGATIVE
2025-08-30 15:00:00,FRN.Flow-In.Ave.15Minutes.3Hours.MIXED-COMPUTED-REV,-238.89,-173.45,-65.43,NEGATIVE
2025-08-30 16:00:00,FRN.Flow-In.Ave.15Minutes.3Hours.MIXED-COMPUTED-REV,-251.87,-173.45,-78.41,NEGATIVE
2025-08-30 17:00:00,FRN.Flow-In.Ave.15Minutes.3Hours.MIXED-COMPUTED-REV,-120.59,-173.45,52.86,NEGATIVE
2025-08-30 22:00:00,FRN.Flow-In.Ave.15Minutes.3Hours.MIXED-COMPUTED-REV,-173.60,-107.74,-65.86,NEGATIVE
2025-08-30 23:00:00,FRN.Flow-In.Ave.15Minutes.3Hours.MIXED-COMPUTED-REV,-252.09,-120.59,-131.50,NEGATIVE
2025-08-31 00:00:00,FRN.Flow-In.Ave.15Minutes.3Hours.MIXED-COMPUTED-REV,-251.76,-107.74,-144.02,NEGATIVE
2025-08-31 01:00:00,FRN.Flow-In.Ave.15Minutes.3Hours.MIXED-COMPUTED-REV,-251.26,-67.99,-183.27,NEGATIVE
2025-08-31 02:00:00,FRN.Flow-In.Ave.15Minutes.3Hours.MIXED-COMPUTED-REV,-250.99,-15.81,-235.18,NEGATIVE
2025-08-31 03:00:00,FRN.Flow-In.Ave.15Minutes.3Hours.MIXED-COMPUTED-REV,-211.73,-15.35,-196.38,NEGATIVE
2025-08-31 04:00:00,FRN.Flow-In.Ave.15Minutes.3Hours.MIXED-COMPUTED-REV,-15.35,23.02,-38.37,NEGATIVE
2025-08-31 10:00:00,FRN.Flow-In.Ave.15Minutes.3Hours.MIXED-COMPUTED-REV,-67.99,-15.74,-52.26,NEGATIVE
2025-08-31 11:00:00,FRN.Flow-In.Ave.15Minutes.3Hours.MIXED-COMPUTED-REV,-199.04,-15.35,-183.69,NEGATIVE
2025-08-31 12:00:00,FRN.Flow-In.Ave.15Minutes.3Hours.MIXED-COMPUTED-REV,-15.81,23.06,-38.87,NEGATIVE
2025-08-31 17:00:00,FRN.Flow-In.Ave.15Minutes.3Hours.MIXED-COMPUTED-REV,-173.04,62.36,-235.41,NEGATIVE
2025-08-31 18:00:00,FRN.Flow-In.Ave.15Minutes.3Hours.MIXED-COMPUTED-REV,-251.42,62.36,-313.79,NEGATIVE
2025-08-31 19:00:00,FRN.Flow-In.Ave.15Minutes.3Hours.MIXED-COMPUTED-REV,-212.06,23.06,-235.12,NEGATIVE
2025-08-31 20:00:00,FRN.Flow-In.Ave.15Minutes.3Hours.MIXED-COMPUTED-REV,-15.74,-15.08,-0.66,NEGATIVE
2025-09-01 01:00:00,FRN.Flow-In.Ave.15Minutes.3Hours.MIXED-COMPUTED-REV,-15.08,23.06,-38.13,NEGATIVE
2025-09-01 02:00:00,FRN.Flow-In.Ave.15Minutes.3Hours.MIXED-COMPUTED-REV,-289.41,23.06,-312.47,NEGATIVE
2025-09-01 03:00:00,FRN.Flow-In.Ave.15Minutes.3Hours.MIXED-COMPUTED-REV,-446.11,-15.08,-431.03,NEGATIVE
2025-09-01 04:00:00,FRN.Flow-In.Ave.15Minutes.3Hours.MIXED-COMPUTED-REV,-211.04,-15.10,-195.94,NEGATIVE
2025-09-01 07:00:00,FRN.Flow-In.Ave.15Minutes.3Hours.MIXED-COMPUTED-REV,-132.48,-15.10,-117.38,NEGATIVE
2025-09-01 08:00:00,FRN.Flow-In.Ave.15Minutes.3Hours.MIXED-COMPUTED-REV,-249.97,-15.08,-234.90,NEGATIVE
2025-09-01 09:00:00,FRN.Flow-In.Ave.15Minutes.3Hours.MIXED-COMPUTED-REV,-210.84,49.44,-260.28,NEGATIVE
2025-09-01 10:00:00,FRN.Flow-In.Ave.15Minutes.3Hours.MIXED-COMPUTED-REV,-15.10,49.44,-64.54,NEGATIVE
2025-09-01 15:00:00,FRN.Flow-In.Ave.15Minutes.3Hours.MIXED-COMPUTED-REV,-67.59,-67.59,0.00,NEGATIVE
2025-09-01 16:00:00,FRN.Flow-In.Ave.15Minutes.3Hours.MIXED-COMPUTED-REV,-237.17,-67.59,-169.57,NEGATIVE
2025-09-01 17:00:00,FRN.Flow-In.Ave.15Minutes.3Hours.MIXED-COMPUTED-REV,-250.35,-67.59,-182.76,NEGATIVE
2025-09-01 18:00:00,FRN.Flow-In.Ave.15Minutes.3Hours.MIXED-COMPUTED-REV,-120.10,-67.59,-52.50,NEGATIVE
2025-09-02 00:00:00,FRN.Flow-In.Ave.15Minutes.3Hours.MIXED-COMPUTED-REV,-67.66,62.51,-130.18,NEGATIVE
2025-09-02 01:00:00,FRN.Flow-In.Ave.15Minutes.3Hours.MIXED-COMPUTED-REV,-236.93,62.51,-299.44,NEGATIVE
2025-09-02 02:00:00,FRN.Flow-In.Ave.15Minutes.3Hours.MIXED-COMPUTED-REV,-327.76,49.44,-377.20,"SPIKE,NEGATIVE"
2025-09-02 03:00:00,FRN.Flow-In.Ave.15Minutes.3Hours.MIXED-COMPUTED-REV,-392.66,49.32,-441.98,"SPIKE,NEGATIVE"
2025-09-02 04:00:00,FRN.Flow-In.Ave.15Minutes.3Hours.MIXED-COMPUTED-REV,-262.42,49.32,-311.74,"SPIKE,NEGATIVE"
2025-09-02 05:00:00,FRN.Flow-In.Ave.15Minutes.3Hours.MIXED-COMPUTED-REV,-171.22,49.32,-220.54,NEGATIVE
2025-09-02 15:00:00,FRN.Flow-In.Ave.15Minutes.3Hours.MIXED-COMPUTED-REV,-120.84,62.11,-182.95,NEGATIVE
2025-09-02 16:00:00,FRN.Flow-In.Ave.15Minutes.3Hours.MIXED-COMPUTED-REV,-251.80,62.11,-313.91,"SPIKE,NEGATIVE"
2025-09-02 17:00:00,FRN.Flow-In.Ave.15Minutes.3Hours.MIXED-COMPUTED-REV,-238.82,62.11,-300.93,"SPIKE,NEGATIVE"
2025-09-02 18:00:00,FRN.Flow-In.Ave.15Minutes.3Hours.MIXED-COMPUTED-REV,-68.81,62.13,-130.95,NEGATIVE
2025-09-03 01:00:00,FRN.Flow-In.Ave.15Minutes.3Hours.MIXED-COMPUTED-REV,-15.17,49.32,-64.49,NEGATIVE
2025-09-03 02:00:00,FRN.Flow-In.Ave.15Minutes.3Hours.MIXED-COMPUTED-REV,-211.36,23.88,-235.24,NEGATIVE
2025-09-03 03:00:00,FRN.Flow-In.Ave.15Minutes.3Hours.MIXED-COMPUTED-REV,-250.62,-2.26,-248.36,NEGATIVE
2025-09-03 04:00:00,FRN.Flow-In.Ave.15Minutes.3Hours.MIXED-COMPUTED-REV,-172.22,-2.26,-169.96,NEGATIVE
2025-09-03 11:00:00,FRN.Flow-In.Ave.15Minutes.3Hours.MIXED-COMPUTED-REV,-2.26,-15.17,12.90,NEGATIVE
2025-09-03 12:00:00,FRN.Flow-In.Ave.15Minutes.3Hours.MIXED-COMPUTED-REV,-146.04,-81.51,-64.54,NEGATIVE
2025-09-03 13:00:00,FRN.Flow-In.Ave.15Minutes.3Hours.MIXED-COMPUTED-REV,-133.12,-120.36,-12.76,NEGATIVE
2025-09-03 14:00:00,FRN.Flow-In.Ave.15Minutes.3Hours.MIXED-COMPUTED-REV,-211.44,-120.36,-91.08,NEGATIVE
2025-09-03 15:00:00,FRN.Flow-In.Ave.15Minutes.3Hours.MIXED-COMPUTED-REV,-211.50,-81.51,-130.00,NEGATIVE
2025-09-03 16:00:00,FRN.Flow-In.Ave.15Minutes.3Hours.MIXED-COMPUTED-REV,-329.04,-28.36,-300.68,NEGATIVE
2025-09-03 17:00:00,FRN.Flow-In.Ave.15Minutes.3Hours.MIXED-COMPUTED-REV,-224.81,-28.36,-196.44,NEGATIVE
2025-09-03 18:00:00,FRN.Flow-In.Ave.15Minutes.3Hours.MIXED-COMPUTED-REV,-81.51,-81.51,0.00,NEGATIVE
2025-09-03 22:00:00,FRN.Flow-In.Ave.15Minutes.3Hours.MIXED-COMPUTED-REV,-120.36,-93.12,-27.24,NEGATIVE
2025-09-03 23:00:00,FRN.Flow-In.Ave.15Minutes.3Hours.MIXED-COMPUTED-REV,-185.57,-93.12,-92.46,NEGATIVE
2025-09-04 00:00:00,FRN.Flow-In.Ave.15Minutes.3Hours.MIXED-COMPUTED-REV,-341.63,-93.12,-248.51,NEGATIVE
2025-09-04 01:00:00,FRN.Flow-In.Ave.15Minutes.3Hours.MIXED-COMPUTED-REV,-367.09,-81.51,-285.59,NEGATIVE
2025-09-04 02:00:00,FRN.Flow-In.Ave.15Minutes.3Hours.MIXED-COMPUTED-REV,-28.36,-54.30,25.94,NEGATIVE
2025-09-04 05:00:00,FRN.Flow-In.Ave.15Minutes.3Hours.MIXED-COMPUTED-REV,-158.41,10.60,-169.01,NEGATIVE
2025-09-04 06:00:00,FRN.Flow-In.Ave.15Minutes.3Hours.MIXED-COMPUTED-REV,-171.28,10.60,-181.88,NEGATIVE
2025-09-04 07:00:00,FRN.Flow-In.Ave.15Minutes.3Hours.MIXED-COMPUTED-REV,-93.12,10.60,-103.72,NEGATIVE
2025-09-04 09:00:00,FRN.Flow-In.Ave.15Minutes.3Hours.MIXED-COMPUTED-REV,-15.13,-28.36,13.23,NEGATIVE
2025-09-04 10:00:00,FRN.Flow-In.Ave.15Minutes.3Hours.MIXED-COMPUTED-REV,-54.30,-28.36,-25.94,NEGATIVE
2025-09-04 18:00:00,FRN.Flow-In.Ave.15Minutes.3Hours.MIXED-COMPUTED-REV,-120.27,10.60,-130.87,NEGATIVE
2025-09-04 19:00:00,FRN.Flow-In.Ave.15Minutes.3Hours.MIXED-COMPUTED-REV,-250.19,24.14,-274.33,NEGATIVE
2025-09-04 20:00:00,FRN.Flow-In.Ave.15Minutes.3Hours.MIXED-COMPUTED-REV,-236.97,48.76,-285.73,NEGATIVE
2025-09-04 21:00:00,FRN.Flow-In.Ave.15Minutes.3Hours.MIXED-COMPUTED-REV,-67.81,48.76,-116.57,NEGATIVE
2025-09-05 00:00:00,FRN.Flow-In.Ave.15Minutes.3Hours.MIXED-COMPUTED-REV,-15.39,50.22,-65.61,NEGATIVE
2025-09-05 01:00:00,FRN.Flow-In.Ave.15Minutes.3Hours.MIXED-COMPUTED-REV,-210.16,48.76,-258.92,NEGATIVE
2025-09-05 02:00:00,FRN.Flow-In.Ave.15Minutes.3Hours.MIXED-COMPUTED-REV,-249.00,24.14,-273.14,NEGATIVE
2025-09-05 03:00:00,FRN.Flow-In.Ave.15Minutes.3Hours.MIXED-COMPUTED-REV,-170.94,-15.39,-155.55,NEGATIVE
2025-09-05 11:00:00,FRN.Flow-In.Ave.15Minutes.3Hours.MIXED-COMPUTED-REV,-40.61,-15.39,-25.22,NEGATIVE
2025-09-05 12:00:00,FRN.Flow-In.Ave.15Minutes.3Hours.MIXED-COMPUTED-REV,-53.61,-15.39,-38.22,NEGATIVE
2025-09-05 13:00:00,FRN.Flow-In.Ave.15Minutes.3Hours.MIXED-COMPUTED-REV,-196.48,23.39,-219.88,NEGATIVE
2025-09-05 14:00:00,FRN.Flow-In.Ave.15Minutes.3Hours.MIXED-COMPUTED-REV,-144.76,24.14,-168.90,NEGATIVE
2025-09-05 15:00:00,FRN.Flow-In.Ave.15Minutes.3Hours.MIXED-COMPUTED-REV,-132.06,49.16,-181.22,NEGATIVE
2025-09-05 18:00:00,FRN.Flow-In.Ave.15Minutes.3Hours.MIXED-COMPUTED-REV,-119.65,49.16,-168.81,NEGATIVE
2025-09-05 19:00:00,FRN.Flow-In.Ave.15Minutes.3Hours.MIXED-COMPUTED-REV,-249.32,23.39,-272.72,NEGATIVE
2025-09-05 20:00:00,FRN.Flow-In.Ave.15Minutes.3Hours.MIXED-COMPUTED-REV,-236.30,-28.02,-208.28,NEGATIVE
2025-09-05 21:00:00,FRN.Flow-In.Ave.15Minutes.3Hours.MIXED-COMPUTED-REV,-67.67,-40.61,-27.06,NEGATIVE
2025-09-06 05:00:00,FRN.Flow-In.Ave.15Minutes.3Hours.MIXED-COMPUTED-REV,-28.02,9.80,-37.82,NEGATIVE
2025-09-06 06:00:00,FRN.Flow-In.Ave.15Minutes.3Hours.MIXED-COMPUTED-REV,-340.46,-16.38,-324.09,NEGATIVE
2025-09-06 07:00:00,FRN.Flow-In.Ave.15Minutes.3Hours.MIXED-COMPUTED-REV,-536.00,9.80,-545.80,NEGATIVE
2025-09-06 08:00:00,FRN.Flow-In.Ave.15Minutes.3Hours.MIXED-COMPUTED-REV,-484.00,22.75,-506.75,NEGATIVE
2025-09-06 09:00:00,FRN.Flow-In.Ave.15Minutes.3Hours.MIXED-COMPUTED-REV,-184.57,36.00,-220.57,NEGATIVE
2025-09-06 15:00:00,FRN.Flow-In.Ave.15Minutes.3Hours.MIXED-COMPUTED-REV,-172.38,9.80,-182.18,NEGATIVE
2025-09-06 16:00:00,FRN.Flow-In.Ave.15Minutes.3Hours.MIXED-COMPUTED-REV,-250.48,-16.38,-234.10,NEGATIVE
2025-09-06 17:00:00,FRN.Flow-In.Ave.15Minutes.3Hours.MIXED-COMPUTED-REV,-211.53,-28.02,-183.51,NEGATIVE
2025-09-06 18:00:00,FRN.Flow-In.Ave.15Minutes.3Hours.MIXED-COMPUTED-REV,-16.38,-68.23,51.85,NEGATIVE
2025-09-07 01:00:00,FRN.Flow-In.Ave.15Minutes.3Hours.MIXED-COMPUTED-REV,-68.23,-81.07,12.85,NEGATIVE
2025-09-07 02:00:00,FRN.Flow-In.Ave.15Minutes.3Hours.MIXED-COMPUTED-REV,-237.23,-81.07,-156.16,NEGATIVE
2025-09-07 03:00:00,FRN.Flow-In.Ave.15Minutes.3Hours.MIXED-COMPUTED-REV,-250.24,-81.07,-169.17,NEGATIVE
2025-09-07 04:00:00,FRN.Flow-In.Ave.15Minutes.3Hours.MIXED-COMPUTED-REV,-120.27,-68.23,-52.04,NEGATIVE
2025-09-07 05:00:00,FRN.Flow-In.Ave.15Minutes.3Hours.MIXED-COMPUTED-REV,-81.07,-16.38,-64.70,NEGATIVE
2025-09-07 06:00:00,FRN.Flow-In.Ave.15Minutes.3Hours.MIXED-COMPUTED-REV,-236.81,-16.19,-220.61,NEGATIVE
2025-09-07 07:00:00,FRN.Flow-In.Ave.15Minutes.3Hours.MIXED-COMPUTED-REV,-249.80,22.71,-272.51,NEGATIVE
2025-09-07 08:00:00,FRN.Flow-In.Ave.15Minutes.3Hours.MIXED-COMPUTED-REV,-120.08,-16.19,-103.89,NEGATIVE
2025-09-07 10:00:00,FRN.Flow-In.Ave.15Minutes.3Hours.MIXED-COMPUTED-REV,-16.19,-81.07,64.88,NEGATIVE
2025-09-07 11:00:00,FRN.Flow-In.Ave.15Minutes.3Hours.MIXED-COMPUTED-REV,-210.70,-81.07,-129.63,NEGATIVE
2025-09-07 12:00:00,FRN.Flow-In.Ave.15Minutes.3Hours.MIXED-COMPUTED-REV,-249.60,-81.07,-168.53,NEGATIVE
2025-09-07 13:00:00,FRN.Flow-In.Ave.15Minutes.3Hours.MIXED-COMPUTED-REV,-171.80,-81.07,-90.73,NEGATIVE
2025-09-07 20:00:00,FRN.Flow-In.Ave.15Minutes.3Hours.MIXED-COMPUTED-REV,-119.75,-16.19,-103.55,NEGATIVE
2025-09-07 21:00:00,FRN.Flow-In.Ave.15Minutes.3Hours.MIXED-COMPUTED-REV,-249.28,-15.70,-233.58,NEGATIVE
2025-09-07 22:00:00,FRN.Flow-In.Ave.15Minutes.3Hours.MIXED-COMPUTED-REV,-236.25,-16.19,-220.06,NEGATIVE
2025-09-07 23:00:00,FRN.Flow-In.Ave.15Minutes.3Hours.MIXED-COMPUTED-REV,-67.72,-41.75,-25.97,NEGATIVE
2025-09-08 01:00:00,FRN.Flow-In.Ave.15Minutes.3Hours.MIXED-COMPUTED-REV,-15.70,-41.68,25.98,NEGATIVE
2025-09-08 02:00:00,FRN.Flow-In.Ave.15Minutes.3Hours.MIXED-COMPUTED-REV,-209.80,-15.70,-194.10,NEGATIVE
2025-09-08 03:00:00,FRN.Flow-In.Ave.15Minutes.3Hours.MIXED-COMPUTED-REV,-248.55,-15.70,-232.85,NEGATIVE
2025-09-08 04:00:00,FRN.Flow-In.Ave.15Minutes.3Hours.MIXED-COMPUTED-REV,-170.81,-41.68,-129.14,NEGATIVE
2025-09-08 08:00:00,FRN.Flow-In.Ave.15Minutes.3Hours.MIXED-COMPUTED-REV,-41.75,-67.72,25.97,NEGATIVE
2025-09-08 09:00:00,FRN.Flow-In.Ave.15Minutes.3Hours.MIXED-COMPUTED-REV,-3.03,-41.75,38.72,NEGATIVE
2025-09-08 10:00:00,FRN.Flow-In.Ave.15Minutes.3Hours.MIXED-COMPUTED-REV,-106.45,-41.68,-64.77,NEGATIVE
2025-09-08 11:00:00,FRN.Flow-In.Ave.15Minutes.3Hours.MIXED-COMPUTED-REV,-93.45,-41.68,-51.77,NEGATIVE
2025-09-08 12:00:00,FRN.Flow-In.Ave.15Minutes.3Hours.MIXED-COMPUTED-REV,-170.96,-41.68,-129.28,NEGATIVE
2025-09-08 13:00:00,FRN.Flow-In.Ave.15Minutes.3Hours.MIXED-COMPUTED-REV,-41.68,-41.68,0.00,NEGATIVE
2025-09-08 16:00:00,FRN.Flow-In.Ave.15Minutes.3Hours.MIXED-COMPUTED-REV,-93.57,-3.03,-90.54,NEGATIVE
2025-09-08 17:00:00,FRN.Flow-In.Ave.15Minutes.3Hours.MIXED-COMPUTED-REV,-106.49,-3.03,-103.46,NEGATIVE
2025-09-08 18:00:00,FRN.Flow-In.Ave.15Minutes.3Hours.MIXED-COMPUTED-REV,-210.24,-15.88,-194.36,NEGATIVE
2025-09-08 19:00:00,FRN.Flow-In.Ave.15Minutes.3Hours.MIXED-COMPUTED-REV,-2.99,-41.68,38.69,NEGATIVE
2025-09-08 23:00:00,FRN.Flow-In.Ave.15Minutes.3Hours.MIXED-COMPUTED-REV,-145.02,-41.68,-103.35,NEGATIVE
2025-09-09 00:00:00,FRN.Flow-In.Ave.15Minutes.3Hours.MIXED-COMPUTED-REV,-196.68,-15.88,-180.81,NEGATIVE
2025-09-09 01:00:00,FRN.Flow-In.Ave.15Minutes.3Hours.MIXED-COMPUTED-REV,-15.88,-2.99,-12.89,NEGATIVE
2025-09-09 05:00:00,FRN.Flow-In.Ave.15Minutes.3Hours.MIXED-COMPUTED-REV,-120.15,-15.88,-104.27,NEGATIVE
2025-09-09 06:00:00,FRN.Flow-In.Ave.15Minutes.3Hours.MIXED-COMPUTED-REV,-145.91,-15.88,-130.03,NEGATIVE
2025-09-09 07:00:00,FRN.Flow-In.Ave.15Minutes.3Hours.MIXED-COMPUTED-REV,-210.83,-2.99,-207.84,NEGATIVE
2025-09-09 08:00:00,FRN.Flow-In.Ave.15Minutes.3Hours.MIXED-COMPUTED-REV,-68.22,9.75,-77.97,NEGATIVE
2025-09-09 09:00:00,FRN.Flow-In.Ave.15Minutes.3Hours.MIXED-COMPUTED-REV,-81.20,9.75,-90.95,NEGATIVE
2025-09-09 15:00:00,FRN.Flow-In.Ave.15Minutes.3Hours.MIXED-COMPUTED-REV,-119.92,-67.83,-52.09,NEGATIVE
2025-09-09 16:00:00,FRN.Flow-In.Ave.15Minutes.3Hours.MIXED-COMPUTED-REV,-223.57,-67.83,-155.74,NEGATIVE
2025-09-09 17:00:00,FRN.Flow-In.Ave.15Minutes.3Hours.MIXED-COMPUTED-REV,-210.49,-67.83,-142.67,NEGATIVE
2025-09-09 18:00:00,FRN.Flow-In.Ave.15Minutes.3Hours.MIXED-COMPUTED-REV,-67.83,22.66,-90.49,NEGATIVE
2025-09-09 23:00:00,FRN.Flow-In.Ave.15Minutes.3Hours.MIXED-COMPUTED-REV,-67.95,22.82,-90.77,NEGATIVE
2025-09-10 00:00:00,FRN.Flow-In.Ave.15Minutes.3Hours.MIXED-COMPUTED-REV,-223.43,22.82,-246.25,NEGATIVE
2025-09-10 01:00:00,FRN.Flow-In.Ave.15Minutes.3Hours.MIXED-COMPUTED-REV,-184.56,22.82,-207.38,NEGATIVE
2025-09-10 02:00:00,FRN.Flow-In.Ave.15Minutes.3Hours.MIXED-COMPUTED-REV,-93.81,22.82,-116.63,NEGATIVE
2025-09-10 08:00:00,FRN.Flow-In.Ave.15Minutes.3Hours.MIXED-COMPUTED-REV,-132.44,23.27,-155.71,NEGATIVE
2025-09-10 09:00:00,FRN.Flow-In.Ave.15Minutes.3Hours.MIXED-COMPUTED-REV,-249.01,23.27,-272.27,NEGATIVE
2025-09-10 10:00:00,FRN.Flow-In.Ave.15Minutes.3Hours.MIXED-COMPUTED-REV,-184.26,23.27,-207.53,NEGATIVE
2025-09-10 11:00:00,FRN.Flow-In.Ave.15Minutes.3Hours.MIXED-COMPUTED-REV,-41.80,23.27,-65.07,NEGATIVE
2025-09-10 16:00:00,FRN.Flow-In.Ave.15Minutes.3Hours.MIXED-COMPUTED-REV,-119.16,-2.90,-116.26,NEGATIVE
2025-09-10 17:00:00,FRN.Flow-In.Ave.15Minutes.3Hours.MIXED-COMPUTED-REV,-222.80,-2.90,-219.90,NEGATIVE
2025-09-10 18:00:00,FRN.Flow-In.Ave.15Minutes.3Hours.MIXED-COMPUTED-REV,-210.04,-2.90,-207.14,NEGATIVE
2025-09-10 19:00:00,FRN.Flow-In.Ave.15Minutes.3Hours.MIXED-COMPUTED-REV,-67.75,-2.90,-64.85,NEGATIVE
2025-09-11 00:00:00,FRN.Flow-In.Ave.15Minutes.3Hours.MIXED-COMPUTED-REV,-2.90,-2.90,0.00,NEGATIVE
2025-09-11 01:00:00,FRN.Flow-In.Ave.15Minutes.3Hours.MIXED-COMPUTED-REV,-145.08,-2.90,-142.17,NEGATIVE
2025-09-11 02:00:00,FRN.Flow-In.Ave.15Minutes.3Hours.MIXED-COMPUTED-REV,-248.54,-2.90,-245.64,NEGATIVE
2025-09-11 03:00:00,FRN.Flow-In.Ave.15Minutes.3Hours.MIXED-COMPUTED-REV,-183.91,-2.90,-181.01,NEGATIVE
2025-09-11 04:00:00,FRN.Flow-In.Ave.15Minutes.3Hours.MIXED-COMPUTED-REV,-41.60,-2.90,-38.70,NEGATIVE
2025-09-11 08:00:00,FRN.Flow-In.Ave.15Minutes.3Hours.MIXED-COMPUTED-REV,-41.42,61.61,-103.03,NEGATIVE
2025-09-11 09:00:00,FRN.Flow-In.Ave.15Minutes.3Hours.MIXED-COMPUTED-REV,-183.48,61.61,-245.09,NEGATIVE
2025-09-11 10:00:00,FRN.Flow-In.Ave.15Minutes.3Hours.MIXED-COMPUTED-REV,-248.08,61.55,-309.63,NEGATIVE
2025-09-11 11:00:00,FRN.Flow-In.Ave.15Minutes.3Hours.MIXED-COMPUTED-REV,-144.67,61.48,-206.15,NEGATIVE
2025-09-11 12:00:00,FRN.Flow-In.Ave.15Minutes.3Hours.MIXED-COMPUTED-REV,-2.52,61.48,-64.01,NEGATIVE
2025-09-12 00:00:00,FRN.Flow-In.Ave.15Minutes.3Hours.MIXED-COMPUTED-REV,-118.68,23.74,-142.41,NEGATIVE
2025-09-12 01:00:00,FRN.Flow-In.Ave.15Minutes.3Hours.MIXED-COMPUTED-REV,-247.54,23.74,-271.27,NEGATIVE
2025-09-12 02:00:00,FRN.Flow-In.Ave.15Minutes.3Hours.MIXED-COMPUTED-REV,-234.50,23.74,-258.24,NEGATIVE
2025-09-12 03:00:00,FRN.Flow-In.Ave.15Minutes.3Hours.MIXED-COMPUTED-REV,-105.46,23.74,-129.19,NEGATIVE
2025-09-12 04:00:00,FRN.Flow-In.Ave.15Minutes.3Hours.MIXED-COMPUTED-REV,-169.70,23.74,-193.44,NEGATIVE
2025-09-12 05:00:00,FRN.Flow-In.Ave.15Minutes.3Hours.MIXED-COMPUTED-REV,-246.98,23.74,-270.72,NEGATIVE
2025-09-12 06:00:00,FRN.Flow-In.Ave.15Minutes.3Hours.MIXED-COMPUTED-REV,-208.14,23.74,-231.87,NEGATIVE
2025-09-12 07:00:00,FRN.Flow-In.Ave.15Minutes.3Hours.MIXED-COMPUTED-REV,-14.63,-14.50,-0.13,NEGATIVE
2025-09-12 10:00:00,FRN.Flow-In.Ave.15Minutes.3Hours.MIXED-COMPUTED-REV,-169.81,-105.46,-64.36,NEGATIVE
2025-09-12 11:00:00,FRN.Flow-In.Ave.15Minutes.3Hours.MIXED-COMPUTED-REV,-247.30,-105.46,-141.85,NEGATIVE
2025-09-12 12:00:00,FRN.Flow-In.Ave.15Minutes.3Hours.MIXED-COMPUTED-REV,-208.78,-105.46,-103.32,NEGATIVE
2025-09-12 13:00:00,FRN.Flow-In.Ave.15Minutes.3Hours.MIXED-COMPUTED-REV,-15.65,-15.65,0.00,NEGATIVE
2025-09-12 19:00:00,FRN.Flow-In.Ave.15Minutes.3Hours.MIXED-COMPUTED-REV,-14.50,61.61,-76.11,NEGATIVE
2025-09-12 20:00:00,FRN.Flow-In.Ave.15Minutes.3Hours.MIXED-COMPUTED-REV,-205.51,61.61,-267.12,"SPIKE,NEGATIVE"
2025-09-12 21:00:00,FRN.Flow-In.Ave.15Minutes.3Hours.MIXED-COMPUTED-REV,-242.11,30.06,-272.17,"SPIKE,NEGATIVE"
2025-09-12 22:00:00,FRN.Flow-In.Ave.15Minutes.3Hours.MIXED-COMPUTED-REV,-163.33,30.06,-193.39,NEGATIVE
2025-09-13 07:00:00,FRN.Flow-In.Ave.15Minutes.3Hours.MIXED-COMPUTED-REV,-60.62,68.48,-129.10,NEGATIVE
2025-09-13 08:00:00,FRN.Flow-In.Ave.15Minutes.3Hours.MIXED-COMPUTED-REV,-228.74,68.48,-297.22,"SPIKE,NEGATIVE"
2025-09-13 09:00:00,FRN.Flow-In.Ave.15Minutes.3Hours.MIXED-COMPUTED-REV,-241.68,68.48,-310.15,"SPIKE,NEGATIVE"
2025-09-13 10:00:00,FRN.Flow-In.Ave.15Minutes.3Hours.MIXED-COMPUTED-REV,-112.35,68.48,-180.83,NEGATIVE
2025-09-13 21:00:00,FRN.Flow-In.Ave.15Minutes.3Hours.MIXED-COMPUTED-REV,-163.84,55.80,-219.64,NEGATIVE
2025-09-13 22:00:00,FRN.Flow-In.Ave.15Minutes.3Hours.MIXED-COMPUTED-REV,-370.42,68.32,-438.73,"SPIKE,NEGATIVE"
2025-09-13 23:00:00,FRN.Flow-In.Ave.15Minutes.3Hours.MIXED-COMPUTED-REV,-499.44,68.35,-567.79,"SPIKE,NEGATIVE"
2025-09-14 00:00:00,FRN.Flow-In.Ave.15Minutes.3Hours.MIXED-COMPUTED-REV,-318.55,68.48,-387.03,"SPIKE,NEGATIVE"
2025-09-14 01:00:00,FRN.Flow-In.Ave.15Minutes.3Hours.MIXED-COMPUTED-REV,-111.98,68.48,-180.45,NEGATIVE
2025-09-14 07:00:00,FRN.Flow-In.Ave.15Minutes.3Hours.MIXED-COMPUTED-REV,-60.22,55.80,-116.02,NEGATIVE
2025-09-14 08:00:00,FRN.Flow-In.Ave.15Minutes.3Hours.MIXED-COMPUTED-REV,-163.36,29.95,-193.31,NEGATIVE
2025-09-14 11:00:00,FRN.Flow-In.Ave.15Minutes.3Hours.MIXED-COMPUTED-REV,998.33,29.79,968.54,SPIKE
2025-09-14 12:00:00,FRN.Flow-In.Ave.15Minutes.3Hours.MIXED-COMPUTED-REV,1037.50,29.79,1007.71,SPIKE
2025-09-14 13:00:00,FRN.Flow-In.Ave.15Minutes.3Hours.MIXED-COMPUTED-REV,740.72,29.79,710.93,SPIKE
2025-09-14 18:00:00,FRN.Flow-In.Ave.15Minutes.3Hours.MIXED-COMPUTED-REV,-164.15,17.14,-181.29,NEGATIVE
2025-09-14 19:00:00,FRN.Flow-In.Ave.15Minutes.3Hours.MIXED-COMPUTED-REV,-241.86,-8.95,-232.91,NEGATIVE
2025-09-14 20:00:00,FRN.Flow-In.Ave.15Minutes.3Hours.MIXED-COMPUTED-REV,-293.59,-8.95,-284.64,NEGATIVE
2025-09-14 21:00:00,FRN.Flow-In.Ave.15Minutes.3Hours.MIXED-COMPUTED-REV,-73.74,-8.95,-64.80,NEGATIVE
2025-09-14 22:00:00,FRN.Flow-In.Ave.15Minutes.3Hours.MIXED-COMPUTED-REV,-8.95,-8.95,0.00,NEGATIVE
2025-09-14 23:00:00,FRN.Flow-In.Ave.15Minutes.3Hours.MIXED-COMPUTED-REV,-112.18,-8.95,-103.23,NEGATIVE
2025-09-15 00:00:00,FRN.Flow-In.Ave.15Minutes.3Hours.MIXED-COMPUTED-REV,-176.76,-8.95,-167.81,NEGATIVE
2025-09-15 01:00:00,FRN.Flow-In.Ave.15Minutes.3Hours.MIXED-COMPUTED-REV,-202.56,-22.07,-180.49,NEGATIVE
2025-09-15 02:00:00,FRN.Flow-In.Ave.15Minutes.3Hours.MIXED-COMPUTED-REV,-176.55,-22.07,-154.48,NEGATIVE
2025-09-15 03:00:00,FRN.Flow-In.Ave.15Minutes.3Hours.MIXED-COMPUTED-REV,-111.98,-22.07,-89.91,NEGATIVE
2025-09-15 07:00:00,FRN.Flow-In.Ave.15Minutes.3Hours.MIXED-COMPUTED-REV,-176.54,-73.74,-102.80,NEGATIVE
2025-09-15 08:00:00,FRN.Flow-In.Ave.15Minutes.3Hours.MIXED-COMPUTED-REV,-163.79,-61.22,-102.57,NEGATIVE
2025-09-15 09:00:00,FRN.Flow-In.Ave.15Minutes.3Hours.MIXED-COMPUTED-REV,-22.07,-39.99,17.92,NEGATIVE
2025-09-15 13:00:00,FRN.Flow-In.Ave.15Minutes.3Hours.MIXED-COMPUTED-REV,-22.72,-39.99,17.27,NEGATIVE
2025-09-15 16:00:00,FRN.Flow-In.Ave.15Minutes.3Hours.MIXED-COMPUTED-REV,-61.22,-22.07,-39.15,NEGATIVE
2025-09-15 17:00:00,FRN.Flow-In.Ave.15Minutes.3Hours.MIXED-COMPUTED-REV,-473.46,-22.07,-451.39,NEGATIVE
2025-09-15 18:00:00,FRN.Flow-In.Ave.15Minutes.3Hours.MIXED-COMPUTED-REV,-576.70,-22.07,-554.63,NEGATIVE
2025-09-15 19:00:00,FRN.Flow-In.Ave.15Minutes.3Hours.MIXED-COMPUTED-REV,-436.71,-22.07,-414.65,NEGATIVE
2025-09-15 20:00:00,FRN.Flow-In.Ave.15Minutes.3Hours.MIXED-COMPUTED-REV,-39.99,3.11,-43.10,NEGATIVE
2025-09-15 23:00:00,FRN.Flow-In.Ave.15Minutes.3Hours.MIXED-COMPUTED-REV,-40.43,-22.72,-17.70,NEGATIVE
2025-09-16 00:00:00,FRN.Flow-In.Ave.15Minutes.3Hours.MIXED-COMPUTED-REV,-167.62,-22.72,-144.90,NEGATIVE
2025-09-16 01:00:00,FRN.Flow-In.Ave.15Minutes.3Hours.MIXED-COMPUTED-REV,-217.76,-22.72,-195.03,NEGATIVE
2025-09-16 02:00:00,FRN.Flow-In.Ave.15Minutes.3Hours.MIXED-COMPUTED-REV,-113.36,-10.29,-103.06,NEGATIVE
2025-09-16 09:00:00,FRN.Flow-In.Ave.15Minutes.3Hours.MIXED-COMPUTED-REV,-151.29,41.58,-192.87,NEGATIVE
2025-09-16 10:00:00,FRN.Flow-In.Ave.15Minutes.3Hours.MIXED-COMPUTED-REV,-164.41,28.30,-192.71,NEGATIVE
2025-09-16 11:00:00,FRN.Flow-In.Ave.15Minutes.3Hours.MIXED-COMPUTED-REV,-125.98,28.30,-154.28,NEGATIVE
2025-09-16 12:00:00,FRN.Flow-In.Ave.15Minutes.3Hours.MIXED-COMPUTED-REV,-10.29,41.58,-51.87,NEGATIVE
2025-09-16 19:00:00,FRN.Flow-In.Ave.15Minutes.3Hours.MIXED-COMPUTED-REV,-62.77,63.36,-126.12,NEGATIVE
2025-09-16 20:00:00,FRN.Flow-In.Ave.15Minutes.3Hours.MIXED-COMPUTED-REV,-231.83,63.35,-295.18,"SPIKE,NEGATIVE"
2025-09-16 21:00:00,FRN.Flow-In.Ave.15Minutes.3Hours.MIXED-COMPUTED-REV,-245.11,50.63,-295.75,"SPIKE,NEGATIVE"
2025-09-16 22:00:00,FRN.Flow-In.Ave.15Minutes.3Hours.MIXED-COMPUTED-REV,-116.52,50.63,-167.15,NEGATIVE
2025-09-17 09:00:00,FRN.Flow-In.Ave.15Minutes.3Hours.MIXED-COMPUTED-REV,-13.69,24.91,-38.60,NEGATIVE
2025-09-17 10:00:00,FRN.Flow-In.Ave.15Minutes.3Hours.MIXED-COMPUTED-REV,-206.29,24.91,-231.20,NEGATIVE
2025-09-17 11:00:00,FRN.Flow-In.Ave.15Minutes.3Hours.MIXED-COMPUTED-REV,-244.81,24.91,-269.72,NEGATIVE
2025-09-17 12:00:00,FRN.Flow-In.Ave.15Minutes.3Hours.MIXED-COMPUTED-REV,-167.77,24.87,-192.64,NEGATIVE
2025-09-17 15:00:00,FRN.Flow-In.Ave.15Minutes.3Hours.MIXED-COMPUTED-REV,-13.61,-13.61,0.00,NEGATIVE
2025-09-17 16:00:00,FRN.Flow-In.Ave.15Minutes.3Hours.MIXED-COMPUTED-REV,-206.01,-13.61,-192.40,NEGATIVE
2025-09-17 17:00:00,FRN.Flow-In.Ave.15Minutes.3Hours.MIXED-COMPUTED-REV,-244.49,-13.61,-230.88,NEGATIVE
2025-09-17 18:00:00,FRN.Flow-In.Ave.15Minutes.3Hours.MIXED-COMPUTED-REV,-167.53,-13.69,-153.84,NEGATIVE
2025-09-17 22:00:00,FRN.Flow-In.Ave.15Minutes.3Hours.MIXED-COMPUTED-REV,-116.04,-116.04,0.00,NEGATIVE
2025-09-17 23:00:00,FRN.Flow-In.Ave.15Minutes.3Hours.MIXED-COMPUTED-REV,-244.17,-65.48,-178.70,NEGATIVE
2025-09-18 00:00:00,FRN.Flow-In.Ave.15Minutes.3Hours.MIXED-COMPUTED-REV,-257.13,-13.61,-243.52,NEGATIVE
2025-09-18 01:00:00,FRN.Flow-In.Ave.15Minutes.3Hours.MIXED-COMPUTED-REV,-232.26,24.70,-256.96,NEGATIVE
2025-09-18 02:00:00,FRN.Flow-In.Ave.15Minutes.3Hours.MIXED-COMPUTED-REV,-142.77,-13.61,-129.16,NEGATIVE
2025-09-18 06:00:00,FRN.Flow-In.Ave.15Minutes.3Hours.MIXED-COMPUTED-REV,-181.42,-104.06,-77.36,NEGATIVE
2025-09-18 07:00:00,FRN.Flow-In.Ave.15Minutes.3Hours.MIXED-COMPUTED-REV,-232.95,-104.06,-128.89,NEGATIVE
2025-09-18 08:00:00,FRN.Flow-In.Ave.15Minutes.3Hours.MIXED-COMPUTED-REV,-65.48,-116.04,50.56,NEGATIVE
2025-09-18 14:00:00,FRN.Flow-In.Ave.15Minutes.3Hours.MIXED-COMPUTED-REV,-104.06,-104.06,0.00,NEGATIVE
2025-09-18 15:00:00,FRN.Flow-In.Ave.15Minutes.3Hours.MIXED-COMPUTED-REV,-194.28,-65.48,-128.81,NEGATIVE
2025-09-18 16:00:00,FRN.Flow-In.Ave.15Minutes.3Hours.MIXED-COMPUTED-REV,-220.04,-65.48,-154.56,NEGATIVE
2025-09-18 17:00:00,FRN.Flow-In.Ave.15Minutes.3Hours.MIXED-COMPUTED-REV,-168.40,-65.48,-102.92,NEGATIVE
2025-09-18 18:00:00,FRN.Flow-In.Ave.15Minutes.3Hours.MIXED-COMPUTED-REV,-245.28,-65.48,-179.81,NEGATIVE
2025-09-18 19:00:00,FRN.Flow-In.Ave.15Minutes.3Hours.MIXED-COMPUTED-REV,-347.96,-26.55,-321.41,NEGATIVE
2025-09-18 20:00:00,FRN.Flow-In.Ave.15Minutes.3Hours.MIXED-COMPUTED-REV,-283.62,-26.55,-257.08,NEGATIVE
2025-09-18 21:00:00,FRN.Flow-In.Ave.15Minutes.3Hours.MIXED-COMPUTED-REV,-206.40,-26.55,-179.85,NEGATIVE
2025-09-18 22:00:00,FRN.Flow-In.Ave.15Minutes.3Hours.MIXED-COMPUTED-REV,-142.13,-39.39,-102.74,NEGATIVE
2025-09-18 23:00:00,FRN.Flow-In.Ave.15Minutes.3Hours.MIXED-COMPUTED-REV,-116.45,-39.48,-76.96,NEGATIVE
2025-09-19 00:00:00,FRN.Flow-In.Ave.15Minutes.3Hours.MIXED-COMPUTED-REV,-26.55,-39.48,12.93,NEGATIVE
2025-09-19 08:00:00,FRN.Flow-In.Ave.15Minutes.3Hours.MIXED-COMPUTED-REV,-39.39,-26.55,-12.84,NEGATIVE
2025-09-19 09:00:00,FRN.Flow-In.Ave.15Minutes.3Hours.MIXED-COMPUTED-REV,-90.76,11.90,-102.66,NEGATIVE
2025-09-19 10:00:00,FRN.Flow-In.Ave.15Minutes.3Hours.MIXED-COMPUTED-REV,-103.64,37.66,-141.30,NEGATIVE
2025-09-19 11:00:00,FRN.Flow-In.Ave.15Minutes.3Hours.MIXED-COMPUTED-REV,-39.48,37.66,-77.15,NEGATIVE
2025-09-19 16:00:00,FRN.Flow-In.Ave.15Minutes.3Hours.MIXED-COMPUTED-REV,-116.86,11.90,-128.76,NEGATIVE
2025-09-19 17:00:00,FRN.Flow-In.Ave.15Minutes.3Hours.MIXED-COMPUTED-REV,-219.56,11.90,-231.46,NEGATIVE
2025-09-19 18:00:00,FRN.Flow-In.Ave.15Minutes.3Hours.MIXED-COMPUTED-REV,-245.05,11.90,-256.95,NEGATIVE
2025-09-19 19:00:00,FRN.Flow-In.Ave.15Minutes.3Hours.MIXED-COMPUTED-REV,-155.12,11.90,-167.02,NEGATIVE
2025-09-19 23:00:00,FRN.Flow-In.Ave.15Minutes.3Hours.MIXED-COMPUTED-REV,-13.72,62.83,-76.56,NEGATIVE
2025-09-20 00:00:00,FRN.Flow-In.Ave.15Minutes.3Hours.MIXED-COMPUTED-REV,-205.94,62.83,-268.77,NEGATIVE
2025-09-20 01:00:00,FRN.Flow-In.Ave.15Minutes.3Hours.MIXED-COMPUTED-REV,-244.37,62.83,-307.20,"SPIKE,NEGATIVE"
2025-09-20 02:00:00,FRN.Flow-In.Ave.15Minutes.3Hours.MIXED-COMPUTED-REV,-167.41,50.17,-217.58,NEGATIVE
2025-09-20 12:00:00,FRN.Flow-In.Ave.15Minutes.3Hours.MIXED-COMPUTED-REV,-65.56,11.92,-77.48,NEGATIVE
2025-09-20 13:00:00,FRN.Flow-In.Ave.15Minutes.3Hours.MIXED-COMPUTED-REV,-232.33,11.92,-244.25,NEGATIVE
2025-09-20 14:00:00,FRN.Flow-In.Ave.15Minutes.3Hours.MIXED-COMPUTED-REV,-245.14,11.92,-257.05,"SPIKE,NEGATIVE"
2025-09-20 15:00:00,FRN.Flow-In.Ave.15Minutes.3Hours.MIXED-COMPUTED-REV,-116.99,11.92,-128.91,NEGATIVE
2025-09-20 18:00:00,FRN.Flow-In.Ave.15Minutes.3Hours.MIXED-COMPUTED-REV,-168.03,-14.05,-153.98,NEGATIVE
2025-09-20 19:00:00,FRN.Flow-In.Ave.15Minutes.3Hours.MIXED-COMPUTED-REV,-244.96,-14.05,-230.90,NEGATIVE
2025-09-20 20:00:00,FRN.Flow-In.Ave.15Minutes.3Hours.MIXED-COMPUTED-REV,-155.46,-14.05,-141.40,NEGATIVE
2025-09-21 00:00:00,FRN.Flow-In.Ave.15Minutes.3Hours.MIXED-COMPUTED-REV,-51.91,-39.22,-12.69,NEGATIVE
2025-09-21 01:00:00,FRN.Flow-In.Ave.15Minutes.3Hours.MIXED-COMPUTED-REV,-39.22,-39.22,0.00,NEGATIVE
2025-09-21 02:00:00,FRN.Flow-In.Ave.15Minutes.3Hours.MIXED-COMPUTED-REV,-167.03,-39.22,-127.81,NEGATIVE
2025-09-21 03:00:00,FRN.Flow-In.Ave.15Minutes.3Hours.MIXED-COMPUTED-REV,-154.33,-39.22,-115.11,NEGATIVE
2025-09-21 04:00:00,FRN.Flow-In.Ave.15Minutes.3Hours.MIXED-COMPUTED-REV,-141.71,-14.05,-127.66,NEGATIVE
2025-09-21 05:00:00,FRN.Flow-In.Ave.15Minutes.3Hours.MIXED-COMPUTED-REV,-14.05,-14.05,0.00,NEGATIVE
2025-09-21 12:00:00,FRN.Flow-In.Ave.15Minutes.3Hours.MIXED-COMPUTED-REV,-65.59,-65.59,0.00,NEGATIVE
2025-09-21 13:00:00,FRN.Flow-In.Ave.15Minutes.3Hours.MIXED-COMPUTED-REV,-231.80,-92.30,-139.50,NEGATIVE
2025-09-21 14:00:00,FRN.Flow-In.Ave.15Minutes.3Hours.MIXED-COMPUTED-REV,-244.64,-92.30,-152.34,NEGATIVE
2025-09-21 15:00:00,FRN.Flow-In.Ave.15Minutes.3Hours.MIXED-COMPUTED-REV,-104.15,-92.30,-11.85,NEGATIVE
2025-09-21 19:00:00,FRN.Flow-In.Ave.15Minutes.3Hours.MIXED-COMPUTED-REV,-220.26,-65.59,-154.67,NEGATIVE
2025-09-21 20:00:00,FRN.Flow-In.Ave.15Minutes.3Hours.MIXED-COMPUTED-REV,-259.00,-78.98,-180.02,NEGATIVE
2025-09-21 21:00:00,FRN.Flow-In.Ave.15Minutes.3Hours.MIXED-COMPUTED-REV,-207.81,-78.98,-128.83,NEGATIVE
2025-09-21 22:00:00,FRN.Flow-In.Ave.15Minutes.3Hours.MIXED-COMPUTED-REV,-92.30,-78.98,-13.31,NEGATIVE
2025-09-21 23:00:00,FRN.Flow-In.Ave.15Minutes.3Hours.MIXED-COMPUTED-REV,-207.55,-78.98,-128.56,NEGATIVE
2025-09-22 00:00:00,FRN.Flow-In.Ave.15Minutes.3Hours.MIXED-COMPUTED-REV,-156.12,-92.30,-63.82,NEGATIVE
2025-09-22 01:00:00,FRN.Flow-In.Ave.15Minutes.3Hours.MIXED-COMPUTED-REV,-104.77,-92.30,-12.47,NEGATIVE
2025-09-22 03:00:00,FRN.Flow-In.Ave.15Minutes.3Hours.MIXED-COMPUTED-REV,-156.07,-66.45,-89.62,NEGATIVE
2025-09-22 04:00:00,FRN.Flow-In.Ave.15Minutes.3Hours.MIXED-COMPUTED-REV,-220.14,-66.45,-153.69,NEGATIVE
2025-09-22 08:00:00,FRN.Flow-In.Ave.15Minutes.3Hours.MIXED-COMPUTED-REV,-78.98,-104.77,25.78,NEGATIVE
2025-09-22 11:00:00,FRN.Flow-In.Ave.15Minutes.3Hours.MIXED-COMPUTED-REV,-15.22,-104.77,89.54,NEGATIVE
2025-09-22 12:00:00,FRN.Flow-In.Ave.15Minutes.3Hours.MIXED-COMPUTED-REV,-194.50,-78.98,-115.52,NEGATIVE
2025-09-22 13:00:00,FRN.Flow-In.Ave.15Minutes.3Hours.MIXED-COMPUTED-REV,-66.45,-66.45,0.00,NEGATIVE
2025-09-22 15:00:00,FRN.Flow-In.Ave.15Minutes.3Hours.MIXED-COMPUTED-REV,-27.96,-27.96,0.00,NEGATIVE
2025-09-22 16:00:00,FRN.Flow-In.Ave.15Minutes.3Hours.MIXED-COMPUTED-REV,-143.06,-15.22,-127.84,NEGATIVE
2025-09-22 17:00:00,FRN.Flow-In.Ave.15Minutes.3Hours.MIXED-COMPUTED-REV,-245.32,10.39,-255.71,NEGATIVE
2025-09-22 18:00:00,FRN.Flow-In.Ave.15Minutes.3Hours.MIXED-COMPUTED-REV,-181.31,10.39,-191.70,NEGATIVE
2025-09-22 19:00:00,FRN.Flow-In.Ave.15Minutes.3Hours.MIXED-COMPUTED-REV,-168.38,10.39,-178.77,NEGATIVE
2025-09-22 20:00:00,FRN.Flow-In.Ave.15Minutes.3Hours.MIXED-COMPUTED-REV,-232.16,10.39,-242.55,NEGATIVE
2025-09-22 21:00:00,FRN.Flow-In.Ave.15Minutes.3Hours.MIXED-COMPUTED-REV,-244.86,48.94,-293.80,"SPIKE,NEGATIVE"
2025-09-22 22:00:00,FRN.Flow-In.Ave.15Minutes.3Hours.MIXED-COMPUTED-REV,-116.91,49.33,-166.25,NEGATIVE
2025-09-23 12:00:00,FRN.Flow-In.Ave.15Minutes.3Hours.MIXED-COMPUTED-REV,-116.80,61.74,-178.54,NEGATIVE
2025-09-23 13:00:00,FRN.Flow-In.Ave.15Minutes.3Hours.MIXED-COMPUTED-REV,-244.61,49.30,-293.91,"SPIKE,NEGATIVE"
2025-09-23 14:00:00,FRN.Flow-In.Ave.15Minutes.3Hours.MIXED-COMPUTED-REV,-231.87,23.93,-255.81,"SPIKE,NEGATIVE"
2025-09-23 15:00:00,FRN.Flow-In.Ave.15Minutes.3Hours.MIXED-COMPUTED-REV,-65.93,23.93,-89.87,NEGATIVE
2025-09-23 18:00:00,FRN.Flow-In.Ave.15Minutes.3Hours.MIXED-COMPUTED-REV,-14.60,-14.38,-0.22,NEGATIVE
2025-09-23 19:00:00,FRN.Flow-In.Ave.15Minutes.3Hours.MIXED-COMPUTED-REV,-205.84,-14.60,-191.24,NEGATIVE
2025-09-23 20:00:00,FRN.Flow-In.Ave.15Minutes.3Hours.MIXED-COMPUTED-REV,-243.93,-14.60,-229.33,NEGATIVE
2025-09-23 21:00:00,FRN.Flow-In.Ave.15Minutes.3Hours.MIXED-COMPUTED-REV,-167.41,-14.60,-152.81,NEGATIVE
2025-09-23 23:00:00,FRN.Flow-In.Ave.15Minutes.3Hours.MIXED-COMPUTED-REV,-14.38,-14.60,0.22,NEGATIVE
2025-09-24 00:00:00,FRN.Flow-In.Ave.15Minutes.3Hours.MIXED-COMPUTED-REV,-205.57,-14.60,-190.97,NEGATIVE
2025-09-24 01:00:00,FRN.Flow-In.Ave.15Minutes.3Hours.MIXED-COMPUTED-REV,-243.84,-14.38,-229.47,NEGATIVE
2025-09-24 02:00:00,FRN.Flow-In.Ave.15Minutes.3Hours.MIXED-COMPUTED-REV,-52.72,-14.28,-38.45,NEGATIVE
2025-09-24 06:00:00,FRN.Flow-In.Ave.15Minutes.3Hours.MIXED-COMPUTED-REV,-128.74,-14.38,-114.37,NEGATIVE
2025-09-24 07:00:00,FRN.Flow-In.Ave.15Minutes.3Hours.MIXED-COMPUTED-REV,-167.05,-14.38,-152.67,NEGATIVE
2025-09-24 08:00:00,FRN.Flow-In.Ave.15Minutes.3Hours.MIXED-COMPUTED-REV,-14.28,-14.38,0.10,NEGATIVE
2025-09-24 16:00:00,FRN.Flow-In.Ave.15Minutes.3Hours.MIXED-COMPUTED-REV,-192.28,-14.28,-178.00,NEGATIVE
2025-09-24 17:00:00,FRN.Flow-In.Ave.15Minutes.3Hours.MIXED-COMPUTED-REV,-294.04,-14.28,-279.76,NEGATIVE
2025-09-24 18:00:00,FRN.Flow-In.Ave.15Minutes.3Hours.MIXED-COMPUTED-REV,-204.93,-52.40,-152.52,NEGATIVE
2025-09-24 19:00:00,FRN.Flow-In.Ave.15Minutes.3Hours.MIXED-COMPUTED-REV,-52.40,-52.40,0.00,NEGATIVE
2025-09-24 20:00:00,FRN.Flow-In.Ave.15Minutes.3Hours.MIXED-COMPUTED-REV,-166.75,-52.40,-114.35,NEGATIVE
2025-09-24 21:00:00,FRN.Flow-In.Ave.15Minutes.3Hours.MIXED-COMPUTED-REV,-242.82,-52.40,-190.42,NEGATIVE
2025-09-24 22:00:00,FRN.Flow-In.Ave.15Minutes.3Hours.MIXED-COMPUTED-REV,-204.31,-52.40,-151.91,NEGATIVE
2025-09-24 23:00:00,FRN.Flow-In.Ave.15Minutes.3Hours.MIXED-COMPUTED-REV,-90.10,-52.40,-37.70,NEGATIVE
2025-09-25 00:00:00,FRN.Flow-In.Ave.15Minutes.3Hours.MIXED-COMPUTED-REV,-205.72,-52.40,-153.32,NEGATIVE
2025-09-25 01:00:00,FRN.Flow-In.Ave.15Minutes.3Hours.MIXED-COMPUTED-REV,-205.81,-52.40,-153.41,NEGATIVE
2025-09-25 02:00:00,FRN.Flow-In.Ave.15Minutes.3Hours.MIXED-COMPUTED-REV,-1.02,-52.40,51.38,NEGATIVE
2025-09-25 06:00:00,FRN.Flow-In.Ave.15Minutes.3Hours.MIXED-COMPUTED-REV,-100.62,-52.40,-48.22,NEGATIVE
2025-09-25 07:00:00,FRN.Flow-In.Ave.15Minutes.3Hours.MIXED-COMPUTED-REV,-124.49,-52.40,-72.09,NEGATIVE
2025-09-25 08:00:00,FRN.Flow-In.Ave.15Minutes.3Hours.MIXED-COMPUTED-REV,-59.33,-59.33,0.00,NEGATIVE
2025-09-25 17:00:00,FRN.Flow-In.Ave.15Minutes.3Hours.MIXED-COMPUTED-REV,-161.43,25.68,-187.11,NEGATIVE
2025-09-25 18:00:00,FRN.Flow-In.Ave.15Minutes.3Hours.MIXED-COMPUTED-REV,-314.78,30.35,-345.13,"SPIKE,NEGATIVE"
2025-09-25 19:00:00,FRN.Flow-In.Ave.15Minutes.3Hours.MIXED-COMPUTED-REV,-468.00,30.35,-498.35,"SPIKE,NEGATIVE"
2025-09-25 20:00:00,FRN.Flow-In.Ave.15Minutes.3Hours.MIXED-COMPUTED-REV,-314.53,30.35,-344.89,"SPIKE,NEGATIVE"
2025-09-25 21:00:00,FRN.Flow-In.Ave.15Minutes.3Hours.MIXED-COMPUTED-REV,-161.19,30.39,-191.58,NEGATIVE
2025-09-26 02:00:00,FRN.Flow-In.Ave.15Minutes.3Hours.MIXED-COMPUTED-REV,-7.84,30.35,-38.20,NEGATIVE
2025-09-26 03:00:00,FRN.Flow-In.Ave.15Minutes.3Hours.MIXED-COMPUTED-REV,-199.22,5.38,-204.60,NEGATIVE
2025-09-26 04:00:00,FRN.Flow-In.Ave.15Minutes.3Hours.MIXED-COMPUTED-REV,-148.09,-7.84,-140.25,NEGATIVE
2025-09-26 05:00:00,FRN.Flow-In.Ave.15Minutes.3Hours.MIXED-COMPUTED-REV,-96.88,-20.07,-76.82,NEGATIVE
2025-09-26 07:00:00,FRN.Flow-In.Ave.15Minutes.3Hours.MIXED-COMPUTED-REV,-20.07,-7.84,-12.22,NEGATIVE
2025-09-26 14:00:00,FRN.Flow-In.Ave.15Minutes.3Hours.MIXED-COMPUTED-REV,-109.72,-109.02,-0.70,NEGATIVE
2025-09-26 15:00:00,FRN.Flow-In.Ave.15Minutes.3Hours.MIXED-COMPUTED-REV,-237.18,-109.02,-128.16,NEGATIVE
2025-09-26 16:00:00,FRN.Flow-In.Ave.15Minutes.3Hours.MIXED-COMPUTED-REV,-224.43,-96.88,-127.55,NEGATIVE
2025-09-26 17:00:00,FRN.Flow-In.Ave.15Minutes.3Hours.MIXED-COMPUTED-REV,-58.74,-58.74,0.00,NEGATIVE
2025-09-26 19:00:00,FRN.Flow-In.Ave.15Minutes.3Hours.MIXED-COMPUTED-REV,-109.64,-20.07,-89.57,NEGATIVE
2025-09-26 20:00:00,FRN.Flow-In.Ave.15Minutes.3Hours.MIXED-COMPUTED-REV,-236.99,5.38,-242.37,NEGATIVE
2025-09-26 21:00:00,FRN.Flow-In.Ave.15Minutes.3Hours.MIXED-COMPUTED-REV,-236.97,55.96,-292.94,NEGATIVE
2025-09-26 22:00:00,FRN.Flow-In.Ave.15Minutes.3Hours.MIXED-COMPUTED-REV,-236.73,-58.74,-177.98,NEGATIVE
2025-09-26 23:00:00,FRN.Flow-In.Ave.15Minutes.3Hours.MIXED-COMPUTED-REV,-236.53,-109.02,-127.51,NEGATIVE
2025-09-27 00:00:00,FRN.Flow-In.Ave.15Minutes.3Hours.MIXED-COMPUTED-REV,-350.83,-109.16,-241.67,NEGATIVE
2025-09-27 01:00:00,FRN.Flow-In.Ave.15Minutes.3Hours.MIXED-COMPUTED-REV,-350.57,-109.16,-241.41,NEGATIVE
2025-09-27 02:00:00,FRN.Flow-In.Ave.15Minutes.3Hours.MIXED-COMPUTED-REV,-109.02,-109.16,0.14,NEGATIVE
2025-09-27 10:00:00,FRN.Flow-In.Ave.15Minutes.3Hours.MIXED-COMPUTED-REV,-109.16,56.00,-165.17,NEGATIVE
2025-09-27 11:00:00,FRN.Flow-In.Ave.15Minutes.3Hours.MIXED-COMPUTED-REV,-236.21,56.00,-292.22,NEGATIVE
2025-09-27 12:00:00,FRN.Flow-In.Ave.15Minutes.3Hours.MIXED-COMPUTED-REV,-223.51,56.00,-279.51,NEGATIVE
2025-09-27 13:00:00,FRN.Flow-In.Ave.15Minutes.3Hours.MIXED-COMPUTED-REV,-58.34,68.71,-127.05,NEGATIVE
2025-09-27 21:00:00,FRN.Flow-In.Ave.15Minutes.3Hours.MIXED-COMPUTED-REV,-159.74,30.63,-190.38,NEGATIVE
2025-09-27 22:00:00,FRN.Flow-In.Ave.15Minutes.3Hours.MIXED-COMPUTED-REV,-235.89,30.63,-266.53,NEGATIVE
2025-09-27 23:00:00,FRN.Flow-In.Ave.15Minutes.3Hours.MIXED-COMPUTED-REV,-197.78,56.26,-254.04,NEGATIVE
2025-09-28 00:00:00,FRN.Flow-In.Ave.15Minutes.3Hours.MIXED-COMPUTED-REV,-7.32,68.71,-76.03,NEGATIVE
2025-09-28 06:00:00,FRN.Flow-In.Ave.15Minutes.3Hours.MIXED-COMPUTED-REV,-108.59,56.26,-164.85,NEGATIVE
2025-09-28 07:00:00,FRN.Flow-In.Ave.15Minutes.3Hours.MIXED-COMPUTED-REV,-235.33,30.63,-265.97,NEGATIVE
2025-09-28 08:00:00,FRN.Flow-In.Ave.15Minutes.3Hours.MIXED-COMPUTED-REV,-222.69,-7.32,-215.38,NEGATIVE
2025-09-28 09:00:00,FRN.Flow-In.Ave.15Minutes.3Hours.MIXED-COMPUTED-REV,-57.94,-7.64,-50.30,NEGATIVE
2025-09-28 16:00:00,FRN.Flow-In.Ave.15Minutes.3Hours.MIXED-COMPUTED-REV,-7.68,-108.59,100.91,NEGATIVE
2025-09-28 17:00:00,FRN.Flow-In.Ave.15Minutes.3Hours.MIXED-COMPUTED-REV,-198.66,-108.59,-90.06,NEGATIVE
2025-09-28 18:00:00,FRN.Flow-In.Ave.15Minutes.3Hours.MIXED-COMPUTED-REV,-236.85,-108.59,-128.26,NEGATIVE
2025-09-28 19:00:00,FRN.Flow-In.Ave.15Minutes.3Hours.MIXED-COMPUTED-REV,-160.46,-57.94,-102.52,NEGATIVE
2025-09-28 20:00:00,FRN.Flow-In.Ave.15Minutes.3Hours.MIXED-COMPUTED-REV,-7.64,-7.68,0.04,NEGATIVE
2025-09-28 21:00:00,FRN.Flow-In.Ave.15Minutes.3Hours.MIXED-COMPUTED-REV,-160.22,-7.64,-152.58,NEGATIVE
2025-09-28 22:00:00,FRN.Flow-In.Ave.15Minutes.3Hours.MIXED-COMPUTED-REV,-236.53,30.64,-267.17,NEGATIVE
2025-09-28 23:00:00,FRN.Flow-In.Ave.15Minutes.3Hours.MIXED-COMPUTED-REV,-198.38,-7.64,-190.73,NEGATIVE
2025-09-29 00:00:00,FRN.Flow-In.Ave.15Minutes.3Hours.MIXED-COMPUTED-REV,-134.65,-7.68,-126.97,NEGATIVE
2025-09-29 01:00:00,FRN.Flow-In.Ave.15Minutes.3Hours.MIXED-COMPUTED-REV,-223.50,-109.04,-114.47,NEGATIVE
2025-09-29 02:00:00,FRN.Flow-In.Ave.15Minutes.3Hours.MIXED-COMPUTED-REV,-236.17,-109.04,-127.14,NEGATIVE
2025-09-29 03:00:00,FRN.Flow-In.Ave.15Minutes.3Hours.MIXED-COMPUTED-REV,-109.04,-109.04,0.00,NEGATIVE
2025-09-29 11:00:00,FRN.Flow-In.Ave.15Minutes.3Hours.MIXED-COMPUTED-REV,-159.74,68.70,-228.44,NEGATIVE
2025-09-29 12:00:00,FRN.Flow-In.Ave.15Minutes.3Hours.MIXED-COMPUTED-REV,-235.88,68.71,-304.59,NEGATIVE
2025-09-29 13:00:00,FRN.Flow-In.Ave.15Minutes.3Hours.MIXED-COMPUTED-REV,-197.81,68.71,-266.52,NEGATIVE
2025-09-29 14:00:00,FRN.Flow-In.Ave.15Minutes.3Hours.MIXED-COMPUTED-REV,-7.44,68.71,-76.15,NEGATIVE
2025-09-30 08:00:00,FRN.Flow-In.Ave.15Minutes.3Hours.MIXED-COMPUTED-REV,-147.04,68.58,-215.62,NEGATIVE
2025-09-30 09:00:00,FRN.Flow-In.Ave.15Minutes.3Hours.MIXED-COMPUTED-REV,-223.19,68.58,-291.77,NEGATIVE
2025-09-30 10:00:00,FRN.Flow-In.Ave.15Minutes.3Hours.MIXED-COMPUTED-REV,-172.45,68.58,-241.02,NEGATIVE
2025-09-30 11:00:00,FRN.Flow-In.Ave.15Minutes.3Hours.MIXED-COMPUTED-REV,-20.23,55.88,-76.11,NEGATIVE
2025-09-30 17:00:00,FRN.Flow-In.Ave.15Minutes.3Hours.MIXED-COMPUTED-REV,-159.49,30.68,-190.17,NEGATIVE
2025-09-30 18:00:00,FRN.Flow-In.Ave.15Minutes.3Hours.MIXED-COMPUTED-REV,-222.88,17.96,-240.85,NEGATIVE
2025-09-30 19:00:00,FRN.Flow-In.Ave.15Minutes.3Hours.MIXED-COMPUTED-REV,-108.78,5.25,-114.04,NEGATIVE
2025-09-30 23:00:00,FRN.Flow-In.Ave.15Minutes.3Hours.MIXED-COMPUTED-REV,-311.87,55.88,-367.75,NEGATIVE
2024-10-01 00:00:00,GPR.Flow-In.Ave.1Hour.3Hours.CBT-COMPUTED-REV,-294.80,114.51,-409.31,NEGATIVE
2024-10-01 01:00:00,GPR.Flow-In.Ave.1Hour.3Hours.CBT-COMPUTED-REV,-252.71,70.85,-323.56,NEGATIVE
2024-10-01 02:00:00,GPR.Flow-In.Ave.1Hour.3Hours.CBT-COMPUTED-REV,-78.37,27.19,-105.56,NEGATIVE
2024-10-01 03:00:00,GPR.Flow-In.Ave.1Hour.3Hours.CBT-COMPUTED-REV,-47.84,27.19,-75.03,NEGATIVE
2024-10-01 04:00:00,GPR.Flow-In.Ave.1Hour.3Hours.CBT-COMPUTED-REV,-31.97,27.19,-59.16,NEGATIVE
2024-10-01 14:00:00,GPR.Flow-In.Ave.1Hour.3Hours.CBT-COMPUTED-REV,-44.24,-31.97,-12.27,NEGATIVE
2024-10-01 15:00:00,GPR.Flow-In.Ave.1Hour.3Hours.CBT-COMPUTED-REV,-95.74,-26.61,-69.13,NEGATIVE
2024-10-01 16:00:00,GPR.Flow-In.Ave.1Hour.3Hours.CBT-COMPUTED-REV,-195.61,-1.25,-194.36,NEGATIVE
2024-10-01 17:00:00,GPR.Flow-In.Ave.1Hour.3Hours.CBT-COMPUTED-REV,-184.00,22.89,-206.88,NEGATIVE
2024-10-01 18:00:00,GPR.Flow-In.Ave.1Hour.3Hours.CBT-COMPUTED-REV,-123.65,22.89,-146.54,NEGATIVE
2024-10-01 19:00:00,GPR.Flow-In.Ave.1Hour.3Hours.CBT-COMPUTED-REV,-86.04,22.89,-108.92,NEGATIVE
2024-10-01 21:00:00,GPR.Flow-In.Ave.1Hour.3Hours.CBT-COMPUTED-REV,-1.25,22.89,-24.14,NEGATIVE
2024-10-01 22:00:00,GPR.Flow-In.Ave.1Hour.3Hours.CBT-COMPUTED-REV,-26.61,22.89,-49.49,NEGATIVE
2024-10-01 23:00:00,GPR.Flow-In.Ave.1Hour.3Hours.CBT-COMPUTED-REV,-91.53,22.89,-114.42,NEGATIVE
2024-10-02 00:00:00,GPR.Flow-In.Ave.1Hour.3Hours.CBT-COMPUTED-REV,-179.24,5.23,-184.46,NEGATIVE
2024-10-02 01:00:00,GPR.Flow-In.Ave.1Hour.3Hours.CBT-COMPUTED-REV,-138.48,-1.25,-137.23,NEGATIVE
2024-10-02 02:00:00,GPR.Flow-In.Ave.1Hour.3Hours.CBT-COMPUTED-REV,-52.53,-1.25,-51.28,NEGATIVE
2024-10-02 13:00:00,GPR.Flow-In.Ave.1Hour.3Hours.CBT-COMPUTED-REV,-39.55,5.31,-44.86,NEGATIVE
2024-10-02 15:00:00,GPR.Flow-In.Ave.1Hour.3Hours.CBT-COMPUTED-REV,-39.07,5.31,-44.38,NEGATIVE
2024-10-02 16:00:00,GPR.Flow-In.Ave.1Hour.3Hours.CBT-COMPUTED-REV,-83.01,5.31,-88.32,NEGATIVE
2024-10-02 17:00:00,GPR.Flow-In.Ave.1Hour.3Hours.CBT-COMPUTED-REV,-125.68,5.31,-130.99,NEGATIVE
2024-10-02 18:00:00,GPR.Flow-In.Ave.1Hour.3Hours.CBT-COMPUTED-REV,-167.32,5.31,-172.63,NEGATIVE
2024-10-02 19:00:00,GPR.Flow-In.Ave.1Hour.3Hours.CBT-COMPUTED-REV,-144.89,5.31,-150.20,NEGATIVE
2024-10-02 20:00:00,GPR.Flow-In.Ave.1Hour.3Hours.CBT-COMPUTED-REV,-36.42,5.31,-41.73,NEGATIVE
2024-10-03 00:00:00,GPR.Flow-In.Ave.1Hour.3Hours.CBT-COMPUTED-REV,-57.24,5.31,-62.55,NEGATIVE
2024-10-03 01:00:00,GPR.Flow-In.Ave.1Hour.3Hours.CBT-COMPUTED-REV,-71.24,45.46,-116.69,NEGATIVE
2024-10-03 02:00:00,GPR.Flow-In.Ave.1Hour.3Hours.CBT-COMPUTED-REV,-76.17,50.70,-126.87,NEGATIVE
2024-10-03 03:00:00,GPR.Flow-In.Ave.1Hour.3Hours.CBT-COMPUTED-REV,-0.86,50.70,-51.56,NEGATIVE
2024-10-03 15:00:00,GPR.Flow-In.Ave.1Hour.3Hours.CBT-COMPUTED-REV,-16.82,-16.82,0.00,NEGATIVE
2024-10-03 16:00:00,GPR.Flow-In.Ave.1Hour.3Hours.CBT-COMPUTED-REV,-90.27,-18.02,-72.25,NEGATIVE
2024-10-03 17:00:00,GPR.Flow-In.Ave.1Hour.3Hours.CBT-COMPUTED-REV,-59.63,-35.46,-24.17,NEGATIVE
2024-10-03 18:00:00,GPR.Flow-In.Ave.1Hour.3Hours.CBT-COMPUTED-REV,-35.46,-35.46,0.00,NEGATIVE
2024-10-03 19:00:00,GPR.Flow-In.Ave.1Hour.3Hours.CBT-COMPUTED-REV,-52.20,-35.46,-16.73,NEGATIVE
2024-10-03 20:00:00,GPR.Flow-In.Ave.1Hour.3Hours.CBT-COMPUTED-REV,-18.02,-35.46,17.44,NEGATIVE
2024-10-03 21:00:00,GPR.Flow-In.Ave.1Hour.3Hours.CBT-COMPUTED-REV,-105.40,-35.46,-69.94,NEGATIVE
2024-10-03 22:00:00,GPR.Flow-In.Ave.1Hour.3Hours.CBT-COMPUTED-REV,-103.99,-35.46,-68.53,NEGATIVE
2024-10-03 23:00:00,GPR.Flow-In.Ave.1Hour.3Hours.CBT-COMPUTED-REV,-103.17,-35.46,-67.71,NEGATIVE
2024-10-04 00:00:00,GPR.Flow-In.Ave.1Hour.3Hours.CBT-COMPUTED-REV,-143.92,-35.46,-108.46,NEGATIVE
2024-10-04 01:00:00,GPR.Flow-In.Ave.1Hour.3Hours.CBT-COMPUTED-REV,-64.28,-35.46,-28.82,NEGATIVE
2024-10-04 02:00:00,GPR.Flow-In.Ave.1Hour.3Hours.CBT-COMPUTED-REV,-151.29,-35.46,-115.83,NEGATIVE
2024-10-04 03:00:00,GPR.Flow-In.Ave.1Hour.3Hours.CBT-COMPUTED-REV,-68.85,-35.46,-33.39,NEGATIVE
2024-10-04 04:00:00,GPR.Flow-In.Ave.1Hour.3Hours.CBT-COMPUTED-REV,-122.33,-52.20,-70.14,NEGATIVE
2024-10-04 05:00:00,GPR.Flow-In.Ave.1Hour.3Hours.CBT-COMPUTED-REV,-55.71,-52.20,-3.52,NEGATIVE
2024-10-04 07:00:00,GPR.Flow-In.Ave.1Hour.3Hours.CBT-COMPUTED-REV,376.38,-55.71,432.09,SPIKE
2024-10-04 08:00:00,GPR.Flow-In.Ave.1Hour.3Hours.CBT-COMPUTED-REV,767.63,-55.71,823.35,SPIKE
2024-10-04 09:00:00,GPR.Flow-In.Ave.1Hour.3Hours.CBT-COMPUTED-REV,678.11,-55.71,733.82,SPIKE
2024-10-04 16:00:00,GPR.Flow-In.Ave.1Hour.3Hours.CBT-COMPUTED-REV,-86.07,28.51,-114.58,NEGATIVE
2024-10-04 17:00:00,GPR.Flow-In.Ave.1Hour.3Hours.CBT-COMPUTED-REV,-98.24,28.51,-126.75,NEGATIVE
2024-10-04 18:00:00,GPR.Flow-In.Ave.1Hour.3Hours.CBT-COMPUTED-REV,-139.38,51.11,-190.49,NEGATIVE
2024-10-04 19:00:00,GPR.Flow-In.Ave.1Hour.3Hours.CBT-COMPUTED-REV,-94.84,51.11,-145.95,NEGATIVE
2024-10-05 01:00:00,GPR.Flow-In.Ave.1Hour.3Hours.CBT-COMPUTED-REV,-10.50,71.10,-81.60,NEGATIVE
2024-10-05 02:00:00,GPR.Flow-In.Ave.1Hour.3Hours.CBT-COMPUTED-REV,-24.05,71.10,-95.15,NEGATIVE
2024-10-05 03:00:00,GPR.Flow-In.Ave.1Hour.3Hours.CBT-COMPUTED-REV,-94.13,71.10,-165.23,NEGATIVE
2024-10-05 16:00:00,GPR.Flow-In.Ave.1Hour.3Hours.CBT-COMPUTED-REV,-73.72,16.32,-90.04,NEGATIVE
2024-10-05 17:00:00,GPR.Flow-In.Ave.1Hour.3Hours.CBT-COMPUTED-REV,-75.58,21.39,-96.98,NEGATIVE
2024-10-05 18:00:00,GPR.Flow-In.Ave.1Hour.3Hours.CBT-COMPUTED-REV,-81.07,21.39,-102.46,NEGATIVE
2024-10-05 19:00:00,GPR.Flow-In.Ave.1Hour.3Hours.CBT-COMPUTED-REV,-65.89,21.39,-87.28,NEGATIVE
2024-10-05 20:00:00,GPR.Flow-In.Ave.1Hour.3Hours.CBT-COMPUTED-REV,-6.06,21.39,-27.45,NEGATIVE
2024-10-05 21:00:00,GPR.Flow-In.Ave.1Hour.3Hours.CBT-COMPUTED-REV,-28.29,21.39,-49.68,NEGATIVE
2024-10-05 22:00:00,GPR.Flow-In.Ave.1Hour.3Hours.CBT-COMPUTED-REV,-26.37,21.39,-47.76,NEGATIVE
2024-10-05 23:00:00,GPR.Flow-In.Ave.1Hour.3Hours.CBT-COMPUTED-REV,-6.58,21.39,-27.97,NEGATIVE
2024-10-06 03:00:00,GPR.Flow-In.Ave.1Hour.3Hours.CBT-COMPUTED-REV,-7.75,21.39,-29.15,NEGATIVE
2024-10-06 04:00:00,GPR.Flow-In.Ave.1Hour.3Hours.CBT-COMPUTED-REV,-11.29,49.77,-61.05,NEGATIVE
2024-10-06 07:00:00,GPR.Flow-In.Ave.1Hour.3Hours.CBT-COMPUTED-REV,503.27,49.77,453.50,SPIKE
2024-10-06 08:00:00,GPR.Flow-In.Ave.1Hour.3Hours.CBT-COMPUTED-REV,487.71,49.77,437.95,SPIKE
2024-10-06 09:00:00,GPR.Flow-In.Ave.1Hour.3Hours.CBT-COMPUTED-REV,432.51,49.77,382.74,SPIKE
2024-10-06 17:00:00,GPR.Flow-In.Ave.1Hour.3Hours.CBT-COMPUTED-REV,-15.97,50.00,-65.97,NEGATIVE
2024-10-06 18:00:00,GPR.Flow-In.Ave.1Hour.3Hours.CBT-COMPUTED-REV,-105.57,70.77,-176.35,NEGATIVE
2024-10-06 19:00:00,GPR.Flow-In.Ave.1Hour.3Hours.CBT-COMPUTED-REV,-115.02,70.77,-185.79,NEGATIVE
2024-10-06 20:00:00,GPR.Flow-In.Ave.1Hour.3Hours.CBT-COMPUTED-REV,-88.60,70.77,-159.37,NEGATIVE
2024-10-06 21:00:00,GPR.Flow-In.Ave.1Hour.3Hours.CBT-COMPUTED-REV,-16.97,70.77,-87.75,NEGATIVE
2024-10-07 03:00:00,GPR.Flow-In.Ave.1Hour.3Hours.CBT-COMPUTED-REV,-128.16,42.55,-170.71,NEGATIVE
2024-10-07 04:00:00,GPR.Flow-In.Ave.1Hour.3Hours.CBT-COMPUTED-REV,-139.54,10.48,-150.02,NEGATIVE
2024-10-07 05:00:00,GPR.Flow-In.Ave.1Hour.3Hours.CBT-COMPUTED-REV,-104.44,10.48,-114.92,NEGATIVE
2024-10-07 14:00:00,GPR.Flow-In.Ave.1Hour.3Hours.CBT-COMPUTED-REV,-63.77,39.14,-102.91,NEGATIVE
2024-10-07 15:00:00,GPR.Flow-In.Ave.1Hour.3Hours.CBT-COMPUTED-REV,-39.31,39.14,-78.45,NEGATIVE
2024-10-07 16:00:00,GPR.Flow-In.Ave.1Hour.3Hours.CBT-COMPUTED-REV,-24.75,39.14,-63.89,NEGATIVE
2024-10-07 23:00:00,GPR.Flow-In.Ave.1Hour.3Hours.CBT-COMPUTED-REV,-12.43,50.00,-62.43,NEGATIVE
2024-10-08 00:00:00,GPR.Flow-In.Ave.1Hour.3Hours.CBT-COMPUTED-REV,-75.66,50.00,-125.66,NEGATIVE
2024-10-08 01:00:00,GPR.Flow-In.Ave.1Hour.3Hours.CBT-COMPUTED-REV,-367.50,70.66,-438.16,NEGATIVE
2024-10-08 02:00:00,GPR.Flow-In.Ave.1Hour.3Hours.CBT-COMPUTED-REV,-478.79,70.66,-549.45,NEGATIVE
2024-10-08 03:00:00,GPR.Flow-In.Ave.1Hour.3Hours.CBT-COMPUTED-REV,-387.61,70.66,-458.27,NEGATIVE
2024-10-08 04:00:00,GPR.Flow-In.Ave.1Hour.3Hours.CBT-COMPUTED-REV,-94.01,70.66,-164.67,NEGATIVE
2024-10-08 15:00:00,GPR.Flow-In.Ave.1Hour.3Hours.CBT-COMPUTED-REV,-44.06,66.56,-110.61,NEGATIVE
2024-10-08 16:00:00,GPR.Flow-In.Ave.1Hour.3Hours.CBT-COMPUTED-REV,-85.45,66.56,-152.01,NEGATIVE
2024-10-08 17:00:00,GPR.Flow-In.Ave.1Hour.3Hours.CBT-COMPUTED-REV,-86.93,70.66,-157.59,NEGATIVE
2024-10-08 23:00:00,GPR.Flow-In.Ave.1Hour.3Hours.CBT-COMPUTED-REV,-20.09,70.66,-90.75,NEGATIVE
2024-10-09 00:00:00,GPR.Flow-In.Ave.1Hour.3Hours.CBT-COMPUTED-REV,-89.61,70.66,-160.26,NEGATIVE
2024-10-09 01:00:00,GPR.Flow-In.Ave.1Hour.3Hours.CBT-COMPUTED-REV,-178.68,66.56,-245.24,NEGATIVE
2024-10-09 02:00:00,GPR.Flow-In.Ave.1Hour.3Hours.CBT-COMPUTED-REV,-145.16,66.17,-211.33,NEGATIVE
2024-10-09 03:00:00,GPR.Flow-In.Ave.1Hour.3Hours.CBT-COMPUTED-REV,-31.17,66.17,-97.33,NEGATIVE
2024-10-09 13:00:00,GPR.Flow-In.Ave.1Hour.3Hours.CBT-COMPUTED-REV,-8.88,51.81,-60.69,NEGATIVE
2024-10-09 14:00:00,GPR.Flow-In.Ave.1Hour.3Hours.CBT-COMPUTED-REV,-94.57,51.81,-146.39,NEGATIVE
2024-10-09 15:00:00,GPR.Flow-In.Ave.1Hour.3Hours.CBT-COMPUTED-REV,-103.97,51.81,-155.78,NEGATIVE
2024-10-09 16:00:00,GPR.Flow-In.Ave.1Hour.3Hours.CBT-COMPUTED-REV,-84.42,54.31,-138.73,NEGATIVE
2024-10-09 17:00:00,GPR.Flow-In.Ave.1Hour.3Hours.CBT-COMPUTED-REV,-20.85,54.31,-75.16,NEGATIVE
2024-10-09 22:00:00,GPR.Flow-In.Ave.1Hour.3Hours.CBT-COMPUTED-REV,-400.28,54.31,-454.59,NEGATIVE
2024-10-09 23:00:00,GPR.Flow-In.Ave.1Hour.3Hours.CBT-COMPUTED-REV,-960.54,51.81,-1012.35,"SPIKE,NEGATIVE"
2024-10-10 00:00:00,GPR.Flow-In.Ave.1Hour.3Hours.CBT-COMPUTED-REV,-1468.78,50.00,-1518.78,"SPIKE,NEGATIVE"
2024-10-10 01:00:00,GPR.Flow-In.Ave.1Hour.3Hours.CBT-COMPUTED-REV,-1555.08,49.84,-1604.93,"SPIKE,NEGATIVE"
2024-10-10 02:00:00,GPR.Flow-In.Ave.1Hour.3Hours.CBT-COMPUTED-REV,-1038.21,49.84,-1088.05,"SPIKE,NEGATIVE"
2024-10-10 03:00:00,GPR.Flow-In.Ave.1Hour.3Hours.CBT-COMPUTED-REV,-512.67,49.84,-562.51,NEGATIVE
2024-10-10 14:00:00,GPR.Flow-In.Ave.1Hour.3Hours.CBT-COMPUTED-REV,-13.68,139.63,-153.32,NEGATIVE
2024-10-10 15:00:00,GPR.Flow-In.Ave.1Hour.3Hours.CBT-COMPUTED-REV,-16.59,139.63,-156.22,NEGATIVE
2024-10-10 16:00:00,GPR.Flow-In.Ave.1Hour.3Hours.CBT-COMPUTED-REV,-45.19,139.63,-184.82,NEGATIVE
2024-10-10 17:00:00,GPR.Flow-In.Ave.1Hour.3Hours.CBT-COMPUTED-REV,-5.59,145.24,-150.83,NEGATIVE
2024-10-11 17:00:00,GPR.Flow-In.Ave.1Hour.3Hours.CBT-COMPUTED-REV,-68.27,68.76,-137.03,NEGATIVE
2024-10-11 18:00:00,GPR.Flow-In.Ave.1Hour.3Hours.CBT-COMPUTED-REV,-141.90,68.76,-210.66,NEGATIVE
2024-10-11 19:00:00,GPR.Flow-In.Ave.1Hour.3Hours.CBT-COMPUTED-REV,-120.43,68.76,-189.19,NEGATIVE
2024-10-11 20:00:00,GPR.Flow-In.Ave.1Hour.3Hours.CBT-COMPUTED-REV,-47.84,68.76,-116.60,NEGATIVE
2024-10-12 01:00:00,GPR.Flow-In.Ave.1Hour.3Hours.CBT-COMPUTED-REV,-6.53,47.22,-53.75,NEGATIVE
2024-10-12 10:00:00,GPR.Flow-In.Ave.1Hour.3Hours.CBT-COMPUTED-REV,-18.32,140.00,-158.32,NEGATIVE
2024-10-15 18:00:00,GPR.Flow-In.Ave.1Hour.3Hours.CBT-COMPUTED-REV,-34.35,219.70,-254.05,NEGATIVE
2024-10-16 01:00:00,GPR.Flow-In.Ave.1Hour.3Hours.CBT-COMPUTED-REV,-23.93,220.79,-244.72,NEGATIVE
2024-10-16 06:00:00,GPR.Flow-In.Ave.1Hour.3Hours.CBT-COMPUTED-REV,-82.18,256.82,-339.00,NEGATIVE
2024-10-16 07:00:00,GPR.Flow-In.Ave.1Hour.3Hours.CBT-COMPUTED-REV,-28.76,275.91,-304.67,NEGATIVE
2024-10-16 08:00:00,GPR.Flow-In.Ave.1Hour.3Hours.CBT-COMPUTED-REV,-18.83,276.77,-295.61,NEGATIVE
2024-10-18 07:00:00,GPR.Flow-In.Ave.1Hour.3Hours.CBT-COMPUTED-REV,821.27,501.77,319.50,SPIKE
2024-10-18 09:00:00,GPR.Flow-In.Ave.1Hour.3Hours.CBT-COMPUTED-REV,810.46,489.77,320.69,SPIKE
2024-10-18 13:00:00,GPR.Flow-In.Ave.1Hour.3Hours.CBT-COMPUTED-REV,248.07,501.77,-253.70,SPIKE
2024-10-19 03:00:00,GPR.Flow-In.Ave.1Hour.3Hours.CBT-COMPUTED-REV,133.65,504.78,-371.13,SPIKE
2024-10-19 04:00:00,GPR.Flow-In.Ave.1Hour.3Hours.CBT-COMPUTED-REV,-48.56,526.64,-575.20,"SPIKE,NEGATIVE"
2024-10-19 05:00:00,GPR.Flow-In.Ave.1Hour.3Hours.CBT-COMPUTED-REV,-43.22,526.65,-569.87,"SPIKE,NEGATIVE"
2024-10-19 06:00:00,GPR.Flow-In.Ave.1Hour.3Hours.CBT-COMPUTED-REV,150.68,530.99,-380.32,SPIKE
2024-10-20 04:00:00,GPR.Flow-In.Ave.1Hour.3Hours.CBT-COMPUTED-REV,-78.05,608.66,-686.71,NEGATIVE
2024-10-20 05:00:00,GPR.Flow-In.Ave.1Hour.3Hours.CBT-COMPUTED-REV,-25.49,608.66,-634.15,NEGATIVE
2024-10-21 04:00:00,GPR.Flow-In.Ave.1Hour.3Hours.CBT-COMPUTED-REV,-71.00,410.20,-481.19,NEGATIVE
2024-10-21 05:00:00,GPR.Flow-In.Ave.1Hour.3Hours.CBT-COMPUTED-REV,-298.29,410.20,-708.49,NEGATIVE
2024-10-21 06:00:00,GPR.Flow-In.Ave.1Hour.3Hours.CBT-COMPUTED-REV,-159.98,410.20,-570.17,NEGATIVE
2024-10-22 22:00:00,GPR.Flow-In.Ave.1Hour.3Hours.CBT-COMPUTED-REV,-34.90,436.85,-471.75,NEGATIVE
2024-10-22 23:00:00,GPR.Flow-In.Ave.1Hour.3Hours.CBT-COMPUTED-REV,-67.12,436.85,-503.97,NEGATIVE
2024-10-23 00:00:00,GPR.Flow-In.Ave.1Hour.3Hours.CBT-COMPUTED-REV,-58.66,413.70,-472.35,NEGATIVE
2024-10-23 05:00:00,GPR.Flow-In.Ave.1Hour.3Hours.CBT-COMPUTED-REV,-32.92,397.56,-430.48,NEGATIVE
2024-10-24 02:00:00,GPR.Flow-In.Ave.1Hour.3Hours.CBT-COMPUTED-REV,-48.64,464.44,-513.07,NEGATIVE
2024-10-24 03:00:00,GPR.Flow-In.Ave.1Hour.3Hours.CBT-COMPUTED-REV,-161.38,472.91,-634.29,NEGATIVE
2024-10-24 04:00:00,GPR.Flow-In.Ave.1Hour.3Hours.CBT-COMPUTED-REV,-186.13,481.69,-667.82,NEGATIVE
2024-10-24 05:00:00,GPR.Flow-In.Ave.1Hour.3Hours.CBT-COMPUTED-REV,-25.51,481.69,-507.20,NEGATIVE
2024-10-25 12:00:00,GPR.Flow-In.Ave.1Hour.3Hours.CBT-COMPUTED-REV,-25.46,244.71,-270.17,NEGATIVE
2024-10-26 17:00:00,GPR.Flow-In.Ave.1Hour.3Hours.CBT-COMPUTED-REV,-35.34,264.41,-299.75,NEGATIVE
2024-11-01 20:00:00,GPR.Flow-In.Ave.1Hour.3Hours.CBT-COMPUTED-REV,4514.47,3492.53,1021.95,SPIKE
2024-11-01 21:00:00,GPR.Flow-In.Ave.1Hour.3Hours.CBT-COMPUTED-REV,4729.88,3492.53,1237.35,SPIKE
2024-11-01 22:00:00,GPR.Flow-In.Ave.1Hour.3Hours.CBT-COMPUTED-REV,4718.56,3492.53,1226.04,SPIKE
2024-11-01 23:00:00,GPR.Flow-In.Ave.1Hour.3Hours.CBT-COMPUTED-REV,4687.49,3492.53,1194.96,SPIKE
2024-11-02 00:00:00,GPR.Flow-In.Ave.1Hour.3Hours.CBT-COMPUTED-REV,4608.27,3492.53,1115.74,SPIKE
2024-11-02 01:00:00,GPR.Flow-In.Ave.1Hour.3Hours.CBT-COMPUTED-REV,4583.70,3492.53,1091.18,SPIKE
2024-11-02 02:00:00,GPR.Flow-In.Ave.1Hour.3Hours.CBT-COMPUTED-REV,4428.44,3492.53,935.92,SPIKE
2024-11-08 00:00:00,GPR.Flow-In.Ave.1Hour.3Hours.CBT-COMPUTED-REV,385.75,946.69,-560.95,SPIKE
2024-11-08 01:00:00,GPR.Flow-In.Ave.1Hour.3Hours.CBT-COMPUTED-REV,497.45,946.30,-448.85,SPIKE
2024-11-09 00:00:00,GPR.Flow-In.Ave.1Hour.3Hours.CBT-COMPUTED-REV,1574.49,993.78,580.71,SPIKE
2024-11-09 01:00:00,GPR.Flow-In.Ave.1Hour.3Hours.CBT-COMPUTED-REV,1631.11,982.12,648.99,SPIKE
2024-11-09 02:00:00,GPR.Flow-In.Ave.1Hour.3Hours.CBT-COMPUTED-REV,1656.65,982.12,674.53,SPIKE
2024-11-09 03:00:00,GPR.Flow-In.Ave.1Hour.3Hours.CBT-COMPUTED-REV,1214.02,962.15,251.87,SPIKE
2024-11-23 06:00:00,GPR.Flow-In.Ave.1Hour.3Hours.CBT-COMPUTED-REV,7255.48,5696.85,1558.64,SPIKE
2024-12-02 23:00:00,GPR.Flow-In.Ave.1Hour.3Hours.CBT-COMPUTED-REV,609.35,915.09,-305.74,SPIKE
2024-12-20 10:00:00,GPR.Flow-In.Ave.1Hour.3Hours.CBT-COMPUTED-REV,5158.57,3724.75,1433.81,SPIKE
2024-12-20 11:00:00,GPR.Flow-In.Ave.1Hour.3Hours.CBT-COMPUTED-REV,4750.87,3662.06,1088.81,SPIKE
2025-01-18 13:00:00,GPR.Flow-In.Ave.1Hour.3Hours.CBT-COMPUTED-REV,678.94,1079.80,-400.86,SPIKE
2025-01-30 04:00:00,GPR.Flow-In.Ave.1Hour.3Hours.CBT-COMPUTED-REV,-1433.75,472.24,-1906.00,"SPIKE,NEGATIVE"
2025-01-30 05:00:00,GPR.Flow-In.Ave.1Hour.3Hours.CBT-COMPUTED-REV,-1388.16,472.24,-1860.40,"SPIKE,NEGATIVE"
2025-01-30 06:00:00,GPR.Flow-In.Ave.1Hour.3Hours.CBT-COMPUTED-REV,-1372.76,472.24,-1845.00,"SPIKE,NEGATIVE"
2025-01-30 08:00:00,GPR.Flow-In.Ave.1Hour.3Hours.CBT-COMPUTED-REV,2532.76,472.24,2060.52,SPIKE
2025-01-30 09:00:00,GPR.Flow-In.Ave.1Hour.3Hours.CBT-COMPUTED-REV,2535.23,472.24,2062.99,SPIKE
2025-01-30 10:00:00,GPR.Flow-In.Ave.1Hour.3Hours.CBT-COMPUTED-REV,2573.97,472.24,2101.73,SPIKE
2025-02-03 22:00:00,GPR.Flow-In.Ave.1Hour.3Hours.CBT-COMPUTED-REV,2081.59,1172.86,908.73,SPIKE
2025-02-03 23:00:00,GPR.Flow-In.Ave.1Hour.3Hours.CBT-COMPUTED-REV,2104.06,1172.86,931.19,SPIKE
2025-02-07 00:00:00,GPR.Flow-In.Ave.1Hour.3Hours.CBT-COMPUTED-REV,-414.88,793.16,-1208.04,"SPIKE,NEGATIVE"
2025-02-07 01:00:00,GPR.Flow-In.Ave.1Hour.3Hours.CBT-COMPUTED-REV,-546.12,770.70,-1316.82,"SPIKE,NEGATIVE"
2025-02-07 02:00:00,GPR.Flow-In.Ave.1Hour.3Hours.CBT-COMPUTED-REV,-642.77,770.70,-1413.48,"SPIKE,NEGATIVE"
2025-02-07 04:00:00,GPR.Flow-In.Ave.1Hour.3Hours.CBT-COMPUTED-REV,2182.82,770.70,1412.11,SPIKE
2025-02-07 05:00:00,GPR.Flow-In.Ave.1Hour.3Hours.CBT-COMPUTED-REV,2228.01,770.01,1458.00,SPIKE
2025-02-07 06:00:00,GPR.Flow-In.Ave.1Hour.3Hours.CBT-COMPUTED-REV,2183.16,770.01,1413.14,SPIKE
2025-02-09 17:00:00,GPR.Flow-In.Ave.1Hour.3Hours.CBT-COMPUTED-REV,498.86,754.35,-255.50,SPIKE
2025-02-11 00:00:00,GPR.Flow-In.Ave.1Hour.3Hours.CBT-COMPUTED-REV,1204.38,664.26,540.12,SPIKE
2025-02-11 01:00:00,GPR.Flow-In.Ave.1Hour.3Hours.CBT-COMPUTED-REV,1154.74,664.26,490.49,SPIKE
2025-02-11 16:00:00,GPR.Flow-In.Ave.1Hour.3Hours.CBT-COMPUTED-REV,404.76,673.89,-269.13,SPIKE
2025-02-12 16:00:00,GPR.Flow-In.Ave.1Hour.3Hours.CBT-COMPUTED-REV,294.12,664.59,-370.47,SPIKE
2025-02-12 17:00:00,GPR.Flow-In.Ave.1Hour.3Hours.CBT-COMPUTED-REV,326.47,664.75,-338.28,SPIKE
2025-02-24 03:00:00,GPR.Flow-In.Ave.1Hour.3Hours.CBT-COMPUTED-REV,24700.75,19532.56,5168.19,SPIKE
2025-02-24 04:00:00,GPR.Flow-In.Ave.1Hour.3Hours.CBT-COMPUTED-REV,26113.33,19532.56,6580.76,SPIKE
2025-02-24 05:00:00,GPR.Flow-In.Ave.1Hour.3Hours.CBT-COMPUTED-REV,26874.40,19532.56,7341.83,SPIKE
2025-02-24 06:00:00,GPR.Flow-In.Ave.1Hour.3Hours.CBT-COMPUTED-REV,26604.90,19532.56,7072.33,SPIKE
2025-02-24 07:00:00,GPR.Flow-In.Ave.1Hour.3Hours.CBT-COMPUTED-REV,25605.42,19532.56,6072.85,SPIKE
2025-02-25 12:00:00,GPR.Flow-In.Ave.1Hour.3Hours.CBT-COMPUTED-REV,9158.26,8509.94,648.32,JUMP
2025-03-11 00:00:00,GPR.Flow-In.Ave.1Hour.3Hours.CBT-COMPUTED-REV,2466.58,975.40,1491.17,SPIKE
2025-03-11 01:00:00,GPR.Flow-In.Ave.1Hour.3Hours.CBT-COMPUTED-REV,3094.26,975.40,2118.86,SPIKE
2025-03-11 02:00:00,GPR.Flow-In.Ave.1Hour.3Hours.CBT-COMPUTED-REV,3005.43,975.40,2030.03,SPIKE
2025-03-11 03:00:00,GPR.Flow-In.Ave.1Hour.3Hours.CBT-COMPUTED-REV,2295.45,975.40,1320.05,SPIKE
2025-03-12 03:00:00,GPR.Flow-In.Ave.1Hour.3Hours.CBT-COMPUTED-REV,518.91,880.65,-361.74,SPIKE
2025-03-12 04:00:00,GPR.Flow-In.Ave.1Hour.3Hours.CBT-COMPUTED-REV,545.50,896.86,-351.36,SPIKE
2025-03-15 04:00:00,GPR.Flow-In.Ave.1Hour.3Hours.CBT-COMPUTED-REV,1117.27,1568.09,-450.81,SPIKE
2025-03-16 16:00:00,GPR.Flow-In.Ave.1Hour.3Hours.CBT-COMPUTED-REV,10217.28,7136.96,3080.33,SPIKE
2025-03-16 17:00:00,GPR.Flow-In.Ave.1Hour.3Hours.CBT-COMPUTED-REV,11196.98,7136.96,4060.03,SPIKE
2025-03-16 18:00:00,GPR.Flow-In.Ave.1Hour.3Hours.CBT-COMPUTED-REV,11616.09,7136.96,4479.13,SPIKE
2025-03-16 19:00:00,GPR.Flow-In.Ave.1Hour.3Hours.CBT-COMPUTED-REV,11441.56,7136.96,4304.60,SPIKE
2025-03-16 20:00:00,GPR.Flow-In.Ave.1Hour.3Hours.CBT-COMPUTED-REV,10927.96,7136.96,3791.00,SPIKE
2025-03-16 21:00:00,GPR.Flow-In.Ave.1Hour.3Hours.CBT-COMPUTED-REV,10560.68,7136.96,3423.73,SPIKE
2025-03-16 22:00:00,GPR.Flow-In.Ave.1Hour.3Hours.CBT-COMPUTED-REV,9987.15,7136.96,2850.19,SPIKE
2025-03-16 23:00:00,GPR.Flow-In.Ave.1Hour.3Hours.CBT-COMPUTED-REV,9398.86,7136.96,2261.91,SPIKE
2025-03-20 03:00:00,GPR.Flow-In.Ave.1Hour.3Hours.CBT-COMPUTED-REV,1374.90,2936.73,-1561.83,SPIKE
2025-03-20 04:00:00,GPR.Flow-In.Ave.1Hour.3Hours.CBT-COMPUTED-REV,1522.45,2936.73,-1414.28,SPIKE
2025-03-20 07:00:00,GPR.Flow-In.Ave.1Hour.3Hours.CBT-COMPUTED-REV,4661.10,2936.73,1724.37,SPIKE
2025-03-20 08:00:00,GPR.Flow-In.Ave.1Hour.3Hours.CBT-COMPUTED-REV,4692.76,2916.90,1775.87,SPIKE
2025-03-20 09:00:00,GPR.Flow-In.Ave.1Hour.3Hours.CBT-COMPUTED-REV,4601.00,2912.26,1688.74,SPIKE
2025-04-30 20:00:00,GPR.Flow-In.Ave.1Hour.3Hours.CBT-COMPUTED-REV,-324.43,515.03,-839.46,NEGATIVE
2025-04-30 21:00:00,GPR.Flow-In.Ave.1Hour.3Hours.CBT-COMPUTED-REV,-338.02,515.03,-853.05,NEGATIVE
2025-04-30 22:00:00,GPR.Flow-In.Ave.1Hour.3Hours.CBT-COMPUTED-REV,-392.53,491.36,-883.89,NEGATIVE
2025-05-02 06:00:00,GPR.Flow-In.Ave.1Hour.3Hours.CBT-COMPUTED-REV,625.71,255.32,370.39,SPIKE
2025-05-02 07:00:00,GPR.Flow-In.Ave.1Hour.3Hours.CBT-COMPUTED-REV,621.54,259.71,361.82,SPIKE
2025-05-08 03:00:00,GPR.Flow-In.Ave.1Hour.3Hours.CBT-COMPUTED-REV,-121.34,232.39,-353.73,NEGATIVE
2025-05-08 04:00:00,GPR.Flow-In.Ave.1Hour.3Hours.CBT-COMPUTED-REV,-34.94,232.39,-267.33,NEGATIVE
2025-05-16 07:00:00,GPR.Flow-In.Ave.1Hour.3Hours.CBT-COMPUTED-REV,-28.56,375.80,-404.36,NEGATIVE
2025-05-16 08:00:00,GPR.Flow-In.Ave.1Hour.3Hours.CBT-COMPUTED-REV,-146.73,375.80,-522.53,NEGATIVE
2025-06-03 01:00:00,GPR.Flow-In.Ave.1Hour.3Hours.CBT-COMPUTED-REV,149.71,708.80,-559.09,SPIKE
2025-06-03 02:00:00,GPR.Flow-In.Ave.1Hour.3Hours.CBT-COMPUTED-REV,-5.43,708.80,-714.23,"SPIKE,NEGATIVE"
2025-06-03 03:00:00,GPR.Flow-In.Ave.1Hour.3Hours.CBT-COMPUTED-REV,118.82,701.45,-582.63,SPIKE
2025-06-09 15:00:00,GPR.Flow-In.Ave.1Hour.3Hours.CBT-COMPUTED-REV,-111.41,203.23,-314.64,NEGATIVE
2025-06-09 16:00:00,GPR.Flow-In.Ave.1Hour.3Hours.CBT-COMPUTED-REV,-80.01,199.68,-279.69,NEGATIVE
2025-06-09 17:00:00,GPR.Flow-In.Ave.1Hour.3Hours.CBT-COMPUTED-REV,-30.10,199.68,-229.78,NEGATIVE
2025-06-10 17:00:00,GPR.Flow-In.Ave.1Hour.3Hours.CBT-COMPUTED-REV,-37.32,137.50,-174.81,NEGATIVE
2025-06-10 18:00:00,GPR.Flow-In.Ave.1Hour.3Hours.CBT-COMPUTED-REV,-31.72,132.73,-164.45,NEGATIVE
2025-06-11 14:00:00,GPR.Flow-In.Ave.1Hour.3Hours.CBT-COMPUTED-REV,-38.74,132.73,-171.47,NEGATIVE
2025-06-11 15:00:00,GPR.Flow-In.Ave.1Hour.3Hours.CBT-COMPUTED-REV,-100.03,129.86,-229.90,NEGATIVE
2025-06-11 16:00:00,GPR.Flow-In.Ave.1Hour.3Hours.CBT-COMPUTED-REV,-31.77,129.86,-161.63,NEGATIVE
2025-06-12 01:00:00,GPR.Flow-In.Ave.1Hour.3Hours.CBT-COMPUTED-REV,-21.11,155.32,-176.43,NEGATIVE
2025-06-12 15:00:00,GPR.Flow-In.Ave.1Hour.3Hours.CBT-COMPUTED-REV,-126.36,155.32,-281.69,NEGATIVE
2025-06-12 16:00:00,GPR.Flow-In.Ave.1Hour.3Hours.CBT-COMPUTED-REV,-118.94,155.32,-274.26,NEGATIVE
2025-06-12 17:00:00,GPR.Flow-In.Ave.1Hour.3Hours.CBT-COMPUTED-REV,-128.52,155.32,-283.84,NEGATIVE
2025-06-12 18:00:00,GPR.Flow-In.Ave.1Hour.3Hours.CBT-COMPUTED-REV,-4.18,155.32,-159.50,NEGATIVE
2025-06-13 01:00:00,GPR.Flow-In.Ave.1Hour.3Hours.CBT-COMPUTED-REV,-1.11,169.21,-170.32,NEGATIVE
2025-06-13 02:00:00,GPR.Flow-In.Ave.1Hour.3Hours.CBT-COMPUTED-REV,-44.15,169.21,-213.36,NEGATIVE
2025-06-13 03:00:00,GPR.Flow-In.Ave.1Hour.3Hours.CBT-COMPUTED-REV,-67.48,169.21,-236.69,NEGATIVE
2025-06-13 04:00:00,GPR.Flow-In.Ave.1Hour.3Hours.CBT-COMPUTED-REV,-10.80,169.21,-180.01,NEGATIVE
2025-06-13 16:00:00,GPR.Flow-In.Ave.1Hour.3Hours.CBT-COMPUTED-REV,-66.10,154.78,-220.88,NEGATIVE
2025-06-13 17:00:00,GPR.Flow-In.Ave.1Hour.3Hours.CBT-COMPUTED-REV,-182.12,154.78,-336.90,NEGATIVE
2025-06-13 18:00:00,GPR.Flow-In.Ave.1Hour.3Hours.CBT-COMPUTED-REV,-105.08,183.46,-288.54,NEGATIVE
2025-06-13 19:00:00,GPR.Flow-In.Ave.1Hour.3Hours.CBT-COMPUTED-REV,-71.20,200.74,-271.94,NEGATIVE
2025-06-14 19:00:00,GPR.Flow-In.Ave.1Hour.3Hours.CBT-COMPUTED-REV,-132.80,150.49,-283.29,NEGATIVE
2025-06-14 20:00:00,GPR.Flow-In.Ave.1Hour.3Hours.CBT-COMPUTED-REV,-178.41,150.49,-328.90,NEGATIVE
2025-06-14 21:00:00,GPR.Flow-In.Ave.1Hour.3Hours.CBT-COMPUTED-REV,-136.06,150.49,-286.55,NEGATIVE
2025-06-15 17:00:00,GPR.Flow-In.Ave.1Hour.3Hours.CBT-COMPUTED-REV,-27.80,169.78,-197.58,NEGATIVE
2025-06-15 18:00:00,GPR.Flow-In.Ave.1Hour.3Hours.CBT-COMPUTED-REV,-41.87,169.78,-211.65,NEGATIVE
2025-06-15 19:00:00,GPR.Flow-In.Ave.1Hour.3Hours.CBT-COMPUTED-REV,-111.91,169.78,-281.68,NEGATIVE
2025-06-15 20:00:00,GPR.Flow-In.Ave.1Hour.3Hours.CBT-COMPUTED-REV,-47.89,169.78,-217.66,NEGATIVE
2025-06-15 21:00:00,GPR.Flow-In.Ave.1Hour.3Hours.CBT-COMPUTED-REV,-22.38,169.78,-192.16,NEGATIVE
2025-06-15 22:00:00,GPR.Flow-In.Ave.1Hour.3Hours.CBT-COMPUTED-REV,-40.80,169.78,-210.58,NEGATIVE
2025-06-17 21:00:00,GPR.Flow-In.Ave.1Hour.3Hours.CBT-COMPUTED-REV,-26.13,212.66,-238.79,NEGATIVE
2025-06-24 22:00:00,GPR.Flow-In.Ave.1Hour.3Hours.CBT-COMPUTED-REV,-53.81,225.82,-279.63,NEGATIVE
2025-06-24 23:00:00,GPR.Flow-In.Ave.1Hour.3Hours.CBT-COMPUTED-REV,-18.49,225.07,-243.56,NEGATIVE
2025-06-28 23:00:00,GPR.Flow-In.Ave.1Hour.3Hours.CBT-COMPUTED-REV,-7.54,165.62,-173.16,NEGATIVE
2025-06-29 00:00:00,GPR.Flow-In.Ave.1Hour.3Hours.CBT-COMPUTED-REV,-39.99,165.62,-205.61,NEGATIVE
2025-06-29 01:00:00,GPR.Flow-In.Ave.1Hour.3Hours.CBT-COMPUTED-REV,-32.19,165.60,-197.79,NEGATIVE
2025-06-29 20:00:00,GPR.Flow-In.Ave.1Hour.3Hours.CBT-COMPUTED-REV,-7.74,136.61,-144.34,NEGATIVE
2025-06-30 20:00:00,GPR.Flow-In.Ave.1Hour.3Hours.CBT-COMPUTED-REV,-36.21,164.93,-201.13,NEGATIVE
2025-06-30 21:00:00,GPR.Flow-In.Ave.1Hour.3Hours.CBT-COMPUTED-REV,-100.40,164.93,-265.33,NEGATIVE
2025-06-30 22:00:00,GPR.Flow-In.Ave.1Hour.3Hours.CBT-COMPUTED-REV,-142.56,164.93,-307.48,NEGATIVE
2025-06-30 23:00:00,GPR.Flow-In.Ave.1Hour.3Hours.CBT-COMPUTED-REV,-191.56,164.93,-356.49,NEGATIVE
2025-07-01 00:00:00,GPR.Flow-In.Ave.1Hour.3Hours.CBT-COMPUTED-REV,-17.76,164.72,-182.48,NEGATIVE
2025-07-02 00:00:00,GPR.Flow-In.Ave.1Hour.3Hours.CBT-COMPUTED-REV,-17.47,136.06,-153.53,NEGATIVE
2025-07-02 01:00:00,GPR.Flow-In.Ave.1Hour.3Hours.CBT-COMPUTED-REV,-74.15,116.54,-190.69,NEGATIVE
2025-07-02 02:00:00,GPR.Flow-In.Ave.1Hour.3Hours.CBT-COMPUTED-REV,-155.07,107.96,-263.03,NEGATIVE
2025-07-02 03:00:00,GPR.Flow-In.Ave.1Hour.3Hours.CBT-COMPUTED-REV,-94.05,107.96,-202.01,NEGATIVE
2025-07-03 00:00:00,GPR.Flow-In.Ave.1Hour.3Hours.CBT-COMPUTED-REV,-47.63,107.12,-154.75,NEGATIVE
2025-07-03 01:00:00,GPR.Flow-In.Ave.1Hour.3Hours.CBT-COMPUTED-REV,-49.16,119.75,-168.91,NEGATIVE
2025-07-03 02:00:00,GPR.Flow-In.Ave.1Hour.3Hours.CBT-COMPUTED-REV,-48.69,130.41,-179.10,NEGATIVE
2025-07-04 03:00:00,GPR.Flow-In.Ave.1Hour.3Hours.CBT-COMPUTED-REV,-15.37,106.73,-122.10,NEGATIVE
2025-07-04 04:00:00,GPR.Flow-In.Ave.1Hour.3Hours.CBT-COMPUTED-REV,-140.26,106.73,-247.00,NEGATIVE
2025-07-04 05:00:00,GPR.Flow-In.Ave.1Hour.3Hours.CBT-COMPUTED-REV,-95.48,106.73,-202.21,NEGATIVE
2025-07-04 06:00:00,GPR.Flow-In.Ave.1Hour.3Hours.CBT-COMPUTED-REV,-117.46,106.73,-224.19,NEGATIVE
2025-07-04 10:00:00,GPR.Flow-In.Ave.1Hour.3Hours.CBT-COMPUTED-REV,394.50,106.74,287.77,SPIKE
2025-07-05 00:00:00,GPR.Flow-In.Ave.1Hour.3Hours.CBT-COMPUTED-REV,-6.39,106.73,-113.12,NEGATIVE
2025-07-05 02:00:00,GPR.Flow-In.Ave.1Hour.3Hours.CBT-COMPUTED-REV,-104.51,106.73,-211.24,NEGATIVE
2025-07-05 03:00:00,GPR.Flow-In.Ave.1Hour.3Hours.CBT-COMPUTED-REV,-94.26,106.74,-201.00,NEGATIVE
2025-07-07 04:00:00,GPR.Flow-In.Ave.1Hour.3Hours.CBT-COMPUTED-REV,-24.38,54.83,-79.20,NEGATIVE
2025-07-07 05:00:00,GPR.Flow-In.Ave.1Hour.3Hours.CBT-COMPUTED-REV,-198.10,56.17,-254.27,"SPIKE,NEGATIVE"
2025-07-07 06:00:00,GPR.Flow-In.Ave.1Hour.3Hours.CBT-COMPUTED-REV,-251.72,78.12,-329.84,"SPIKE,NEGATIVE"
2025-07-07 07:00:00,GPR.Flow-In.Ave.1Hour.3Hours.CBT-COMPUTED-REV,-16.24,78.12,-94.35,NEGATIVE
2025-07-07 09:00:00,GPR.Flow-In.Ave.1Hour.3Hours.CBT-COMPUTED-REV,546.71,78.12,468.59,SPIKE
2025-07-07 20:00:00,GPR.Flow-In.Ave.1Hour.3Hours.CBT-COMPUTED-REV,-6.24,99.67,-105.91,NEGATIVE
2025-07-08 19:00:00,GPR.Flow-In.Ave.1Hour.3Hours.CBT-COMPUTED-REV,-33.96,72.56,-106.52,NEGATIVE
2025-07-08 20:00:00,GPR.Flow-In.Ave.1Hour.3Hours.CBT-COMPUTED-REV,-5.97,72.56,-78.53,NEGATIVE
2025-07-09 01:00:00,GPR.Flow-In.Ave.1Hour.3Hours.CBT-COMPUTED-REV,-23.10,72.56,-95.65,NEGATIVE
2025-07-09 02:00:00,GPR.Flow-In.Ave.1Hour.3Hours.CBT-COMPUTED-REV,-43.80,72.56,-116.35,NEGATIVE
2025-07-09 03:00:00,GPR.Flow-In.Ave.1Hour.3Hours.CBT-COMPUTED-REV,-0.82,72.56,-73.38,NEGATIVE
2025-07-09 06:00:00,GPR.Flow-In.Ave.1Hour.3Hours.CBT-COMPUTED-REV,-16.46,50.00,-66.46,NEGATIVE
2025-07-10 01:00:00,GPR.Flow-In.Ave.1Hour.3Hours.CBT-COMPUTED-REV,-41.59,77.92,-119.51,NEGATIVE
2025-07-10 02:00:00,GPR.Flow-In.Ave.1Hour.3Hours.CBT-COMPUTED-REV,-84.77,77.80,-162.57,NEGATIVE
2025-07-10 03:00:00,GPR.Flow-In.Ave.1Hour.3Hours.CBT-COMPUTED-REV,-65.48,74.90,-140.38,NEGATIVE
2025-07-10 16:00:00,GPR.Flow-In.Ave.1Hour.3Hours.CBT-COMPUTED-REV,-144.55,50.00,-194.55,NEGATIVE
2025-07-10 17:00:00,GPR.Flow-In.Ave.1Hour.3Hours.CBT-COMPUTED-REV,-366.88,50.00,-416.88,NEGATIVE
2025-07-10 18:00:00,GPR.Flow-In.Ave.1Hour.3Hours.CBT-COMPUTED-REV,-561.42,50.00,-611.42,"SPIKE,NEGATIVE"
2025-07-10 19:00:00,GPR.Flow-In.Ave.1Hour.3Hours.CBT-COMPUTED-REV,-561.42,50.00,-611.42,"SPIKE,NEGATIVE"
2025-07-10 20:00:00,GPR.Flow-In.Ave.1Hour.3Hours.CBT-COMPUTED-REV,-339.10,50.00,-389.10,NEGATIVE
2025-07-10 21:00:00,GPR.Flow-In.Ave.1Hour.3Hours.CBT-COMPUTED-REV,-116.77,50.00,-166.77,NEGATIVE
2025-07-11 02:00:00,GPR.Flow-In.Ave.1Hour.3Hours.CBT-COMPUTED-REV,-25.45,50.00,-75.45,NEGATIVE
2025-07-11 03:00:00,GPR.Flow-In.Ave.1Hour.3Hours.CBT-COMPUTED-REV,-38.20,50.00,-88.20,NEGATIVE
2025-07-11 21:00:00,GPR.Flow-In.Ave.1Hour.3Hours.CBT-COMPUTED-REV,-5.99,77.66,-83.65,NEGATIVE
2025-07-11 22:00:00,GPR.Flow-In.Ave.1Hour.3Hours.CBT-COMPUTED-REV,-123.12,77.66,-200.78,NEGATIVE
2025-07-11 23:00:00,GPR.Flow-In.Ave.1Hour.3Hours.CBT-COMPUTED-REV,-215.85,77.66,-293.52,NEGATIVE
2025-07-12 00:00:00,GPR.Flow-In.Ave.1Hour.3Hours.CBT-COMPUTED-REV,-57.04,77.66,-134.70,NEGATIVE
2025-07-12 01:00:00,GPR.Flow-In.Ave.1Hour.3Hours.CBT-COMPUTED-REV,-8.79,77.66,-86.45,NEGATIVE
2025-07-12 10:00:00,GPR.Flow-In.Ave.1Hour.3Hours.CBT-COMPUTED-REV,302.36,50.00,252.36,SPIKE
2025-07-13 01:00:00,GPR.Flow-In.Ave.1Hour.3Hours.CBT-COMPUTED-REV,-41.30,50.00,-91.30,NEGATIVE
2025-07-13 02:00:00,GPR.Flow-In.Ave.1Hour.3Hours.CBT-COMPUTED-REV,-50.23,50.00,-100.23,NEGATIVE
2025-07-13 03:00:00,GPR.Flow-In.Ave.1Hour.3Hours.CBT-COMPUTED-REV,-87.92,50.00,-137.92,NEGATIVE
2025-07-13 04:00:00,GPR.Flow-In.Ave.1Hour.3Hours.CBT-COMPUTED-REV,-73.26,50.00,-123.26,NEGATIVE
2025-07-13 08:00:00,GPR.Flow-In.Ave.1Hour.3Hours.CBT-COMPUTED-REV,320.19,50.00,270.19,SPIKE
2025-07-14 01:00:00,GPR.Flow-In.Ave.1Hour.3Hours.CBT-COMPUTED-REV,-62.35,77.35,-139.70,NEGATIVE
2025-07-14 02:00:00,GPR.Flow-In.Ave.1Hour.3Hours.CBT-COMPUTED-REV,-63.64,77.35,-141.00,NEGATIVE
2025-07-14 03:00:00,GPR.Flow-In.Ave.1Hour.3Hours.CBT-COMPUTED-REV,-118.92,77.35,-196.27,NEGATIVE
2025-07-14 04:00:00,GPR.Flow-In.Ave.1Hour.3Hours.CBT-COMPUTED-REV,-39.39,77.35,-116.75,NEGATIVE
2025-07-14 18:00:00,GPR.Flow-In.Ave.1Hour.3Hours.CBT-COMPUTED-REV,-4.71,68.44,-73.15,NEGATIVE
2025-07-14 19:00:00,GPR.Flow-In.Ave.1Hour.3Hours.CBT-COMPUTED-REV,-32.06,68.44,-100.50,NEGATIVE
2025-07-15 03:00:00,GPR.Flow-In.Ave.1Hour.3Hours.CBT-COMPUTED-REV,-4.78,50.00,-54.78,NEGATIVE
2025-07-15 04:00:00,GPR.Flow-In.Ave.1Hour.3Hours.CBT-COMPUTED-REV,-1.09,50.00,-51.09,NEGATIVE
2025-07-15 05:00:00,GPR.Flow-In.Ave.1Hour.3Hours.CBT-COMPUTED-REV,-0.11,50.00,-50.11,NEGATIVE
2025-07-15 19:00:00,GPR.Flow-In.Ave.1Hour.3Hours.CBT-COMPUTED-REV,-31.78,77.26,-109.04,NEGATIVE
2025-07-15 20:00:00,GPR.Flow-In.Ave.1Hour.3Hours.CBT-COMPUTED-REV,-31.79,77.26,-109.05,NEGATIVE
2025-07-16 01:00:00,GPR.Flow-In.Ave.1Hour.3Hours.CBT-COMPUTED-REV,-52.78,77.26,-130.04,NEGATIVE
2025-07-16 02:00:00,GPR.Flow-In.Ave.1Hour.3Hours.CBT-COMPUTED-REV,-75.35,77.26,-152.61,NEGATIVE
2025-07-16 03:00:00,GPR.Flow-In.Ave.1Hour.3Hours.CBT-COMPUTED-REV,-44.29,83.46,-127.75,NEGATIVE
2025-07-16 17:00:00,GPR.Flow-In.Ave.1Hour.3Hours.CBT-COMPUTED-REV,-4.25,50.00,-54.25,NEGATIVE
2025-07-16 18:00:00,GPR.Flow-In.Ave.1Hour.3Hours.CBT-COMPUTED-REV,-58.49,50.00,-108.49,NEGATIVE
2025-07-16 19:00:00,GPR.Flow-In.Ave.1Hour.3Hours.CBT-COMPUTED-REV,-58.49,50.00,-108.49,NEGATIVE
2025-07-16 20:00:00,GPR.Flow-In.Ave.1Hour.3Hours.CBT-COMPUTED-REV,-31.36,50.00,-81.36,NEGATIVE
2025-07-17 00:00:00,GPR.Flow-In.Ave.1Hour.3Hours.CBT-COMPUTED-REV,-73.53,50.00,-123.53,NEGATIVE
2025-07-17 01:00:00,GPR.Flow-In.Ave.1Hour.3Hours.CBT-COMPUTED-REV,-43.75,50.00,-93.75,NEGATIVE
2025-07-17 02:00:00,GPR.Flow-In.Ave.1Hour.3Hours.CBT-COMPUTED-REV,-43.24,50.00,-93.24,NEGATIVE
2025-07-17 03:00:00,GPR.Flow-In.Ave.1Hour.3Hours.CBT-COMPUTED-REV,-20.33,50.00,-70.33,NEGATIVE
2025-07-17 18:00:00,GPR.Flow-In.Ave.1Hour.3Hours.CBT-COMPUTED-REV,-4.08,22.96,-27.04,NEGATIVE
2025-07-17 19:00:00,GPR.Flow-In.Ave.1Hour.3Hours.CBT-COMPUTED-REV,-31.12,22.96,-54.08,NEGATIVE
2025-07-17 20:00:00,GPR.Flow-In.Ave.1Hour.3Hours.CBT-COMPUTED-REV,-31.12,22.96,-54.08,NEGATIVE
2025-07-18 00:00:00,GPR.Flow-In.Ave.1Hour.3Hours.CBT-COMPUTED-REV,-4.73,22.96,-27.69,NEGATIVE
2025-07-18 01:00:00,GPR.Flow-In.Ave.1Hour.3Hours.CBT-COMPUTED-REV,-4.70,22.96,-27.65,NEGATIVE
2025-07-18 03:00:00,GPR.Flow-In.Ave.1Hour.3Hours.CBT-COMPUTED-REV,-30.06,22.96,-53.01,NEGATIVE
2025-07-18 04:00:00,GPR.Flow-In.Ave.1Hour.3Hours.CBT-COMPUTED-REV,-1.56,22.96,-24.52,NEGATIVE
2025-07-18 05:00:00,GPR.Flow-In.Ave.1Hour.3Hours.CBT-COMPUTED-REV,-27.13,22.88,-50.01,NEGATIVE
2025-07-18 17:00:00,GPR.Flow-In.Ave.1Hour.3Hours.CBT-COMPUTED-REV,-3.76,-2.46,-1.29,NEGATIVE
2025-07-18 18:00:00,GPR.Flow-In.Ave.1Hour.3Hours.CBT-COMPUTED-REV,-30.64,-2.46,-28.17,NEGATIVE
2025-07-18 19:00:00,GPR.Flow-In.Ave.1Hour.3Hours.CBT-COMPUTED-REV,-30.63,-2.46,-28.17,NEGATIVE
2025-07-18 20:00:00,GPR.Flow-In.Ave.1Hour.3Hours.CBT-COMPUTED-REV,-30.63,-2.46,-28.17,NEGATIVE
2025-07-18 21:00:00,GPR.Flow-In.Ave.1Hour.3Hours.CBT-COMPUTED-REV,-30.63,-2.46,-28.16,NEGATIVE
2025-07-18 22:00:00,GPR.Flow-In.Ave.1Hour.3Hours.CBT-COMPUTED-REV,-33.18,-2.46,-30.71,NEGATIVE
2025-07-18 23:00:00,GPR.Flow-In.Ave.1Hour.3Hours.CBT-COMPUTED-REV,-65.55,-2.46,-63.09,NEGATIVE
2025-07-19 00:00:00,GPR.Flow-In.Ave.1Hour.3Hours.CBT-COMPUTED-REV,-124.45,-2.46,-121.99,NEGATIVE
2025-07-19 01:00:00,GPR.Flow-In.Ave.1Hour.3Hours.CBT-COMPUTED-REV,-77.85,-2.46,-75.38,NEGATIVE
2025-07-19 02:00:00,GPR.Flow-In.Ave.1Hour.3Hours.CBT-COMPUTED-REV,-54.57,-2.46,-52.11,NEGATIVE
2025-07-19 03:00:00,GPR.Flow-In.Ave.1Hour.3Hours.CBT-COMPUTED-REV,-27.36,-2.46,-24.90,NEGATIVE
2025-07-19 05:00:00,GPR.Flow-In.Ave.1Hour.3Hours.CBT-COMPUTED-REV,-2.46,-2.46,0.00,NEGATIVE
2025-07-19 06:00:00,GPR.Flow-In.Ave.1Hour.3Hours.CBT-COMPUTED-REV,-2.90,24.22,-27.12,NEGATIVE
2025-07-19 23:00:00,GPR.Flow-In.Ave.1Hour.3Hours.CBT-COMPUTED-REV,-17.24,83.00,-100.24,NEGATIVE
2025-07-20 00:00:00,GPR.Flow-In.Ave.1Hour.3Hours.CBT-COMPUTED-REV,-107.95,83.00,-190.94,NEGATIVE
2025-07-20 01:00:00,GPR.Flow-In.Ave.1Hour.3Hours.CBT-COMPUTED-REV,-119.36,83.00,-202.36,NEGATIVE
2025-07-20 02:00:00,GPR.Flow-In.Ave.1Hour.3Hours.CBT-COMPUTED-REV,-122.67,83.00,-205.67,NEGATIVE
2025-07-20 03:00:00,GPR.Flow-In.Ave.1Hour.3Hours.CBT-COMPUTED-REV,-64.46,83.00,-147.45,NEGATIVE
2025-07-21 00:00:00,GPR.Flow-In.Ave.1Hour.3Hours.CBT-COMPUTED-REV,-61.86,76.38,-138.24,NEGATIVE
2025-07-21 01:00:00,GPR.Flow-In.Ave.1Hour.3Hours.CBT-COMPUTED-REV,-118.24,71.18,-189.42,NEGATIVE
2025-07-21 02:00:00,GPR.Flow-In.Ave.1Hour.3Hours.CBT-COMPUTED-REV,-120.04,66.62,-186.66,NEGATIVE
2025-07-21 03:00:00,GPR.Flow-In.Ave.1Hour.3Hours.CBT-COMPUTED-REV,-40.56,66.62,-107.18,NEGATIVE
2025-07-22 00:00:00,GPR.Flow-In.Ave.1Hour.3Hours.CBT-COMPUTED-REV,-88.43,61.57,-150.00,NEGATIVE
2025-07-22 01:00:00,GPR.Flow-In.Ave.1Hour.3Hours.CBT-COMPUTED-REV,-118.45,61.57,-180.01,NEGATIVE
2025-07-22 02:00:00,GPR.Flow-In.Ave.1Hour.3Hours.CBT-COMPUTED-REV,-92.76,76.45,-169.21,NEGATIVE
2025-07-22 05:00:00,GPR.Flow-In.Ave.1Hour.3Hours.CBT-COMPUTED-REV,390.76,61.57,329.19,SPIKE
2025-07-22 07:00:00,GPR.Flow-In.Ave.1Hour.3Hours.CBT-COMPUTED-REV,-13.46,50.00,-63.46,NEGATIVE
2025-07-22 08:00:00,GPR.Flow-In.Ave.1Hour.3Hours.CBT-COMPUTED-REV,-167.09,50.00,-217.09,NEGATIVE
2025-07-22 09:00:00,GPR.Flow-In.Ave.1Hour.3Hours.CBT-COMPUTED-REV,-106.46,50.00,-156.46,NEGATIVE
2025-07-22 19:00:00,GPR.Flow-In.Ave.1Hour.3Hours.CBT-COMPUTED-REV,-2.90,50.00,-52.90,NEGATIVE
2025-07-22 20:00:00,GPR.Flow-In.Ave.1Hour.3Hours.CBT-COMPUTED-REV,-2.90,50.00,-52.90,NEGATIVE
2025-07-23 02:00:00,GPR.Flow-In.Ave.1Hour.3Hours.CBT-COMPUTED-REV,-129.12,76.29,-205.41,NEGATIVE
2025-07-23 03:00:00,GPR.Flow-In.Ave.1Hour.3Hours.CBT-COMPUTED-REV,-236.06,76.29,-312.35,NEGATIVE
2025-07-23 04:00:00,GPR.Flow-In.Ave.1Hour.3Hours.CBT-COMPUTED-REV,-156.29,74.22,-230.51,NEGATIVE
2025-07-23 05:00:00,GPR.Flow-In.Ave.1Hour.3Hours.CBT-COMPUTED-REV,-75.14,74.22,-149.35,NEGATIVE
2025-07-24 00:00:00,GPR.Flow-In.Ave.1Hour.3Hours.CBT-COMPUTED-REV,-123.11,50.00,-173.11,NEGATIVE
2025-07-24 01:00:00,GPR.Flow-In.Ave.1Hour.3Hours.CBT-COMPUTED-REV,-146.38,50.00,-196.38,NEGATIVE
2025-07-24 02:00:00,GPR.Flow-In.Ave.1Hour.3Hours.CBT-COMPUTED-REV,-227.58,50.00,-277.58,NEGATIVE
2025-07-24 03:00:00,GPR.Flow-In.Ave.1Hour.3Hours.CBT-COMPUTED-REV,-156.32,50.00,-206.32,NEGATIVE
2025-07-24 04:00:00,GPR.Flow-In.Ave.1Hour.3Hours.CBT-COMPUTED-REV,-4.95,50.00,-54.95,NEGATIVE
2025-07-24 14:00:00,GPR.Flow-In.Ave.1Hour.3Hours.CBT-COMPUTED-REV,-2.37,49.75,-52.12,NEGATIVE
2025-07-24 15:00:00,GPR.Flow-In.Ave.1Hour.3Hours.CBT-COMPUTED-REV,-28.55,49.75,-78.30,NEGATIVE
2025-07-24 16:00:00,GPR.Flow-In.Ave.1Hour.3Hours.CBT-COMPUTED-REV,-28.55,49.75,-78.30,NEGATIVE
2025-07-24 17:00:00,GPR.Flow-In.Ave.1Hour.3Hours.CBT-COMPUTED-REV,-2.37,50.00,-52.37,NEGATIVE
2025-07-24 23:00:00,GPR.Flow-In.Ave.1Hour.3Hours.CBT-COMPUTED-REV,-2.98,50.00,-52.98,NEGATIVE
2025-07-25 00:00:00,GPR.Flow-In.Ave.1Hour.3Hours.CBT-COMPUTED-REV,-108.06,50.00,-158.06,NEGATIVE
2025-07-25 01:00:00,GPR.Flow-In.Ave.1Hour.3Hours.CBT-COMPUTED-REV,-110.87,49.75,-160.62,NEGATIVE
2025-07-25 02:00:00,GPR.Flow-In.Ave.1Hour.3Hours.CBT-COMPUTED-REV,-139.13,42.90,-182.03,NEGATIVE
2025-07-25 03:00:00,GPR.Flow-In.Ave.1Hour.3Hours.CBT-COMPUTED-REV,-61.73,49.75,-111.48,NEGATIVE
2025-07-25 23:00:00,GPR.Flow-In.Ave.1Hour.3Hours.CBT-COMPUTED-REV,-42.68,50.00,-92.68,NEGATIVE
2025-07-26 00:00:00,GPR.Flow-In.Ave.1Hour.3Hours.CBT-COMPUTED-REV,-135.16,50.00,-185.16,NEGATIVE
2025-07-26 01:00:00,GPR.Flow-In.Ave.1Hour.3Hours.CBT-COMPUTED-REV,-145.05,50.00,-195.05,NEGATIVE
2025-07-26 02:00:00,GPR.Flow-In.Ave.1Hour.3Hours.CBT-COMPUTED-REV,-54.14,50.00,-104.14,NEGATIVE
2025-07-26 17:00:00,GPR.Flow-In.Ave.1Hour.3Hours.CBT-COMPUTED-REV,-1.88,49.15,-51.03,NEGATIVE
2025-07-26 18:00:00,GPR.Flow-In.Ave.1Hour.3Hours.CBT-COMPUTED-REV,-27.82,49.15,-76.97,NEGATIVE
2025-07-26 19:00:00,GPR.Flow-In.Ave.1Hour.3Hours.CBT-COMPUTED-REV,-27.82,50.00,-77.82,NEGATIVE
2025-07-26 20:00:00,GPR.Flow-In.Ave.1Hour.3Hours.CBT-COMPUTED-REV,-1.88,50.00,-51.88,NEGATIVE
2025-07-26 23:00:00,GPR.Flow-In.Ave.1Hour.3Hours.CBT-COMPUTED-REV,-33.19,50.00,-83.19,NEGATIVE
2025-07-27 00:00:00,GPR.Flow-In.Ave.1Hour.3Hours.CBT-COMPUTED-REV,-119.30,50.00,-169.30,NEGATIVE
2025-07-27 01:00:00,GPR.Flow-In.Ave.1Hour.3Hours.CBT-COMPUTED-REV,-96.59,50.00,-146.59,NEGATIVE
2025-07-27 02:00:00,GPR.Flow-In.Ave.1Hour.3Hours.CBT-COMPUTED-REV,-61.28,50.00,-111.28,NEGATIVE
2025-07-27 03:00:00,GPR.Flow-In.Ave.1Hour.3Hours.CBT-COMPUTED-REV,-7.54,50.00,-57.54,NEGATIVE
2025-07-27 21:00:00,GPR.Flow-In.Ave.1Hour.3Hours.CBT-COMPUTED-REV,-27.56,50.00,-77.56,NEGATIVE
2025-07-27 22:00:00,GPR.Flow-In.Ave.1Hour.3Hours.CBT-COMPUTED-REV,-45.13,50.00,-95.13,NEGATIVE
2025-07-27 23:00:00,GPR.Flow-In.Ave.1Hour.3Hours.CBT-COMPUTED-REV,-82.66,50.00,-132.66,NEGATIVE
2025-07-28 00:00:00,GPR.Flow-In.Ave.1Hour.3Hours.CBT-COMPUTED-REV,-146.26,50.00,-196.26,NEGATIVE
2025-07-28 01:00:00,GPR.Flow-In.Ave.1Hour.3Hours.CBT-COMPUTED-REV,-80.73,50.00,-130.73,NEGATIVE
2025-07-28 02:00:00,GPR.Flow-In.Ave.1Hour.3Hours.CBT-COMPUTED-REV,-83.52,50.00,-133.52,NEGATIVE
2025-07-28 03:00:00,GPR.Flow-In.Ave.1Hour.3Hours.CBT-COMPUTED-REV,-17.46,50.00,-67.46,NEGATIVE
2025-07-28 19:00:00,GPR.Flow-In.Ave.1Hour.3Hours.CBT-COMPUTED-REV,-27.06,50.00,-77.06,NEGATIVE
2025-07-28 20:00:00,GPR.Flow-In.Ave.1Hour.3Hours.CBT-COMPUTED-REV,-27.06,50.00,-77.06,NEGATIVE
2025-07-28 21:00:00,GPR.Flow-In.Ave.1Hour.3Hours.CBT-COMPUTED-REV,-27.06,50.00,-77.06,NEGATIVE
2025-07-28 22:00:00,GPR.Flow-In.Ave.1Hour.3Hours.CBT-COMPUTED-REV,-20.43,50.00,-70.43,NEGATIVE
2025-07-28 23:00:00,GPR.Flow-In.Ave.1Hour.3Hours.CBT-COMPUTED-REV,-87.79,50.00,-137.79,NEGATIVE
2025-07-29 00:00:00,GPR.Flow-In.Ave.1Hour.3Hours.CBT-COMPUTED-REV,-177.68,50.00,-227.68,NEGATIVE
2025-07-29 01:00:00,GPR.Flow-In.Ave.1Hour.3Hours.CBT-COMPUTED-REV,-87.05,50.00,-137.05,NEGATIVE
2025-07-29 02:00:00,GPR.Flow-In.Ave.1Hour.3Hours.CBT-COMPUTED-REV,-34.10,64.97,-99.07,NEGATIVE
2025-07-29 18:00:00,GPR.Flow-In.Ave.1Hour.3Hours.CBT-COMPUTED-REV,-1.22,8.76,-9.98,NEGATIVE
2025-07-29 19:00:00,GPR.Flow-In.Ave.1Hour.3Hours.CBT-COMPUTED-REV,-26.84,24.39,-51.22,NEGATIVE
2025-07-29 20:00:00,GPR.Flow-In.Ave.1Hour.3Hours.CBT-COMPUTED-REV,-52.45,50.00,-102.45,NEGATIVE
2025-07-29 21:00:00,GPR.Flow-In.Ave.1Hour.3Hours.CBT-COMPUTED-REV,-26.83,50.00,-76.83,NEGATIVE
2025-07-29 22:00:00,GPR.Flow-In.Ave.1Hour.3Hours.CBT-COMPUTED-REV,-1.22,50.00,-51.22,NEGATIVE
2025-07-30 02:00:00,GPR.Flow-In.Ave.1Hour.3Hours.CBT-COMPUTED-REV,-38.82,50.00,-88.82,NEGATIVE
2025-07-30 03:00:00,GPR.Flow-In.Ave.1Hour.3Hours.CBT-COMPUTED-REV,-156.16,50.00,-206.16,NEGATIVE
2025-07-30 04:00:00,GPR.Flow-In.Ave.1Hour.3Hours.CBT-COMPUTED-REV,-92.56,50.00,-142.56,NEGATIVE
2025-07-30 05:00:00,GPR.Flow-In.Ave.1Hour.3Hours.CBT-COMPUTED-REV,-36.17,50.00,-86.17,NEGATIVE
2025-07-30 06:00:00,GPR.Flow-In.Ave.1Hour.3Hours.CBT-COMPUTED-REV,-12.66,50.00,-62.66,NEGATIVE
2025-07-31 02:00:00,GPR.Flow-In.Ave.1Hour.3Hours.CBT-COMPUTED-REV,-37.32,50.00,-87.32,NEGATIVE
2025-07-31 03:00:00,GPR.Flow-In.Ave.1Hour.3Hours.CBT-COMPUTED-REV,-153.57,50.00,-203.57,NEGATIVE
2025-07-31 04:00:00,GPR.Flow-In.Ave.1Hour.3Hours.CBT-COMPUTED-REV,-140.62,50.00,-190.62,NEGATIVE
2025-07-31 05:00:00,GPR.Flow-In.Ave.1Hour.3Hours.CBT-COMPUTED-REV,-135.44,35.42,-170.87,NEGATIVE
2025-07-31 06:00:00,GPR.Flow-In.Ave.1Hour.3Hours.CBT-COMPUTED-REV,-86.58,29.54,-116.12,NEGATIVE
2025-07-31 16:00:00,GPR.Flow-In.Ave.1Hour.3Hours.CBT-COMPUTED-REV,-0.94,24.53,-25.47,NEGATIVE
2025-07-31 17:00:00,GPR.Flow-In.Ave.1Hour.3Hours.CBT-COMPUTED-REV,-0.94,24.53,-25.47,NEGATIVE
2025-07-31 23:00:00,GPR.Flow-In.Ave.1Hour.3Hours.CBT-COMPUTED-REV,-128.23,75.47,-203.70,NEGATIVE
2025-08-01 00:00:00,GPR.Flow-In.Ave.1Hour.3Hours.CBT-COMPUTED-REV,-357.36,75.47,-432.83,"SPIKE,NEGATIVE"
2025-08-01 01:00:00,GPR.Flow-In.Ave.1Hour.3Hours.CBT-COMPUTED-REV,-606.62,50.00,-656.62,"SPIKE,NEGATIVE"
2025-08-01 02:00:00,GPR.Flow-In.Ave.1Hour.3Hours.CBT-COMPUTED-REV,-672.26,50.00,-722.26,"SPIKE,NEGATIVE"
2025-08-01 03:00:00,GPR.Flow-In.Ave.1Hour.3Hours.CBT-COMPUTED-REV,-557.25,50.00,-607.25,"SPIKE,NEGATIVE"
2025-08-01 04:00:00,GPR.Flow-In.Ave.1Hour.3Hours.CBT-COMPUTED-REV,-289.55,50.00,-339.55,NEGATIVE
2025-08-01 05:00:00,GPR.Flow-In.Ave.1Hour.3Hours.CBT-COMPUTED-REV,-57.80,50.00,-107.80,NEGATIVE
2025-08-01 06:00:00,GPR.Flow-In.Ave.1Hour.3Hours.CBT-COMPUTED-REV,-11.77,50.00,-61.77,NEGATIVE
2025-08-01 18:00:00,GPR.Flow-In.Ave.1Hour.3Hours.CBT-COMPUTED-REV,-19.53,50.00,-69.53,NEGATIVE
2025-08-01 19:00:00,GPR.Flow-In.Ave.1Hour.3Hours.CBT-COMPUTED-REV,-82.46,50.00,-132.46,NEGATIVE
2025-08-01 20:00:00,GPR.Flow-In.Ave.1Hour.3Hours.CBT-COMPUTED-REV,-189.61,50.00,-239.61,NEGATIVE
2025-08-01 21:00:00,GPR.Flow-In.Ave.1Hour.3Hours.CBT-COMPUTED-REV,-138.46,50.00,-188.46,NEGATIVE
2025-08-01 22:00:00,GPR.Flow-In.Ave.1Hour.3Hours.CBT-COMPUTED-REV,-93.95,50.00,-143.95,NEGATIVE
2025-08-01 23:00:00,GPR.Flow-In.Ave.1Hour.3Hours.CBT-COMPUTED-REV,-5.25,50.00,-55.25,NEGATIVE
2025-08-02 04:00:00,GPR.Flow-In.Ave.1Hour.3Hours.CBT-COMPUTED-REV,-8.66,50.00,-58.66,NEGATIVE
2025-08-02 05:00:00,GPR.Flow-In.Ave.1Hour.3Hours.CBT-COMPUTED-REV,-28.33,50.00,-78.33,NEGATIVE
2025-08-02 19:00:00,GPR.Flow-In.Ave.1Hour.3Hours.CBT-COMPUTED-REV,-0.38,50.00,-50.38,NEGATIVE
2025-08-02 21:00:00,GPR.Flow-In.Ave.1Hour.3Hours.CBT-COMPUTED-REV,-82.48,50.00,-132.48,NEGATIVE
2025-08-02 22:00:00,GPR.Flow-In.Ave.1Hour.3Hours.CBT-COMPUTED-REV,-117.13,50.00,-167.13,NEGATIVE
2025-08-02 23:00:00,GPR.Flow-In.Ave.1Hour.3Hours.CBT-COMPUTED-REV,-46.03,50.00,-96.03,NEGATIVE
2025-08-03 00:00:00,GPR.Flow-In.Ave.1Hour.3Hours.CBT-COMPUTED-REV,-59.77,50.00,-109.77,NEGATIVE
2025-08-03 02:00:00,GPR.Flow-In.Ave.1Hour.3Hours.CBT-COMPUTED-REV,-29.10,50.00,-79.10,NEGATIVE
2025-08-03 03:00:00,GPR.Flow-In.Ave.1Hour.3Hours.CBT-COMPUTED-REV,-11.46,50.00,-61.46,NEGATIVE
2025-08-03 04:00:00,GPR.Flow-In.Ave.1Hour.3Hours.CBT-COMPUTED-REV,-19.63,50.00,-69.63,NEGATIVE
2025-08-03 18:00:00,GPR.Flow-In.Ave.1Hour.3Hours.CBT-COMPUTED-REV,-0.17,50.00,-50.17,NEGATIVE
2025-08-03 19:00:00,GPR.Flow-In.Ave.1Hour.3Hours.CBT-COMPUTED-REV,-50.33,46.79,-97.12,NEGATIVE
2025-08-03 20:00:00,GPR.Flow-In.Ave.1Hour.3Hours.CBT-COMPUTED-REV,-75.41,39.58,-114.99,NEGATIVE
2025-08-03 21:00:00,GPR.Flow-In.Ave.1Hour.3Hours.CBT-COMPUTED-REV,-75.41,39.58,-114.99,NEGATIVE
2025-08-04 00:00:00,GPR.Flow-In.Ave.1Hour.3Hours.CBT-COMPUTED-REV,-2.63,39.58,-42.21,NEGATIVE
2025-08-04 01:00:00,GPR.Flow-In.Ave.1Hour.3Hours.CBT-COMPUTED-REV,-12.21,39.58,-51.79,NEGATIVE
2025-08-04 06:00:00,GPR.Flow-In.Ave.1Hour.3Hours.CBT-COMPUTED-REV,-63.91,46.79,-110.70,NEGATIVE
2025-08-04 07:00:00,GPR.Flow-In.Ave.1Hour.3Hours.CBT-COMPUTED-REV,-24.64,50.00,-74.64,NEGATIVE
2025-08-04 23:00:00,GPR.Flow-In.Ave.1Hour.3Hours.CBT-COMPUTED-REV,-34.57,50.00,-84.57,NEGATIVE
2025-08-05 00:00:00,GPR.Flow-In.Ave.1Hour.3Hours.CBT-COMPUTED-REV,-144.52,50.00,-194.52,NEGATIVE
2025-08-05 01:00:00,GPR.Flow-In.Ave.1Hour.3Hours.CBT-COMPUTED-REV,-148.45,50.00,-198.45,NEGATIVE
2025-08-05 02:00:00,GPR.Flow-In.Ave.1Hour.3Hours.CBT-COMPUTED-REV,-132.64,50.00,-182.64,NEGATIVE
2025-08-05 03:00:00,GPR.Flow-In.Ave.1Hour.3Hours.CBT-COMPUTED-REV,-91.49,50.00,-141.49,NEGATIVE
2025-08-05 23:00:00,GPR.Flow-In.Ave.1Hour.3Hours.CBT-COMPUTED-REV,-53.55,50.00,-103.55,NEGATIVE
2025-08-06 00:00:00,GPR.Flow-In.Ave.1Hour.3Hours.CBT-COMPUTED-REV,-159.95,50.00,-209.95,NEGATIVE
2025-08-06 01:00:00,GPR.Flow-In.Ave.1Hour.3Hours.CBT-COMPUTED-REV,-162.68,50.00,-212.68,NEGATIVE
2025-08-06 02:00:00,GPR.Flow-In.Ave.1Hour.3Hours.CBT-COMPUTED-REV,-150.17,50.00,-200.17,NEGATIVE
2025-08-06 03:00:00,GPR.Flow-In.Ave.1Hour.3Hours.CBT-COMPUTED-REV,-72.92,50.00,-122.92,NEGATIVE
2025-08-07 01:00:00,GPR.Flow-In.Ave.1Hour.3Hours.CBT-COMPUTED-REV,-24.08,74.84,-98.92,NEGATIVE
2025-08-07 02:00:00,GPR.Flow-In.Ave.1Hour.3Hours.CBT-COMPUTED-REV,-82.40,74.84,-157.23,NEGATIVE
2025-08-07 03:00:00,GPR.Flow-In.Ave.1Hour.3Hours.CBT-COMPUTED-REV,-75.57,74.84,-150.41,NEGATIVE
2025-08-07 04:00:00,GPR.Flow-In.Ave.1Hour.3Hours.CBT-COMPUTED-REV,-22.12,74.84,-96.96,NEGATIVE
2025-08-07 05:00:00,GPR.Flow-In.Ave.1Hour.3Hours.CBT-COMPUTED-REV,-0.15,74.69,-74.84,NEGATIVE
2025-08-07 23:00:00,GPR.Flow-In.Ave.1Hour.3Hours.CBT-COMPUTED-REV,-47.98,50.00,-97.98,NEGATIVE
2025-08-08 00:00:00,GPR.Flow-In.Ave.1Hour.3Hours.CBT-COMPUTED-REV,-102.63,25.36,-127.99,NEGATIVE
2025-08-08 01:00:00,GPR.Flow-In.Ave.1Hour.3Hours.CBT-COMPUTED-REV,-28.17,25.36,-53.52,NEGATIVE
2025-08-08 05:00:00,GPR.Flow-In.Ave.1Hour.3Hours.CBT-COMPUTED-REV,-53.80,50.00,-103.80,NEGATIVE
2025-08-08 06:00:00,GPR.Flow-In.Ave.1Hour.3Hours.CBT-COMPUTED-REV,-4.15,50.00,-54.15,NEGATIVE
2025-08-08 20:00:00,GPR.Flow-In.Ave.1Hour.3Hours.CBT-COMPUTED-REV,-23.93,50.00,-73.93,NEGATIVE
2025-08-09 02:00:00,GPR.Flow-In.Ave.1Hour.3Hours.CBT-COMPUTED-REV,-53.96,50.00,-103.96,NEGATIVE
2025-08-09 03:00:00,GPR.Flow-In.Ave.1Hour.3Hours.CBT-COMPUTED-REV,-69.14,50.00,-119.14,NEGATIVE
2025-08-09 18:00:00,GPR.Flow-In.Ave.1Hour.3Hours.CBT-COMPUTED-REV,-23.48,27.14,-50.62,NEGATIVE
2025-08-09 19:00:00,GPR.Flow-In.Ave.1Hour.3Hours.CBT-COMPUTED-REV,-23.48,29.15,-52.63,NEGATIVE
2025-08-09 23:00:00,GPR.Flow-In.Ave.1Hour.3Hours.CBT-COMPUTED-REV,-26.93,29.15,-56.08,NEGATIVE
2025-08-10 00:00:00,GPR.Flow-In.Ave.1Hour.3Hours.CBT-COMPUTED-REV,-103.65,25.59,-129.24,NEGATIVE
2025-08-10 01:00:00,GPR.Flow-In.Ave.1Hour.3Hours.CBT-COMPUTED-REV,-71.98,25.59,-97.57,NEGATIVE
2025-08-10 02:00:00,GPR.Flow-In.Ave.1Hour.3Hours.CBT-COMPUTED-REV,-25.68,25.59,-51.27,NEGATIVE
2025-08-10 08:00:00,GPR.Flow-In.Ave.1Hour.3Hours.CBT-COMPUTED-REV,298.73,25.59,273.15,SPIKE
2025-08-10 09:00:00,GPR.Flow-In.Ave.1Hour.3Hours.CBT-COMPUTED-REV,325.19,25.59,299.60,SPIKE
2025-08-10 20:00:00,GPR.Flow-In.Ave.1Hour.3Hours.CBT-COMPUTED-REV,-47.64,25.59,-73.22,NEGATIVE
2025-08-10 21:00:00,GPR.Flow-In.Ave.1Hour.3Hours.CBT-COMPUTED-REV,-47.64,25.59,-73.22,NEGATIVE
2025-08-10 22:00:00,GPR.Flow-In.Ave.1Hour.3Hours.CBT-COMPUTED-REV,-40.26,25.59,-65.84,NEGATIVE
2025-08-10 23:00:00,GPR.Flow-In.Ave.1Hour.3Hours.CBT-COMPUTED-REV,-25.40,25.59,-50.98,NEGATIVE
2025-08-11 00:00:00,GPR.Flow-In.Ave.1Hour.3Hours.CBT-COMPUTED-REV,-27.37,25.59,-52.96,NEGATIVE
2025-08-11 03:00:00,GPR.Flow-In.Ave.1Hour.3Hours.CBT-COMPUTED-REV,-15.84,22.92,-38.76,NEGATIVE
2025-08-11 05:00:00,GPR.Flow-In.Ave.1Hour.3Hours.CBT-COMPUTED-REV,-8.99,22.92,-31.91,NEGATIVE
2025-08-11 09:00:00,GPR.Flow-In.Ave.1Hour.3Hours.CBT-COMPUTED-REV,278.94,22.92,256.02,SPIKE
2025-08-11 21:00:00,GPR.Flow-In.Ave.1Hour.3Hours.CBT-COMPUTED-REV,-22.78,25.74,-48.51,NEGATIVE
2025-08-11 22:00:00,GPR.Flow-In.Ave.1Hour.3Hours.CBT-COMPUTED-REV,-14.03,25.74,-39.77,NEGATIVE
2025-08-11 23:00:00,GPR.Flow-In.Ave.1Hour.3Hours.CBT-COMPUTED-REV,-69.11,25.74,-94.85,NEGATIVE
2025-08-12 00:00:00,GPR.Flow-In.Ave.1Hour.3Hours.CBT-COMPUTED-REV,-139.53,25.74,-165.27,NEGATIVE
2025-08-12 01:00:00,GPR.Flow-In.Ave.1Hour.3Hours.CBT-COMPUTED-REV,-104.28,25.74,-130.02,NEGATIVE
2025-08-12 06:00:00,GPR.Flow-In.Ave.1Hour.3Hours.CBT-COMPUTED-REV,-18.13,50.00,-68.13,NEGATIVE
2025-08-12 22:00:00,GPR.Flow-In.Ave.1Hour.3Hours.CBT-COMPUTED-REV,-13.35,50.00,-63.35,NEGATIVE
2025-08-12 23:00:00,GPR.Flow-In.Ave.1Hour.3Hours.CBT-COMPUTED-REV,-118.87,50.00,-168.87,NEGATIVE
2025-08-13 00:00:00,GPR.Flow-In.Ave.1Hour.3Hours.CBT-COMPUTED-REV,-266.42,50.00,-316.42,"SPIKE,NEGATIVE"
2025-08-13 01:00:00,GPR.Flow-In.Ave.1Hour.3Hours.CBT-COMPUTED-REV,-238.43,50.00,-288.43,"SPIKE,NEGATIVE"
2025-08-13 02:00:00,GPR.Flow-In.Ave.1Hour.3Hours.CBT-COMPUTED-REV,-173.91,50.00,-223.91,NEGATIVE
2025-08-13 03:00:00,GPR.Flow-In.Ave.1Hour.3Hours.CBT-COMPUTED-REV,-69.95,50.00,-119.95,NEGATIVE
2025-08-13 23:00:00,GPR.Flow-In.Ave.1Hour.3Hours.CBT-COMPUTED-REV,-113.90,25.97,-139.88,NEGATIVE
2025-08-14 00:00:00,GPR.Flow-In.Ave.1Hour.3Hours.CBT-COMPUTED-REV,-232.98,25.97,-258.95,"SPIKE,NEGATIVE"
2025-08-14 01:00:00,GPR.Flow-In.Ave.1Hour.3Hours.CBT-COMPUTED-REV,-224.56,25.97,-250.54,"SPIKE,NEGATIVE"
2025-08-14 02:00:00,GPR.Flow-In.Ave.1Hour.3Hours.CBT-COMPUTED-REV,-184.41,50.00,-234.41,NEGATIVE
2025-08-14 03:00:00,GPR.Flow-In.Ave.1Hour.3Hours.CBT-COMPUTED-REV,-78.99,50.00,-128.99,NEGATIVE
2025-08-14 04:00:00,GPR.Flow-In.Ave.1Hour.3Hours.CBT-COMPUTED-REV,-4.45,50.00,-54.45,NEGATIVE
2025-08-14 23:00:00,GPR.Flow-In.Ave.1Hour.3Hours.CBT-COMPUTED-REV,-63.35,50.00,-113.35,NEGATIVE
2025-08-15 00:00:00,GPR.Flow-In.Ave.1Hour.3Hours.CBT-COMPUTED-REV,-179.56,50.00,-229.56,NEGATIVE
2025-08-15 01:00:00,GPR.Flow-In.Ave.1Hour.3Hours.CBT-COMPUTED-REV,-167.87,50.00,-217.87,NEGATIVE
2025-08-15 02:00:00,GPR.Flow-In.Ave.1Hour.3Hours.CBT-COMPUTED-REV,-122.14,50.00,-172.14,NEGATIVE
2025-08-15 03:00:00,GPR.Flow-In.Ave.1Hour.3Hours.CBT-COMPUTED-REV,-39.36,50.00,-89.36,NEGATIVE
2025-08-15 23:00:00,GPR.Flow-In.Ave.1Hour.3Hours.CBT-COMPUTED-REV,-43.96,50.00,-93.96,NEGATIVE
2025-08-16 00:00:00,GPR.Flow-In.Ave.1Hour.3Hours.CBT-COMPUTED-REV,-85.83,50.00,-135.83,NEGATIVE
2025-08-16 01:00:00,GPR.Flow-In.Ave.1Hour.3Hours.CBT-COMPUTED-REV,-138.04,50.00,-188.04,NEGATIVE
2025-08-16 02:00:00,GPR.Flow-In.Ave.1Hour.3Hours.CBT-COMPUTED-REV,-106.74,50.00,-156.74,NEGATIVE
2025-08-16 03:00:00,GPR.Flow-In.Ave.1Hour.3Hours.CBT-COMPUTED-REV,-30.31,50.00,-80.31,NEGATIVE
2025-08-17 23:00:00,GPR.Flow-In.Ave.1Hour.3Hours.CBT-COMPUTED-REV,-54.89,104.12,-159.01,NEGATIVE
2025-08-18 00:00:00,GPR.Flow-In.Ave.1Hour.3Hours.CBT-COMPUTED-REV,-62.12,97.16,-159.27,NEGATIVE
2025-08-18 01:00:00,GPR.Flow-In.Ave.1Hour.3Hours.CBT-COMPUTED-REV,-58.11,87.25,-145.36,NEGATIVE
2025-08-18 02:00:00,GPR.Flow-In.Ave.1Hour.3Hours.CBT-COMPUTED-REV,-41.11,73.58,-114.69,NEGATIVE
2025-08-18 23:00:00,GPR.Flow-In.Ave.1Hour.3Hours.CBT-COMPUTED-REV,-18.61,50.00,-68.61,NEGATIVE
2025-08-19 00:00:00,GPR.Flow-In.Ave.1Hour.3Hours.CBT-COMPUTED-REV,-37.46,50.00,-87.46,NEGATIVE
2025-08-19 01:00:00,GPR.Flow-In.Ave.1Hour.3Hours.CBT-COMPUTED-REV,-64.96,50.00,-114.96,NEGATIVE
2025-08-19 02:00:00,GPR.Flow-In.Ave.1Hour.3Hours.CBT-COMPUTED-REV,-57.05,52.47,-109.52,NEGATIVE
2025-08-19 22:00:00,GPR.Flow-In.Ave.1Hour.3Hours.CBT-COMPUTED-REV,-62.42,96.63,-159.05,NEGATIVE
2025-08-19 23:00:00,GPR.Flow-In.Ave.1Hour.3Hours.CBT-COMPUTED-REV,-177.71,96.63,-274.34,NEGATIVE
2025-08-20 00:00:00,GPR.Flow-In.Ave.1Hour.3Hours.CBT-COMPUTED-REV,-212.84,73.31,-286.15,NEGATIVE
2025-08-20 01:00:00,GPR.Flow-In.Ave.1Hour.3Hours.CBT-COMPUTED-REV,-169.83,73.31,-243.15,NEGATIVE
2025-08-20 02:00:00,GPR.Flow-In.Ave.1Hour.3Hours.CBT-COMPUTED-REV,-114.76,73.18,-187.94,NEGATIVE
2025-08-20 23:00:00,GPR.Flow-In.Ave.1Hour.3Hours.CBT-COMPUTED-REV,-71.22,50.00,-121.22,NEGATIVE
2025-08-21 00:00:00,GPR.Flow-In.Ave.1Hour.3Hours.CBT-COMPUTED-REV,-70.85,50.00,-120.85,NEGATIVE
2025-08-21 01:00:00,GPR.Flow-In.Ave.1Hour.3Hours.CBT-COMPUTED-REV,-57.34,50.00,-107.34,NEGATIVE
2025-08-21 02:00:00,GPR.Flow-In.Ave.1Hour.3Hours.CBT-COMPUTED-REV,-7.61,50.00,-57.61,NEGATIVE
2025-08-21 18:00:00,GPR.Flow-In.Ave.1Hour.3Hours.CBT-COMPUTED-REV,-42.06,50.00,-92.06,NEGATIVE
2025-08-21 19:00:00,GPR.Flow-In.Ave.1Hour.3Hours.CBT-COMPUTED-REV,-42.06,50.00,-92.06,NEGATIVE
2025-08-21 20:00:00,GPR.Flow-In.Ave.1Hour.3Hours.CBT-COMPUTED-REV,-42.06,50.00,-92.06,NEGATIVE
2025-08-21 21:00:00,GPR.Flow-In.Ave.1Hour.3Hours.CBT-COMPUTED-REV,-33.95,50.00,-83.95,NEGATIVE
2025-08-21 22:00:00,GPR.Flow-In.Ave.1Hour.3Hours.CBT-COMPUTED-REV,-63.63,50.00,-113.63,NEGATIVE
2025-08-21 23:00:00,GPR.Flow-In.Ave.1Hour.3Hours.CBT-COMPUTED-REV,-130.34,50.00,-180.34,NEGATIVE
2025-08-22 00:00:00,GPR.Flow-In.Ave.1Hour.3Hours.CBT-COMPUTED-REV,-119.04,50.00,-169.04,NEGATIVE
2025-08-22 01:00:00,GPR.Flow-In.Ave.1Hour.3Hours.CBT-COMPUTED-REV,-89.00,50.00,-139.00,NEGATIVE
2025-08-22 02:00:00,GPR.Flow-In.Ave.1Hour.3Hours.CBT-COMPUTED-REV,-20.44,50.00,-70.44,NEGATIVE
2025-08-22 18:00:00,GPR.Flow-In.Ave.1Hour.3Hours.CBT-COMPUTED-REV,-18.66,50.00,-68.66,NEGATIVE
2025-08-22 19:00:00,GPR.Flow-In.Ave.1Hour.3Hours.CBT-COMPUTED-REV,-64.43,50.00,-114.43,NEGATIVE
2025-08-22 20:00:00,GPR.Flow-In.Ave.1Hour.3Hours.CBT-COMPUTED-REV,-110.20,50.00,-160.20,NEGATIVE
2025-08-22 21:00:00,GPR.Flow-In.Ave.1Hour.3Hours.CBT-COMPUTED-REV,-123.67,50.00,-173.67,NEGATIVE
2025-08-22 22:00:00,GPR.Flow-In.Ave.1Hour.3Hours.CBT-COMPUTED-REV,-81.95,50.00,-131.95,NEGATIVE
2025-08-22 23:00:00,GPR.Flow-In.Ave.1Hour.3Hours.CBT-COMPUTED-REV,-144.88,50.00,-194.88,NEGATIVE
2025-08-23 00:00:00,GPR.Flow-In.Ave.1Hour.3Hours.CBT-COMPUTED-REV,-83.68,50.00,-133.68,NEGATIVE
2025-08-23 01:00:00,GPR.Flow-In.Ave.1Hour.3Hours.CBT-COMPUTED-REV,-31.67,50.00,-81.67,NEGATIVE
2025-08-23 19:00:00,GPR.Flow-In.Ave.1Hour.3Hours.CBT-COMPUTED-REV,-41.02,27.24,-68.26,NEGATIVE
2025-08-23 20:00:00,GPR.Flow-In.Ave.1Hour.3Hours.CBT-COMPUTED-REV,-63.77,27.24,-91.01,NEGATIVE
2025-08-23 21:00:00,GPR.Flow-In.Ave.1Hour.3Hours.CBT-COMPUTED-REV,-76.48,27.24,-103.72,NEGATIVE
2025-08-23 22:00:00,GPR.Flow-In.Ave.1Hour.3Hours.CBT-COMPUTED-REV,-78.42,27.24,-105.66,NEGATIVE
2025-08-23 23:00:00,GPR.Flow-In.Ave.1Hour.3Hours.CBT-COMPUTED-REV,-114.91,27.24,-142.15,NEGATIVE
2025-08-24 00:00:00,GPR.Flow-In.Ave.1Hour.3Hours.CBT-COMPUTED-REV,-26.79,27.24,-54.03,NEGATIVE
2025-08-24 19:00:00,GPR.Flow-In.Ave.1Hour.3Hours.CBT-COMPUTED-REV,-17.76,72.59,-90.34,NEGATIVE
2025-08-24 20:00:00,GPR.Flow-In.Ave.1Hour.3Hours.CBT-COMPUTED-REV,-62.92,72.59,-135.50,NEGATIVE
2025-08-24 21:00:00,GPR.Flow-In.Ave.1Hour.3Hours.CBT-COMPUTED-REV,-164.24,72.59,-236.82,NEGATIVE
2025-08-24 22:00:00,GPR.Flow-In.Ave.1Hour.3Hours.CBT-COMPUTED-REV,-231.39,72.59,-303.98,NEGATIVE
2025-08-24 23:00:00,GPR.Flow-In.Ave.1Hour.3Hours.CBT-COMPUTED-REV,-196.60,72.59,-269.18,NEGATIVE
2025-08-25 22:00:00,GPR.Flow-In.Ave.1Hour.3Hours.CBT-COMPUTED-REV,-34.84,72.44,-107.28,NEGATIVE
2025-08-25 23:00:00,GPR.Flow-In.Ave.1Hour.3Hours.CBT-COMPUTED-REV,-141.84,72.44,-214.28,NEGATIVE
2025-08-26 00:00:00,GPR.Flow-In.Ave.1Hour.3Hours.CBT-COMPUTED-REV,-85.59,72.28,-157.87,NEGATIVE
2025-08-26 01:00:00,GPR.Flow-In.Ave.1Hour.3Hours.CBT-COMPUTED-REV,-41.09,72.44,-113.54,NEGATIVE
2025-08-26 06:00:00,GPR.Flow-In.Ave.1Hour.3Hours.CBT-COMPUTED-REV,-30.97,50.00,-80.97,NEGATIVE
2025-08-26 17:00:00,GPR.Flow-In.Ave.1Hour.3Hours.CBT-COMPUTED-REV,-16.84,5.44,-22.28,NEGATIVE
2025-08-26 22:00:00,GPR.Flow-In.Ave.1Hour.3Hours.CBT-COMPUTED-REV,-9.27,27.72,-36.99,NEGATIVE
2025-08-26 23:00:00,GPR.Flow-In.Ave.1Hour.3Hours.CBT-COMPUTED-REV,-115.98,27.72,-143.70,NEGATIVE
2025-08-27 00:00:00,GPR.Flow-In.Ave.1Hour.3Hours.CBT-COMPUTED-REV,-104.25,27.72,-131.97,NEGATIVE
2025-08-27 01:00:00,GPR.Flow-In.Ave.1Hour.3Hours.CBT-COMPUTED-REV,-127.14,27.72,-154.86,NEGATIVE
2025-08-27 02:00:00,GPR.Flow-In.Ave.1Hour.3Hours.CBT-COMPUTED-REV,-96.98,27.72,-124.70,NEGATIVE
2025-08-27 03:00:00,GPR.Flow-In.Ave.1Hour.3Hours.CBT-COMPUTED-REV,-139.54,5.70,-145.24,NEGATIVE
2025-08-27 04:00:00,GPR.Flow-In.Ave.1Hour.3Hours.CBT-COMPUTED-REV,-255.60,5.70,-261.31,NEGATIVE
2025-08-27 05:00:00,GPR.Flow-In.Ave.1Hour.3Hours.CBT-COMPUTED-REV,-169.00,27.72,-196.72,NEGATIVE
2025-08-27 07:00:00,GPR.Flow-In.Ave.1Hour.3Hours.CBT-COMPUTED-REV,343.70,27.85,315.85,SPIKE
2025-08-27 08:00:00,GPR.Flow-In.Ave.1Hour.3Hours.CBT-COMPUTED-REV,521.86,27.85,494.01,SPIKE
2025-08-27 09:00:00,GPR.Flow-In.Ave.1Hour.3Hours.CBT-COMPUTED-REV,492.87,27.85,465.02,SPIKE
2025-08-27 20:00:00,GPR.Flow-In.Ave.1Hour.3Hours.CBT-COMPUTED-REV,-38.58,27.85,-66.43,NEGATIVE
2025-08-27 21:00:00,GPR.Flow-In.Ave.1Hour.3Hours.CBT-COMPUTED-REV,-37.40,27.85,-65.25,NEGATIVE
2025-08-27 22:00:00,GPR.Flow-In.Ave.1Hour.3Hours.CBT-COMPUTED-REV,-75.45,27.85,-103.31,NEGATIVE
2025-08-27 23:00:00,GPR.Flow-In.Ave.1Hour.3Hours.CBT-COMPUTED-REV,-86.20,27.85,-114.05,NEGATIVE
2025-08-28 00:00:00,GPR.Flow-In.Ave.1Hour.3Hours.CBT-COMPUTED-REV,-51.06,27.85,-78.92,NEGATIVE
2025-08-28 01:00:00,GPR.Flow-In.Ave.1Hour.3Hours.CBT-COMPUTED-REV,-35.28,27.85,-63.13,NEGATIVE
2025-08-28 19:00:00,GPR.Flow-In.Ave.1Hour.3Hours.CBT-COMPUTED-REV,-38.12,72.03,-110.15,NEGATIVE
2025-08-28 20:00:00,GPR.Flow-In.Ave.1Hour.3Hours.CBT-COMPUTED-REV,-60.15,72.03,-132.18,NEGATIVE
2025-08-28 21:00:00,GPR.Flow-In.Ave.1Hour.3Hours.CBT-COMPUTED-REV,-171.54,72.03,-243.57,NEGATIVE
2025-08-28 22:00:00,GPR.Flow-In.Ave.1Hour.3Hours.CBT-COMPUTED-REV,-195.53,72.03,-267.56,NEGATIVE
2025-08-28 23:00:00,GPR.Flow-In.Ave.1Hour.3Hours.CBT-COMPUTED-REV,-235.78,72.03,-307.81,NEGATIVE
2025-08-29 00:00:00,GPR.Flow-In.Ave.1Hour.3Hours.CBT-COMPUTED-REV,-90.99,62.38,-153.37,NEGATIVE
2025-08-29 17:00:00,GPR.Flow-In.Ave.1Hour.3Hours.CBT-COMPUTED-REV,-37.48,6.26,-43.74,NEGATIVE
2025-08-29 18:00:00,GPR.Flow-In.Ave.1Hour.3Hours.CBT-COMPUTED-REV,-59.34,6.26,-65.60,NEGATIVE
2025-08-29 19:00:00,GPR.Flow-In.Ave.1Hour.3Hours.CBT-COMPUTED-REV,-81.21,6.26,-87.47,NEGATIVE
2025-08-29 20:00:00,GPR.Flow-In.Ave.1Hour.3Hours.CBT-COMPUTED-REV,-59.34,6.26,-65.60,NEGATIVE
2025-08-29 21:00:00,GPR.Flow-In.Ave.1Hour.3Hours.CBT-COMPUTED-REV,-49.22,6.26,-55.48,NEGATIVE
2025-08-29 22:00:00,GPR.Flow-In.Ave.1Hour.3Hours.CBT-COMPUTED-REV,-98.11,6.26,-104.37,NEGATIVE
2025-08-29 23:00:00,GPR.Flow-In.Ave.1Hour.3Hours.CBT-COMPUTED-REV,-143.62,6.26,-149.88,NEGATIVE
2025-08-30 00:00:00,GPR.Flow-In.Ave.1Hour.3Hours.CBT-COMPUTED-REV,-73.17,6.26,-79.42,NEGATIVE
2025-08-30 20:00:00,GPR.Flow-In.Ave.1Hour.3Hours.CBT-COMPUTED-REV,-80.18,93.40,-173.58,NEGATIVE
2025-08-30 21:00:00,GPR.Flow-In.Ave.1Hour.3Hours.CBT-COMPUTED-REV,-94.10,93.40,-187.50,NEGATIVE
2025-08-30 22:00:00,GPR.Flow-In.Ave.1Hour.3Hours.CBT-COMPUTED-REV,-121.71,93.40,-215.11,NEGATIVE
2025-08-30 23:00:00,GPR.Flow-In.Ave.1Hour.3Hours.CBT-COMPUTED-REV,-184.55,93.40,-277.94,NEGATIVE
2025-08-31 00:00:00,GPR.Flow-In.Ave.1Hour.3Hours.CBT-COMPUTED-REV,-152.52,71.70,-224.22,NEGATIVE
2025-08-31 01:00:00,GPR.Flow-In.Ave.1Hour.3Hours.CBT-COMPUTED-REV,-171.27,71.70,-242.96,NEGATIVE
2025-08-31 02:00:00,GPR.Flow-In.Ave.1Hour.3Hours.CBT-COMPUTED-REV,-89.24,71.70,-160.94,NEGATIVE
2025-08-31 21:00:00,GPR.Flow-In.Ave.1Hour.3Hours.CBT-COMPUTED-REV,-27.40,50.00,-77.40,NEGATIVE
2025-08-31 22:00:00,GPR.Flow-In.Ave.1Hour.3Hours.CBT-COMPUTED-REV,-31.49,50.00,-81.49,NEGATIVE
2025-08-31 23:00:00,GPR.Flow-In.Ave.1Hour.3Hours.CBT-COMPUTED-REV,-75.92,50.00,-125.92,NEGATIVE
2025-09-01 00:00:00,GPR.Flow-In.Ave.1Hour.3Hours.CBT-COMPUTED-REV,-68.19,50.00,-118.19,NEGATIVE
2025-09-01 01:00:00,GPR.Flow-In.Ave.1Hour.3Hours.CBT-COMPUTED-REV,-68.17,50.00,-118.17,NEGATIVE
2025-09-01 02:00:00,GPR.Flow-In.Ave.1Hour.3Hours.CBT-COMPUTED-REV,-122.51,50.00,-172.51,NEGATIVE
2025-09-01 03:00:00,GPR.Flow-In.Ave.1Hour.3Hours.CBT-COMPUTED-REV,-28.85,50.00,-78.85,NEGATIVE
2025-09-01 04:00:00,GPR.Flow-In.Ave.1Hour.3Hours.CBT-COMPUTED-REV,-11.57,50.00,-61.57,NEGATIVE
2025-09-01 19:00:00,GPR.Flow-In.Ave.1Hour.3Hours.CBT-COMPUTED-REV,-35.45,50.00,-85.45,NEGATIVE
2025-09-01 20:00:00,GPR.Flow-In.Ave.1Hour.3Hours.CBT-COMPUTED-REV,-56.81,50.00,-106.81,NEGATIVE
2025-09-01 21:00:00,GPR.Flow-In.Ave.1Hour.3Hours.CBT-COMPUTED-REV,-68.03,50.00,-118.03,NEGATIVE
2025-09-01 22:00:00,GPR.Flow-In.Ave.1Hour.3Hours.CBT-COMPUTED-REV,-111.70,50.00,-161.70,NEGATIVE
2025-09-01 23:00:00,GPR.Flow-In.Ave.1Hour.3Hours.CBT-COMPUTED-REV,-145.05,50.00,-195.05,NEGATIVE
2025-09-02 00:00:00,GPR.Flow-In.Ave.1Hour.3Hours.CBT-COMPUTED-REV,-103.91,50.00,-153.91,NEGATIVE
2025-09-02 01:00:00,GPR.Flow-In.Ave.1Hour.3Hours.CBT-COMPUTED-REV,-29.89,50.00,-79.89,NEGATIVE
2025-09-02 21:00:00,GPR.Flow-In.Ave.1Hour.3Hours.CBT-COMPUTED-REV,-58.80,50.00,-108.80,NEGATIVE
2025-09-02 22:00:00,GPR.Flow-In.Ave.1Hour.3Hours.CBT-COMPUTED-REV,-138.50,50.00,-188.50,NEGATIVE
2025-09-02 23:00:00,GPR.Flow-In.Ave.1Hour.3Hours.CBT-COMPUTED-REV,-245.64,50.00,-295.64,"SPIKE,NEGATIVE"
2025-09-03 00:00:00,GPR.Flow-In.Ave.1Hour.3Hours.CBT-COMPUTED-REV,-182.61,50.00,-232.61,NEGATIVE
2025-09-03 01:00:00,GPR.Flow-In.Ave.1Hour.3Hours.CBT-COMPUTED-REV,-56.62,50.00,-106.62,NEGATIVE
2025-09-03 20:00:00,GPR.Flow-In.Ave.1Hour.3Hours.CBT-COMPUTED-REV,-21.90,85.73,-107.64,NEGATIVE
2025-09-03 21:00:00,GPR.Flow-In.Ave.1Hour.3Hours.CBT-COMPUTED-REV,-85.20,85.73,-170.93,NEGATIVE
2025-09-03 22:00:00,GPR.Flow-In.Ave.1Hour.3Hours.CBT-COMPUTED-REV,-115.01,85.73,-200.74,NEGATIVE
2025-09-03 23:00:00,GPR.Flow-In.Ave.1Hour.3Hours.CBT-COMPUTED-REV,-51.02,85.73,-136.76,NEGATIVE
2025-09-04 20:00:00,GPR.Flow-In.Ave.1Hour.3Hours.CBT-COMPUTED-REV,-82.92,50.00,-132.92,NEGATIVE
2025-09-04 21:00:00,GPR.Flow-In.Ave.1Hour.3Hours.CBT-COMPUTED-REV,-223.47,50.00,-273.47,NEGATIVE
2025-09-04 22:00:00,GPR.Flow-In.Ave.1Hour.3Hours.CBT-COMPUTED-REV,-288.18,50.00,-338.18,NEGATIVE
2025-09-04 23:00:00,GPR.Flow-In.Ave.1Hour.3Hours.CBT-COMPUTED-REV,-238.23,50.00,-288.23,NEGATIVE
2025-09-05 00:00:00,GPR.Flow-In.Ave.1Hour.3Hours.CBT-COMPUTED-REV,-79.08,50.00,-129.08,NEGATIVE
2025-09-05 19:00:00,GPR.Flow-In.Ave.1Hour.3Hours.CBT-COMPUTED-REV,-12.15,31.98,-44.13,NEGATIVE
2025-09-05 20:00:00,GPR.Flow-In.Ave.1Hour.3Hours.CBT-COMPUTED-REV,-74.30,31.98,-106.28,NEGATIVE
2025-09-05 21:00:00,GPR.Flow-In.Ave.1Hour.3Hours.CBT-COMPUTED-REV,-115.74,31.98,-147.71,NEGATIVE
2025-09-05 22:00:00,GPR.Flow-In.Ave.1Hour.3Hours.CBT-COMPUTED-REV,-22.07,31.98,-54.04,NEGATIVE
2025-09-06 01:00:00,GPR.Flow-In.Ave.1Hour.3Hours.CBT-COMPUTED-REV,-45.69,44.84,-90.53,NEGATIVE
2025-09-06 02:00:00,GPR.Flow-In.Ave.1Hour.3Hours.CBT-COMPUTED-REV,-186.46,44.84,-231.30,NEGATIVE
2025-09-06 03:00:00,GPR.Flow-In.Ave.1Hour.3Hours.CBT-COMPUTED-REV,-160.29,44.84,-205.13,NEGATIVE
2025-09-06 04:00:00,GPR.Flow-In.Ave.1Hour.3Hours.CBT-COMPUTED-REV,-150.86,31.98,-182.83,NEGATIVE
2025-09-06 05:00:00,GPR.Flow-In.Ave.1Hour.3Hours.CBT-COMPUTED-REV,-31.19,29.48,-60.67,NEGATIVE
2025-09-06 08:00:00,GPR.Flow-In.Ave.1Hour.3Hours.CBT-COMPUTED-REV,379.01,8.96,370.05,SPIKE
2025-09-06 09:00:00,GPR.Flow-In.Ave.1Hour.3Hours.CBT-COMPUTED-REV,391.31,29.48,361.82,SPIKE
2025-09-06 10:00:00,GPR.Flow-In.Ave.1Hour.3Hours.CBT-COMPUTED-REV,395.96,29.48,366.48,SPIKE
2025-09-06 18:00:00,GPR.Flow-In.Ave.1Hour.3Hours.CBT-COMPUTED-REV,-11.56,31.98,-43.53,NEGATIVE
2025-09-06 19:00:00,GPR.Flow-In.Ave.1Hour.3Hours.CBT-COMPUTED-REV,-11.56,45.69,-57.24,NEGATIVE
2025-09-07 00:00:00,GPR.Flow-In.Ave.1Hour.3Hours.CBT-COMPUTED-REV,-21.52,45.69,-67.21,NEGATIVE
2025-09-07 01:00:00,GPR.Flow-In.Ave.1Hour.3Hours.CBT-COMPUTED-REV,-154.69,45.69,-200.38,NEGATIVE
2025-09-07 02:00:00,GPR.Flow-In.Ave.1Hour.3Hours.CBT-COMPUTED-REV,-230.60,29.67,-260.26,"SPIKE,NEGATIVE"
2025-09-07 03:00:00,GPR.Flow-In.Ave.1Hour.3Hours.CBT-COMPUTED-REV,-157.90,29.48,-187.38,NEGATIVE
2025-09-07 04:00:00,GPR.Flow-In.Ave.1Hour.3Hours.CBT-COMPUTED-REV,-64.38,29.48,-93.86,NEGATIVE
2025-09-07 08:00:00,GPR.Flow-In.Ave.1Hour.3Hours.CBT-COMPUTED-REV,315.64,29.67,285.97,SPIKE
2025-09-07 09:00:00,GPR.Flow-In.Ave.1Hour.3Hours.CBT-COMPUTED-REV,371.55,29.67,341.88,SPIKE
2025-09-07 10:00:00,GPR.Flow-In.Ave.1Hour.3Hours.CBT-COMPUTED-REV,382.61,29.67,352.94,SPIKE
2025-09-07 11:00:00,GPR.Flow-In.Ave.1Hour.3Hours.CBT-COMPUTED-REV,288.75,29.67,259.08,SPIKE
2025-09-07 23:00:00,GPR.Flow-In.Ave.1Hour.3Hours.CBT-COMPUTED-REV,-12.26,29.67,-41.93,NEGATIVE
2025-09-08 00:00:00,GPR.Flow-In.Ave.1Hour.3Hours.CBT-COMPUTED-REV,-71.82,29.67,-101.49,NEGATIVE
2025-09-08 01:00:00,GPR.Flow-In.Ave.1Hour.3Hours.CBT-COMPUTED-REV,-189.65,29.67,-219.31,NEGATIVE
2025-09-08 02:00:00,GPR.Flow-In.Ave.1Hour.3Hours.CBT-COMPUTED-REV,-243.38,29.67,-273.05,NEGATIVE
2025-09-08 03:00:00,GPR.Flow-In.Ave.1Hour.3Hours.CBT-COMPUTED-REV,-152.21,29.67,-181.87,NEGATIVE
2025-09-08 04:00:00,GPR.Flow-In.Ave.1Hour.3Hours.CBT-COMPUTED-REV,-68.58,29.67,-98.25,NEGATIVE
2025-09-08 08:00:00,GPR.Flow-In.Ave.1Hour.3Hours.CBT-COMPUTED-REV,483.74,29.67,454.07,SPIKE
2025-09-08 09:00:00,GPR.Flow-In.Ave.1Hour.3Hours.CBT-COMPUTED-REV,463.92,29.67,434.25,SPIKE
2025-09-08 10:00:00,GPR.Flow-In.Ave.1Hour.3Hours.CBT-COMPUTED-REV,406.96,9.71,397.25,SPIKE
2025-09-08 17:00:00,GPR.Flow-In.Ave.1Hour.3Hours.CBT-COMPUTED-REV,-10.44,9.71,-20.15,NEGATIVE
2025-09-08 18:00:00,GPR.Flow-In.Ave.1Hour.3Hours.CBT-COMPUTED-REV,-10.44,9.71,-20.15,NEGATIVE
2025-09-08 19:00:00,GPR.Flow-In.Ave.1Hour.3Hours.CBT-COMPUTED-REV,-10.44,9.71,-20.14,NEGATIVE
2025-09-08 20:00:00,GPR.Flow-In.Ave.1Hour.3Hours.CBT-COMPUTED-REV,-10.44,9.71,-20.14,NEGATIVE
2025-09-08 21:00:00,GPR.Flow-In.Ave.1Hour.3Hours.CBT-COMPUTED-REV,-30.57,9.71,-40.28,NEGATIVE
2025-09-08 22:00:00,GPR.Flow-In.Ave.1Hour.3Hours.CBT-COMPUTED-REV,-50.72,9.71,-60.42,NEGATIVE
2025-09-08 23:00:00,GPR.Flow-In.Ave.1Hour.3Hours.CBT-COMPUTED-REV,-52.14,9.71,-61.85,NEGATIVE
2025-09-09 00:00:00,GPR.Flow-In.Ave.1Hour.3Hours.CBT-COMPUTED-REV,-87.56,9.71,-97.26,NEGATIVE
2025-09-09 01:00:00,GPR.Flow-In.Ave.1Hour.3Hours.CBT-COMPUTED-REV,-184.33,9.71,-194.04,NEGATIVE
2025-09-09 02:00:00,GPR.Flow-In.Ave.1Hour.3Hours.CBT-COMPUTED-REV,-217.50,9.71,-227.21,NEGATIVE
2025-09-09 03:00:00,GPR.Flow-In.Ave.1Hour.3Hours.CBT-COMPUTED-REV,-123.62,9.71,-133.33,NEGATIVE
2025-09-10 01:00:00,GPR.Flow-In.Ave.1Hour.3Hours.CBT-COMPUTED-REV,-2.18,50.00,-52.18,NEGATIVE
2025-09-10 08:00:00,GPR.Flow-In.Ave.1Hour.3Hours.CBT-COMPUTED-REV,338.72,50.00,288.72,SPIKE
2025-09-10 09:00:00,GPR.Flow-In.Ave.1Hour.3Hours.CBT-COMPUTED-REV,373.33,50.00,323.33,SPIKE
2025-09-10 10:00:00,GPR.Flow-In.Ave.1Hour.3Hours.CBT-COMPUTED-REV,351.10,50.00,301.10,SPIKE
2025-09-10 19:00:00,GPR.Flow-In.Ave.1Hour.3Hours.CBT-COMPUTED-REV,-9.41,50.00,-59.41,NEGATIVE
2025-09-10 20:00:00,GPR.Flow-In.Ave.1Hour.3Hours.CBT-COMPUTED-REV,-9.41,50.00,-59.41,NEGATIVE
2025-09-11 01:00:00,GPR.Flow-In.Ave.1Hour.3Hours.CBT-COMPUTED-REV,-44.46,50.00,-94.46,NEGATIVE
2025-09-11 02:00:00,GPR.Flow-In.Ave.1Hour.3Hours.CBT-COMPUTED-REV,-87.74,50.00,-137.74,NEGATIVE
2025-09-11 03:00:00,GPR.Flow-In.Ave.1Hour.3Hours.CBT-COMPUTED-REV,-192.03,50.00,-242.03,NEGATIVE
2025-09-11 04:00:00,GPR.Flow-In.Ave.1Hour.3Hours.CBT-COMPUTED-REV,-129.00,50.00,-179.00,NEGATIVE
2025-09-11 05:00:00,GPR.Flow-In.Ave.1Hour.3Hours.CBT-COMPUTED-REV,-79.11,50.00,-129.11,NEGATIVE
2025-09-11 08:00:00,GPR.Flow-In.Ave.1Hour.3Hours.CBT-COMPUTED-REV,463.30,50.00,413.30,SPIKE
2025-09-11 09:00:00,GPR.Flow-In.Ave.1Hour.3Hours.CBT-COMPUTED-REV,498.85,50.00,448.85,SPIKE
2025-09-11 10:00:00,GPR.Flow-In.Ave.1Hour.3Hours.CBT-COMPUTED-REV,359.70,50.00,309.70,SPIKE
2025-09-11 23:00:00,GPR.Flow-In.Ave.1Hour.3Hours.CBT-COMPUTED-REV,-42.24,50.00,-92.24,NEGATIVE
2025-09-12 00:00:00,GPR.Flow-In.Ave.1Hour.3Hours.CBT-COMPUTED-REV,-90.17,50.00,-140.17,NEGATIVE
2025-09-12 01:00:00,GPR.Flow-In.Ave.1Hour.3Hours.CBT-COMPUTED-REV,-192.47,50.00,-242.47,NEGATIVE
2025-09-12 02:00:00,GPR.Flow-In.Ave.1Hour.3Hours.CBT-COMPUTED-REV,-155.38,50.00,-205.38,NEGATIVE
2025-09-12 18:00:00,GPR.Flow-In.Ave.1Hour.3Hours.CBT-COMPUTED-REV,-22.27,50.00,-72.27,NEGATIVE
2025-09-12 19:00:00,GPR.Flow-In.Ave.1Hour.3Hours.CBT-COMPUTED-REV,-94.88,50.00,-144.88,NEGATIVE
2025-09-12 20:00:00,GPR.Flow-In.Ave.1Hour.3Hours.CBT-COMPUTED-REV,-71.62,50.00,-121.62,NEGATIVE
2025-09-12 21:00:00,GPR.Flow-In.Ave.1Hour.3Hours.CBT-COMPUTED-REV,-53.65,50.00,-103.65,NEGATIVE
2025-09-13 08:00:00,GPR.Flow-In.Ave.1Hour.3Hours.CBT-COMPUTED-REV,341.46,69.35,272.11,SPIKE
2025-09-13 18:00:00,GPR.Flow-In.Ave.1Hour.3Hours.CBT-COMPUTED-REV,-64.14,69.35,-133.49,NEGATIVE
2025-09-13 19:00:00,GPR.Flow-In.Ave.1Hour.3Hours.CBT-COMPUTED-REV,-178.64,69.35,-247.99,NEGATIVE
2025-09-13 20:00:00,GPR.Flow-In.Ave.1Hour.3Hours.CBT-COMPUTED-REV,-170.30,69.35,-239.65,NEGATIVE
2025-09-13 21:00:00,GPR.Flow-In.Ave.1Hour.3Hours.CBT-COMPUTED-REV,-130.50,69.35,-199.85,NEGATIVE
2025-09-13 22:00:00,GPR.Flow-In.Ave.1Hour.3Hours.CBT-COMPUTED-REV,-20.03,69.35,-89.38,NEGATIVE
2025-09-14 04:00:00,GPR.Flow-In.Ave.1Hour.3Hours.CBT-COMPUTED-REV,-114.33,88.38,-202.70,NEGATIVE
2025-09-14 05:00:00,GPR.Flow-In.Ave.1Hour.3Hours.CBT-COMPUTED-REV,-109.78,88.38,-198.16,NEGATIVE
2025-09-14 06:00:00,GPR.Flow-In.Ave.1Hour.3Hours.CBT-COMPUTED-REV,-76.16,88.38,-164.54,NEGATIVE
2025-09-14 10:00:00,GPR.Flow-In.Ave.1Hour.3Hours.CBT-COMPUTED-REV,459.63,88.38,371.25,SPIKE
2025-09-14 19:00:00,GPR.Flow-In.Ave.1Hour.3Hours.CBT-COMPUTED-REV,-33.62,90.18,-123.80,NEGATIVE
2025-09-14 20:00:00,GPR.Flow-In.Ave.1Hour.3Hours.CBT-COMPUTED-REV,-38.40,90.18,-128.58,NEGATIVE
2025-09-15 19:00:00,GPR.Flow-In.Ave.1Hour.3Hours.CBT-COMPUTED-REV,-102.16,69.03,-171.19,NEGATIVE
2025-09-15 20:00:00,GPR.Flow-In.Ave.1Hour.3Hours.CBT-COMPUTED-REV,-113.71,69.03,-182.74,NEGATIVE
2025-09-15 21:00:00,GPR.Flow-In.Ave.1Hour.3Hours.CBT-COMPUTED-REV,-111.21,69.03,-180.23,NEGATIVE
2025-09-15 22:00:00,GPR.Flow-In.Ave.1Hour.3Hours.CBT-COMPUTED-REV,-95.62,69.03,-164.64,NEGATIVE
2025-09-16 08:00:00,GPR.Flow-In.Ave.1Hour.3Hours.CBT-COMPUTED-REV,411.67,50.00,361.67,SPIKE
2025-09-16 09:00:00,GPR.Flow-In.Ave.1Hour.3Hours.CBT-COMPUTED-REV,367.85,50.00,317.85,SPIKE
2025-09-16 18:00:00,GPR.Flow-In.Ave.1Hour.3Hours.CBT-COMPUTED-REV,-6.86,31.05,-37.91,NEGATIVE
2025-09-16 19:00:00,GPR.Flow-In.Ave.1Hour.3Hours.CBT-COMPUTED-REV,-6.86,31.05,-37.91,NEGATIVE
2025-09-16 23:00:00,GPR.Flow-In.Ave.1Hour.3Hours.CBT-COMPUTED-REV,-6.86,31.05,-37.90,NEGATIVE
2025-09-17 00:00:00,GPR.Flow-In.Ave.1Hour.3Hours.CBT-COMPUTED-REV,-36.51,31.05,-67.56,NEGATIVE
2025-09-17 01:00:00,GPR.Flow-In.Ave.1Hour.3Hours.CBT-COMPUTED-REV,-76.72,31.05,-107.76,NEGATIVE
2025-09-17 02:00:00,GPR.Flow-In.Ave.1Hour.3Hours.CBT-COMPUTED-REV,-150.03,31.05,-181.08,NEGATIVE
2025-09-17 03:00:00,GPR.Flow-In.Ave.1Hour.3Hours.CBT-COMPUTED-REV,-82.15,31.05,-113.19,NEGATIVE
2025-09-17 04:00:00,GPR.Flow-In.Ave.1Hour.3Hours.CBT-COMPUTED-REV,-3.13,31.05,-34.18,NEGATIVE
2025-09-17 07:00:00,GPR.Flow-In.Ave.1Hour.3Hours.CBT-COMPUTED-REV,279.61,12.29,267.32,SPIKE
2025-09-17 18:00:00,GPR.Flow-In.Ave.1Hour.3Hours.CBT-COMPUTED-REV,-6.57,36.01,-42.57,NEGATIVE
2025-09-17 19:00:00,GPR.Flow-In.Ave.1Hour.3Hours.CBT-COMPUTED-REV,-6.56,36.01,-42.57,NEGATIVE
2025-09-17 20:00:00,GPR.Flow-In.Ave.1Hour.3Hours.CBT-COMPUTED-REV,-6.56,36.01,-42.57,NEGATIVE
2025-09-17 21:00:00,GPR.Flow-In.Ave.1Hour.3Hours.CBT-COMPUTED-REV,-6.56,36.01,-42.57,NEGATIVE
2025-09-18 02:00:00,GPR.Flow-In.Ave.1Hour.3Hours.CBT-COMPUTED-REV,-66.14,31.25,-97.39,NEGATIVE
2025-09-18 03:00:00,GPR.Flow-In.Ave.1Hour.3Hours.CBT-COMPUTED-REV,-33.16,31.14,-64.30,NEGATIVE
2025-09-18 04:00:00,GPR.Flow-In.Ave.1Hour.3Hours.CBT-COMPUTED-REV,-27.30,12.49,-39.80,NEGATIVE
2025-09-18 16:00:00,GPR.Flow-In.Ave.1Hour.3Hours.CBT-COMPUTED-REV,-6.26,31.25,-37.51,NEGATIVE
2025-09-18 17:00:00,GPR.Flow-In.Ave.1Hour.3Hours.CBT-COMPUTED-REV,-6.26,31.25,-37.51,NEGATIVE
2025-09-18 23:00:00,GPR.Flow-In.Ave.1Hour.3Hours.CBT-COMPUTED-REV,-269.03,31.25,-300.28,"SPIKE,NEGATIVE"
2025-09-19 00:00:00,GPR.Flow-In.Ave.1Hour.3Hours.CBT-COMPUTED-REV,-619.59,31.25,-650.84,"SPIKE,NEGATIVE"
2025-09-19 01:00:00,GPR.Flow-In.Ave.1Hour.3Hours.CBT-COMPUTED-REV,-1020.29,31.25,-1051.54,"SPIKE,NEGATIVE"
2025-09-19 02:00:00,GPR.Flow-In.Ave.1Hour.3Hours.CBT-COMPUTED-REV,-1133.17,31.25,-1164.42,"SPIKE,NEGATIVE"
2025-09-19 03:00:00,GPR.Flow-In.Ave.1Hour.3Hours.CBT-COMPUTED-REV,-789.09,19.54,-808.63,"SPIKE,NEGATIVE"
2025-09-19 04:00:00,GPR.Flow-In.Ave.1Hour.3Hours.CBT-COMPUTED-REV,-416.10,19.54,-435.64,NEGATIVE
2025-09-19 15:00:00,GPR.Flow-In.Ave.1Hour.3Hours.CBT-COMPUTED-REV,-6.09,12.61,-18.70,NEGATIVE
2025-09-19 16:00:00,GPR.Flow-In.Ave.1Hour.3Hours.CBT-COMPUTED-REV,-6.09,19.54,-25.63,NEGATIVE
2025-09-19 17:00:00,GPR.Flow-In.Ave.1Hour.3Hours.CBT-COMPUTED-REV,-6.09,21.23,-27.32,NEGATIVE
2025-09-19 18:00:00,GPR.Flow-In.Ave.1Hour.3Hours.CBT-COMPUTED-REV,-6.09,31.30,-37.39,NEGATIVE
2025-09-19 19:00:00,GPR.Flow-In.Ave.1Hour.3Hours.CBT-COMPUTED-REV,-6.09,31.30,-37.39,NEGATIVE
2025-09-20 00:00:00,GPR.Flow-In.Ave.1Hour.3Hours.CBT-COMPUTED-REV,-18.99,31.30,-50.30,NEGATIVE
2025-09-20 01:00:00,GPR.Flow-In.Ave.1Hour.3Hours.CBT-COMPUTED-REV,-110.11,31.30,-141.42,NEGATIVE
2025-09-20 02:00:00,GPR.Flow-In.Ave.1Hour.3Hours.CBT-COMPUTED-REV,-103.84,31.30,-135.15,NEGATIVE
2025-09-20 03:00:00,GPR.Flow-In.Ave.1Hour.3Hours.CBT-COMPUTED-REV,-58.42,41.70,-100.12,NEGATIVE
2025-09-21 00:00:00,GPR.Flow-In.Ave.1Hour.3Hours.CBT-COMPUTED-REV,-93.66,50.00,-143.66,NEGATIVE
2025-09-21 01:00:00,GPR.Flow-In.Ave.1Hour.3Hours.CBT-COMPUTED-REV,-222.16,50.00,-272.16,NEGATIVE
2025-09-21 02:00:00,GPR.Flow-In.Ave.1Hour.3Hours.CBT-COMPUTED-REV,-253.02,50.00,-303.02,"SPIKE,NEGATIVE"
2025-09-21 03:00:00,GPR.Flow-In.Ave.1Hour.3Hours.CBT-COMPUTED-REV,-183.60,50.00,-233.60,NEGATIVE
2025-09-21 04:00:00,GPR.Flow-In.Ave.1Hour.3Hours.CBT-COMPUTED-REV,-69.73,50.00,-119.73,NEGATIVE
2025-09-21 15:00:00,GPR.Flow-In.Ave.1Hour.3Hours.CBT-COMPUTED-REV,-5.38,50.00,-55.38,NEGATIVE
2025-09-21 16:00:00,GPR.Flow-In.Ave.1Hour.3Hours.CBT-COMPUTED-REV,-5.38,50.00,-55.38,NEGATIVE
2025-09-22 16:00:00,GPR.Flow-In.Ave.1Hour.3Hours.CBT-COMPUTED-REV,-5.09,20.40,-25.49,NEGATIVE
2025-09-22 17:00:00,GPR.Flow-In.Ave.1Hour.3Hours.CBT-COMPUTED-REV,-5.09,20.40,-25.49,NEGATIVE
2025-09-22 18:00:00,GPR.Flow-In.Ave.1Hour.3Hours.CBT-COMPUTED-REV,-5.09,20.40,-25.49,NEGATIVE
2025-09-22 19:00:00,GPR.Flow-In.Ave.1Hour.3Hours.CBT-COMPUTED-REV,-5.09,24.29,-29.37,NEGATIVE
2025-09-22 20:00:00,GPR.Flow-In.Ave.1Hour.3Hours.CBT-COMPUTED-REV,-5.09,24.29,-29.37,NEGATIVE
2025-09-22 21:00:00,GPR.Flow-In.Ave.1Hour.3Hours.CBT-COMPUTED-REV,-5.08,24.29,-29.37,NEGATIVE
2025-09-22 22:00:00,GPR.Flow-In.Ave.1Hour.3Hours.CBT-COMPUTED-REV,-5.08,24.29,-29.37,NEGATIVE
2025-09-22 23:00:00,GPR.Flow-In.Ave.1Hour.3Hours.CBT-COMPUTED-REV,-28.12,24.29,-52.41,NEGATIVE
2025-09-23 00:00:00,GPR.Flow-In.Ave.1Hour.3Hours.CBT-COMPUTED-REV,-74.06,24.29,-98.35,NEGATIVE
2025-09-23 01:00:00,GPR.Flow-In.Ave.1Hour.3Hours.CBT-COMPUTED-REV,-124.39,24.29,-148.68,NEGATIVE
2025-09-23 02:00:00,GPR.Flow-In.Ave.1Hour.3Hours.CBT-COMPUTED-REV,-76.32,24.29,-100.61,NEGATIVE
2025-09-23 17:00:00,GPR.Flow-In.Ave.1Hour.3Hours.CBT-COMPUTED-REV,-4.68,31.77,-36.45,NEGATIVE
2025-09-23 18:00:00,GPR.Flow-In.Ave.1Hour.3Hours.CBT-COMPUTED-REV,-22.91,31.77,-54.68,NEGATIVE
2025-09-23 19:00:00,GPR.Flow-In.Ave.1Hour.3Hours.CBT-COMPUTED-REV,-41.13,31.77,-72.90,NEGATIVE
2025-09-23 20:00:00,GPR.Flow-In.Ave.1Hour.3Hours.CBT-COMPUTED-REV,-59.35,31.77,-91.12,NEGATIVE
2025-09-23 21:00:00,GPR.Flow-In.Ave.1Hour.3Hours.CBT-COMPUTED-REV,-77.56,31.77,-109.33,NEGATIVE
2025-09-23 22:00:00,GPR.Flow-In.Ave.1Hour.3Hours.CBT-COMPUTED-REV,-77.56,31.77,-109.33,NEGATIVE
2025-09-23 23:00:00,GPR.Flow-In.Ave.1Hour.3Hours.CBT-COMPUTED-REV,-62.43,31.77,-94.21,NEGATIVE
2025-09-24 00:00:00,GPR.Flow-In.Ave.1Hour.3Hours.CBT-COMPUTED-REV,-68.48,31.77,-100.25,NEGATIVE
2025-09-24 01:00:00,GPR.Flow-In.Ave.1Hour.3Hours.CBT-COMPUTED-REV,-99.42,31.77,-131.19,NEGATIVE
2025-09-24 02:00:00,GPR.Flow-In.Ave.1Hour.3Hours.CBT-COMPUTED-REV,-67.76,31.77,-99.53,NEGATIVE
2025-09-24 20:00:00,GPR.Flow-In.Ave.1Hour.3Hours.CBT-COMPUTED-REV,-4.30,50.00,-54.30,NEGATIVE
2025-09-24 21:00:00,GPR.Flow-In.Ave.1Hour.3Hours.CBT-COMPUTED-REV,-40.50,50.00,-90.50,NEGATIVE
2025-09-24 22:00:00,GPR.Flow-In.Ave.1Hour.3Hours.CBT-COMPUTED-REV,-58.60,50.00,-108.60,NEGATIVE
2025-09-24 23:00:00,GPR.Flow-In.Ave.1Hour.3Hours.CBT-COMPUTED-REV,-82.67,50.00,-132.67,NEGATIVE
2025-09-25 00:00:00,GPR.Flow-In.Ave.1Hour.3Hours.CBT-COMPUTED-REV,-97.63,50.00,-147.63,NEGATIVE
2025-09-25 01:00:00,GPR.Flow-In.Ave.1Hour.3Hours.CBT-COMPUTED-REV,-135.77,50.00,-185.77,NEGATIVE
2025-09-26 00:00:00,GPR.Flow-In.Ave.1Hour.3Hours.CBT-COMPUTED-REV,-74.76,50.00,-124.76,NEGATIVE
2025-09-26 01:00:00,GPR.Flow-In.Ave.1Hour.3Hours.CBT-COMPUTED-REV,-188.74,50.00,-238.74,NEGATIVE
2025-09-26 02:00:00,GPR.Flow-In.Ave.1Hour.3Hours.CBT-COMPUTED-REV,-170.55,50.00,-220.55,NEGATIVE
2025-09-26 03:00:00,GPR.Flow-In.Ave.1Hour.3Hours.CBT-COMPUTED-REV,-101.09,50.00,-151.09,NEGATIVE
2025-09-26 04:00:00,GPR.Flow-In.Ave.1Hour.3Hours.CBT-COMPUTED-REV,-8.84,50.00,-58.84,NEGATIVE
2025-09-26 19:00:00,GPR.Flow-In.Ave.1Hour.3Hours.CBT-COMPUTED-REV,-39.17,67.84,-107.01,NEGATIVE
2025-09-26 20:00:00,GPR.Flow-In.Ave.1Hour.3Hours.CBT-COMPUTED-REV,-74.83,67.84,-142.67,NEGATIVE
2025-09-26 21:00:00,GPR.Flow-In.Ave.1Hour.3Hours.CBT-COMPUTED-REV,-74.83,67.84,-142.67,NEGATIVE
2025-09-26 22:00:00,GPR.Flow-In.Ave.1Hour.3Hours.CBT-COMPUTED-REV,-46.43,67.84,-114.26,NEGATIVE
2025-09-26 23:00:00,GPR.Flow-In.Ave.1Hour.3Hours.CBT-COMPUTED-REV,-42.95,67.74,-110.70,NEGATIVE
2025-09-27 00:00:00,GPR.Flow-In.Ave.1Hour.3Hours.CBT-COMPUTED-REV,-67.40,67.74,-135.15,NEGATIVE
2025-09-27 01:00:00,GPR.Flow-In.Ave.1Hour.3Hours.CBT-COMPUTED-REV,-48.29,67.74,-116.03,NEGATIVE
2025-09-27 02:00:00,GPR.Flow-In.Ave.1Hour.3Hours.CBT-COMPUTED-REV,-24.89,50.00,-74.89,NEGATIVE
2025-09-27 17:00:00,GPR.Flow-In.Ave.1Hour.3Hours.CBT-COMPUTED-REV,-3.23,50.00,-53.23,NEGATIVE
2025-09-27 18:00:00,GPR.Flow-In.Ave.1Hour.3Hours.CBT-COMPUTED-REV,-3.23,50.00,-53.23,NEGATIVE
2025-09-27 23:00:00,GPR.Flow-In.Ave.1Hour.3Hours.CBT-COMPUTED-REV,-56.50,32.26,-88.76,NEGATIVE
2025-09-28 00:00:00,GPR.Flow-In.Ave.1Hour.3Hours.CBT-COMPUTED-REV,-166.41,32.26,-198.66,NEGATIVE
2025-09-28 01:00:00,GPR.Flow-In.Ave.1Hour.3Hours.CBT-COMPUTED-REV,-143.75,14.78,-158.53,NEGATIVE
2025-09-28 02:00:00,GPR.Flow-In.Ave.1Hour.3Hours.CBT-COMPUTED-REV,-100.59,14.78,-115.37,NEGATIVE
2025-09-28 03:00:00,GPR.Flow-In.Ave.1Hour.3Hours.CBT-COMPUTED-REV,-1.82,14.78,-16.61,NEGATIVE
2025-09-28 07:00:00,GPR.Flow-In.Ave.1Hour.3Hours.CBT-COMPUTED-REV,297.05,32.39,264.65,SPIKE
2025-09-28 12:00:00,GPR.Flow-In.Ave.1Hour.3Hours.CBT-COMPUTED-REV,-2.83,50.00,-52.83,NEGATIVE
2025-09-28 21:00:00,GPR.Flow-In.Ave.1Hour.3Hours.CBT-COMPUTED-REV,-2.82,50.00,-52.82,NEGATIVE
2025-09-29 00:00:00,GPR.Flow-In.Ave.1Hour.3Hours.CBT-COMPUTED-REV,-5.47,50.00,-55.47,NEGATIVE
2025-09-29 01:00:00,GPR.Flow-In.Ave.1Hour.3Hours.CBT-COMPUTED-REV,-52.06,50.00,-102.06,NEGATIVE
2025-09-29 02:00:00,GPR.Flow-In.Ave.1Hour.3Hours.CBT-COMPUTED-REV,-115.46,50.00,-165.46,NEGATIVE
2025-09-29 03:00:00,GPR.Flow-In.Ave.1Hour.3Hours.CBT-COMPUTED-REV,-64.71,50.00,-114.71,NEGATIVE
2025-09-29 23:00:00,GPR.Flow-In.Ave.1Hour.3Hours.CBT-COMPUTED-REV,-7.72,50.00,-57.72,NEGATIVE
2025-09-30 00:00:00,GPR.Flow-In.Ave.1Hour.3Hours.CBT-COMPUTED-REV,-121.33,50.00,-171.33,NEGATIVE
2025-09-30 01:00:00,GPR.Flow-In.Ave.1Hour.3Hours.CBT-COMPUTED-REV,-101.45,50.00,-151.45,NEGATIVE
2025-09-30 02:00:00,GPR.Flow-In.Ave.1Hour.3Hours.CBT-COMPUTED-REV,-38.68,50.00,-88.68,NEGATIVE
2025-09-30 19:00:00,GPR.Flow-In.Ave.1Hour.3Hours.CBT-COMPUTED-REV,-2.50,85.00,-87.49,NEGATIVE
2025-09-30 22:00:00,GPR.Flow-In.Ave.1Hour.3Hours.CBT-COMPUTED-REV,-9.24,58.75,-67.99,NEGATIVE
2025-09-30 23:00:00,GPR.Flow-In.Ave.1Hour.3Hours.CBT-COMPUTED-REV,-22.75,50.00,-72.75,NEGATIVE
2024-10-01 19:00:00,HCR.Flow-In.Ave.15Minutes.3Hours.MIXED-COMPUTED-REV,608.41,298.69,309.71,SPIKE
2024-10-01 20:00:00,HCR.Flow-In.Ave.15Minutes.3Hours.MIXED-COMPUTED-REV,1112.29,298.69,813.59,SPIKE
2024-10-01 21:00:00,HCR.Flow-In.Ave.15Minutes.3Hours.MIXED-COMPUTED-REV,1220.09,290.63,929.46,SPIKE
2024-10-01 22:00:00,HCR.Flow-In.Ave.15Minutes.3Hours.MIXED-COMPUTED-REV,847.30,290.63,556.67,SPIKE
2024-11-18 05:00:00,HCR.Flow-In.Ave.15Minutes.3Hours.MIXED-COMPUTED-REV,3469.66,2740.70,728.95,SPIKE
2024-11-18 06:00:00,HCR.Flow-In.Ave.15Minutes.3Hours.MIXED-COMPUTED-REV,3511.28,2740.70,770.58,SPIKE
2024-11-18 07:00:00,HCR.Flow-In.Ave.15Minutes.3Hours.MIXED-COMPUTED-REV,3446.76,2740.70,706.05,SPIKE
2024-12-03 21:00:00,HCR.Flow-In.Ave.15Minutes.3Hours.MIXED-COMPUTED-REV,1114.93,608.49,506.44,SPIKE
2024-12-03 22:00:00,HCR.Flow-In.Ave.15Minutes.3Hours.MIXED-COMPUTED-REV,1203.04,609.72,593.32,SPIKE
2024-12-03 23:00:00,HCR.Flow-In.Ave.15Minutes.3Hours.MIXED-COMPUTED-REV,1010.03,610.94,399.09,SPIKE
2024-12-29 20:00:00,HCR.Flow-In.Ave.15Minutes.3Hours.MIXED-COMPUTED-REV,16206.16,12937.31,3268.85,SPIKE
2025-02-24 06:00:00,HCR.Flow-In.Ave.15Minutes.3Hours.MIXED-COMPUTED-REV,13693.52,10757.44,2936.09,SPIKE
2025-02-24 07:00:00,HCR.Flow-In.Ave.15Minutes.3Hours.MIXED-COMPUTED-REV,13809.60,10757.44,3052.16,SPIKE
2025-02-24 08:00:00,HCR.Flow-In.Ave.15Minutes.3Hours.MIXED-COMPUTED-REV,13814.91,10757.44,3057.47,SPIKE
2025-02-24 09:00:00,HCR.Flow-In.Ave.15Minutes.3Hours.MIXED-COMPUTED-REV,13614.71,10757.44,2857.27,SPIKE
2025-03-16 17:00:00,HCR.Flow-In.Ave.15Minutes.3Hours.MIXED-COMPUTED-REV,10138.35,7521.48,2616.88,SPIKE
2025-03-16 18:00:00,HCR.Flow-In.Ave.15Minutes.3Hours.MIXED-COMPUTED-REV,10921.43,7521.48,3399.95,SPIKE
2025-03-16 19:00:00,HCR.Flow-In.Ave.15Minutes.3Hours.MIXED-COMPUTED-REV,11390.19,7521.48,3868.72,SPIKE
2025-03-16 20:00:00,HCR.Flow-In.Ave.15Minutes.3Hours.MIXED-COMPUTED-REV,11364.59,7521.48,3843.11,SPIKE
2025-03-16 21:00:00,HCR.Flow-In.Ave.15Minutes.3Hours.MIXED-COMPUTED-REV,10845.11,7521.48,3323.63,SPIKE
2025-03-16 22:00:00,HCR.Flow-In.Ave.15Minutes.3Hours.MIXED-COMPUTED-REV,10124.91,7521.48,2603.43,SPIKE
2025-03-16 23:00:00,HCR.Flow-In.Ave.15Minutes.3Hours.MIXED-COMPUTED-REV,9458.96,7521.48,1937.48,SPIKE
2024-10-04 16:00:00,LOP.Flow-In.Ave.1Hour.3Hours.CBT-COMPUTED-REV,771.88,1044.41,-272.53,SPIKE
2024-10-04 17:00:00,LOP.Flow-In.Ave.1Hour.3Hours.CBT-COMPUTED-REV,750.91,1044.41,-293.51,SPIKE
2024-10-04 18:00:00,LOP.Flow-In.Ave.1Hour.3Hours.CBT-COMPUTED-REV,718.24,1044.41,-326.17,SPIKE
2024-10-07 18:00:00,LOP.Flow-In.Ave.1Hour.3Hours.CBT-COMPUTED-REV,1503.37,1176.65,326.72,SPIKE
2024-10-21 22:00:00,LOP.Flow-In.Ave.1Hour.3Hours.CBT-COMPUTED-REV,360.56,925.30,-564.74,SPIKE
2024-10-21 23:00:00,LOP.Flow-In.Ave.1Hour.3Hours.CBT-COMPUTED-REV,19.88,945.10,-925.23,SPIKE
2024-10-22 00:00:00,LOP.Flow-In.Ave.1Hour.3Hours.CBT-COMPUTED-REV,154.45,956.07,-801.61,SPIKE
2024-10-22 03:00:00,LOP.Flow-In.Ave.1Hour.3Hours.CBT-COMPUTED-REV,1644.47,1232.35,412.12,SPIKE
2024-10-25 23:00:00,LOP.Flow-In.Ave.1Hour.3Hours.CBT-COMPUTED-REV,129.87,1142.03,-1012.16,SPIKE
2024-10-26 00:00:00,LOP.Flow-In.Ave.1Hour.3Hours.CBT-COMPUTED-REV,-19.38,1151.50,-1170.88,"SPIKE,NEGATIVE"
2024-10-26 01:00:00,LOP.Flow-In.Ave.1Hour.3Hours.CBT-COMPUTED-REV,251.21,1162.10,-910.89,SPIKE
2024-10-26 02:00:00,LOP.Flow-In.Ave.1Hour.3Hours.CBT-COMPUTED-REV,661.43,1172.35,-510.92,SPIKE
2024-11-20 03:00:00,LOP.Flow-In.Ave.1Hour.3Hours.CBT-COMPUTED-REV,3344.66,4573.62,-1228.96,SPIKE
2024-11-20 04:00:00,LOP.Flow-In.Ave.1Hour.3Hours.CBT-COMPUTED-REV,2980.47,4573.62,-1593.15,SPIKE
2024-11-20 05:00:00,LOP.Flow-In.Ave.1Hour.3Hours.CBT-COMPUTED-REV,3275.17,4573.62,-1298.45,SPIKE
2024-11-22 20:00:00,LOP.Flow-In.Ave.1Hour.3Hours.CBT-COMPUTED-REV,3895.34,5203.91,-1308.57,SPIKE
2024-12-07 01:00:00,LOP.Flow-In.Ave.1Hour.3Hours.CBT-COMPUTED-REV,4164.97,3326.99,837.98,SPIKE
2024-12-07 02:00:00,LOP.Flow-In.Ave.1Hour.3Hours.CBT-COMPUTED-REV,4135.41,3256.06,879.34,SPIKE
2024-12-09 21:00:00,LOP.Flow-In.Ave.1Hour.3Hours.CBT-COMPUTED-REV,3044.08,2289.50,754.57,SPIKE
2024-12-09 22:00:00,LOP.Flow-In.Ave.1Hour.3Hours.CBT-COMPUTED-REV,3331.95,2288.56,1043.39,SPIKE
2024-12-09 23:00:00,LOP.Flow-In.Ave.1Hour.3Hours.CBT-COMPUTED-REV,3275.47,2277.69,997.79,SPIKE
2024-12-10 05:00:00,LOP.Flow-In.Ave.1Hour.3Hours.CBT-COMPUTED-REV,1257.05,2195.96,-938.91,SPIKE
2024-12-10 06:00:00,LOP.Flow-In.Ave.1Hour.3Hours.CBT-COMPUTED-REV,1229.36,2176.92,-947.56,SPIKE
2024-12-30 15:00:00,LOP.Flow-In.Ave.1Hour.3Hours.CBT-COMPUTED-REV,11257.43,15142.48,-3885.04,SPIKE
2024-12-30 16:00:00,LOP.Flow-In.Ave.1Hour.3Hours.CBT-COMPUTED-REV,10912.98,14832.82,-3919.84,SPIKE
2024-12-30 17:00:00,LOP.Flow-In.Ave.1Hour.3Hours.CBT-COMPUTED-REV,10593.62,14407.77,-3814.15,SPIKE
2024-12-30 19:00:00,LOP.Flow-In.Ave.1Hour.3Hours.CBT-COMPUTED-REV,15527.31,11705.53,3821.77,SPIKE
2024-12-30 20:00:00,LOP.Flow-In.Ave.1Hour.3Hours.CBT-COMPUTED-REV,15394.03,11399.11,3994.92,SPIKE
2024-12-30 21:00:00,LOP.Flow-In.Ave.1Hour.3Hours.CBT-COMPUTED-REV,15142.48,11257.43,3885.04,SPIKE
2025-01-21 22:00:00,LOP.Flow-In.Ave.1Hour.3Hours.CBT-COMPUTED-REV,5635.95,3928.15,1707.79,SPIKE
2025-01-21 23:00:00,LOP.Flow-In.Ave.1Hour.3Hours.CBT-COMPUTED-REV,7847.68,3928.15,3919.52,SPIKE
2025-01-22 00:00:00,LOP.Flow-In.Ave.1Hour.3Hours.CBT-COMPUTED-REV,10013.26,3669.60,6343.66,SPIKE
2025-01-22 01:00:00,LOP.Flow-In.Ave.1Hour.3Hours.CBT-COMPUTED-REV,9942.81,3501.35,6441.46,SPIKE
2025-01-22 02:00:00,LOP.Flow-In.Ave.1Hour.3Hours.CBT-COMPUTED-REV,7788.57,3482.98,4305.58,SPIKE
2025-01-22 03:00:00,LOP.Flow-In.Ave.1Hour.3Hours.CBT-COMPUTED-REV,5529.19,3482.53,2046.66,SPIKE
2025-01-26 12:00:00,LOP.Flow-In.Ave.1Hour.3Hours.CBT-COMPUTED-REV,5813.37,4479.20,1334.16,SPIKE
2025-01-26 13:00:00,LOP.Flow-In.Ave.1Hour.3Hours.CBT-COMPUTED-REV,6145.37,4479.20,1666.17,SPIKE
2025-01-26 14:00:00,LOP.Flow-In.Ave.1Hour.3Hours.CBT-COMPUTED-REV,6065.99,4476.04,1589.95,SPIKE
2025-01-26 15:00:00,LOP.Flow-In.Ave.1Hour.3Hours.CBT-COMPUTED-REV,5724.12,4409.08,1315.05,SPIKE
2025-02-19 00:00:00,LOP.Flow-In.Ave.1Hour.3Hours.CBT-COMPUTED-REV,3498.66,5538.42,-2039.75,JUMP
2025-03-01 15:00:00,LOP.Flow-In.Ave.1Hour.3Hours.CBT-COMPUTED-REV,2412.97,3859.86,-1446.89,SPIKE
2025-03-01 16:00:00,LOP.Flow-In.Ave.1Hour.3Hours.CBT-COMPUTED-REV,2054.53,3859.86,-1805.33,SPIKE
2025-03-01 17:00:00,LOP.Flow-In.Ave.1Hour.3Hours.CBT-COMPUTED-REV,2295.80,3876.51,-1580.72,SPIKE
2025-03-16 22:00:00,LOP.Flow-In.Ave.1Hour.3Hours.CBT-COMPUTED-REV,13393.47,10564.45,2829.02,SPIKE
2025-03-16 23:00:00,LOP.Flow-In.Ave.1Hour.3Hours.CBT-COMPUTED-REV,13631.66,10564.45,3067.22,SPIKE
2025-03-17 00:00:00,LOP.Flow-In.Ave.1Hour.3Hours.CBT-COMPUTED-REV,13683.92,10564.45,3119.47,SPIKE
2025-03-17 01:00:00,LOP.Flow-In.Ave.1Hour.3Hours.CBT-COMPUTED-REV,13327.61,10564.45,2763.17,SPIKE
2025-03-29 15:00:00,LOP.Flow-In.Ave.1Hour.3Hours.CBT-COMPUTED-REV,3115.86,6036.72,-2920.86,SPIKE
2025-03-29 16:00:00,LOP.Flow-In.Ave.1Hour.3Hours.CBT-COMPUTED-REV,1647.06,6025.06,-4378.00,SPIKE
2025-03-29 17:00:00,LOP.Flow-In.Ave.1Hour.3Hours.CBT-COMPUTED-REV,1335.35,6025.06,-4689.71,SPIKE
2025-03-29 18:00:00,LOP.Flow-In.Ave.1Hour.3Hours.CBT-COMPUTED-REV,2079.50,6025.06,-3945.56,SPIKE
2025-05-10 03:00:00,LOP.Flow-In.Ave.1Hour.3Hours.CBT-COMPUTED-REV,1546.29,3388.07,-1841.78,SPIKE
2025-05-10 04:00:00,LOP.Flow-In.Ave.1Hour.3Hours.CBT-COMPUTED-REV,1821.63,3388.07,-1566.43,SPIKE
2025-05-11 17:00:00,LOP.Flow-In.Ave.1Hour.3Hours.CBT-COMPUTED-REV,4493.15,3379.17,1113.98,SPIKE
2025-05-12 18:00:00,LOP.Flow-In.Ave.1Hour.3Hours.CBT-COMPUTED-REV,6853.25,3558.65,3294.60,SPIKE
2025-05-12 19:00:00,LOP.Flow-In.Ave.1Hour.3Hours.CBT-COMPUTED-REV,8398.03,3558.65,4839.37,SPIKE
2025-05-12 20:00:00,LOP.Flow-In.Ave.1Hour.3Hours.CBT-COMPUTED-REV,9153.68,3558.65,5595.02,"SPIKE,JUMP"
2025-05-12 21:00:00,LOP.Flow-In.Ave.1Hour.3Hours.CBT-COMPUTED-REV,7881.72,3558.65,4323.06,SPIKE
2025-07-02 02:00:00,LOP.Flow-In.Ave.1Hour.3Hours.CBT-COMPUTED-REV,401.10,1095.57,-694.47,SPIKE
2025-07-02 03:00:00,LOP.Flow-In.Ave.1Hour.3Hours.CBT-COMPUTED-REV,184.90,1094.78,-909.88,SPIKE
2025-07-02 04:00:00,LOP.Flow-In.Ave.1Hour.3Hours.CBT-COMPUTED-REV,15.16,1094.78,-1079.62,SPIKE
2025-07-02 05:00:00,LOP.Flow-In.Ave.1Hour.3Hours.CBT-COMPUTED-REV,191.87,1094.78,-902.90,SPIKE
2025-07-02 06:00:00,LOP.Flow-In.Ave.1Hour.3Hours.CBT-COMPUTED-REV,352.53,1094.78,-742.25,SPIKE
2025-07-03 04:00:00,LOP.Flow-In.Ave.1Hour.3Hours.CBT-COMPUTED-REV,158.08,1094.77,-936.69,SPIKE
2025-07-05 03:00:00,LOP.Flow-In.Ave.1Hour.3Hours.CBT-COMPUTED-REV,-134.27,1276.30,-1410.57,NEGATIVE
2025-07-05 04:00:00,LOP.Flow-In.Ave.1Hour.3Hours.CBT-COMPUTED-REV,-75.40,1276.30,-1351.70,NEGATIVE
2025-07-11 08:00:00,LOP.Flow-In.Ave.1Hour.3Hours.CBT-COMPUTED-REV,1765.75,1125.85,639.90,SPIKE
2025-07-11 09:00:00,LOP.Flow-In.Ave.1Hour.3Hours.CBT-COMPUTED-REV,1691.07,1125.85,565.22,SPIKE
2025-07-12 00:00:00,LOP.Flow-In.Ave.1Hour.3Hours.CBT-COMPUTED-REV,-221.95,1088.15,-1310.10,"SPIKE,NEGATIVE"
2025-07-12 01:00:00,LOP.Flow-In.Ave.1Hour.3Hours.CBT-COMPUTED-REV,-473.69,1088.10,-1561.80,"SPIKE,NEGATIVE"
2025-07-12 02:00:00,LOP.Flow-In.Ave.1Hour.3Hours.CBT-COMPUTED-REV,-152.50,1088.10,-1240.60,"SPIKE,NEGATIVE"
2025-07-12 03:00:00,LOP.Flow-In.Ave.1Hour.3Hours.CBT-COMPUTED-REV,212.38,1050.55,-838.17,SPIKE
2025-07-16 01:00:00,LOP.Flow-In.Ave.1Hour.3Hours.CBT-COMPUTED-REV,1313.24,1048.33,264.91,SPIKE
2025-07-16 02:00:00,LOP.Flow-In.Ave.1Hour.3Hours.CBT-COMPUTED-REV,1380.04,1072.93,307.12,SPIKE
2025-07-16 03:00:00,LOP.Flow-In.Ave.1Hour.3Hours.CBT-COMPUTED-REV,1454.18,1072.95,381.23,SPIKE
2025-07-17 09:00:00,LOP.Flow-In.Ave.1Hour.3Hours.CBT-COMPUTED-REV,1731.88,1026.94,704.94,SPIKE
2025-07-26 09:00:00,LOP.Flow-In.Ave.1Hour.3Hours.CBT-COMPUTED-REV,163.57,1010.08,-846.50,SPIKE
2025-07-26 10:00:00,LOP.Flow-In.Ave.1Hour.3Hours.CBT-COMPUTED-REV,242.22,1010.08,-767.86,SPIKE
2025-08-06 00:00:00,LOP.Flow-In.Ave.1Hour.3Hours.CBT-COMPUTED-REV,-13.43,860.74,-874.17,NEGATIVE
2025-08-09 12:00:00,LOP.Flow-In.Ave.1Hour.3Hours.CBT-COMPUTED-REV,-251.16,-251.16,0.00,NEGATIVE
2025-08-09 13:00:00,LOP.Flow-In.Ave.1Hour.3Hours.CBT-COMPUTED-REV,-645.54,-645.54,0.00,NEGATIVE
2025-08-09 14:00:00,LOP.Flow-In.Ave.1Hour.3Hours.CBT-COMPUTED-REV,-778.77,-778.77,-0.00,NEGATIVE
2025-08-09 15:00:00,LOP.Flow-In.Ave.1Hour.3Hours.CBT-COMPUTED-REV,-778.77,-778.77,-0.00,NEGATIVE
2025-08-09 16:00:00,LOP.Flow-In.Ave.1Hour.3Hours.CBT-COMPUTED-REV,-778.77,-778.77,-0.00,NEGATIVE
2025-08-09 17:00:00,LOP.Flow-In.Ave.1Hour.3Hours.CBT-COMPUTED-REV,-778.77,-778.77,-0.00,NEGATIVE
2025-08-09 18:00:00,LOP.Flow-In.Ave.1Hour.3Hours.CBT-COMPUTED-REV,-778.77,-778.77,-0.00,NEGATIVE
2025-08-09 19:00:00,LOP.Flow-In.Ave.1Hour.3Hours.CBT-COMPUTED-REV,-778.77,-778.77,0.00,NEGATIVE
2025-08-09 20:00:00,LOP.Flow-In.Ave.1Hour.3Hours.CBT-COMPUTED-REV,-778.77,-778.77,0.00,NEGATIVE
2025-08-09 21:00:00,LOP.Flow-In.Ave.1Hour.3Hours.CBT-COMPUTED-REV,-778.77,-778.77,0.00,NEGATIVE
2025-08-09 22:00:00,LOP.Flow-In.Ave.1Hour.3Hours.CBT-COMPUTED-REV,-778.77,-778.77,-0.00,NEGATIVE
2025-08-09 23:00:00,LOP.Flow-In.Ave.1Hour.3Hours.CBT-COMPUTED-REV,-778.77,-778.77,-0.00,NEGATIVE
2025-08-10 00:00:00,LOP.Flow-In.Ave.1Hour.3Hours.CBT-COMPUTED-REV,-778.77,-778.77,-0.00,NEGATIVE
2025-08-10 01:00:00,LOP.Flow-In.Ave.1Hour.3Hours.CBT-COMPUTED-REV,-778.77,-778.77,-0.00,NEGATIVE
2025-08-10 02:00:00,LOP.Flow-In.Ave.1Hour.3Hours.CBT-COMPUTED-REV,-778.77,-778.77,-0.00,NEGATIVE
2025-08-10 03:00:00,LOP.Flow-In.Ave.1Hour.3Hours.CBT-COMPUTED-REV,-778.77,-778.77,-0.00,NEGATIVE
2025-08-10 04:00:00,LOP.Flow-In.Ave.1Hour.3Hours.CBT-COMPUTED-REV,-778.77,-778.77,0.00,NEGATIVE
2025-08-10 05:00:00,LOP.Flow-In.Ave.1Hour.3Hours.CBT-COMPUTED-REV,-778.77,-778.77,0.00,NEGATIVE
2025-08-10 07:00:00,LOP.Flow-In.Ave.1Hour.3Hours.CBT-COMPUTED-REV,1144.41,783.20,361.21,SPIKE
2025-08-10 08:00:00,LOP.Flow-In.Ave.1Hour.3Hours.CBT-COMPUTED-REV,1339.00,783.20,555.80,SPIKE
2025-08-10 09:00:00,LOP.Flow-In.Ave.1Hour.3Hours.CBT-COMPUTED-REV,1285.75,783.20,502.56,SPIKE
2025-08-10 10:00:00,LOP.Flow-In.Ave.1Hour.3Hours.CBT-COMPUTED-REV,1237.19,783.20,453.99,SPIKE
2025-08-10 11:00:00,LOP.Flow-In.Ave.1Hour.3Hours.CBT-COMPUTED-REV,1106.71,783.20,323.52,SPIKE
2025-08-15 04:00:00,LOP.Flow-In.Ave.1Hour.3Hours.CBT-COMPUTED-REV,-144.46,886.41,-1030.87,NEGATIVE
2025-08-15 05:00:00,LOP.Flow-In.Ave.1Hour.3Hours.CBT-COMPUTED-REV,-44.02,886.41,-930.43,NEGATIVE
2025-08-17 15:00:00,LOP.Flow-In.Ave.1Hour.3Hours.CBT-COMPUTED-REV,2176.39,803.03,1373.36,SPIKE
2025-08-17 16:00:00,LOP.Flow-In.Ave.1Hour.3Hours.CBT-COMPUTED-REV,2209.02,803.22,1405.80,SPIKE
2025-08-18 19:00:00,LOP.Flow-In.Ave.1Hour.3Hours.CBT-COMPUTED-REV,93.88,780.28,-686.40,SPIKE
2025-08-18 20:00:00,LOP.Flow-In.Ave.1Hour.3Hours.CBT-COMPUTED-REV,-588.08,780.28,-1368.36,"SPIKE,NEGATIVE"
2025-08-18 21:00:00,LOP.Flow-In.Ave.1Hour.3Hours.CBT-COMPUTED-REV,-1302.39,780.28,-2082.68,"SPIKE,NEGATIVE"
2025-08-18 22:00:00,LOP.Flow-In.Ave.1Hour.3Hours.CBT-COMPUTED-REV,-1269.27,780.28,-2049.55,"SPIKE,NEGATIVE"
2025-08-18 23:00:00,LOP.Flow-In.Ave.1Hour.3Hours.CBT-COMPUTED-REV,-586.15,780.28,-1366.44,"SPIKE,NEGATIVE"
2025-08-19 00:00:00,LOP.Flow-In.Ave.1Hour.3Hours.CBT-COMPUTED-REV,129.29,780.04,-650.75,SPIKE
2025-08-24 08:00:00,LOP.Flow-In.Ave.1Hour.3Hours.CBT-COMPUTED-REV,1339.49,732.96,606.53,SPIKE
2025-08-24 09:00:00,LOP.Flow-In.Ave.1Hour.3Hours.CBT-COMPUTED-REV,1351.94,735.90,616.04,SPIKE
2025-08-24 10:00:00,LOP.Flow-In.Ave.1Hour.3Hours.CBT-COMPUTED-REV,1334.70,735.90,598.80,SPIKE
2025-09-03 16:00:00,LOP.Flow-In.Ave.1Hour.3Hours.CBT-COMPUTED-REV,1788.59,1010.25,778.34,SPIKE
2025-09-06 02:00:00,LOP.Flow-In.Ave.1Hour.3Hours.CBT-COMPUTED-REV,46.28,1079.43,-1033.15,SPIKE
2025-09-06 03:00:00,LOP.Flow-In.Ave.1Hour.3Hours.CBT-COMPUTED-REV,-274.36,1081.68,-1356.04,"SPIKE,NEGATIVE"
2025-09-06 04:00:00,LOP.Flow-In.Ave.1Hour.3Hours.CBT-COMPUTED-REV,-312.44,1180.70,-1493.14,"SPIKE,NEGATIVE"
2025-09-06 05:00:00,LOP.Flow-In.Ave.1Hour.3Hours.CBT-COMPUTED-REV,258.18,1197.97,-939.80,SPIKE
2025-09-07 04:00:00,LOP.Flow-In.Ave.1Hour.3Hours.CBT-COMPUTED-REV,1007.54,1383.24,-375.70,SPIKE
2025-09-07 05:00:00,LOP.Flow-In.Ave.1Hour.3Hours.CBT-COMPUTED-REV,1021.31,1383.24,-361.93,SPIKE
2025-09-07 06:00:00,LOP.Flow-In.Ave.1Hour.3Hours.CBT-COMPUTED-REV,1019.10,1383.24,-364.14,SPIKE
2025-09-07 23:00:00,LOP.Flow-In.Ave.1Hour.3Hours.CBT-COMPUTED-REV,571.64,1438.22,-866.58,SPIKE
2025-09-08 00:00:00,LOP.Flow-In.Ave.1Hour.3Hours.CBT-COMPUTED-REV,589.28,1438.22,-848.94,SPIKE
2025-09-08 01:00:00,LOP.Flow-In.Ave.1Hour.3Hours.CBT-COMPUTED-REV,674.18,1438.22,-764.03,SPIKE
2025-09-08 03:00:00,LOP.Flow-In.Ave.1Hour.3Hours.CBT-COMPUTED-REV,2258.75,1438.22,820.53,SPIKE
2025-09-09 07:00:00,LOP.Flow-In.Ave.1Hour.3Hours.CBT-COMPUTED-REV,2678.50,1450.50,1228.00,SPIKE
2025-09-09 08:00:00,LOP.Flow-In.Ave.1Hour.3Hours.CBT-COMPUTED-REV,3067.62,1450.50,1617.11,SPIKE
2025-09-09 09:00:00,LOP.Flow-In.Ave.1Hour.3Hours.CBT-COMPUTED-REV,3027.64,1450.50,1577.14,SPIKE
2025-09-09 10:00:00,LOP.Flow-In.Ave.1Hour.3Hours.CBT-COMPUTED-REV,2754.13,1450.50,1303.62,SPIKE
2025-09-10 02:00:00,LOP.Flow-In.Ave.1Hour.3Hours.CBT-COMPUTED-REV,-191.48,1092.37,-1283.85,"SPIKE,NEGATIVE"
2025-09-10 03:00:00,LOP.Flow-In.Ave.1Hour.3Hours.CBT-COMPUTED-REV,-516.56,1092.37,-1608.93,"SPIKE,NEGATIVE"
2025-09-10 04:00:00,LOP.Flow-In.Ave.1Hour.3Hours.CBT-COMPUTED-REV,-566.73,1092.66,-1659.39,"SPIKE,NEGATIVE"
2025-09-10 05:00:00,LOP.Flow-In.Ave.1Hour.3Hours.CBT-COMPUTED-REV,-400.07,1094.11,-1494.18,NEGATIVE
2025-09-12 03:00:00,LOP.Flow-In.Ave.1Hour.3Hours.CBT-COMPUTED-REV,66.91,1162.11,-1095.20,SPIKE
2025-09-12 04:00:00,LOP.Flow-In.Ave.1Hour.3Hours.CBT-COMPUTED-REV,-128.17,1162.11,-1290.28,"SPIKE,NEGATIVE"
2025-09-12 05:00:00,LOP.Flow-In.Ave.1Hour.3Hours.CBT-COMPUTED-REV,-105.88,1162.11,-1267.99,"SPIKE,NEGATIVE"
2025-09-12 06:00:00,LOP.Flow-In.Ave.1Hour.3Hours.CBT-COMPUTED-REV,277.85,1162.11,-884.26,SPIKE
2025-09-16 04:00:00,LOP.Flow-In.Ave.1Hour.3Hours.CBT-COMPUTED-REV,2275.73,1678.17,597.55,SPIKE
2025-09-20 04:00:00,LOP.Flow-In.Ave.1Hour.3Hours.CBT-COMPUTED-REV,1661.08,1028.80,632.28,SPIKE
2025-09-20 05:00:00,LOP.Flow-In.Ave.1Hour.3Hours.CBT-COMPUTED-REV,1875.83,1028.18,847.65,SPIKE
2025-09-20 06:00:00,LOP.Flow-In.Ave.1Hour.3Hours.CBT-COMPUTED-REV,1876.81,1018.88,857.93,SPIKE
2025-09-20 07:00:00,LOP.Flow-In.Ave.1Hour.3Hours.CBT-COMPUTED-REV,1602.75,988.75,614.00,SPIKE
2025-09-21 05:00:00,LOP.Flow-In.Ave.1Hour.3Hours.CBT-COMPUTED-REV,1597.71,1221.88,375.83,SPIKE
2025-09-22 04:00:00,LOP.Flow-In.Ave.1Hour.3Hours.CBT-COMPUTED-REV,999.21,1420.32,-421.11,SPIKE
2025-09-22 05:00:00,LOP.Flow-In.Ave.1Hour.3Hours.CBT-COMPUTED-REV,891.49,1420.32,-528.84,SPIKE
2025-09-22 06:00:00,LOP.Flow-In.Ave.1Hour.3Hours.CBT-COMPUTED-REV,948.28,1420.66,-472.38,SPIKE
2025-09-25 02:00:00,LOP.Flow-In.Ave.1Hour.3Hours.CBT-COMPUTED-REV,550.14,1151.94,-601.81,SPIKE
2025-09-25 03:00:00,LOP.Flow-In.Ave.1Hour.3Hours.CBT-COMPUTED-REV,514.23,1151.46,-637.23,SPIKE
2025-09-30 21:00:00,LOP.Flow-In.Ave.1Hour.3Hours.CBT-COMPUTED-REV,557.30,893.69,-336.39,SPIKE
2025-09-30 22:00:00,LOP.Flow-In.Ave.1Hour.3Hours.CBT-COMPUTED-REV,323.51,893.51,-570.01,SPIKE
2025-09-30 23:00:00,LOP.Flow-In.Ave.1Hour.3Hours.CBT-COMPUTED-REV,496.51,893.34,-396.83,SPIKE
