Project,Parameter,CWMS_Key,USGS_Key,Start,End,Hours,Mean Diff,Max Abs Diff,CWMS Mean,USGS Mean
BCL,ELEV,BCL.Elev-Forebay.Inst.1Hour.0.CBT-REV,14181400,2024-10-01 00:00:00,2024-10-01 18:00:00,19,0.252,1.040,1195.512,1195.260
BCL,ELEV,BCL.Elev-Forebay.Inst.1Hour.0.CBT-REV,14181400,2024-10-01 20:00:00,2024-10-02 18:00:00,23,0.137,1.028,1193.783,1193.646
BCL,ELEV,BCL.Elev-Forebay.Inst.1Hour.0.CBT-REV,14181400,2024-10-02 20:00:00,2024-10-03 18:00:00,23,0.134,1.062,1193.443,1193.310
BCL,ELEV,BCL.Elev-Forebay.Inst.1Hour.0.CBT-REV,14181400,2024-10-03 20:00:00,2024-10-04 18:00:00,23,0.058,1.085,1194.923,1194.864
BCL,ELEV,BCL.Elev-Forebay.Inst.1Hour.0.CBT-REV,14181400,2024-10-04 20:00:00,2024-10-05 18:00:00,23,0.119,0.980,1195.480,1195.360
BCL,ELEV,BCL.Elev-Forebay.Inst.1Hour.0.CBT-REV,14181400,2024-10-05 20:00:00,2024-10-06 18:00:00,23,0.112,0.975,1195.396,1195.284
BCL,ELEV,BCL.Elev-Forebay.Inst.1Hour.0.CBT-REV,14181400,2024-10-06 20:00:00,2024-10-07 18:00:00,23,0.113,0.993,1195.743,1195.631
BCL,ELEV,BCL.Elev-Forebay.Inst.1Hour.0.CBT-REV,14181400,2024-10-07 20:00:00,2024-10-08 03:00:00,8,-0.411,0.973,1193.861,1194.272
BCL,ELEV,BCL.Elev-Forebay.Inst.1Hour.0.CBT-REV,14181400,2024-10-08 05:00:00,2024-10-08 18:00:00,14,0.418,0.620,1196.548,1196.130
BCL,ELEV,BCL.Elev-Forebay.Inst.1Hour.0.CBT-REV,14181400,2024-10-08 20:00:00,2024-10-09 18:00:00,23,0.113,0.975,1196.063,1195.950
BCL,ELEV,BCL.Elev-Forebay.Inst.1Hour.0.CBT-REV,14181400,2024-10-09 20:00:00,2024-10-10 18:00:00,23,0.116,0.980,1196.134,1196.019
BCL,ELEV,BCL.Elev-Forebay.Inst.1Hour.0.CBT-REV,14181400,2024-10-10 20:00:00,2024-10-11 22:00:00,27,-0.014,0.990,1198.150,1198.164
BCL,ELEV,BCL.Elev-Forebay.Inst.1Hour.0.CBT-REV,14181400,2024-10-12 00:00:00,2024-10-12 02:00:00,3,-0.218,0.233,1199.087,1199.305
BCL,ELEV,BCL.Elev-Forebay.Inst.1Hour.0.CBT-REV,14181400,2024-10-12 04:00:00,2024-10-12 22:00:00,19,0.163,0.528,1199.415,1199.252
BCL,ELEV,BCL.Elev-Forebay.Inst.1Hour.0.CBT-REV,14181400,2024-10-13 00:00:00,2024-10-13 02:00:00,3,-0.218,0.227,1198.840,1199.058
BCL,ELEV,BCL.Elev-Forebay.Inst.1Hour.0.CBT-REV,14181400,2024-10-13 04:00:00,2024-10-13 22:00:00,19,0.144,0.520,1199.620,1199.476
BCL,ELEV,BCL.Elev-Forebay.Inst.1Hour.0.CBT-REV,14181400,2024-10-14 00:00:00,2024-10-14 02:00:00,3,-0.207,0.207,1199.623,1199.830
BCL,ELEV,BCL.Elev-Forebay.Inst.1Hour.0.CBT-REV,14181400,2024-10-14 04:00:00,2024-10-14 22:00:00,19,0.160,0.520,1200.049,1199.889
BCL,ELEV,BCL.Elev-Forebay.Inst.1Hour.0.CBT-REV,14181400,2024-10-15 00:00:00,2024-10-15 02:00:00,3,-0.218,0.230,1199.500,1199.717
BCL,ELEV,BCL.Elev-Forebay.Inst.1Hour.0.CBT-REV,14181400,2024-10-15 04:00:00,2024-10-15 22:00:00,19,0.171,0.527,1199.696,1199.524
BCL,ELEV,BCL.Elev-Forebay.Inst.1Hour.0.CBT-REV,14181400,2024-10-16 00:00:00,2024-10-17 02:00:00,27,0.067,0.450,1198.746,1198.678
BCL,ELEV,BCL.Elev-Forebay.Inst.1Hour.0.CBT-REV,14181400,2024-10-17 04:00:00,2024-10-18 02:00:00,23,0.088,0.447,1198.628,1198.539
BCL,ELEV,BCL.Elev-Forebay.Inst.1Hour.0.CBT-REV,14181400,2024-10-18 04:00:00,2024-10-18 06:00:00,3,0.147,0.152,1199.963,1199.816
BCL,ELEV,BCL.Elev-Forebay.Inst.1Hour.0.CBT-REV,14181400,2024-10-18 15:00:00,2024-10-19 04:00:00,14,0.183,0.462,1197.199,1197.016
BCL,ELEV,BCL.Elev-Forebay.Inst.1Hour.0.CBT-REV,14181400,2024-10-19 16:00:00,2024-10-20 04:00:00,13,0.155,0.467,1196.654,1196.499
BCL,ELEV,BCL.Elev-Forebay.Inst.1Hour.0.CBT-REV,14181400,2024-10-20 15:00:00,2024-10-21 04:00:00,14,0.163,0.472,1196.757,1196.594
BCL,ELEV,BCL.Elev-Forebay.Inst.1Hour.0.CBT-REV,14181400,2024-10-21 16:00:00,2024-10-22 04:00:00,13,0.147,0.457,1196.639,1196.492
BCL,ELEV,BCL.Elev-Forebay.Inst.1Hour.0.CBT-REV,14181400,2024-10-22 15:00:00,2024-10-23 04:00:00,14,0.153,0.467,1196.989,1196.835
BCL,ELEV,BCL.Elev-Forebay.Inst.1Hour.0.CBT-REV,14181400,2024-10-23 16:00:00,2024-10-24 04:00:00,13,0.130,0.465,1196.538,1196.407
BCL,ELEV,BCL.Elev-Forebay.Inst.1Hour.0.CBT-REV,14181400,2024-10-24 15:00:00,2024-10-25 04:00:00,14,0.174,0.468,1197.096,1196.923
BCL,ELEV,BCL.Elev-Forebay.Inst.1Hour.0.CBT-REV,14181400,2024-10-25 12:00:00,2024-10-25 23:00:00,12,0.179,0.430,1200.937,1200.759
BCL,ELEV,BCL.Elev-Forebay.Inst.1Hour.0.CBT-REV,14181400,2024-10-26 11:00:00,2024-10-26 23:00:00,13,0.192,0.433,1200.387,1200.195
BCL,ELEV,BCL.Elev-Forebay.Inst.1Hour.0.CBT-REV,14181400,2024-10-27 11:00:00,2024-10-27 22:00:00,12,0.156,0.435,1200.421,1200.264
BCL,ELEV,BCL.Elev-Forebay.Inst.1Hour.0.CBT-REV,14181400,2024-10-28 11:00:00,2024-10-28 21:00:00,11,0.120,0.520,1200.874,1200.754
BCL,ELEV,BCL.Elev-Forebay.Inst.1Hour.0.CBT-REV,14181400,2024-10-28 23:00:00,2024-10-29 08:00:00,10,0.173,0.217,1198.044,1197.871
BCL,ELEV,BCL.Elev-Forebay.Inst.1Hour.0.CBT-REV,14181400,2024-10-29 11:00:00,2024-10-29 12:00:00,2,-0.239,0.353,1197.085,1197.324
BCL,ELEV,BCL.Elev-Forebay.Inst.1Hour.0.CBT-REV,14181400,2024-10-29 14:00:00,2024-10-29 16:00:00,3,-0.114,0.125,1199.570,1199.684
BCL,ELEV,BCL.Elev-Forebay.Inst.1Hour.0.CBT-REV,14181400,2024-10-29 19:00:00,2024-10-29 22:00:00,4,0.646,0.700,1199.055,1198.409
BCL,ELEV,BCL.Elev-Forebay.Inst.1Hour.0.CBT-REV,14181400,2024-10-30 00:00:00,2024-10-30 04:00:00,5,-0.191,0.248,1197.044,1197.235
BCL,ELEV,BCL.Elev-Forebay.Inst.1Hour.0.CBT-REV,14181400,2024-10-30 06:00:00,2024-10-30 06:00:00,1,-0.165,0.165,1199.280,1199.445
BCL,ELEV,BCL.Elev-Forebay.Inst.1Hour.0.CBT-REV,14181400,2024-10-30 08:00:00,2024-10-31 06:00:00,23,0.106,0.788,1194.231,1194.125
BCL,ELEV,BCL.Elev-Forebay.Inst.1Hour.0.CBT-REV,14181400,2024-10-31 09:00:00,2024-10-31 13:00:00,5,0.745,0.782,1194.856,1194.111
BCL,ELEV,BCL.Elev-Forebay.Inst.1Hour.0.CBT-REV,14181400,2024-10-31 15:00:00,2024-10-31 20:00:00,6,-0.154,0.163,1191.078,1191.232
BCL,ELEV,BCL.Elev-Forebay.Inst.1Hour.0.CBT-REV,14181400,2024-10-31 22:00:00,2024-11-01 11:00:00,14,-0.160,0.225,1197.896,1198.056
BCL,ELEV,BCL.Elev-Forebay.Inst.1Hour.0.CBT-REV,14181400,2024-11-01 17:00:00,2024-11-01 23:00:00,7,0.652,0.832,1198.580,1197.928
BCL,ELEV,BCL.Elev-Forebay.Inst.1Hour.0.CBT-REV,14181400,2024-11-02 01:00:00,2024-11-02 04:00:00,4,-0.686,0.923,1196.882,1197.568
BCL,ELEV,BCL.Elev-Forebay.Inst.1Hour.0.CBT-REV,14181400,2024-11-02 12:00:00,2024-11-02 14:00:00,3,-0.358,0.622,1202.427,1202.785
BCL,ELEV,BCL.Elev-Forebay.Inst.1Hour.0.CBT-REV,14181400,2024-11-02 17:00:00,2024-11-02 23:00:00,7,0.733,0.907,1198.204,1197.471
BCL,ELEV,BCL.Elev-Forebay.Inst.1Hour.0.CBT-REV,14181400,2024-11-03 01:00:00,2024-11-03 03:00:00,3,-0.765,0.787,1194.710,1195.475
BCL,ELEV,BCL.Elev-Forebay.Inst.1Hour.0.CBT-REV,14181400,2024-11-03 13:00:00,2024-11-03 14:00:00,2,-0.728,0.763,1200.810,1201.537
BCL,ELEV,BCL.Elev-Forebay.Inst.1Hour.0.CBT-REV,14181400,2024-11-03 18:00:00,2024-11-04 00:00:00,7,0.710,0.882,1198.256,1197.546
BCL,ELEV,BCL.Elev-Forebay.Inst.1Hour.0.CBT-REV,14181400,2024-11-04 02:00:00,2024-11-04 04:00:00,3,-0.803,0.843,1195.210,1196.013
BCL,ELEV,BCL.Elev-Forebay.Inst.1Hour.0.CBT-REV,14181400,2024-11-04 13:00:00,2024-11-05 00:00:00,12,0.383,0.947,1198.897,1198.514
BCL,ELEV,BCL.Elev-Forebay.Inst.1Hour.0.CBT-REV,14181400,2024-11-05 02:00:00,2024-11-05 04:00:00,3,-0.823,0.862,1193.077,1193.899
BCL,ELEV,BCL.Elev-Forebay.Inst.1Hour.0.CBT-REV,14181400,2024-11-05 13:00:00,2024-11-05 14:00:00,2,-0.685,0.723,1199.960,1200.645
BCL,ELEV,BCL.Elev-Forebay.Inst.1Hour.0.CBT-REV,14181400,2024-11-05 16:00:00,2024-11-05 22:00:00,7,0.682,1.100,1198.550,1197.867
BCL,ELEV,BCL.Elev-Forebay.Inst.1Hour.0.CBT-REV,14181400,2024-11-06 00:00:00,2024-11-06 04:00:00,5,-0.807,1.135,1196.022,1196.829
BCL,ELEV,BCL.Elev-Forebay.Inst.1Hour.0.CBT-REV,14181400,2024-11-06 06:00:00,2024-11-06 22:00:00,17,0.393,1.283,1199.417,1199.024
BCL,ELEV,BCL.Elev-Forebay.Inst.1Hour.0.CBT-REV,14181400,2024-11-07 00:00:00,2024-11-07 04:00:00,5,-0.720,0.795,1192.256,1192.976
BCL,ELEV,BCL.Elev-Forebay.Inst.1Hour.0.CBT-REV,14181400,2024-11-07 06:00:00,2024-11-07 06:00:00,1,0.125,0.125,1198.520,1198.395
BCL,ELEV,BCL.Elev-Forebay.Inst.1Hour.0.CBT-REV,14181400,2024-11-07 13:00:00,2024-11-07 22:00:00,10,0.478,1.278,1197.857,1197.379
BCL,ELEV,BCL.Elev-Forebay.Inst.1Hour.0.CBT-REV,14181400,2024-11-08 00:00:00,2024-11-08 05:00:00,6,-0.704,0.888,1193.880,1194.584
BCL,ELEV,BCL.Elev-Forebay.Inst.1Hour.0.CBT-REV,14181400,2024-11-08 09:00:00,2024-11-08 22:00:00,14,0.384,1.255,1198.489,1198.104
BCL,ELEV,BCL.Elev-Forebay.Inst.1Hour.0.CBT-REV,14181400,2024-11-09 00:00:00,2024-11-09 04:00:00,5,-0.771,0.863,1192.596,1193.367
BCL,ELEV,BCL.Elev-Forebay.Inst.1Hour.0.CBT-REV,14181400,2024-11-09 14:00:00,2024-11-09 15:00:00,2,1.012,1.020,1197.645,1196.632
BCL,ELEV,BCL.Elev-Forebay.Inst.1Hour.0.CBT-REV,14181400,2024-11-10 00:00:00,2024-11-10 05:00:00,6,-0.155,0.770,1198.560,1198.715
BCL,ELEV,BCL.Elev-Forebay.Inst.1Hour.0.CBT-REV,14181400,2024-11-10 13:00:00,2024-11-10 16:00:00,4,0.829,1.200,1194.900,1194.071
BCL,ELEV,BCL.Elev-Forebay.Inst.1Hour.0.CBT-REV,14181400,2024-11-11 01:00:00,2024-11-11 05:00:00,5,-0.764,0.945,1194.794,1195.558
BCL,ELEV,BCL.Elev-Forebay.Inst.1Hour.0.CBT-REV,14181400,2024-11-11 13:00:00,2024-11-11 17:00:00,5,0.166,0.702,1198.580,1198.414
BCL,ELEV,BCL.Elev-Forebay.Inst.1Hour.0.CBT-REV,14181400,2024-11-11 19:00:00,2024-11-12 05:00:00,11,-0.296,0.720,1195.141,1195.437
BCL,ELEV,BCL.Elev-Forebay.Inst.1Hour.0.CBT-REV,14181400,2024-11-12 07:00:00,2024-11-12 17:00:00,11,0.135,0.503,1197.892,1197.757
BCL,ELEV,BCL.Elev-Forebay.Inst.1Hour.0.CBT-REV,14181400,2024-11-12 19:00:00,2024-11-13 05:00:00,11,-0.226,0.650,1193.913,1194.139
BCL,ELEV,BCL.Elev-Forebay.Inst.1Hour.0.CBT-REV,14181400,2024-11-13 07:00:00,2024-11-13 12:00:00,6,0.133,0.152,1197.677,1197.543
BCL,ELEV,BCL.Elev-Forebay.Inst.1Hour.0.CBT-REV,14181400,2024-11-13 14:00:00,2024-11-13 16:00:00,3,-0.650,0.675,1196.943,1197.593
BCL,ELEV,BCL.Elev-Forebay.Inst.1Hour.0.CBT-REV,14181400,2024-11-13 18:00:00,2024-11-14 04:00:00,11,-0.133,0.665,1198.105,1198.239
BCL,ELEV,BCL.Elev-Forebay.Inst.1Hour.0.CBT-REV,14181400,2024-11-14 06:00:00,2024-11-14 16:00:00,11,-0.048,0.650,1198.161,1198.209
BCL,ELEV,BCL.Elev-Forebay.Inst.1Hour.0.CBT-REV,14181400,2024-11-14 18:00:00,2024-11-15 10:00:00,17,-0.029,0.727,1198.112,1198.142
BCL,ELEV,BCL.Elev-Forebay.Inst.1Hour.0.CBT-REV,14181400,2024-11-15 12:00:00,2024-11-15 12:00:00,1,0.103,0.103,1196.380,1196.277
BCL,ELEV,BCL.Elev-Forebay.Inst.1Hour.0.CBT-REV,14181400,2024-11-15 14:00:00,2024-11-15 16:00:00,3,-0.585,0.628,1196.880,1197.465
BCL,ELEV,BCL.Elev-Forebay.Inst.1Hour.0.CBT-REV,14181400,2024-11-15 18:00:00,2024-11-16 16:00:00,23,-0.084,0.610,1198.227,1198.311
BCL,ELEV,BCL.Elev-Forebay.Inst.1Hour.0.CBT-REV,14181400,2024-11-16 18:00:00,2024-11-17 03:00:00,10,-0.135,0.590,1197.630,1197.765
BCL,ELEV,BCL.Elev-Forebay.Inst.1Hour.0.CBT-REV,14181400,2024-11-17 05:00:00,2024-11-17 07:00:00,3,0.143,0.160,1199.683,1199.540
BCL,ELEV,BCL.Elev-Forebay.Inst.1Hour.0.CBT-REV,14181400,2024-11-17 14:00:00,2024-11-17 17:00:00,4,-0.528,0.720,1198.942,1199.471
BCL,ELEV,BCL.Elev-Forebay.Inst.1Hour.0.CBT-REV,14181400,2024-11-17 19:00:00,2024-11-18 03:00:00,9,-0.092,0.605,1198.707,1198.799
BCL,ELEV,BCL.Elev-Forebay.Inst.1Hour.0.CBT-REV,14181400,2024-11-18 05:00:00,2024-11-18 16:00:00,12,-0.028,0.602,1197.895,1197.922
BCL,ELEV,BCL.Elev-Forebay.Inst.1Hour.0.CBT-REV,14181400,2024-11-18 18:00:00,2024-11-19 03:00:00,10,-0.130,0.610,1197.495,1197.624
BCL,ELEV,BCL.Elev-Forebay.Inst.1Hour.0.CBT-REV,14181400,2024-11-19 05:00:00,2024-11-19 18:00:00,14,-0.161,0.485,1200.915,1201.076
BCL,ELEV,BCL.Elev-Forebay.Inst.1Hour.0.CBT-REV,14181400,2024-11-20 11:00:00,2024-11-20 20:00:00,10,-0.144,0.218,1200.322,1200.466
BCL,ELEV,BCL.Elev-Forebay.Inst.1Hour.0.CBT-REV,14181400,2024-11-21 22:00:00,2024-11-22 02:00:00,5,-0.175,0.317,1201.178,1201.353
BCL,ELEV,BCL.Elev-Forebay.Inst.1Hour.0.CBT-REV,14181400,2024-11-22 10:00:00,2024-11-22 10:00:00,1,-0.100,0.100,1201.540,1201.640
BCL,ELEV,BCL.Elev-Forebay.Inst.1Hour.0.CBT-REV,14181400,2024-11-23 09:00:00,2024-11-23 13:00:00,5,-0.106,0.110,1199.726,1199.832
BCL,ELEV,BCL.Elev-Forebay.Inst.1Hour.0.CBT-REV,14181400,2024-11-24 06:00:00,2024-11-24 06:00:00,1,-0.102,0.102,1199.640,1199.743
BCL,ELEV,BCL.Elev-Forebay.Inst.1Hour.0.CBT-REV,14181400,2024-11-24 08:00:00,2024-11-24 08:00:00,1,-0.105,0.105,1199.680,1199.785
BCL,ELEV,BCL.Elev-Forebay.Inst.1Hour.0.CBT-REV,14181400,2024-11-25 04:00:00,2024-11-25 04:00:00,1,-0.100,0.100,1199.620,1199.720
BCL,ELEV,BCL.Elev-Forebay.Inst.1Hour.0.CBT-REV,14181400,2024-11-25 06:00:00,2024-11-25 07:00:00,2,-0.103,0.105,1199.675,1199.778
BCL,ELEV,BCL.Elev-Forebay.Inst.1Hour.0.CBT-REV,14181400,2024-11-25 09:00:00,2024-11-25 15:00:00,7,-0.114,0.125,1199.899,1200.013
BCL,ELEV,BCL.Elev-Forebay.Inst.1Hour.0.CBT-REV,14181400,2024-11-25 21:00:00,2024-11-25 21:00:00,1,-0.118,0.118,1200.002,1200.120
BCL,ELEV,BCL.Elev-Forebay.Inst.1Hour.0.CBT-REV,14181400,2024-11-25 23:00:00,2024-11-25 23:00:00,1,-0.112,0.112,1200.040,1200.152
BCL,ELEV,BCL.Elev-Forebay.Inst.1Hour.0.CBT-REV,14181400,2024-11-26 14:00:00,2024-11-26 14:00:00,1,-0.107,0.107,1199.910,1200.017
BCL,ELEV,BCL.Elev-Forebay.Inst.1Hour.0.CBT-REV,14181400,2024-11-26 18:00:00,2024-11-26 18:00:00,1,-0.105,0.105,1199.890,1199.995
BCL,ELEV,BCL.Elev-Forebay.Inst.1Hour.0.CBT-REV,14181400,2024-11-26 20:00:00,2024-11-26 22:00:00,3,-0.109,0.118,1199.930,1200.039
BCL,ELEV,BCL.Elev-Forebay.Inst.1Hour.0.CBT-REV,14181400,2024-11-27 00:00:00,2024-11-27 07:00:00,8,-0.115,0.123,1200.044,1200.159
BCL,ELEV,BCL.Elev-Forebay.Inst.1Hour.0.CBT-REV,14181400,2024-11-27 11:00:00,2024-11-27 12:00:00,2,0.104,0.105,1198.500,1198.396
BCL,ELEV,BCL.Elev-Forebay.Inst.1Hour.0.CBT-REV,14181400,2024-11-27 14:00:00,2024-11-27 14:00:00,1,0.100,0.100,1197.180,1197.080
BCL,ELEV,BCL.Elev-Forebay.Inst.1Hour.0.CBT-REV,14181400,2024-11-27 19:00:00,2024-11-28 08:00:00,14,-0.189,0.303,1196.907,1197.097
BCL,ELEV,BCL.Elev-Forebay.Inst.1Hour.0.CBT-REV,14181400,2024-11-28 10:00:00,2024-11-28 13:00:00,4,-0.158,0.178,1199.070,1199.228
BCL,ELEV,BCL.Elev-Forebay.Inst.1Hour.0.CBT-REV,14181400,2024-11-28 15:00:00,2024-11-28 17:00:00,3,0.173,0.230,1198.427,1198.253
BCL,ELEV,BCL.Elev-Forebay.Inst.1Hour.0.CBT-REV,14181400,2024-11-28 20:00:00,2024-11-29 13:00:00,18,-0.005,0.530,1197.324,1197.329
BCL,ELEV,BCL.Elev-Forebay.Inst.1Hour.0.CBT-REV,14181400,2024-11-29 15:00:00,2024-11-30 23:00:00,33,-0.213,1.010,1197.229,1197.442
BCL,ELEV,BCL.Elev-Forebay.Inst.1Hour.0.CBT-REV,14181400,2024-12-01 01:00:00,2024-12-01 03:00:00,3,0.109,0.115,1200.213,1200.104
BCL,ELEV,BCL.Elev-Forebay.Inst.1Hour.0.CBT-REV,14181400,2024-12-01 05:00:00,2024-12-01 18:00:00,14,-0.160,0.460,1200.767,1200.927
BCL,ELEV,BCL.Elev-Forebay.Inst.1Hour.0.CBT-REV,14181400,2024-12-02 01:00:00,2024-12-02 06:00:00,6,-0.150,0.158,1198.930,1199.080
BCL,ELEV,BCL.Elev-Forebay.Inst.1Hour.0.CBT-REV,14181400,2024-12-02 20:00:00,2024-12-03 17:00:00,22,-0.161,0.250,1198.404,1198.565
BCL,ELEV,BCL.Elev-Forebay.Inst.1Hour.0.CBT-REV,14181400,2024-12-03 23:00:00,2024-12-04 08:00:00,10,-0.140,0.183,1199.896,1200.036
BCL,ELEV,BCL.Elev-Forebay.Inst.1Hour.0.CBT-REV,14181400,2024-12-04 10:00:00,2024-12-04 10:00:00,1,-0.102,0.102,1200.020,1200.122
BCL,ELEV,BCL.Elev-Forebay.Inst.1Hour.0.CBT-REV,14181400,2024-12-05 05:00:00,2024-12-05 21:00:00,17,-0.111,0.125,1198.853,1198.964
BCL,ELEV,BCL.Elev-Forebay.Inst.1Hour.0.CBT-REV,14181400,2024-12-06 18:00:00,2024-12-07 15:00:00,22,-0.038,0.285,1194.267,1194.305
BCL,ELEV,BCL.Elev-Forebay.Inst.1Hour.0.CBT-REV,14181400,2024-12-07 18:00:00,2024-12-08 05:00:00,12,-0.138,0.163,1190.605,1190.743
BCL,ELEV,BCL.Elev-Forebay.Inst.1Hour.0.CBT-REV,14181400,2024-12-08 07:00:00,2024-12-08 07:00:00,1,-0.103,0.103,1190.860,1190.963
BCL,ELEV,BCL.Elev-Forebay.Inst.1Hour.0.CBT-REV,14181400,2024-12-08 11:00:00,2024-12-10 10:00:00,48,-0.163,0.310,1193.915,1194.077
BCL,ELEV,BCL.Elev-Forebay.Inst.1Hour.0.CBT-REV,14181400,2024-12-10 12:00:00,2024-12-10 12:00:00,1,-0.122,0.122,1196.040,1196.162
BCL,ELEV,BCL.Elev-Forebay.Inst.1Hour.0.CBT-REV,14181400,2024-12-10 14:00:00,2024-12-10 14:00:00,1,-0.125,0.125,1196.060,1196.185
BCL,ELEV,BCL.Elev-Forebay.Inst.1Hour.0.CBT-REV,14181400,2024-12-12 14:00:00,2024-12-12 14:00:00,1,0.152,0.152,1195.500,1195.348
BCL,ELEV,BCL.Elev-Forebay.Inst.1Hour.0.CBT-REV,14181400,2024-12-12 21:00:00,2024-12-13 01:00:00,5,0.317,0.338,1193.222,1192.905
BCL,ELEV,BCL.Elev-Forebay.Inst.1Hour.0.CBT-REV,14181400,2024-12-13 15:00:00,2024-12-13 20:00:00,6,-0.500,0.820,1192.400,1192.900
BCL,ELEV,BCL.Elev-Forebay.Inst.1Hour.0.CBT-REV,14181400,2024-12-14 00:00:00,2024-12-14 01:00:00,2,0.481,0.568,1197.585,1197.104
BCL,ELEV,BCL.Elev-Forebay.Inst.1Hour.0.CBT-REV,14181400,2024-12-14 14:00:00,2024-12-14 19:00:00,6,-0.195,0.780,1197.130,1197.325
BCL,ELEV,BCL.Elev-Forebay.Inst.1Hour.0.CBT-REV,14181400,2024-12-15 00:00:00,2024-12-15 03:00:00,4,0.503,0.538,1199.910,1199.407
BCL,ELEV,BCL.Elev-Forebay.Inst.1Hour.0.CBT-REV,14181400,2024-12-15 13:00:00,2024-12-15 19:00:00,7,-0.130,0.798,1196.180,1196.310
BCL,ELEV,BCL.Elev-Forebay.Inst.1Hour.0.CBT-REV,14181400,2024-12-16 00:00:00,2024-12-16 03:00:00,4,0.519,0.560,1198.925,1198.406
BCL,ELEV,BCL.Elev-Forebay.Inst.1Hour.0.CBT-REV,14181400,2024-12-16 13:00:00,2024-12-16 20:00:00,8,-0.132,0.807,1196.194,1196.325
BCL,ELEV,BCL.Elev-Forebay.Inst.1Hour.0.CBT-REV,14181400,2024-12-17 00:00:00,2024-12-17 03:00:00,4,0.502,0.550,1198.473,1197.970
BCL,ELEV,BCL.Elev-Forebay.Inst.1Hour.0.CBT-REV,14181400,2024-12-17 10:00:00,2024-12-18 00:00:00,15,-0.013,0.525,1194.931,1194.945
BCL,ELEV,BCL.Elev-Forebay.Inst.1Hour.0.CBT-REV,14181400,2024-12-18 04:00:00,2024-12-18 15:00:00,12,0.143,0.290,1195.307,1195.164
BCL,ELEV,BCL.Elev-Forebay.Inst.1Hour.0.CBT-REV,14181400,2024-12-18 17:00:00,2024-12-19 15:00:00,23,0.042,0.348,1194.559,1194.517
BCL,ELEV,BCL.Elev-Forebay.Inst.1Hour.0.CBT-REV,14181400,2024-12-19 17:00:00,2024-12-19 23:00:00,7,-0.174,0.205,1193.100,1193.274
BCL,ELEV,BCL.Elev-Forebay.Inst.1Hour.0.CBT-REV,14181400,2024-12-20 17:00:00,2024-12-20 23:00:00,7,-0.132,0.145,1193.809,1193.941
BCL,ELEV,BCL.Elev-Forebay.Inst.1Hour.0.CBT-REV,14181400,2024-12-21 04:00:00,2024-12-21 08:00:00,5,0.103,0.105,1193.888,1193.785
BCL,ELEV,BCL.Elev-Forebay.Inst.1Hour.0.CBT-REV,14181400,2024-12-21 10:00:00,2024-12-21 14:00:00,5,0.112,0.115,1192.320,1192.208
BCL,ELEV,BCL.Elev-Forebay.Inst.1Hour.0.CBT-REV,14181400,2024-12-21 16:00:00,2024-12-22 03:00:00,12,-0.099,0.715,1194.088,1194.187
BCL,ELEV,BCL.Elev-Forebay.Inst.1Hour.0.CBT-REV,14181400,2024-12-22 08:00:00,2024-12-22 12:00:00,5,0.104,0.110,1192.914,1192.810
BCL,ELEV,BCL.Elev-Forebay.Inst.1Hour.0.CBT-REV,14181400,2024-12-22 14:00:00,2024-12-22 14:00:00,1,0.112,0.112,1192.030,1191.918
BCL,ELEV,BCL.Elev-Forebay.Inst.1Hour.0.CBT-REV,14181400,2024-12-22 16:00:00,2024-12-22 22:00:00,7,-0.188,0.615,1193.454,1193.643
BCL,ELEV,BCL.Elev-Forebay.Inst.1Hour.0.CBT-REV,14181400,2024-12-23 02:00:00,2024-12-23 03:00:00,2,0.105,0.108,1194.785,1194.680
BCL,ELEV,BCL.Elev-Forebay.Inst.1Hour.0.CBT-REV,14181400,2024-12-23 16:00:00,2024-12-24 17:00:00,26,0.001,0.420,1196.642,1196.640
BCL,ELEV,BCL.Elev-Forebay.Inst.1Hour.0.CBT-REV,14181400,2024-12-24 22:00:00,2024-12-24 23:00:00,2,-0.681,0.738,1194.620,1195.301
BCL,ELEV,BCL.Elev-Forebay.Inst.1Hour.0.CBT-REV,14181400,2024-12-25 01:00:00,2024-12-25 01:00:00,1,-0.105,0.105,1197.630,1197.735
BCL,ELEV,BCL.Elev-Forebay.Inst.1Hour.0.CBT-REV,14181400,2024-12-25 11:00:00,2024-12-25 11:00:00,1,0.125,0.125,1200.320,1200.195
BCL,ELEV,BCL.Elev-Forebay.Inst.1Hour.0.CBT-REV,14181400,2024-12-25 16:00:00,2024-12-25 19:00:00,4,0.461,0.585,1198.560,1198.099
BCL,ELEV,BCL.Elev-Forebay.Inst.1Hour.0.CBT-REV,14181400,2024-12-26 00:00:00,2024-12-26 00:00:00,1,-0.110,0.110,1196.910,1197.020
BCL,ELEV,BCL.Elev-Forebay.Inst.1Hour.0.CBT-REV,14181400,2024-12-26 05:00:00,2024-12-26 05:00:00,1,-0.105,0.105,1198.320,1198.425
BCL,ELEV,BCL.Elev-Forebay.Inst.1Hour.0.CBT-REV,14181400,2024-12-26 08:00:00,2024-12-26 11:00:00,4,0.171,0.227,1197.912,1197.742
BCL,ELEV,BCL.Elev-Forebay.Inst.1Hour.0.CBT-REV,14181400,2024-12-26 15:00:00,2024-12-27 03:00:00,13,-0.020,0.438,1197.323,1197.343
BCL,ELEV,BCL.Elev-Forebay.Inst.1Hour.0.CBT-REV,14181400,2024-12-27 08:00:00,2024-12-27 10:00:00,3,-0.348,0.398,1199.897,1200.244
BCL,ELEV,BCL.Elev-Forebay.Inst.1Hour.0.CBT-REV,14181400,2024-12-27 12:00:00,2024-12-31 17:00:00,102,0.029,0.723,1200.093,1200.065
BCL,ELEV,BCL.Elev-Forebay.Inst.1Hour.0.CBT-REV,14181400,2024-12-31 19:00:00,2025-01-01 08:00:00,14,0.095,0.703,1195.466,1195.372
BCL,ELEV,BCL.Elev-Forebay.Inst.1Hour.0.CBT-REV,14181400,2025-01-01 10:00:00,2025-01-01 14:00:00,5,-0.903,2.655,1199.350,1200.253
BCL,ELEV,BCL.Elev-Forebay.Inst.1Hour.0.CBT-REV,14181400,2025-01-01 16:00:00,2025-01-01 23:00:00,8,0.157,1.138,1197.031,1196.875
BCL,ELEV,BCL.Elev-Forebay.Inst.1Hour.0.CBT-REV,14181400,2025-01-02 01:00:00,2025-01-02 06:00:00,6,0.137,0.202,1198.473,1198.336
BCL,ELEV,BCL.Elev-Forebay.Inst.1Hour.0.CBT-REV,14181400,2025-01-02 16:00:00,2025-01-02 23:00:00,8,0.091,1.222,1193.992,1193.902
BCL,ELEV,BCL.Elev-Forebay.Inst.1Hour.0.CBT-REV,14181400,2025-01-03 16:00:00,2025-01-04 00:00:00,9,0.065,1.205,1192.433,1192.368
BCL,ELEV,BCL.Elev-Forebay.Inst.1Hour.0.CBT-REV,14181400,2025-01-04 16:00:00,2025-01-05 00:00:00,9,0.188,1.350,1191.487,1191.299
BCL,ELEV,BCL.Elev-Forebay.Inst.1Hour.0.CBT-REV,14181400,2025-01-05 16:00:00,2025-01-05 22:00:00,7,-0.177,0.338,1200.714,1200.891
BCL,ELEV,BCL.Elev-Forebay.Inst.1Hour.0.CBT-REV,14181400,2025-01-06 00:00:00,2025-01-07 08:00:00,33,0.071,0.310,1200.222,1200.150
BCL,ELEV,BCL.Elev-Forebay.Inst.1Hour.0.CBT-REV,14181400,2025-01-07 14:00:00,2025-01-08 05:00:00,16,0.114,0.562,1199.934,1199.820
BCL,ELEV,BCL.Elev-Forebay.Inst.1Hour.0.CBT-REV,14181400,2025-01-08 14:00:00,2025-01-08 19:00:00,6,0.139,0.148,1194.302,1194.163
BCL,ELEV,BCL.Elev-Forebay.Inst.1Hour.0.CBT-REV,14181400,2025-01-10 20:00:00,2025-01-11 05:00:00,10,-0.224,0.260,1196.303,1196.527
BCL,ELEV,BCL.Elev-Forebay.Inst.1Hour.0.CBT-REV,14181400,2025-01-13 09:00:00,2025-01-13 11:00:00,3,0.102,0.105,1199.800,1199.698
BCL,ELEV,BCL.Elev-Forebay.Inst.1Hour.0.CBT-REV,14181400,2025-01-13 13:00:00,2025-01-13 13:00:00,1,0.102,0.102,1199.310,1199.207
BCL,ELEV,BCL.Elev-Forebay.Inst.1Hour.0.CBT-REV,14181400,2025-01-14 00:00:00,2025-01-14 00:00:00,1,0.182,0.182,1198.260,1198.078
BCL,ELEV,BCL.Elev-Forebay.Inst.1Hour.0.CBT-REV,14181400,2025-01-14 16:00:00,2025-01-14 16:00:00,1,0.218,0.218,1199.380,1199.162
BCL,ELEV,BCL.Elev-Forebay.Inst.1Hour.0.CBT-REV,14181400,2025-01-14 23:00:00,2025-01-14 23:00:00,1,-0.118,0.118,1200.210,1200.328
BCL,ELEV,BCL.Elev-Forebay.Inst.1Hour.0.CBT-REV,14181400,2025-01-15 05:00:00,2025-01-15 15:00:00,11,0.120,0.130,1199.204,1199.084
BCL,ELEV,BCL.Elev-Forebay.Inst.1Hour.0.CBT-REV,14181400,2025-01-15 20:00:00,2025-01-15 22:00:00,3,-0.106,0.110,1199.223,1199.329
BCL,ELEV,BCL.Elev-Forebay.Inst.1Hour.0.CBT-REV,14181400,2025-01-16 01:00:00,2025-01-16 17:00:00,17,0.088,0.220,1198.963,1198.875
BCL,ELEV,BCL.Elev-Forebay.Inst.1Hour.0.CBT-REV,14181400,2025-01-17 01:00:00,2025-01-17 08:00:00,8,0.162,0.190,1199.655,1199.493
BCL,ELEV,BCL.Elev-Forebay.Inst.1Hour.0.CBT-REV,14181400,2025-01-17 16:00:00,2025-01-17 16:00:00,1,-0.212,0.212,1199.210,1199.422
BCL,ELEV,BCL.Elev-Forebay.Inst.1Hour.0.CBT-REV,14181400,2025-01-18 00:00:00,2025-01-18 00:00:00,1,0.495,0.495,1199.280,1198.785
BCL,ELEV,BCL.Elev-Forebay.Inst.1Hour.0.CBT-REV,14181400,2025-01-18 16:00:00,2025-01-18 16:00:00,1,-0.190,0.190,1199.180,1199.370
BCL,ELEV,BCL.Elev-Forebay.Inst.1Hour.0.CBT-REV,14181400,2025-01-19 16:00:00,2025-01-20 10:00:00,19,0.058,0.758,1196.607,1196.549
BCL,ELEV,BCL.Elev-Forebay.Inst.1Hour.0.CBT-REV,14181400,2025-01-20 16:00:00,2025-01-21 00:00:00,9,0.283,0.707,1198.523,1198.240
BCL,ELEV,BCL.Elev-Forebay.Inst.1Hour.0.CBT-REV,14181400,2025-01-21 08:00:00,2025-01-22 07:00:00,24,0.030,0.740,1195.667,1195.637
BCL,ELEV,BCL.Elev-Forebay.Inst.1Hour.0.CBT-REV,14181400,2025-01-22 15:00:00,2025-01-22 15:00:00,1,0.110,0.110,1198.950,1198.840
BCL,ELEV,BCL.Elev-Forebay.Inst.1Hour.0.CBT-REV,14181400,2025-01-22 17:00:00,2025-01-23 00:00:00,8,0.233,0.425,1196.000,1195.767
BCL,ELEV,BCL.Elev-Forebay.Inst.1Hour.0.CBT-REV,14181400,2025-01-23 08:00:00,2025-01-23 11:00:00,4,-0.122,0.128,1197.685,1197.808
BCL,ELEV,BCL.Elev-Forebay.Inst.1Hour.0.CBT-REV,14181400,2025-01-23 16:00:00,2025-01-24 00:00:00,9,0.146,0.188,1198.794,1198.649
BCL,ELEV,BCL.Elev-Forebay.Inst.1Hour.0.CBT-REV,14181400,2025-01-24 16:00:00,2025-01-24 20:00:00,5,0.145,0.213,1201.668,1201.523
BCL,ELEV,BCL.Elev-Forebay.Inst.1Hour.0.CBT-REV,14181400,2025-01-25 00:00:00,2025-01-25 00:00:00,1,0.275,0.275,1201.210,1200.935
BCL,ELEV,BCL.Elev-Forebay.Inst.1Hour.0.CBT-REV,14181400,2025-01-25 16:00:00,2025-01-25 16:00:00,1,-0.188,0.188,1200.850,1201.037
BCL,ELEV,BCL.Elev-Forebay.Inst.1Hour.0.CBT-REV,14181400,2025-01-25 19:00:00,2025-01-25 23:00:00,5,0.520,0.552,1199.340,1198.820
BCL,ELEV,BCL.Elev-Forebay.Inst.1Hour.0.CBT-REV,14181400,2025-01-26 02:00:00,2025-01-26 02:00:00,1,-0.107,0.107,1196.390,1196.497
BCL,ELEV,BCL.Elev-Forebay.Inst.1Hour.0.CBT-REV,14181400,2025-01-26 17:00:00,2025-01-28 23:00:00,55,0.109,0.465,1199.312,1199.203
BCL,ELEV,BCL.Elev-Forebay.Inst.1Hour.0.CBT-REV,14181400,2025-01-29 01:00:00,2025-02-02 11:00:00,107,0.063,0.475,1199.504,1199.441
BCL,ELEV,BCL.Elev-Forebay.Inst.1Hour.0.CBT-REV,14181400,2025-02-02 13:00:00,2025-02-06 11:00:00,95,0.074,0.400,1199.613,1199.539
BCL,ELEV,BCL.Elev-Forebay.Inst.1Hour.0.CBT-REV,14181400,2025-02-06 13:00:00,2025-02-07 02:00:00,14,-0.093,0.360,1200.421,1200.514
BCL,ELEV,BCL.Elev-Forebay.Inst.1Hour.0.CBT-REV,14181400,2025-02-07 04:00:00,2025-02-08 04:00:00,25,0.096,0.382,1199.964,1199.868
BCL,ELEV,BCL.Elev-Forebay.Inst.1Hour.0.CBT-REV,14181400,2025-02-08 06:00:00,2025-02-13 07:00:00,122,0.087,0.527,1199.358,1199.271
BCL,ELEV,BCL.Elev-Forebay.Inst.1Hour.0.CBT-REV,14181400,2025-02-13 09:00:00,2025-02-18 01:00:00,113,0.085,0.575,1198.276,1198.191
BCL,ELEV,BCL.Elev-Forebay.Inst.1Hour.0.CBT-REV,14181400,2025-02-18 03:00:00,2025-02-18 04:00:00,2,-0.295,0.303,1199.930,1200.225
BCL,ELEV,BCL.Elev-Forebay.Inst.1Hour.0.CBT-REV,14181400,2025-02-18 06:00:00,2025-02-19 01:00:00,20,0.129,0.343,1200.346,1200.217
BCL,ELEV,BCL.Elev-Forebay.Inst.1Hour.0.CBT-REV,14181400,2025-02-19 03:00:00,2025-02-19 11:00:00,9,0.141,0.348,1199.766,1199.625
BCL,ELEV,BCL.Elev-Forebay.Inst.1Hour.0.CBT-REV,14181400,2025-02-19 13:00:00,2025-02-20 13:00:00,25,0.066,0.370,1200.356,1200.291
BCL,ELEV,BCL.Elev-Forebay.Inst.1Hour.0.CBT-REV,14181400,2025-02-20 15:00:00,2025-02-21 19:00:00,29,0.064,0.408,1200.130,1200.066
BCL,ELEV,BCL.Elev-Forebay.Inst.1Hour.0.CBT-REV,14181400,2025-02-21 21:00:00,2025-02-23 16:00:00,44,0.077,0.485,1199.720,1199.643
BCL,ELEV,BCL.Elev-Forebay.Inst.1Hour.0.CBT-REV,14181400,2025-02-24 04:00:00,2025-02-26 01:00:00,46,0.136,0.467,1200.539,1200.403
BCL,ELEV,BCL.Elev-Forebay.Inst.1Hour.0.CBT-REV,14181400,2025-02-26 03:00:00,2025-03-03 14:00:00,132,0.103,0.505,1199.439,1199.336
BCL,ELEV,BCL.Elev-Forebay.Inst.1Hour.0.CBT-REV,14181400,2025-03-03 16:00:00,2025-03-04 02:00:00,11,-0.133,0.268,1199.051,1199.184
BCL,ELEV,BCL.Elev-Forebay.Inst.1Hour.0.CBT-REV,14181400,2025-03-04 05:00:00,2025-03-04 14:00:00,10,0.351,0.682,1198.772,1198.420
BCL,ELEV,BCL.Elev-Forebay.Inst.1Hour.0.CBT-REV,14181400,2025-03-04 16:00:00,2025-03-04 16:00:00,1,-0.117,0.117,1197.440,1197.557
BCL,ELEV,BCL.Elev-Forebay.Inst.1Hour.0.CBT-REV,14181400,2025-03-04 22:00:00,2025-03-05 09:00:00,12,0.243,0.832,1199.965,1199.722
BCL,ELEV,BCL.Elev-Forebay.Inst.1Hour.0.CBT-REV,14181400,2025-03-05 11:00:00,2025-03-05 14:00:00,4,-0.200,0.210,1197.952,1198.153
BCL,ELEV,BCL.Elev-Forebay.Inst.1Hour.0.CBT-REV,14181400,2025-03-05 16:00:00,2025-03-09 04:00:00,85,0.105,0.545,1199.130,1199.025
BCL,ELEV,BCL.Elev-Forebay.Inst.1Hour.0.CBT-REV,14181400,2025-03-09 06:00:00,2025-03-11 03:00:00,46,0.104,0.543,1199.576,1199.473
BCL,ELEV,BCL.Elev-Forebay.Inst.1Hour.0.CBT-REV,14181400,2025-03-11 05:00:00,2025-03-17 13:00:00,153,0.137,0.690,1198.037,1197.900
BCL,ELEV,BCL.Elev-Forebay.Inst.1Hour.0.CBT-REV,14181400,2025-03-17 15:00:00,2025-03-17 18:00:00,4,-0.116,0.130,1194.535,1194.651
BCL,ELEV,BCL.Elev-Forebay.Inst.1Hour.0.CBT-REV,14181400,2025-03-17 21:00:00,2025-03-18 09:00:00,13,0.358,0.730,1193.910,1193.552
BCL,ELEV,BCL.Elev-Forebay.Inst.1Hour.0.CBT-REV,14181400,2025-03-18 11:00:00,2025-03-18 13:00:00,3,-0.381,0.403,1190.947,1191.328
BCL,ELEV,BCL.Elev-Forebay.Inst.1Hour.0.CBT-REV,14181400,2025-03-18 15:00:00,2025-03-18 18:00:00,4,-0.106,0.115,1194.442,1194.548
BCL,ELEV,BCL.Elev-Forebay.Inst.1Hour.0.CBT-REV,14181400,2025-03-18 21:00:00,2025-03-19 13:00:00,17,0.194,0.758,1192.646,1192.453
BCL,ELEV,BCL.Elev-Forebay.Inst.1Hour.0.CBT-REV,14181400,2025-03-19 16:00:00,2025-03-19 16:00:00,1,-0.105,0.105,1193.820,1193.925
BCL,ELEV,BCL.Elev-Forebay.Inst.1Hour.0.CBT-REV,14181400,2025-03-19 21:00:00,2025-03-20 13:00:00,17,0.202,1.020,1192.223,1192.021
BCL,ELEV,BCL.Elev-Forebay.Inst.1Hour.0.CBT-REV,14181400,2025-03-20 15:00:00,2025-03-20 15:00:00,1,-0.113,0.113,1192.870,1192.983
BCL,ELEV,BCL.Elev-Forebay.Inst.1Hour.0.CBT-REV,14181400,2025-03-20 21:00:00,2025-03-21 10:00:00,14,0.341,0.748,1192.762,1192.421
BCL,ELEV,BCL.Elev-Forebay.Inst.1Hour.0.CBT-REV,14181400,2025-03-21 12:00:00,2025-03-22 17:00:00,30,-0.078,1.063,1193.158,1193.236
BCL,ELEV,BCL.Elev-Forebay.Inst.1Hour.0.CBT-REV,14181400,2025-03-22 19:00:00,2025-03-23 02:00:00,8,0.159,0.775,1199.312,1199.154
BCL,ELEV,BCL.Elev-Forebay.Inst.1Hour.0.CBT-REV,14181400,2025-03-23 05:00:00,2025-03-23 10:00:00,6,0.605,0.822,1199.330,1198.725
BCL,ELEV,BCL.Elev-Forebay.Inst.1Hour.0.CBT-REV,14181400,2025-03-23 14:00:00,2025-03-23 17:00:00,4,-0.598,0.670,1198.575,1199.173
BCL,ELEV,BCL.Elev-Forebay.Inst.1Hour.0.CBT-REV,14181400,2025-03-23 19:00:00,2025-03-24 02:00:00,8,0.148,0.803,1199.435,1199.287
BCL,ELEV,BCL.Elev-Forebay.Inst.1Hour.0.CBT-REV,14181400,2025-03-24 06:00:00,2025-03-24 10:00:00,5,0.685,0.832,1199.024,1198.339
BCL,ELEV,BCL.Elev-Forebay.Inst.1Hour.0.CBT-REV,14181400,2025-03-24 14:00:00,2025-03-24 17:00:00,4,-0.615,0.693,1198.682,1199.298
BCL,ELEV,BCL.Elev-Forebay.Inst.1Hour.0.CBT-REV,14181400,2025-03-24 19:00:00,2025-03-25 03:00:00,9,0.183,0.760,1200.334,1200.151
BCL,ELEV,BCL.Elev-Forebay.Inst.1Hour.0.CBT-REV,14181400,2025-03-25 06:00:00,2025-03-25 11:00:00,6,0.662,0.793,1199.047,1198.385
BCL,ELEV,BCL.Elev-Forebay.Inst.1Hour.0.CBT-REV,14181400,2025-03-25 14:00:00,2025-03-27 03:00:00,38,0.051,1.050,1198.629,1198.578
BCL,ELEV,BCL.Elev-Forebay.Inst.1Hour.0.CBT-REV,14181400,2025-03-27 05:00:00,2025-03-27 09:00:00,5,0.807,1.190,1196.160,1195.353
BCL,ELEV,BCL.Elev-Forebay.Inst.1Hour.0.CBT-REV,14181400,2025-03-27 12:00:00,2025-03-28 12:00:00,25,0.021,0.565,1196.715,1196.694
BCL,ELEV,BCL.Elev-Forebay.Inst.1Hour.0.CBT-REV,14181400,2025-03-28 23:00:00,2025-03-30 00:00:00,26,0.043,0.403,1197.470,1197.427
BCL,ELEV,BCL.Elev-Forebay.Inst.1Hour.0.CBT-REV,14181400,2025-03-30 02:00:00,2025-03-30 12:00:00,11,0.647,0.725,1195.522,1194.875
BCL,ELEV,BCL.Elev-Forebay.Inst.1Hour.0.CBT-REV,14181400,2025-03-30 14:00:00,2025-03-30 17:00:00,4,-0.148,0.165,1188.057,1188.205
BCL,ELEV,BCL.Elev-Forebay.Inst.1Hour.0.CBT-REV,14181400,2025-03-30 23:00:00,2025-03-30 23:00:00,1,-0.105,0.105,1192.330,1192.435
BCL,ELEV,BCL.Elev-Forebay.Inst.1Hour.0.CBT-REV,14181400,2025-03-31 01:00:00,2025-03-31 06:00:00,6,-0.120,0.578,1194.562,1194.682
BCL,ELEV,BCL.Elev-Forebay.Inst.1Hour.0.CBT-REV,14181400,2025-03-31 12:00:00,2025-03-31 12:00:00,1,0.100,0.100,1198.400,1198.300
BCL,ELEV,BCL.Elev-Forebay.Inst.1Hour.0.CBT-REV,14181400,2025-03-31 14:00:00,2025-03-31 14:00:00,1,0.103,0.103,1198.460,1198.357
BCL,ELEV,BCL.Elev-Forebay.Inst.1Hour.0.CBT-REV,14181400,2025-03-31 16:00:00,2025-04-01 00:00:00,9,0.383,0.703,1196.570,1196.187
BCL,ELEV,BCL.Elev-Forebay.Inst.1Hour.0.CBT-REV,14181400,2025-04-01 02:00:00,2025-04-03 00:00:00,47,0.070,0.615,1196.977,1196.908
BCL,ELEV,BCL.Elev-Forebay.Inst.1Hour.0.CBT-REV,14181400,2025-04-03 02:00:00,2025-04-03 03:00:00,2,0.169,0.175,1195.870,1195.701
BCL,ELEV,BCL.Elev-Forebay.Inst.1Hour.0.CBT-REV,14181400,2025-04-03 15:00:00,2025-04-03 18:00:00,4,0.308,0.372,1196.347,1196.039
BCL,ELEV,BCL.Elev-Forebay.Inst.1Hour.0.CBT-REV,14181400,2025-04-04 15:00:00,2025-04-04 15:00:00,1,0.135,0.135,1197.670,1197.535
BCL,ELEV,BCL.Elev-Forebay.Inst.1Hour.0.CBT-REV,14181400,2025-04-05 04:00:00,2025-04-05 04:00:00,1,0.100,0.100,1198.400,1198.300
BCL,ELEV,BCL.Elev-Forebay.Inst.1Hour.0.CBT-REV,14181400,2025-04-05 07:00:00,2025-04-05 15:00:00,9,0.135,0.212,1198.140,1198.005
BCL,ELEV,BCL.Elev-Forebay.Inst.1Hour.0.CBT-REV,14181400,2025-04-05 17:00:00,2025-04-05 17:00:00,1,0.100,0.100,1197.690,1197.590
BCL,ELEV,BCL.Elev-Forebay.Inst.1Hour.0.CBT-REV,14181400,2025-04-05 20:00:00,2025-04-05 20:00:00,1,0.100,0.100,1197.720,1197.620
BCL,ELEV,BCL.Elev-Forebay.Inst.1Hour.0.CBT-REV,14181400,2025-04-06 02:00:00,2025-04-06 14:00:00,13,0.127,0.140,1197.593,1197.466
BCL,ELEV,BCL.Elev-Forebay.Inst.1Hour.0.CBT-REV,14181400,2025-04-07 03:00:00,2025-04-07 04:00:00,2,0.110,0.113,1197.645,1197.535
BCL,ELEV,BCL.Elev-Forebay.Inst.1Hour.0.CBT-REV,14181400,2025-04-07 15:00:00,2025-04-07 15:00:00,1,0.238,0.238,1197.920,1197.682
BCL,ELEV,BCL.Elev-Forebay.Inst.1Hour.0.CBT-REV,14181400,2025-04-08 01:00:00,2025-04-08 03:00:00,3,0.402,0.585,1197.867,1197.464
BCL,ELEV,BCL.Elev-Forebay.Inst.1Hour.0.CBT-REV,14181400,2025-04-08 14:00:00,2025-04-09 00:00:00,11,-0.013,0.498,1201.458,1201.471
BCL,ELEV,BCL.Elev-Forebay.Inst.1Hour.0.CBT-REV,14181400,2025-04-09 02:00:00,2025-04-12 01:00:00,72,0.121,0.692,1197.422,1197.302
BCL,ELEV,BCL.Elev-Forebay.Inst.1Hour.0.CBT-REV,14181400,2025-04-12 08:00:00,2025-04-13 09:00:00,26,0.154,0.378,1197.890,1197.736
BCL,ELEV,BCL.Elev-Forebay.Inst.1Hour.0.CBT-REV,14181400,2025-04-13 11:00:00,2025-04-13 17:00:00,7,-0.073,0.520,1194.596,1194.669
BCL,ELEV,BCL.Elev-Forebay.Inst.1Hour.0.CBT-REV,14181400,2025-04-13 19:00:00,2025-04-14 14:00:00,20,0.202,0.320,1196.173,1195.971
BCL,ELEV,BCL.Elev-Forebay.Inst.1Hour.0.CBT-REV,14181400,2025-04-15 01:00:00,2025-04-15 17:00:00,17,-0.000,0.757,1192.738,1192.739
BCL,ELEV,BCL.Elev-Forebay.Inst.1Hour.0.CBT-REV,14181400,2025-04-16 01:00:00,2025-04-16 13:00:00,13,0.310,0.447,1197.511,1197.201
BCL,ELEV,BCL.Elev-Forebay.Inst.1Hour.0.CBT-REV,14181400,2025-04-16 15:00:00,2025-04-17 14:00:00,24,0.046,0.455,1198.088,1198.042
BCL,ELEV,BCL.Elev-Forebay.Inst.1Hour.0.CBT-REV,14181400,2025-04-17 16:00:00,2025-04-18 14:00:00,23,0.089,0.532,1200.169,1200.080
BCL,ELEV,BCL.Elev-Forebay.Inst.1Hour.0.CBT-REV,14181400,2025-04-18 16:00:00,2025-04-19 14:00:00,23,0.101,0.530,1200.332,1200.231
BCL,ELEV,BCL.Elev-Forebay.Inst.1Hour.0.CBT-REV,14181400,2025-04-19 16:00:00,2025-04-20 14:00:00,23,0.099,0.520,1200.092,1199.993
BCL,ELEV,BCL.Elev-Forebay.Inst.1Hour.0.CBT-REV,14181400,2025-04-20 16:00:00,2025-04-21 14:00:00,23,0.084,0.507,1199.855,1199.772
BCL,ELEV,BCL.Elev-Forebay.Inst.1Hour.0.CBT-REV,14181400,2025-04-21 16:00:00,2025-04-22 16:00:00,25,0.115,0.532,1199.574,1199.459
BCL,ELEV,BCL.Elev-Forebay.Inst.1Hour.0.CBT-REV,14181400,2025-04-22 18:00:00,2025-04-23 01:00:00,8,-0.283,0.765,1197.012,1197.295
BCL,ELEV,BCL.Elev-Forebay.Inst.1Hour.0.CBT-REV,14181400,2025-04-23 03:00:00,2025-04-23 16:00:00,14,0.255,0.535,1199.257,1199.002
BCL,ELEV,BCL.Elev-Forebay.Inst.1Hour.0.CBT-REV,14181400,2025-04-23 18:00:00,2025-04-24 16:00:00,23,0.089,0.755,1198.890,1198.801
BCL,ELEV,BCL.Elev-Forebay.Inst.1Hour.0.CBT-REV,14181400,2025-04-24 18:00:00,2025-04-25 20:00:00,27,0.153,0.753,1198.047,1197.894
BCL,ELEV,BCL.Elev-Forebay.Inst.1Hour.0.CBT-REV,14181400,2025-04-25 22:00:00,2025-04-26 02:00:00,5,-0.771,0.960,1194.058,1194.829
BCL,ELEV,BCL.Elev-Forebay.Inst.1Hour.0.CBT-REV,14181400,2025-04-26 04:00:00,2025-04-26 20:00:00,17,0.336,0.560,1198.063,1197.727
BCL,ELEV,BCL.Elev-Forebay.Inst.1Hour.0.CBT-REV,14181400,2025-04-26 22:00:00,2025-04-27 02:00:00,5,-0.771,0.970,1194.282,1195.053
BCL,ELEV,BCL.Elev-Forebay.Inst.1Hour.0.CBT-REV,14181400,2025-04-27 04:00:00,2025-04-27 20:00:00,17,0.334,0.565,1198.225,1197.891
BCL,ELEV,BCL.Elev-Forebay.Inst.1Hour.0.CBT-REV,14181400,2025-04-27 22:00:00,2025-04-28 20:00:00,23,0.093,0.957,1197.375,1197.282
BCL,ELEV,BCL.Elev-Forebay.Inst.1Hour.0.CBT-REV,14181400,2025-04-28 22:00:00,2025-04-29 20:00:00,23,0.086,0.965,1197.229,1197.143
BCL,ELEV,BCL.Elev-Forebay.Inst.1Hour.0.CBT-REV,14181400,2025-04-29 22:00:00,2025-04-30 20:00:00,23,0.084,0.967,1197.271,1197.187
BCL,ELEV,BCL.Elev-Forebay.Inst.1Hour.0.CBT-REV,14181400,2025-04-30 22:00:00,2025-05-01 02:00:00,5,-0.775,0.963,1194.120,1194.894
BCL,ELEV,BCL.Elev-Forebay.Inst.1Hour.0.CBT-REV,14181400,2025-05-01 04:00:00,2025-05-01 20:00:00,17,0.362,0.575,1197.527,1197.165
BCL,ELEV,BCL.Elev-Forebay.Inst.1Hour.0.CBT-REV,14181400,2025-05-01 22:00:00,2025-05-02 02:00:00,5,-0.786,0.980,1193.202,1193.987
BCL,ELEV,BCL.Elev-Forebay.Inst.1Hour.0.CBT-REV,14181400,2025-05-02 04:00:00,2025-05-02 21:00:00,18,0.339,0.578,1197.101,1196.762
BCL,ELEV,BCL.Elev-Forebay.Inst.1Hour.0.CBT-REV,14181400,2025-05-02 23:00:00,2025-05-03 02:00:00,4,-0.947,1.007,1192.585,1193.532
BCL,ELEV,BCL.Elev-Forebay.Inst.1Hour.0.CBT-REV,14181400,2025-05-03 04:00:00,2025-05-03 09:00:00,6,0.129,0.142,1199.023,1198.895
BCL,ELEV,BCL.Elev-Forebay.Inst.1Hour.0.CBT-REV,14181400,2025-05-03 11:00:00,2025-05-03 11:00:00,1,0.100,0.100,1198.440,1198.340
BCL,ELEV,BCL.Elev-Forebay.Inst.1Hour.0.CBT-REV,14181400,2025-05-03 13:00:00,2025-05-03 21:00:00,9,0.516,0.567,1193.696,1193.179
BCL,ELEV,BCL.Elev-Forebay.Inst.1Hour.0.CBT-REV,14181400,2025-05-03 23:00:00,2025-05-04 03:00:00,5,-0.797,1.030,1193.598,1194.394
BCL,ELEV,BCL.Elev-Forebay.Inst.1Hour.0.CBT-REV,14181400,2025-05-04 05:00:00,2025-05-04 05:00:00,1,0.102,0.102,1199.210,1199.108
BCL,ELEV,BCL.Elev-Forebay.Inst.1Hour.0.CBT-REV,14181400,2025-05-04 13:00:00,2025-05-04 21:00:00,9,0.526,0.575,1194.002,1193.476
BCL,ELEV,BCL.Elev-Forebay.Inst.1Hour.0.CBT-REV,14181400,2025-05-04 23:00:00,2025-05-05 03:00:00,5,-0.790,1.018,1193.832,1194.622
BCL,ELEV,BCL.Elev-Forebay.Inst.1Hour.0.CBT-REV,14181400,2025-05-05 12:00:00,2025-05-05 21:00:00,10,0.494,0.580,1194.607,1194.113
BCL,ELEV,BCL.Elev-Forebay.Inst.1Hour.0.CBT-REV,14181400,2025-05-05 23:00:00,2025-05-06 21:00:00,23,0.086,1.017,1195.743,1195.657
BCL,ELEV,BCL.Elev-Forebay.Inst.1Hour.0.CBT-REV,14181400,2025-05-06 23:00:00,2025-05-07 03:00:00,5,-0.793,1.020,1193.250,1194.043
BCL,ELEV,BCL.Elev-Forebay.Inst.1Hour.0.CBT-REV,14181400,2025-05-07 06:00:00,2025-05-07 06:00:00,1,0.110,0.110,1198.780,1198.670
BCL,ELEV,BCL.Elev-Forebay.Inst.1Hour.0.CBT-REV,14181400,2025-05-07 14:00:00,2025-05-08 03:00:00,14,0.070,1.028,1194.139,1194.069
BCL,ELEV,BCL.Elev-Forebay.Inst.1Hour.0.CBT-REV,14181400,2025-05-08 14:00:00,2025-05-09 02:00:00,13,0.087,1.015,1193.987,1193.900
BCL,ELEV,BCL.Elev-Forebay.Inst.1Hour.0.CBT-REV,14181400,2025-05-09 05:00:00,2025-05-09 05:00:00,1,0.100,0.100,1199.160,1199.060
BCL,ELEV,BCL.Elev-Forebay.Inst.1Hour.0.CBT-REV,14181400,2025-05-09 14:00:00,2025-05-10 04:00:00,15,0.096,1.033,1194.207,1194.111
BCL,ELEV,BCL.Elev-Forebay.Inst.1Hour.0.CBT-REV,14181400,2025-05-10 14:00:00,2025-05-11 03:00:00,14,0.065,1.078,1192.357,1192.292
BCL,ELEV,BCL.Elev-Forebay.Inst.1Hour.0.CBT-REV,14181400,2025-05-11 14:00:00,2025-05-12 03:00:00,14,0.066,1.082,1192.186,1192.121
BCL,ELEV,BCL.Elev-Forebay.Inst.1Hour.0.CBT-REV,14181400,2025-05-12 14:00:00,2025-05-13 03:00:00,14,0.048,1.083,1192.323,1192.275
BCL,ELEV,BCL.Elev-Forebay.Inst.1Hour.0.CBT-REV,14181400,2025-05-13 14:00:00,2025-05-14 03:00:00,14,0.057,1.075,1192.523,1192.466
BCL,ELEV,BCL.Elev-Forebay.Inst.1Hour.0.CBT-REV,14181400,2025-05-14 14:00:00,2025-05-15 03:00:00,14,0.054,1.070,1192.711,1192.657
BCL,ELEV,BCL.Elev-Forebay.Inst.1Hour.0.CBT-REV,14181400,2025-05-15 14:00:00,2025-05-16 02:00:00,13,0.080,1.090,1192.042,1191.963
BCL,ELEV,BCL.Elev-Forebay.Inst.1Hour.0.CBT-REV,14181400,2025-05-16 04:00:00,2025-05-16 05:00:00,2,0.119,0.125,1197.420,1197.301
BCL,ELEV,BCL.Elev-Forebay.Inst.1Hour.0.CBT-REV,14181400,2025-05-16 14:00:00,2025-05-17 03:00:00,14,0.057,1.098,1192.051,1191.994
BCL,ELEV,BCL.Elev-Forebay.Inst.1Hour.0.CBT-REV,14181400,2025-05-17 14:00:00,2025-05-18 02:00:00,13,0.042,1.115,1192.317,1192.274
BCL,ELEV,BCL.Elev-Forebay.Inst.1Hour.0.CBT-REV,14181400,2025-05-18 06:00:00,2025-05-18 07:00:00,2,0.104,0.105,1198.220,1198.116
BCL,ELEV,BCL.Elev-Forebay.Inst.1Hour.0.CBT-REV,14181400,2025-05-18 09:00:00,2025-05-18 09:00:00,1,0.102,0.102,1197.930,1197.828
BCL,ELEV,BCL.Elev-Forebay.Inst.1Hour.0.CBT-REV,14181400,2025-05-18 14:00:00,2025-05-19 04:00:00,15,0.051,1.085,1193.720,1193.669
BCL,ELEV,BCL.Elev-Forebay.Inst.1Hour.0.CBT-REV,14181400,2025-05-19 14:00:00,2025-05-20 03:00:00,14,0.020,1.112,1193.267,1193.247
BCL,ELEV,BCL.Elev-Forebay.Inst.1Hour.0.CBT-REV,14181400,2025-05-20 14:00:00,2025-05-21 02:00:00,13,-0.033,1.220,1193.245,1193.278
BCL,ELEV,BCL.Elev-Forebay.Inst.1Hour.0.CBT-REV,14181400,2025-05-21 04:00:00,2025-05-21 04:00:00,1,0.168,0.168,1198.410,1198.243
BCL,ELEV,BCL.Elev-Forebay.Inst.1Hour.0.CBT-REV,14181400,2025-05-21 14:00:00,2025-05-22 03:00:00,14,-0.089,1.225,1192.593,1192.682
BCL,ELEV,BCL.Elev-Forebay.Inst.1Hour.0.CBT-REV,14181400,2025-05-22 14:00:00,2025-05-23 03:00:00,14,-0.082,1.205,1192.624,1192.706
BCL,ELEV,BCL.Elev-Forebay.Inst.1Hour.0.CBT-REV,14181400,2025-05-23 14:00:00,2025-05-24 03:00:00,14,-0.079,1.203,1192.626,1192.706
BCL,ELEV,BCL.Elev-Forebay.Inst.1Hour.0.CBT-REV,14181400,2025-05-24 14:00:00,2025-05-25 03:00:00,14,-0.073,1.218,1192.294,1192.367
BCL,ELEV,BCL.Elev-Forebay.Inst.1Hour.0.CBT-REV,14181400,2025-05-25 14:00:00,2025-05-26 03:00:00,14,-0.078,1.210,1192.188,1192.266
BCL,ELEV,BCL.Elev-Forebay.Inst.1Hour.0.CBT-REV,14181400,2025-05-26 14:00:00,2025-05-27 03:00:00,14,-0.074,1.225,1192.149,1192.223
BCL,ELEV,BCL.Elev-Forebay.Inst.1Hour.0.CBT-REV,14181400,2025-05-27 14:00:00,2025-05-28 03:00:00,14,-0.093,1.210,1192.061,1192.154
BCL,ELEV,BCL.Elev-Forebay.Inst.1Hour.0.CBT-REV,14181400,2025-05-28 14:00:00,2025-05-29 03:00:00,14,-0.090,1.230,1192.086,1192.176
BCL,ELEV,BCL.Elev-Forebay.Inst.1Hour.0.CBT-REV,14181400,2025-05-29 14:00:00,2025-05-30 03:00:00,14,-0.090,1.225,1192.174,1192.264
BCL,ELEV,BCL.Elev-Forebay.Inst.1Hour.0.CBT-REV,14181400,2025-05-30 14:00:00,2025-05-31 03:00:00,14,-0.120,1.650,1192.242,1192.362
BCL,ELEV,BCL.Elev-Forebay.Inst.1Hour.0.CBT-REV,14181400,2025-05-31 14:00:00,2025-06-01 03:00:00,14,-0.074,1.230,1192.113,1192.187
BCL,ELEV,BCL.Elev-Forebay.Inst.1Hour.0.CBT-REV,14181400,2025-06-01 14:00:00,2025-06-02 03:00:00,14,-0.145,1.265,1193.046,1193.191
BCL,ELEV,BCL.Elev-Forebay.Inst.1Hour.0.CBT-REV,14181400,2025-06-02 07:00:00,2025-06-02 13:00:00,7,-0.159,0.200,1200.279,1200.438
BCL,ELEV,BCL.Elev-Forebay.Inst.1Hour.0.CBT-REV,14181400,2025-06-02 15:00:00,2025-06-03 07:00:00,17,-0.092,1.190,1197.377,1197.470
BCL,ELEV,BCL.Elev-Forebay.Inst.1Hour.0.CBT-REV,14181400,2025-06-03 14:00:00,2025-06-04 03:00:00,14,-0.063,1.180,1196.746,1196.810
BCL,ELEV,BCL.Elev-Forebay.Inst.1Hour.0.CBT-REV,14181400,2025-06-04 08:00:00,2025-06-05 13:00:00,30,-0.086,1.195,1198.836,1198.922
BCL,ELEV,BCL.Elev-Forebay.Inst.1Hour.0.CBT-REV,14181400,2025-06-05 15:00:00,2025-06-06 07:00:00,17,-0.123,1.612,1197.785,1197.908
BCL,ELEV,BCL.Elev-Forebay.Inst.1Hour.0.CBT-REV,14181400,2025-06-06 09:00:00,2025-06-06 10:00:00,2,-0.103,0.105,1201.345,1201.447
BCL,ELEV,BCL.Elev-Forebay.Inst.1Hour.0.CBT-REV,14181400,2025-06-06 13:00:00,2025-06-07 03:00:00,15,-0.061,1.178,1197.623,1197.684
BCL,ELEV,BCL.Elev-Forebay.Inst.1Hour.0.CBT-REV,14181400,2025-06-07 08:00:00,2025-06-07 11:00:00,4,-0.103,0.105,1200.980,1201.082
BCL,ELEV,BCL.Elev-Forebay.Inst.1Hour.0.CBT-REV,14181400,2025-06-07 13:00:00,2025-06-09 06:00:00,42,-0.081,1.210,1198.195,1198.276
BCL,ELEV,BCL.Elev-Forebay.Inst.1Hour.0.CBT-REV,14181400,2025-06-09 08:00:00,2025-06-10 03:00:00,20,-0.106,1.630,1197.915,1198.021
BCL,ELEV,BCL.Elev-Forebay.Inst.1Hour.0.CBT-REV,14181400,2025-06-10 06:00:00,2025-06-10 06:00:00,1,-0.102,0.102,1200.480,1200.582
BCL,ELEV,BCL.Elev-Forebay.Inst.1Hour.0.CBT-REV,14181400,2025-06-10 11:00:00,2025-06-10 11:00:00,1,-0.100,0.100,1200.610,1200.710
BCL,ELEV,BCL.Elev-Forebay.Inst.1Hour.0.CBT-REV,14181400,2025-06-10 15:00:00,2025-06-11 13:00:00,23,-0.108,1.205,1198.097,1198.205
BCL,ELEV,BCL.Elev-Forebay.Inst.1Hour.0.CBT-REV,14181400,2025-06-11 15:00:00,2025-06-15 12:00:00,94,-0.096,1.215,1198.428,1198.524
BCL,ELEV,BCL.Elev-Forebay.Inst.1Hour.0.CBT-REV,14181400,2025-06-15 14:00:00,2025-06-20 12:00:00,119,-0.100,1.230,1198.197,1198.297
BCL,ELEV,BCL.Elev-Forebay.Inst.1Hour.0.CBT-REV,14181400,2025-06-20 14:00:00,2025-06-21 04:00:00,15,-0.037,1.128,1196.933,1196.970
BCL,ELEV,BCL.Elev-Forebay.Inst.1Hour.0.CBT-REV,14181400,2025-06-21 13:00:00,2025-06-22 04:00:00,16,0.034,1.148,1197.217,1197.184
BCL,ELEV,BCL.Elev-Forebay.Inst.1Hour.0.CBT-REV,14181400,2025-06-22 13:00:00,2025-06-23 04:00:00,16,0.036,1.132,1197.570,1197.534
BCL,ELEV,BCL.Elev-Forebay.Inst.1Hour.0.CBT-REV,14181400,2025-06-23 13:00:00,2025-06-24 04:00:00,16,0.039,1.138,1196.954,1196.915
BCL,ELEV,BCL.Elev-Forebay.Inst.1Hour.0.CBT-REV,14181400,2025-06-24 13:00:00,2025-06-25 04:00:00,16,0.026,1.138,1196.849,1196.823
BCL,ELEV,BCL.Elev-Forebay.Inst.1Hour.0.CBT-REV,14181400,2025-06-25 13:00:00,2025-06-26 04:00:00,16,0.040,1.148,1196.909,1196.869
BCL,ELEV,BCL.Elev-Forebay.Inst.1Hour.0.CBT-REV,14181400,2025-06-26 13:00:00,2025-06-27 04:00:00,16,0.035,1.145,1196.694,1196.658
BCL,ELEV,BCL.Elev-Forebay.Inst.1Hour.0.CBT-REV,14181400,2025-06-27 14:00:00,2025-06-28 04:00:00,15,0.029,1.130,1196.559,1196.530
BCL,ELEV,BCL.Elev-Forebay.Inst.1Hour.0.CBT-REV,14181400,2025-06-28 13:00:00,2025-06-29 04:00:00,16,0.029,1.145,1196.877,1196.848
BCL,ELEV,BCL.Elev-Forebay.Inst.1Hour.0.CBT-REV,14181400,2025-06-29 12:00:00,2025-06-30 04:00:00,17,0.033,1.138,1197.364,1197.331
BCL,ELEV,BCL.Elev-Forebay.Inst.1Hour.0.CBT-REV,14181400,2025-06-30 13:00:00,2025-07-01 04:00:00,16,0.047,1.132,1197.048,1197.001
BCL,ELEV,BCL.Elev-Forebay.Inst.1Hour.0.CBT-REV,14181400,2025-07-01 12:00:00,2025-07-02 03:00:00,16,0.064,1.452,1197.006,1196.942
BCL,ELEV,BCL.Elev-Forebay.Inst.1Hour.0.CBT-REV,14181400,2025-07-02 06:00:00,2025-07-03 04:00:00,23,0.013,1.402,1198.183,1198.170
BCL,ELEV,BCL.Elev-Forebay.Inst.1Hour.0.CBT-REV,14181400,2025-07-03 06:00:00,2025-07-05 03:00:00,46,0.012,1.545,1197.854,1197.842
BCL,ELEV,BCL.Elev-Forebay.Inst.1Hour.0.CBT-REV,14181400,2025-07-05 05:00:00,2025-07-06 03:00:00,23,0.007,1.250,1197.420,1197.413
BCL,ELEV,BCL.Elev-Forebay.Inst.1Hour.0.CBT-REV,14181400,2025-07-06 05:00:00,2025-07-06 07:00:00,3,-0.114,0.127,1199.293,1199.408
BCL,ELEV,BCL.Elev-Forebay.Inst.1Hour.0.CBT-REV,14181400,2025-07-06 09:00:00,2025-07-07 06:00:00,22,0.006,1.407,1197.315,1197.310
BCL,ELEV,BCL.Elev-Forebay.Inst.1Hour.0.CBT-REV,14181400,2025-07-07 12:00:00,2025-07-08 03:00:00,16,0.079,1.160,1196.619,1196.540
BCL,ELEV,BCL.Elev-Forebay.Inst.1Hour.0.CBT-REV,14181400,2025-07-08 13:00:00,2025-07-09 02:00:00,14,0.023,1.175,1195.845,1195.822
BCL,ELEV,BCL.Elev-Forebay.Inst.1Hour.0.CBT-REV,14181400,2025-07-09 04:00:00,2025-07-10 02:00:00,23,-0.024,1.132,1198.757,1198.780
BCL,ELEV,BCL.Elev-Forebay.Inst.1Hour.0.CBT-REV,14181400,2025-07-10 06:00:00,2025-07-10 06:00:00,1,-0.105,0.105,1201.300,1201.405
BCL,ELEV,BCL.Elev-Forebay.Inst.1Hour.0.CBT-REV,14181400,2025-07-10 12:00:00,2025-07-11 02:00:00,15,0.085,1.118,1197.597,1197.513
BCL,ELEV,BCL.Elev-Forebay.Inst.1Hour.0.CBT-REV,14181400,2025-07-11 04:00:00,2025-07-11 04:00:00,1,-0.122,0.122,1199.150,1199.273
BCL,ELEV,BCL.Elev-Forebay.Inst.1Hour.0.CBT-REV,14181400,2025-07-11 09:00:00,2025-07-11 09:00:00,1,-0.108,0.108,1200.490,1200.598
BCL,ELEV,BCL.Elev-Forebay.Inst.1Hour.0.CBT-REV,14181400,2025-07-11 11:00:00,2025-07-12 02:00:00,16,0.052,1.145,1196.814,1196.762
BCL,ELEV,BCL.Elev-Forebay.Inst.1Hour.0.CBT-REV,14181400,2025-07-12 07:00:00,2025-07-15 05:00:00,71,0.002,0.465,1196.815,1196.813
BCL,ELEV,BCL.Elev-Forebay.Inst.1Hour.0.CBT-REV,14181400,2025-07-15 08:00:00,2025-07-17 05:00:00,46,-0.000,0.470,1197.124,1197.124
BCL,ELEV,BCL.Elev-Forebay.Inst.1Hour.0.CBT-REV,14181400,2025-07-17 13:00:00,2025-07-17 13:00:00,1,0.200,0.200,1200.260,1200.060
BCL,ELEV,BCL.Elev-Forebay.Inst.1Hour.0.CBT-REV,14181400,2025-07-17 19:00:00,2025-07-18 08:00:00,14,-0.023,0.433,1199.079,1199.101
BCL,ELEV,BCL.Elev-Forebay.Inst.1Hour.0.CBT-REV,14181400,2025-07-18 14:00:00,2025-07-19 05:00:00,16,-0.033,0.695,1196.929,1196.963
BCL,ELEV,BCL.Elev-Forebay.Inst.1Hour.0.CBT-REV,14181400,2025-07-19 12:00:00,2025-07-20 04:00:00,17,-0.007,0.465,1197.382,1197.389
BCL,ELEV,BCL.Elev-Forebay.Inst.1Hour.0.CBT-REV,14181400,2025-07-20 12:00:00,2025-07-21 04:00:00,17,0.002,0.457,1197.342,1197.340
BCL,ELEV,BCL.Elev-Forebay.Inst.1Hour.0.CBT-REV,14181400,2025-07-21 12:00:00,2025-07-22 04:00:00,17,-0.001,0.452,1197.023,1197.024
BCL,ELEV,BCL.Elev-Forebay.Inst.1Hour.0.CBT-REV,14181400,2025-07-22 12:00:00,2025-07-23 04:00:00,17,-0.001,0.458,1197.054,1197.054
BCL,ELEV,BCL.Elev-Forebay.Inst.1Hour.0.CBT-REV,14181400,2025-07-23 12:00:00,2025-07-24 08:00:00,21,0.010,0.480,1197.429,1197.418
BCL,ELEV,BCL.Elev-Forebay.Inst.1Hour.0.CBT-REV,14181400,2025-07-24 12:00:00,2025-07-25 07:00:00,20,-0.016,0.475,1196.758,1196.775
BCL,ELEV,BCL.Elev-Forebay.Inst.1Hour.0.CBT-REV,14181400,2025-07-25 12:00:00,2025-07-26 05:00:00,18,0.057,0.503,1194.872,1194.815
BCL,ELEV,BCL.Elev-Forebay.Inst.1Hour.0.CBT-REV,14181400,2025-07-26 15:00:00,2025-07-27 06:00:00,16,-0.006,0.498,1193.053,1193.059
BCL,ELEV,BCL.Elev-Forebay.Inst.1Hour.0.CBT-REV,14181400,2025-07-27 12:00:00,2025-07-28 05:00:00,18,-0.035,0.522,1192.054,1192.089
BCL,ELEV,BCL.Elev-Forebay.Inst.1Hour.0.CBT-REV,14181400,2025-07-28 12:00:00,2025-07-29 07:00:00,20,-0.014,0.508,1192.726,1192.740
BCL,ELEV,BCL.Elev-Forebay.Inst.1Hour.0.CBT-REV,14181400,2025-07-29 12:00:00,2025-07-30 07:00:00,20,-0.016,0.517,1192.453,1192.469
BCL,ELEV,BCL.Elev-Forebay.Inst.1Hour.0.CBT-REV,14181400,2025-07-30 12:00:00,2025-07-31 06:00:00,19,-0.024,0.530,1192.083,1192.107
BCL,ELEV,BCL.Elev-Forebay.Inst.1Hour.0.CBT-REV,14181400,2025-07-31 09:00:00,2025-07-31 10:00:00,2,0.102,0.102,1196.135,1196.033
BCL,ELEV,BCL.Elev-Forebay.Inst.1Hour.0.CBT-REV,14181400,2025-07-31 12:00:00,2025-08-01 05:00:00,18,-0.002,0.505,1191.204,1191.206
BCL,ELEV,BCL.Elev-Forebay.Inst.1Hour.0.CBT-REV,14181400,2025-08-01 07:00:00,2025-08-01 08:00:00,2,0.110,0.112,1195.890,1195.780
BCL,ELEV,BCL.Elev-Forebay.Inst.1Hour.0.CBT-REV,14181400,2025-08-01 12:00:00,2025-08-02 03:00:00,16,-0.097,1.240,1191.222,1191.319
BCL,ELEV,BCL.Elev-Forebay.Inst.1Hour.0.CBT-REV,14181400,2025-08-02 12:00:00,2025-08-03 03:00:00,16,-0.071,1.213,1193.128,1193.199
BCL,ELEV,BCL.Elev-Forebay.Inst.1Hour.0.CBT-REV,14181400,2025-08-03 09:00:00,2025-08-04 03:00:00,19,-0.045,1.168,1196.358,1196.403
BCL,ELEV,BCL.Elev-Forebay.Inst.1Hour.0.CBT-REV,14181400,2025-08-04 07:00:00,2025-08-05 02:00:00,20,0.014,1.170,1197.427,1197.414
BCL,ELEV,BCL.Elev-Forebay.Inst.1Hour.0.CBT-REV,14181400,2025-08-05 04:00:00,2025-08-05 04:00:00,1,0.115,0.115,1201.530,1201.415
BCL,ELEV,BCL.Elev-Forebay.Inst.1Hour.0.CBT-REV,14181400,2025-08-05 12:00:00,2025-08-06 02:00:00,15,-0.024,1.183,1195.923,1195.947
BCL,ELEV,BCL.Elev-Forebay.Inst.1Hour.0.CBT-REV,14181400,2025-08-06 04:00:00,2025-08-06 05:00:00,2,0.112,0.120,1201.380,1201.267
BCL,ELEV,BCL.Elev-Forebay.Inst.1Hour.0.CBT-REV,14181400,2025-08-06 11:00:00,2025-08-07 02:00:00,16,-0.013,1.190,1195.812,1195.825
BCL,ELEV,BCL.Elev-Forebay.Inst.1Hour.0.CBT-REV,14181400,2025-08-07 04:00:00,2025-08-07 04:00:00,1,0.165,0.165,1201.140,1200.975
BCL,ELEV,BCL.Elev-Forebay.Inst.1Hour.0.CBT-REV,14181400,2025-08-07 12:00:00,2025-08-08 02:00:00,15,-0.016,1.195,1194.815,1194.831
BCL,ELEV,BCL.Elev-Forebay.Inst.1Hour.0.CBT-REV,14181400,2025-08-08 04:00:00,2025-08-08 06:00:00,3,0.114,0.140,1200.230,1200.116
BCL,ELEV,BCL.Elev-Forebay.Inst.1Hour.0.CBT-REV,14181400,2025-08-08 12:00:00,2025-08-09 02:00:00,15,-0.076,1.235,1194.338,1194.414
BCL,ELEV,BCL.Elev-Forebay.Inst.1Hour.0.CBT-REV,14181400,2025-08-09 04:00:00,2025-08-13 02:00:00,95,0.017,1.270,1195.274,1195.257
BCL,ELEV,BCL.Elev-Forebay.Inst.1Hour.0.CBT-REV,14181400,2025-08-13 04:00:00,2025-09-02 18:00:00,495,0.023,1.683,1195.195,1195.172
BCL,ELEV,BCL.Elev-Forebay.Inst.1Hour.0.CBT-REV,14181400,2025-09-02 20:00:00,2025-09-03 18:00:00,23,0.053,1.135,1194.657,1194.604
BCL,ELEV,BCL.Elev-Forebay.Inst.1Hour.0.CBT-REV,14181400,2025-09-03 20:00:00,2025-09-04 18:00:00,23,0.025,1.058,1194.993,1194.968
BCL,ELEV,BCL.Elev-Forebay.Inst.1Hour.0.CBT-REV,14181400,2025-09-04 20:00:00,2025-09-07 20:00:00,73,0.029,1.190,1194.741,1194.712
BCL,ELEV,BCL.Elev-Forebay.Inst.1Hour.0.CBT-REV,14181400,2025-09-07 22:00:00,2025-09-08 20:00:00,23,0.032,1.180,1195.057,1195.024
BCL,ELEV,BCL.Elev-Forebay.Inst.1Hour.0.CBT-REV,14181400,2025-09-08 22:00:00,2025-09-09 20:00:00,23,0.031,1.183,1194.821,1194.790
BCL,ELEV,BCL.Elev-Forebay.Inst.1Hour.0.CBT-REV,14181400,2025-09-09 22:00:00,2025-09-10 20:00:00,23,0.036,1.188,1194.922,1194.886
BCL,ELEV,BCL.Elev-Forebay.Inst.1Hour.0.CBT-REV,14181400,2025-09-10 22:00:00,2025-09-26 20:00:00,383,0.026,1.780,1195.256,1195.230
BCL,ELEV,BCL.Elev-Forebay.Inst.1Hour.0.CBT-REV,14181400,2025-09-26 22:00:00,2025-09-30 02:00:00,77,-0.034,1.195,1196.280,1196.314
BCL,ELEV,BCL.Elev-Forebay.Inst.1Hour.0.CBT-REV,14181400,2025-09-30 14:00:00,2025-09-30 23:00:00,10,0.400,0.543,1195.506,1195.106
BCL,FLOW,BCL.Flow-Out.Inst.0.0.MIXED-COMPUTED-REV,14181500,2025-01-22 17:00:00,2025-01-23 20:00:00,28,170.924,194.291,2941.132,2770.208
BCL,FLOW,BCL.Flow-Out.Inst.0.0.MIXED-COMPUTED-REV,14181500,2025-07-21 16:00:00,2025-07-21 16:00:00,1,51.070,51.070,1053.570,1002.500
BCL,FLOW,BCL.Flow-Out.Inst.0.0.MIXED-COMPUTED-REV,14181500,2025-07-22 16:00:00,2025-07-22 16:00:00,1,51.163,51.163,1052.830,1001.667
BCL,FLOW,BCL.Flow-Out.Inst.0.0.MIXED-COMPUTED-REV,14181500,2025-07-23 15:00:00,2025-07-23 15:00:00,1,50.790,50.790,1055.790,1005.000
BCL,FLOW,BCL.Flow-Out.Inst.0.0.MIXED-COMPUTED-REV,14181500,2025-07-23 20:00:00,2025-07-23 20:00:00,1,50.883,50.883,1055.050,1004.167
BCL,FLOW,BCL.Flow-Out.Inst.0.0.MIXED-COMPUTED-REV,14181500,2025-07-24 03:00:00,2025-07-24 03:00:00,1,54.269,54.269,1115.936,1061.667
BCL,FLOW,BCL.Flow-Out.Inst.0.0.MIXED-COMPUTED-REV,14181500,2025-07-24 06:00:00,2025-07-24 06:00:00,1,53.743,53.743,1103.743,1050.000
BCL,FLOW,BCL.Flow-Out.Inst.0.0.MIXED-COMPUTED-REV,14181500,2025-07-24 15:00:00,2025-07-24 15:00:00,1,50.765,50.765,1052.098,1001.333
BCL,FLOW,BCL.Flow-Out.Inst.0.0.MIXED-COMPUTED-REV,14181500,2025-07-24 21:00:00,2025-07-24 22:00:00,2,50.553,50.977,1049.887,999.333
BCL,FLOW,BCL.Flow-Out.Inst.0.0.MIXED-COMPUTED-REV,14181500,2025-07-25 02:00:00,2025-07-25 02:00:00,1,54.269,54.269,1115.936,1061.667
BCL,FLOW,BCL.Flow-Out.Inst.0.0.MIXED-COMPUTED-REV,14181500,2025-07-25 06:00:00,2025-07-25 06:00:00,1,53.743,53.743,1103.743,1050.000
BCL,FLOW,BCL.Flow-Out.Inst.0.0.MIXED-COMPUTED-REV,14181500,2025-07-25 15:00:00,2025-07-25 16:00:00,2,50.350,50.417,1052.475,1002.125
BCL,FLOW,BCL.Flow-Out.Inst.0.0.MIXED-COMPUTED-REV,14181500,2025-07-25 21:00:00,2025-07-25 21:00:00,1,50.918,50.918,1052.834,1001.917
BCL,FLOW,BCL.Flow-Out.Inst.0.0.MIXED-COMPUTED-REV,14181500,2025-07-26 02:00:00,2025-07-26 02:00:00,1,50.731,50.731,1054.314,1003.583
BCL,FLOW,BCL.Flow-Out.Inst.0.0.MIXED-COMPUTED-REV,14181500,2025-07-26 04:00:00,2025-07-26 15:00:00,12,51.939,54.480,1066.994,1015.056
BCL,FLOW,BCL.Flow-Out.Inst.0.0.MIXED-COMPUTED-REV,14181500,2025-07-26 20:00:00,2025-07-26 21:00:00,2,50.546,51.004,1042.171,991.625
BCL,FLOW,BCL.Flow-Out.Inst.0.0.MIXED-COMPUTED-REV,14181500,2025-07-27 02:00:00,2025-07-27 03:00:00,2,54.108,54.413,1117.858,1063.750
BCL,FLOW,BCL.Flow-Out.Inst.0.0.MIXED-COMPUTED-REV,14181500,2025-07-27 05:00:00,2025-07-27 05:00:00,1,52.993,52.993,1094.660,1041.667
BCL,FLOW,BCL.Flow-Out.Inst.0.0.MIXED-COMPUTED-REV,14181500,2025-07-27 14:00:00,2025-07-27 15:00:00,2,50.868,51.143,1044.368,993.500
BCL,FLOW,BCL.Flow-Out.Inst.0.0.MIXED-COMPUTED-REV,14181500,2025-07-27 17:00:00,2025-07-27 19:00:00,3,52.136,54.904,1057.108,1004.972
BCL,FLOW,BCL.Flow-Out.Inst.0.0.MIXED-COMPUTED-REV,14181500,2025-07-27 22:00:00,2025-07-27 22:00:00,1,50.935,50.935,1046.935,996.000
BCL,FLOW,BCL.Flow-Out.Inst.0.0.MIXED-COMPUTED-REV,14181500,2025-07-28 00:00:00,2025-07-28 03:00:00,4,54.972,56.718,1094.347,1039.375
BCL,FLOW,BCL.Flow-Out.Inst.0.0.MIXED-COMPUTED-REV,14181500,2025-07-28 06:00:00,2025-07-28 08:00:00,3,56.781,57.110,1087.614,1030.833
BCL,FLOW,BCL.Flow-Out.Inst.0.0.MIXED-COMPUTED-REV,14181500,2025-07-28 14:00:00,2025-07-28 16:00:00,3,51.407,51.685,1053.657,1002.250
BCL,FLOW,BCL.Flow-Out.Inst.0.0.MIXED-COMPUTED-REV,14181500,2025-07-28 18:00:00,2025-07-28 20:00:00,3,51.773,53.290,1058.329,1006.556
BCL,FLOW,BCL.Flow-Out.Inst.0.0.MIXED-COMPUTED-REV,14181500,2025-07-28 23:00:00,2025-07-29 00:00:00,2,51.752,52.032,1067.002,1015.250
BCL,FLOW,BCL.Flow-Out.Inst.0.0.MIXED-COMPUTED-REV,14181500,2025-07-29 02:00:00,2025-07-29 03:00:00,2,53.719,55.492,1092.052,1038.333
BCL,FLOW,BCL.Flow-Out.Inst.0.0.MIXED-COMPUTED-REV,14181500,2025-07-29 06:00:00,2025-07-29 06:00:00,1,57.110,57.110,1087.110,1030.000
BCL,FLOW,BCL.Flow-Out.Inst.0.0.MIXED-COMPUTED-REV,14181500,2025-07-29 13:00:00,2025-07-29 15:00:00,3,52.320,53.531,1052.903,1000.583
BCL,FLOW,BCL.Flow-Out.Inst.0.0.MIXED-COMPUTED-REV,14181500,2025-07-29 18:00:00,2025-07-29 18:00:00,1,51.689,51.689,1046.939,995.250
BCL,FLOW,BCL.Flow-Out.Inst.0.0.MIXED-COMPUTED-REV,14181500,2025-07-29 21:00:00,2025-07-30 09:00:00,13,54.736,58.110,1074.909,1020.173
BCL,FLOW,BCL.Flow-Out.Inst.0.0.MIXED-COMPUTED-REV,14181500,2025-07-30 13:00:00,2025-07-31 01:00:00,13,53.192,57.527,1060.417,1007.224
BLU,ELEV,BLU.Elev-Forebay.Inst.0.0.MIXED-REV,14162100,2025-01-30 19:00:00,2025-01-30 21:00:00,3,-0.100,0.100,1180.232,1180.332
BLU,ELEV,BLU.Elev-Forebay.Inst.0.0.MIXED-REV,14162100,2025-01-31 04:00:00,2025-01-31 05:00:00,2,-0.100,0.100,1180.200,1180.300
BLU,ELEV,BLU.Elev-Forebay.Inst.0.0.MIXED-REV,14162100,2025-01-31 07:00:00,2025-01-31 07:00:00,1,-0.100,0.100,1180.182,1180.283
BLU,ELEV,BLU.Elev-Forebay.Inst.0.0.MIXED-REV,14162100,2025-01-31 09:00:00,2025-03-01 19:00:00,707,-0.307,0.510,1242.357,1242.664
CGR,ELEV,CGR.Elev-Forebay.Inst.1Hour.0.CBT-REV,14159400,2024-10-02 07:00:00,2024-10-02 07:00:00,1,0.335,0.335,1558.880,1558.545
CGR,ELEV,CGR.Elev-Forebay.Inst.1Hour.0.CBT-REV,14159400,2024-10-11 16:00:00,2024-10-11 16:00:00,1,-0.140,0.140,1549.620,1549.760
CGR,ELEV,CGR.Elev-Forebay.Inst.1Hour.0.CBT-REV,14159400,2024-10-20 17:00:00,2024-10-20 18:00:00,2,0.107,0.110,1536.420,1536.312
CGR,ELEV,CGR.Elev-Forebay.Inst.1Hour.0.CBT-REV,14159400,2024-10-25 20:00:00,2024-10-25 20:00:00,1,0.170,0.170,1525.400,1525.230
CGR,ELEV,CGR.Elev-Forebay.Inst.1Hour.0.CBT-REV,14159400,2024-10-27 10:00:00,2024-10-27 10:00:00,1,0.105,0.105,1521.940,1521.835
CGR,ELEV,CGR.Elev-Forebay.Inst.1Hour.0.CBT-REV,14159400,2024-10-29 18:00:00,2024-10-29 18:00:00,1,0.110,0.110,1517.920,1517.810
CGR,ELEV,CGR.Elev-Forebay.Inst.1Hour.0.CBT-REV,14159400,2024-11-04 13:00:00,2024-11-04 13:00:00,1,0.110,0.110,1511.980,1511.870
CGR,ELEV,CGR.Elev-Forebay.Inst.1Hour.0.CBT-REV,14159400,2024-11-04 16:00:00,2024-11-04 16:00:00,1,0.175,0.175,1511.940,1511.765
CGR,ELEV,CGR.Elev-Forebay.Inst.1Hour.0.CBT-REV,14159400,2024-11-04 23:00:00,2024-11-04 23:00:00,1,0.360,0.360,1511.890,1511.530
CGR,ELEV,CGR.Elev-Forebay.Inst.1Hour.0.CBT-REV,14159400,2024-11-05 19:00:00,2024-11-05 19:00:00,1,0.115,0.115,1510.770,1510.655
CGR,ELEV,CGR.Elev-Forebay.Inst.1Hour.0.CBT-REV,14159400,2024-11-07 08:00:00,2024-11-07 11:00:00,4,0.105,0.110,1508.438,1508.332
CGR,ELEV,CGR.Elev-Forebay.Inst.1Hour.0.CBT-REV,14159400,2024-11-07 13:00:00,2024-11-07 13:00:00,1,0.105,0.105,1508.200,1508.095
CGR,ELEV,CGR.Elev-Forebay.Inst.1Hour.0.CBT-REV,14159400,2024-11-07 16:00:00,2024-11-07 17:00:00,2,0.115,0.125,1507.975,1507.860
CGR,ELEV,CGR.Elev-Forebay.Inst.1Hour.0.CBT-REV,14159400,2024-11-07 21:00:00,2024-11-07 21:00:00,1,0.105,0.105,1507.680,1507.575
CGR,ELEV,CGR.Elev-Forebay.Inst.1Hour.0.CBT-REV,14159400,2024-11-07 23:00:00,2024-11-08 00:00:00,2,0.105,0.105,1507.505,1507.400
CGR,ELEV,CGR.Elev-Forebay.Inst.1Hour.0.CBT-REV,14159400,2024-11-08 02:00:00,2024-11-08 04:00:00,3,0.105,0.110,1507.263,1507.158
CGR,ELEV,CGR.Elev-Forebay.Inst.1Hour.0.CBT-REV,14159400,2024-11-08 06:00:00,2024-11-08 06:00:00,1,0.115,0.115,1507.060,1506.945
CGR,ELEV,CGR.Elev-Forebay.Inst.1Hour.0.CBT-REV,14159400,2024-11-08 11:00:00,2024-11-08 12:00:00,2,0.120,0.125,1506.670,1506.550
CGR,ELEV,CGR.Elev-Forebay.Inst.1Hour.0.CBT-REV,14159400,2024-11-08 17:00:00,2024-11-08 18:00:00,2,0.145,0.180,1506.320,1506.175
CGR,ELEV,CGR.Elev-Forebay.Inst.1Hour.0.CBT-REV,14159400,2024-11-08 20:00:00,2024-11-08 20:00:00,1,0.105,0.105,1506.100,1505.995
CGR,ELEV,CGR.Elev-Forebay.Inst.1Hour.0.CBT-REV,14159400,2024-11-09 06:00:00,2024-11-09 06:00:00,1,0.100,0.100,1505.400,1505.300
CGR,ELEV,CGR.Elev-Forebay.Inst.1Hour.0.CBT-REV,14159400,2024-11-09 09:00:00,2024-11-09 09:00:00,1,0.110,0.110,1505.180,1505.070
CGR,ELEV,CGR.Elev-Forebay.Inst.1Hour.0.CBT-REV,14159400,2024-11-09 12:00:00,2024-11-09 12:00:00,1,0.125,0.125,1504.940,1504.815
CGR,ELEV,CGR.Elev-Forebay.Inst.1Hour.0.CBT-REV,14159400,2024-11-09 14:00:00,2024-11-09 17:00:00,4,0.107,0.115,1504.622,1504.515
CGR,ELEV,CGR.Elev-Forebay.Inst.1Hour.0.CBT-REV,14159400,2024-11-09 19:00:00,2024-11-09 19:00:00,1,0.115,0.115,1504.340,1504.225
CGR,ELEV,CGR.Elev-Forebay.Inst.1Hour.0.CBT-REV,14159400,2024-11-09 21:00:00,2024-11-09 22:00:00,2,0.105,0.110,1504.120,1504.015
CGR,ELEV,CGR.Elev-Forebay.Inst.1Hour.0.CBT-REV,14159400,2024-11-10 00:00:00,2024-11-10 01:00:00,2,0.102,0.105,1503.865,1503.762
CGR,ELEV,CGR.Elev-Forebay.Inst.1Hour.0.CBT-REV,14159400,2024-11-10 03:00:00,2024-11-10 03:00:00,1,0.105,0.105,1503.650,1503.545
CGR,ELEV,CGR.Elev-Forebay.Inst.1Hour.0.CBT-REV,14159400,2024-11-10 05:00:00,2024-11-10 07:00:00,3,0.108,0.110,1503.400,1503.292
CGR,ELEV,CGR.Elev-Forebay.Inst.1Hour.0.CBT-REV,14159400,2024-11-10 10:00:00,2024-11-10 12:00:00,3,0.105,0.110,1502.980,1502.875
CGR,ELEV,CGR.Elev-Forebay.Inst.1Hour.0.CBT-REV,14159400,2024-11-10 18:00:00,2024-11-11 00:00:00,7,0.113,0.120,1502.161,1502.049
CGR,ELEV,CGR.Elev-Forebay.Inst.1Hour.0.CBT-REV,14159400,2024-11-11 02:00:00,2024-11-11 06:00:00,5,0.105,0.110,1501.608,1501.503
CGR,ELEV,CGR.Elev-Forebay.Inst.1Hour.0.CBT-REV,14159400,2024-11-11 08:00:00,2024-11-11 09:00:00,2,0.107,0.115,1501.260,1501.153
CGR,ELEV,CGR.Elev-Forebay.Inst.1Hour.0.CBT-REV,14159400,2024-11-11 11:00:00,2024-11-11 11:00:00,1,0.135,0.135,1501.080,1500.945
CGR,ELEV,CGR.Elev-Forebay.Inst.1Hour.0.CBT-REV,14159400,2024-11-12 01:00:00,2024-11-12 01:00:00,1,0.100,0.100,1500.380,1500.280
CGR,ELEV,CGR.Elev-Forebay.Inst.1Hour.0.CBT-REV,14159400,2024-11-13 13:00:00,2024-11-13 13:00:00,1,0.105,0.105,1500.180,1500.075
CGR,ELEV,CGR.Elev-Forebay.Inst.1Hour.0.CBT-REV,14159400,2024-11-14 16:00:00,2024-11-14 16:00:00,1,0.110,0.110,1502.420,1502.310
CGR,ELEV,CGR.Elev-Forebay.Inst.1Hour.0.CBT-REV,14159400,2024-11-15 18:00:00,2024-11-15 18:00:00,1,0.160,0.160,1504.430,1504.270
CGR,ELEV,CGR.Elev-Forebay.Inst.1Hour.0.CBT-REV,14159400,2024-11-15 20:00:00,2024-11-15 20:00:00,1,0.100,0.100,1504.450,1504.350
CGR,ELEV,CGR.Elev-Forebay.Inst.1Hour.0.CBT-REV,14159400,2024-11-17 00:00:00,2024-11-17 01:00:00,2,0.107,0.110,1504.390,1504.283
CGR,ELEV,CGR.Elev-Forebay.Inst.1Hour.0.CBT-REV,14159400,2024-11-17 08:00:00,2024-11-17 10:00:00,3,0.110,0.120,1504.033,1503.923
CGR,ELEV,CGR.Elev-Forebay.Inst.1Hour.0.CBT-REV,14159400,2024-11-17 14:00:00,2024-11-17 14:00:00,1,0.125,0.125,1504.130,1504.005
CGR,ELEV,CGR.Elev-Forebay.Inst.1Hour.0.CBT-REV,14159400,2024-11-17 20:00:00,2024-11-17 22:00:00,3,-0.117,0.135,1505.150,1505.267
CGR,ELEV,CGR.Elev-Forebay.Inst.1Hour.0.CBT-REV,14159400,2024-11-18 00:00:00,2024-11-18 03:00:00,4,-0.148,0.185,1506.850,1506.997
CGR,ELEV,CGR.Elev-Forebay.Inst.1Hour.0.CBT-REV,14159400,2024-11-19 17:00:00,2024-11-20 00:00:00,8,0.121,0.140,1513.032,1512.912
CGR,ELEV,CGR.Elev-Forebay.Inst.1Hour.0.CBT-REV,14159400,2024-11-20 12:00:00,2024-11-20 12:00:00,1,0.100,0.100,1511.380,1511.280
CGR,ELEV,CGR.Elev-Forebay.Inst.1Hour.0.CBT-REV,14159400,2024-11-23 18:00:00,2024-11-23 18:00:00,1,0.100,0.100,1509.920,1509.820
CGR,ELEV,CGR.Elev-Forebay.Inst.1Hour.0.CBT-REV,14159400,2024-11-23 23:00:00,2024-11-23 23:00:00,1,0.100,0.100,1509.940,1509.840
CGR,ELEV,CGR.Elev-Forebay.Inst.1Hour.0.CBT-REV,14159400,2024-12-17 15:00:00,2024-12-17 15:00:00,1,-0.105,0.105,1508.460,1508.565
CGR,ELEV,CGR.Elev-Forebay.Inst.1Hour.0.CBT-REV,14159400,2024-12-17 17:00:00,2024-12-17 17:00:00,1,-0.125,0.125,1508.870,1508.995
CGR,ELEV,CGR.Elev-Forebay.Inst.1Hour.0.CBT-REV,14159400,2024-12-17 20:00:00,2024-12-17 22:00:00,3,-0.117,0.125,1509.847,1509.963
CGR,ELEV,CGR.Elev-Forebay.Inst.1Hour.0.CBT-REV,14159400,2024-12-18 00:00:00,2024-12-18 03:00:00,4,-0.118,0.125,1511.000,1511.118
CGR,ELEV,CGR.Elev-Forebay.Inst.1Hour.0.CBT-REV,14159400,2024-12-18 05:00:00,2024-12-18 08:00:00,4,-0.121,0.135,1512.275,1512.396
CGR,ELEV,CGR.Elev-Forebay.Inst.1Hour.0.CBT-REV,14159400,2024-12-18 11:00:00,2024-12-19 00:00:00,14,-0.143,0.205,1515.062,1515.205
CGR,ELEV,CGR.Elev-Forebay.Inst.1Hour.0.CBT-REV,14159400,2024-12-19 03:00:00,2024-12-19 03:00:00,1,-0.120,0.120,1517.570,1517.690
CGR,ELEV,CGR.Elev-Forebay.Inst.1Hour.0.CBT-REV,14159400,2024-12-19 05:00:00,2024-12-19 08:00:00,4,-0.134,0.135,1518.392,1518.526
CGR,ELEV,CGR.Elev-Forebay.Inst.1Hour.0.CBT-REV,14159400,2024-12-19 12:00:00,2024-12-19 14:00:00,3,-0.105,0.110,1519.847,1519.952
CGR,ELEV,CGR.Elev-Forebay.Inst.1Hour.0.CBT-REV,14159400,2024-12-19 16:00:00,2024-12-19 21:00:00,6,-0.121,0.145,1520.947,1521.068
CGR,ELEV,CGR.Elev-Forebay.Inst.1Hour.0.CBT-REV,14159400,2024-12-20 00:00:00,2024-12-20 03:00:00,4,-0.113,0.115,1522.210,1522.322
CGR,ELEV,CGR.Elev-Forebay.Inst.1Hour.0.CBT-REV,14159400,2024-12-20 06:00:00,2024-12-20 08:00:00,3,-0.105,0.110,1523.117,1523.222
CGR,ELEV,CGR.Elev-Forebay.Inst.1Hour.0.CBT-REV,14159400,2024-12-20 10:00:00,2024-12-20 11:00:00,2,-0.115,0.130,1523.650,1523.765
CGR,ELEV,CGR.Elev-Forebay.Inst.1Hour.0.CBT-REV,14159400,2024-12-20 14:00:00,2024-12-20 14:00:00,1,-0.110,0.110,1524.170,1524.280
CGR,ELEV,CGR.Elev-Forebay.Inst.1Hour.0.CBT-REV,14159400,2024-12-20 17:00:00,2024-12-20 17:00:00,1,-0.100,0.100,1524.610,1524.710
CGR,ELEV,CGR.Elev-Forebay.Inst.1Hour.0.CBT-REV,14159400,2024-12-20 21:00:00,2024-12-20 22:00:00,2,-0.110,0.110,1525.210,1525.320
CGR,ELEV,CGR.Elev-Forebay.Inst.1Hour.0.CBT-REV,14159400,2024-12-21 00:00:00,2024-12-21 00:00:00,1,-0.115,0.115,1525.530,1525.645
CGR,ELEV,CGR.Elev-Forebay.Inst.1Hour.0.CBT-REV,14159400,2024-12-21 04:00:00,2024-12-21 04:00:00,1,-0.110,0.110,1526.040,1526.150
CGR,ELEV,CGR.Elev-Forebay.Inst.1Hour.0.CBT-REV,14159400,2024-12-21 06:00:00,2024-12-21 06:00:00,1,-0.115,0.115,1526.270,1526.385
CGR,ELEV,CGR.Elev-Forebay.Inst.1Hour.0.CBT-REV,14159400,2024-12-22 01:00:00,2024-12-22 01:00:00,1,-0.105,0.105,1528.380,1528.485
CGR,ELEV,CGR.Elev-Forebay.Inst.1Hour.0.CBT-REV,14159400,2024-12-22 07:00:00,2024-12-22 07:00:00,1,-0.100,0.100,1529.040,1529.140
CGR,ELEV,CGR.Elev-Forebay.Inst.1Hour.0.CBT-REV,14159400,2024-12-22 15:00:00,2024-12-22 15:00:00,1,-0.100,0.100,1529.850,1529.950
CGR,ELEV,CGR.Elev-Forebay.Inst.1Hour.0.CBT-REV,14159400,2024-12-22 20:00:00,2024-12-22 20:00:00,1,-0.115,0.115,1530.340,1530.455
CGR,ELEV,CGR.Elev-Forebay.Inst.1Hour.0.CBT-REV,14159400,2024-12-22 22:00:00,2024-12-22 22:00:00,1,-0.100,0.100,1530.550,1530.650
CGR,ELEV,CGR.Elev-Forebay.Inst.1Hour.0.CBT-REV,14159400,2024-12-23 02:00:00,2024-12-23 02:00:00,1,-0.110,0.110,1530.960,1531.070
CGR,ELEV,CGR.Elev-Forebay.Inst.1Hour.0.CBT-REV,14159400,2024-12-23 04:00:00,2024-12-23 04:00:00,1,-0.110,0.110,1531.200,1531.310
CGR,ELEV,CGR.Elev-Forebay.Inst.1Hour.0.CBT-REV,14159400,2024-12-23 06:00:00,2024-12-23 08:00:00,3,-0.115,0.125,1531.567,1531.682
CGR,ELEV,CGR.Elev-Forebay.Inst.1Hour.0.CBT-REV,14159400,2024-12-23 10:00:00,2024-12-23 10:00:00,1,-0.110,0.110,1532.000,1532.110
CGR,ELEV,CGR.Elev-Forebay.Inst.1Hour.0.CBT-REV,14159400,2024-12-23 12:00:00,2024-12-23 15:00:00,4,-0.114,0.120,1532.550,1532.664
CGR,ELEV,CGR.Elev-Forebay.Inst.1Hour.0.CBT-REV,14159400,2024-12-23 17:00:00,2024-12-23 17:00:00,1,-0.125,0.125,1532.950,1533.075
CGR,ELEV,CGR.Elev-Forebay.Inst.1Hour.0.CBT-REV,14159400,2024-12-23 19:00:00,2024-12-23 19:00:00,1,-0.115,0.115,1533.140,1533.255
CGR,ELEV,CGR.Elev-Forebay.Inst.1Hour.0.CBT-REV,14159400,2024-12-24 03:00:00,2024-12-24 03:00:00,1,-0.115,0.115,1533.800,1533.915
CGR,ELEV,CGR.Elev-Forebay.Inst.1Hour.0.CBT-REV,14159400,2024-12-24 10:00:00,2024-12-24 10:00:00,1,-0.110,0.110,1534.440,1534.550
CGR,ELEV,CGR.Elev-Forebay.Inst.1Hour.0.CBT-REV,14159400,2024-12-24 12:00:00,2024-12-26 04:00:00,41,-0.169,0.205,1539.517,1539.686
CGR,ELEV,CGR.Elev-Forebay.Inst.1Hour.0.CBT-REV,14159400,2024-12-26 06:00:00,2025-01-07 20:00:00,303,-0.320,1.027,1598.152,1598.472
CGR,ELEV,CGR.Elev-Forebay.Inst.1Hour.0.CBT-REV,14159400,2025-01-11 17:00:00,2025-01-11 17:00:00,1,0.102,0.102,1633.280,1633.178
CGR,ELEV,CGR.Elev-Forebay.Inst.1Hour.0.CBT-REV,14159400,2025-01-12 03:00:00,2025-01-12 03:00:00,1,0.107,0.107,1632.110,1632.003
CGR,ELEV,CGR.Elev-Forebay.Inst.1Hour.0.CBT-REV,14159400,2025-01-12 05:00:00,2025-01-12 09:00:00,5,0.111,0.120,1631.626,1631.515
CGR,ELEV,CGR.Elev-Forebay.Inst.1Hour.0.CBT-REV,14159400,2025-01-12 11:00:00,2025-01-12 17:00:00,7,0.114,0.123,1630.760,1630.646
CGR,ELEV,CGR.Elev-Forebay.Inst.1Hour.0.CBT-REV,14159400,2025-01-12 20:00:00,2025-01-12 20:00:00,1,0.162,0.162,1630.050,1629.888
CGR,ELEV,CGR.Elev-Forebay.Inst.1Hour.0.CBT-REV,14159400,2025-01-12 22:00:00,2025-01-12 23:00:00,2,0.110,0.112,1629.675,1629.565
CGR,ELEV,CGR.Elev-Forebay.Inst.1Hour.0.CBT-REV,14159400,2025-01-13 01:00:00,2025-01-13 01:00:00,1,0.102,0.102,1629.340,1629.237
CGR,ELEV,CGR.Elev-Forebay.Inst.1Hour.0.CBT-REV,14159400,2025-01-13 03:00:00,2025-01-13 13:00:00,11,0.114,0.125,1628.423,1628.309
CGR,ELEV,CGR.Elev-Forebay.Inst.1Hour.0.CBT-REV,14159400,2025-01-13 16:00:00,2025-01-13 17:00:00,2,0.109,0.117,1627.270,1627.161
CGR,ELEV,CGR.Elev-Forebay.Inst.1Hour.0.CBT-REV,14159400,2025-01-13 21:00:00,2025-01-14 17:00:00,21,0.134,0.203,1625.227,1625.092
CGR,ELEV,CGR.Elev-Forebay.Inst.1Hour.0.CBT-REV,14159400,2025-01-14 21:00:00,2025-01-14 22:00:00,2,0.130,0.135,1623.110,1622.980
CGR,ELEV,CGR.Elev-Forebay.Inst.1Hour.0.CBT-REV,14159400,2025-01-15 01:00:00,2025-01-17 19:00:00,67,0.159,0.182,1616.974,1616.815
CGR,ELEV,CGR.Elev-Forebay.Inst.1Hour.0.CBT-REV,14159400,2025-01-17 22:00:00,2025-01-27 02:00:00,221,0.196,0.278,1587.993,1587.797
CGR,ELEV,CGR.Elev-Forebay.Inst.1Hour.0.CBT-REV,14159400,2025-01-27 06:00:00,2025-01-27 11:00:00,6,0.146,0.182,1561.107,1560.960
CGR,ELEV,CGR.Elev-Forebay.Inst.1Hour.0.CBT-REV,14159400,2025-01-27 13:00:00,2025-01-27 16:00:00,4,0.154,0.160,1559.598,1559.444
CGR,ELEV,CGR.Elev-Forebay.Inst.1Hour.0.CBT-REV,14159400,2025-01-27 18:00:00,2025-01-28 05:00:00,12,0.162,0.197,1557.341,1557.179
CGR,ELEV,CGR.Elev-Forebay.Inst.1Hour.0.CBT-REV,14159400,2025-01-28 08:00:00,2025-01-28 10:00:00,3,0.151,0.165,1554.900,1554.749
CGR,ELEV,CGR.Elev-Forebay.Inst.1Hour.0.CBT-REV,14159400,2025-01-28 12:00:00,2025-01-29 02:00:00,15,0.159,0.173,1552.381,1552.222
CGR,ELEV,CGR.Elev-Forebay.Inst.1Hour.0.CBT-REV,14159400,2025-01-29 05:00:00,2025-01-29 08:00:00,4,0.140,0.173,1549.475,1549.335
CGR,ELEV,CGR.Elev-Forebay.Inst.1Hour.0.CBT-REV,14159400,2025-01-29 11:00:00,2025-01-29 11:00:00,1,0.110,0.110,1548.680,1548.570
CGR,ELEV,CGR.Elev-Forebay.Inst.1Hour.0.CBT-REV,14159400,2025-01-29 13:00:00,2025-01-29 13:00:00,1,0.105,0.105,1548.350,1548.245
CGR,ELEV,CGR.Elev-Forebay.Inst.1Hour.0.CBT-REV,14159400,2025-01-29 18:00:00,2025-01-29 20:00:00,3,0.116,0.120,1547.437,1547.321
CGR,ELEV,CGR.Elev-Forebay.Inst.1Hour.0.CBT-REV,14159400,2025-01-29 23:00:00,2025-01-30 00:00:00,2,0.110,0.115,1546.680,1546.570
CGR,ELEV,CGR.Elev-Forebay.Inst.1Hour.0.CBT-REV,14159400,2025-01-30 02:00:00,2025-01-30 02:00:00,1,0.110,0.110,1546.270,1546.160
CGR,ELEV,CGR.Elev-Forebay.Inst.1Hour.0.CBT-REV,14159400,2025-01-30 05:00:00,2025-01-30 07:00:00,3,0.113,0.117,1545.617,1545.503
CGR,ELEV,CGR.Elev-Forebay.Inst.1Hour.0.CBT-REV,14159400,2025-01-30 09:00:00,2025-01-30 10:00:00,2,0.106,0.107,1545.040,1544.934
CGR,ELEV,CGR.Elev-Forebay.Inst.1Hour.0.CBT-REV,14159400,2025-01-30 16:00:00,2025-01-30 16:00:00,1,0.105,0.105,1543.980,1543.875
CGR,ELEV,CGR.Elev-Forebay.Inst.1Hour.0.CBT-REV,14159400,2025-01-30 18:00:00,2025-01-30 20:00:00,3,0.112,0.117,1543.537,1543.425
CGR,ELEV,CGR.Elev-Forebay.Inst.1Hour.0.CBT-REV,14159400,2025-01-30 22:00:00,2025-01-31 00:00:00,3,0.137,0.202,1542.893,1542.757
CGR,ELEV,CGR.Elev-Forebay.Inst.1Hour.0.CBT-REV,14159400,2025-01-31 02:00:00,2025-01-31 03:00:00,2,0.107,0.112,1542.280,1542.173
CGR,ELEV,CGR.Elev-Forebay.Inst.1Hour.0.CBT-REV,14159400,2025-01-31 06:00:00,2025-01-31 06:00:00,1,0.137,0.137,1541.730,1541.592
CGR,ELEV,CGR.Elev-Forebay.Inst.1Hour.0.CBT-REV,14159400,2025-01-31 13:00:00,2025-01-31 14:00:00,2,0.109,0.112,1540.505,1540.396
CGR,ELEV,CGR.Elev-Forebay.Inst.1Hour.0.CBT-REV,14159400,2025-01-31 23:00:00,2025-02-01 00:00:00,2,0.111,0.120,1539.140,1539.029
CGR,ELEV,CGR.Elev-Forebay.Inst.1Hour.0.CBT-REV,14159400,2025-02-11 11:00:00,2025-02-13 15:00:00,53,-0.422,0.478,1530.936,1531.358
CGR,ELEV,CGR.Elev-Forebay.Inst.1Hour.0.CBT-REV,14159400,2025-02-22 14:00:00,2025-02-22 14:00:00,1,0.110,0.110,1533.790,1533.680
CGR,ELEV,CGR.Elev-Forebay.Inst.1Hour.0.CBT-REV,14159400,2025-02-22 19:00:00,2025-02-22 19:00:00,1,0.102,0.102,1533.250,1533.148
CGR,ELEV,CGR.Elev-Forebay.Inst.1Hour.0.CBT-REV,14159400,2025-02-23 15:00:00,2025-02-26 00:00:00,58,-0.357,0.738,1552.521,1552.878
CGR,ELEV,CGR.Elev-Forebay.Inst.1Hour.0.CBT-REV,14159400,2025-02-26 04:00:00,2025-02-26 05:00:00,2,-0.154,0.155,1569.300,1569.454
CGR,ELEV,CGR.Elev-Forebay.Inst.1Hour.0.CBT-REV,14159400,2025-02-26 07:00:00,2025-02-26 10:00:00,4,-0.129,0.148,1570.405,1570.534
CGR,ELEV,CGR.Elev-Forebay.Inst.1Hour.0.CBT-REV,14159400,2025-02-26 12:00:00,2025-02-26 18:00:00,7,-0.142,0.245,1571.930,1572.072
CGR,ELEV,CGR.Elev-Forebay.Inst.1Hour.0.CBT-REV,14159400,2025-02-28 20:00:00,2025-02-28 20:00:00,1,0.102,0.102,1571.530,1571.428
CGR,ELEV,CGR.Elev-Forebay.Inst.1Hour.0.CBT-REV,14159400,2025-02-28 22:00:00,2025-03-01 02:00:00,5,0.107,0.110,1571.054,1570.947
CGR,ELEV,CGR.Elev-Forebay.Inst.1Hour.0.CBT-REV,14159400,2025-03-01 08:00:00,2025-03-01 13:00:00,6,0.115,0.125,1569.785,1569.670
CGR,ELEV,CGR.Elev-Forebay.Inst.1Hour.0.CBT-REV,14159400,2025-03-01 15:00:00,2025-03-01 16:00:00,2,0.105,0.108,1569.160,1569.055
CGR,ELEV,CGR.Elev-Forebay.Inst.1Hour.0.CBT-REV,14159400,2025-03-01 18:00:00,2025-03-01 23:00:00,6,0.121,0.145,1568.565,1568.444
CGR,ELEV,CGR.Elev-Forebay.Inst.1Hour.0.CBT-REV,14159400,2025-03-02 01:00:00,2025-03-02 02:00:00,2,0.112,0.115,1567.875,1567.763
CGR,ELEV,CGR.Elev-Forebay.Inst.1Hour.0.CBT-REV,14159400,2025-03-02 05:00:00,2025-03-04 19:00:00,63,0.122,0.155,1563.017,1562.895
CGR,ELEV,CGR.Elev-Forebay.Inst.1Hour.0.CBT-REV,14159400,2025-03-04 21:00:00,2025-03-05 15:00:00,19,0.134,0.145,1556.558,1556.424
CGR,ELEV,CGR.Elev-Forebay.Inst.1Hour.0.CBT-REV,14159400,2025-03-05 17:00:00,2025-03-05 17:00:00,1,0.152,0.152,1554.780,1554.628
CGR,ELEV,CGR.Elev-Forebay.Inst.1Hour.0.CBT-REV,14159400,2025-03-05 19:00:00,2025-03-05 19:00:00,1,0.160,0.160,1554.420,1554.260
CGR,ELEV,CGR.Elev-Forebay.Inst.1Hour.0.CBT-REV,14159400,2025-03-05 21:00:00,2025-03-05 22:00:00,2,0.120,0.125,1554.045,1553.925
CGR,ELEV,CGR.Elev-Forebay.Inst.1Hour.0.CBT-REV,14159400,2025-03-06 00:00:00,2025-03-06 14:00:00,15,0.145,0.168,1552.507,1552.361
CGR,ELEV,CGR.Elev-Forebay.Inst.1Hour.0.CBT-REV,14159400,2025-03-06 16:00:00,2025-03-06 16:00:00,1,0.148,0.148,1550.740,1550.592
CGR,ELEV,CGR.Elev-Forebay.Inst.1Hour.0.CBT-REV,14159400,2025-03-06 18:00:00,2025-03-06 23:00:00,6,0.147,0.183,1549.878,1549.731
CGR,ELEV,CGR.Elev-Forebay.Inst.1Hour.0.CBT-REV,14159400,2025-03-08 05:00:00,2025-03-08 06:00:00,2,0.111,0.120,1547.300,1547.189
CGR,ELEV,CGR.Elev-Forebay.Inst.1Hour.0.CBT-REV,14159400,2025-03-08 08:00:00,2025-03-08 11:00:00,4,0.114,0.120,1546.800,1546.686
CGR,ELEV,CGR.Elev-Forebay.Inst.1Hour.0.CBT-REV,14159400,2025-03-08 13:00:00,2025-03-08 15:00:00,3,0.115,0.117,1546.230,1546.115
CGR,ELEV,CGR.Elev-Forebay.Inst.1Hour.0.CBT-REV,14159400,2025-03-08 17:00:00,2025-03-08 18:00:00,2,0.110,0.112,1545.825,1545.715
CGR,ELEV,CGR.Elev-Forebay.Inst.1Hour.0.CBT-REV,14159400,2025-03-08 20:00:00,2025-03-09 12:00:00,17,0.115,0.127,1544.438,1544.322
CGR,ELEV,CGR.Elev-Forebay.Inst.1Hour.0.CBT-REV,14159400,2025-03-09 14:00:00,2025-03-09 16:00:00,3,0.111,0.115,1542.977,1542.866
CGR,ELEV,CGR.Elev-Forebay.Inst.1Hour.0.CBT-REV,14159400,2025-03-09 18:00:00,2025-03-09 19:00:00,2,0.109,0.110,1542.535,1542.426
CGR,ELEV,CGR.Elev-Forebay.Inst.1Hour.0.CBT-REV,14159400,2025-03-10 00:00:00,2025-03-11 15:00:00,40,0.121,0.178,1539.109,1538.988
CGR,ELEV,CGR.Elev-Forebay.Inst.1Hour.0.CBT-REV,14159400,2025-03-11 18:00:00,2025-03-11 20:00:00,3,0.141,0.165,1535.880,1535.739
CGR,ELEV,CGR.Elev-Forebay.Inst.1Hour.0.CBT-REV,14159400,2025-03-11 22:00:00,2025-03-12 09:00:00,12,0.118,0.130,1534.657,1534.538
CGR,ELEV,CGR.Elev-Forebay.Inst.1Hour.0.CBT-REV,14159400,2025-03-13 13:00:00,2025-03-13 13:00:00,1,0.109,0.109,1533.260,1533.151
CGR,ELEV,CGR.Elev-Forebay.Inst.1Hour.0.CBT-REV,14159400,2025-03-13 15:00:00,2025-03-13 15:00:00,1,0.110,0.110,1533.100,1532.990
CGR,ELEV,CGR.Elev-Forebay.Inst.1Hour.0.CBT-REV,14159400,2025-03-13 17:00:00,2025-03-13 17:00:00,1,0.103,0.103,1532.900,1532.797
CGR,ELEV,CGR.Elev-Forebay.Inst.1Hour.0.CBT-REV,14159400,2025-03-13 19:00:00,2025-03-13 20:00:00,2,0.103,0.103,1532.600,1532.497
CGR,ELEV,CGR.Elev-Forebay.Inst.1Hour.0.CBT-REV,14159400,2025-03-13 22:00:00,2025-03-14 00:00:00,3,0.107,0.110,1532.170,1532.063
CGR,ELEV,CGR.Elev-Forebay.Inst.1Hour.0.CBT-REV,14159400,2025-03-14 02:00:00,2025-03-14 05:00:00,4,0.130,0.167,1531.633,1531.503
CGR,ELEV,CGR.Elev-Forebay.Inst.1Hour.0.CBT-REV,14159400,2025-03-14 07:00:00,2025-03-14 16:00:00,10,0.112,0.125,1530.582,1530.470
CGR,ELEV,CGR.Elev-Forebay.Inst.1Hour.0.CBT-REV,14159400,2025-03-14 18:00:00,2025-03-14 19:00:00,2,0.104,0.105,1529.670,1529.566
CGR,ELEV,CGR.Elev-Forebay.Inst.1Hour.0.CBT-REV,14159400,2025-03-14 22:00:00,2025-03-14 22:00:00,1,0.102,0.102,1529.340,1529.237
CGR,ELEV,CGR.Elev-Forebay.Inst.1Hour.0.CBT-REV,14159400,2025-03-15 00:00:00,2025-03-15 00:00:00,1,0.102,0.102,1529.170,1529.068
CGR,ELEV,CGR.Elev-Forebay.Inst.1Hour.0.CBT-REV,14159400,2025-03-16 12:00:00,2025-03-17 08:00:00,21,-0.162,0.303,1533.872,1534.034
CGR,ELEV,CGR.Elev-Forebay.Inst.1Hour.0.CBT-REV,14159400,2025-03-17 10:00:00,2025-03-17 11:00:00,2,-0.104,0.107,1537.495,1537.599
CGR,ELEV,CGR.Elev-Forebay.Inst.1Hour.0.CBT-REV,14159400,2025-03-17 18:00:00,2025-03-17 19:00:00,2,-0.126,0.130,1539.095,1539.221
CGR,ELEV,CGR.Elev-Forebay.Inst.1Hour.0.CBT-REV,14159400,2025-03-22 06:00:00,2025-03-23 07:00:00,26,-0.160,0.193,1550.722,1550.882
CGR,ELEV,CGR.Elev-Forebay.Inst.1Hour.0.CBT-REV,14159400,2025-03-23 09:00:00,2025-03-24 04:00:00,20,-0.121,0.143,1556.323,1556.444
CGR,ELEV,CGR.Elev-Forebay.Inst.1Hour.0.CBT-REV,14159400,2025-03-24 07:00:00,2025-03-24 08:00:00,2,-0.112,0.122,1558.705,1558.818
CGR,ELEV,CGR.Elev-Forebay.Inst.1Hour.0.CBT-REV,14159400,2025-03-24 12:00:00,2025-03-24 17:00:00,6,-0.115,0.155,1559.893,1560.008
CGR,ELEV,CGR.Elev-Forebay.Inst.1Hour.0.CBT-REV,14159400,2025-03-27 15:00:00,2025-03-27 15:00:00,1,-0.112,0.112,1562.910,1563.023
CGR,ELEV,CGR.Elev-Forebay.Inst.1Hour.0.CBT-REV,14159400,2025-03-27 19:00:00,2025-03-27 19:00:00,1,-0.120,0.120,1563.360,1563.480
CGR,ELEV,CGR.Elev-Forebay.Inst.1Hour.0.CBT-REV,14159400,2025-03-27 22:00:00,2025-03-28 21:00:00,24,-0.167,0.203,1566.950,1567.117
CGR,ELEV,CGR.Elev-Forebay.Inst.1Hour.0.CBT-REV,14159400,2025-03-28 23:00:00,2025-03-29 14:00:00,16,-0.151,0.173,1571.984,1572.135
CGR,ELEV,CGR.Elev-Forebay.Inst.1Hour.0.CBT-REV,14159400,2025-03-29 16:00:00,2025-03-29 19:00:00,4,-0.135,0.158,1574.150,1574.285
CGR,ELEV,CGR.Elev-Forebay.Inst.1Hour.0.CBT-REV,14159400,2025-03-29 21:00:00,2025-03-30 00:00:00,4,-0.117,0.120,1574.957,1575.074
CGR,ELEV,CGR.Elev-Forebay.Inst.1Hour.0.CBT-REV,14159400,2025-03-30 04:00:00,2025-03-30 09:00:00,6,-0.110,0.115,1576.128,1576.238
CGR,ELEV,CGR.Elev-Forebay.Inst.1Hour.0.CBT-REV,14159400,2025-03-30 11:00:00,2025-03-30 12:00:00,2,-0.114,0.118,1576.795,1576.909
CGR,ELEV,CGR.Elev-Forebay.Inst.1Hour.0.CBT-REV,14159400,2025-03-30 14:00:00,2025-03-30 17:00:00,4,-0.109,0.115,1577.287,1577.396
CGR,ELEV,CGR.Elev-Forebay.Inst.1Hour.0.CBT-REV,14159400,2025-03-30 19:00:00,2025-03-30 21:00:00,3,-0.109,0.112,1577.810,1577.919
CGR,ELEV,CGR.Elev-Forebay.Inst.1Hour.0.CBT-REV,14159400,2025-03-31 02:00:00,2025-03-31 03:00:00,2,-0.109,0.115,1578.505,1578.614
CGR,ELEV,CGR.Elev-Forebay.Inst.1Hour.0.CBT-REV,14159400,2025-03-31 06:00:00,2025-03-31 06:00:00,1,-0.123,0.123,1578.860,1578.983
CGR,ELEV,CGR.Elev-Forebay.Inst.1Hour.0.CBT-REV,14159400,2025-03-31 10:00:00,2025-03-31 10:00:00,1,-0.108,0.108,1579.280,1579.388
CGR,ELEV,CGR.Elev-Forebay.Inst.1Hour.0.CBT-REV,14159400,2025-04-01 15:00:00,2025-04-01 15:00:00,1,0.128,0.128,1578.130,1578.002
CGR,ELEV,CGR.Elev-Forebay.Inst.1Hour.0.CBT-REV,14159400,2025-04-02 21:00:00,2025-04-02 23:00:00,3,0.106,0.110,1573.707,1573.601
CGR,ELEV,CGR.Elev-Forebay.Inst.1Hour.0.CBT-REV,14159400,2025-04-03 08:00:00,2025-04-03 08:00:00,1,0.102,0.102,1572.170,1572.068
CGR,ELEV,CGR.Elev-Forebay.Inst.1Hour.0.CBT-REV,14159400,2025-04-03 13:00:00,2025-04-03 14:00:00,2,0.103,0.103,1571.300,1571.197
CGR,ELEV,CGR.Elev-Forebay.Inst.1Hour.0.CBT-REV,14159400,2025-04-03 19:00:00,2025-04-03 19:00:00,1,0.100,0.100,1570.420,1570.320
CGR,ELEV,CGR.Elev-Forebay.Inst.1Hour.0.CBT-REV,14159400,2025-04-03 21:00:00,2025-04-03 21:00:00,1,0.117,0.117,1570.110,1569.993
CGR,ELEV,CGR.Elev-Forebay.Inst.1Hour.0.CBT-REV,14159400,2025-04-04 00:00:00,2025-04-04 05:00:00,6,0.108,0.117,1569.188,1569.080
CGR,ELEV,CGR.Elev-Forebay.Inst.1Hour.0.CBT-REV,14159400,2025-04-04 07:00:00,2025-04-04 07:00:00,1,0.112,0.112,1568.430,1568.318
CGR,ELEV,CGR.Elev-Forebay.Inst.1Hour.0.CBT-REV,14159400,2025-04-04 09:00:00,2025-04-04 14:00:00,6,0.107,0.113,1567.658,1567.552
CGR,ELEV,CGR.Elev-Forebay.Inst.1Hour.0.CBT-REV,14159400,2025-04-04 17:00:00,2025-04-04 17:00:00,1,0.125,0.125,1566.760,1566.635
CGR,ELEV,CGR.Elev-Forebay.Inst.1Hour.0.CBT-REV,14159400,2025-04-04 19:00:00,2025-04-04 19:00:00,1,0.133,0.133,1566.410,1566.277
CGR,ELEV,CGR.Elev-Forebay.Inst.1Hour.0.CBT-REV,14159400,2025-04-04 21:00:00,2025-04-04 21:00:00,1,0.108,0.108,1566.020,1565.912
CGR,ELEV,CGR.Elev-Forebay.Inst.1Hour.0.CBT-REV,14159400,2025-04-04 23:00:00,2025-04-05 14:00:00,16,0.113,0.122,1564.322,1564.209
CGR,ELEV,CGR.Elev-Forebay.Inst.1Hour.0.CBT-REV,14159400,2025-04-05 16:00:00,2025-04-05 16:00:00,1,0.148,0.148,1562.640,1562.493
CGR,ELEV,CGR.Elev-Forebay.Inst.1Hour.0.CBT-REV,14159400,2025-04-05 18:00:00,2025-04-06 17:00:00,24,0.122,0.158,1560.113,1559.991
CGR,ELEV,CGR.Elev-Forebay.Inst.1Hour.0.CBT-REV,14159400,2025-04-06 19:00:00,2025-04-07 00:00:00,6,0.127,0.135,1557.135,1557.007
CGR,ELEV,CGR.Elev-Forebay.Inst.1Hour.0.CBT-REV,14159400,2025-04-07 03:00:00,2025-04-07 03:00:00,1,0.132,0.132,1556.120,1555.987
CGR,ELEV,CGR.Elev-Forebay.Inst.1Hour.0.CBT-REV,14159400,2025-04-07 05:00:00,2025-04-07 09:00:00,5,0.108,0.118,1555.428,1555.320
CGR,ELEV,CGR.Elev-Forebay.Inst.1Hour.0.CBT-REV,14159400,2025-04-07 12:00:00,2025-04-07 12:00:00,1,0.105,0.105,1554.690,1554.585
CGR,ELEV,CGR.Elev-Forebay.Inst.1Hour.0.CBT-REV,14159400,2025-04-07 23:00:00,2025-04-07 23:00:00,1,0.102,0.102,1553.570,1553.467
CGR,ELEV,CGR.Elev-Forebay.Inst.1Hour.0.CBT-REV,14159400,2025-04-09 22:00:00,2025-04-09 22:00:00,1,0.110,0.110,1548.910,1548.800
CGR,ELEV,CGR.Elev-Forebay.Inst.1Hour.0.CBT-REV,14159400,2025-04-10 11:00:00,2025-04-10 11:00:00,1,0.105,0.105,1547.340,1547.235
CGR,ELEV,CGR.Elev-Forebay.Inst.1Hour.0.CBT-REV,14159400,2025-04-11 00:00:00,2025-04-11 00:00:00,1,0.100,0.100,1545.690,1545.590
CGR,ELEV,CGR.Elev-Forebay.Inst.1Hour.0.CBT-REV,14159400,2025-04-11 05:00:00,2025-04-11 05:00:00,1,0.110,0.110,1545.070,1544.960
CGR,ELEV,CGR.Elev-Forebay.Inst.1Hour.0.CBT-REV,14159400,2025-04-11 15:00:00,2025-04-11 15:00:00,1,0.100,0.100,1543.880,1543.780
CGR,ELEV,CGR.Elev-Forebay.Inst.1Hour.0.CBT-REV,14159400,2025-04-11 19:00:00,2025-04-11 20:00:00,2,0.112,0.115,1543.360,1543.247
CGR,ELEV,CGR.Elev-Forebay.Inst.1Hour.0.CBT-REV,14159400,2025-04-12 01:00:00,2025-04-12 01:00:00,1,0.108,0.108,1542.630,1542.523
CGR,ELEV,CGR.Elev-Forebay.Inst.1Hour.0.CBT-REV,14159400,2025-04-12 08:00:00,2025-04-12 18:00:00,11,0.114,0.165,1540.897,1540.783
CGR,ELEV,CGR.Elev-Forebay.Inst.1Hour.0.CBT-REV,14159400,2025-04-12 20:00:00,2025-04-13 03:00:00,8,0.129,0.197,1539.115,1538.986
CGR,ELEV,CGR.Elev-Forebay.Inst.1Hour.0.CBT-REV,14159400,2025-04-13 05:00:00,2025-04-14 08:00:00,28,0.134,0.160,1535.583,1535.449
CGR,ELEV,CGR.Elev-Forebay.Inst.1Hour.0.CBT-REV,14159400,2025-04-14 10:00:00,2025-04-14 12:00:00,3,0.147,0.152,1532.343,1532.197
CGR,ELEV,CGR.Elev-Forebay.Inst.1Hour.0.CBT-REV,14159400,2025-04-14 14:00:00,2025-04-15 04:00:00,15,0.151,0.185,1530.305,1530.154
CGR,ELEV,CGR.Elev-Forebay.Inst.1Hour.0.CBT-REV,14159400,2025-04-15 06:00:00,2025-04-15 13:00:00,8,0.151,0.158,1527.690,1527.539
CGR,ELEV,CGR.Elev-Forebay.Inst.1Hour.0.CBT-REV,14159400,2025-04-15 17:00:00,2025-04-15 19:00:00,3,0.132,0.145,1525.963,1525.832
CGR,ELEV,CGR.Elev-Forebay.Inst.1Hour.0.CBT-REV,14159400,2025-04-15 21:00:00,2025-04-16 15:00:00,19,0.142,0.157,1523.509,1523.367
CGR,ELEV,CGR.Elev-Forebay.Inst.1Hour.0.CBT-REV,14159400,2025-04-16 17:00:00,2025-04-16 18:00:00,2,0.165,0.193,1521.390,1521.225
CGR,ELEV,CGR.Elev-Forebay.Inst.1Hour.0.CBT-REV,14159400,2025-04-16 20:00:00,2025-04-16 21:00:00,2,0.113,0.115,1520.900,1520.787
CGR,ELEV,CGR.Elev-Forebay.Inst.1Hour.0.CBT-REV,14159400,2025-04-16 23:00:00,2025-04-16 23:00:00,1,0.102,0.102,1520.600,1520.497
CGR,ELEV,CGR.Elev-Forebay.Inst.1Hour.0.CBT-REV,14159400,2025-04-17 03:00:00,2025-04-17 03:00:00,1,0.103,0.103,1520.140,1520.037
CGR,ELEV,CGR.Elev-Forebay.Inst.1Hour.0.CBT-REV,14159400,2025-05-28 17:00:00,2025-05-28 17:00:00,1,0.112,0.112,1559.310,1559.197
CGR,ELEV,CGR.Elev-Forebay.Inst.1Hour.0.CBT-REV,14159400,2025-06-30 16:00:00,2025-06-30 16:00:00,1,0.110,0.110,1562.910,1562.800
CGR,ELEV,CGR.Elev-Forebay.Inst.1Hour.0.CBT-REV,14159400,2025-06-30 21:00:00,2025-06-30 21:00:00,1,-0.120,0.120,1562.640,1562.760
CGR,FLOW,CGR.Flow-Out.Ave.1Hour.1Hour.CBT-REV,14159500,2024-10-15 15:00:00,2024-10-15 15:00:00,1,-132.250,132.250,510.000,642.250
CGR,FLOW,CGR.Flow-Out.Ave.1Hour.1Hour.CBT-REV,14159500,2024-10-19 05:00:00,2024-10-19 07:00:00,3,-99.778,116.000,760.000,859.778
CGR,FLOW,CGR.Flow-Out.Ave.1Hour.1Hour.CBT-REV,14159500,2024-10-19 16:00:00,2024-10-19 16:00:00,1,-61.083,61.083,890.000,951.083
CGR,FLOW,CGR.Flow-Out.Ave.1Hour.1Hour.CBT-REV,14159500,2024-10-28 13:00:00,2024-10-28 13:00:00,1,-59.167,59.167,800.000,859.167
CGR,FLOW,CGR.Flow-Out.Ave.1Hour.1Hour.CBT-REV,14159500,2024-10-31 00:00:00,2024-10-31 00:00:00,1,-65.167,65.167,840.000,905.167
CGR,FLOW,CGR.Flow-Out.Ave.1Hour.1Hour.CBT-REV,14159500,2024-11-15 13:00:00,2024-11-15 13:00:00,1,-69.167,69.167,600.000,669.167
CGR,FLOW,CGR.Flow-Out.Ave.1Hour.1Hour.CBT-REV,14159500,2024-11-16 23:00:00,2024-11-16 23:00:00,1,-104.167,104.167,740.000,844.167
CGR,FLOW,CGR.Flow-Out.Ave.1Hour.1Hour.CBT-REV,14159500,2024-11-17 17:00:00,2024-11-17 17:00:00,1,-57.167,57.167,970.000,1027.167
CGR,FLOW,CGR.Flow-Out.Ave.1Hour.1Hour.CBT-REV,14159500,2024-11-18 17:00:00,2024-11-18 17:00:00,1,75.000,75.000,1300.000,1225.000
CGR,FLOW,CGR.Flow-Out.Ave.1Hour.1Hour.CBT-REV,14159500,2024-11-19 16:00:00,2024-11-19 17:00:00,2,-427.917,448.333,1240.000,1667.917
CGR,FLOW,CGR.Flow-Out.Ave.1Hour.1Hour.CBT-REV,14159500,2024-11-19 20:00:00,2024-11-19 20:00:00,1,-123.333,123.333,1710.000,1833.333
CGR,FLOW,CGR.Flow-Out.Ave.1Hour.1Hour.CBT-REV,14159500,2024-11-26 21:00:00,2024-11-26 21:00:00,1,115.000,115.000,1760.000,1645.000
CGR,FLOW,CGR.Flow-Out.Ave.1Hour.1Hour.CBT-REV,14159500,2024-11-27 02:00:00,2024-11-27 02:00:00,1,132.500,132.500,1570.000,1437.500
CGR,FLOW,CGR.Flow-Out.Ave.1Hour.1Hour.CBT-REV,14159500,2024-11-27 06:00:00,2024-11-27 06:00:00,1,129.167,129.167,1340.000,1210.833
CGR,FLOW,CGR.Flow-Out.Ave.1Hour.1Hour.CBT-REV,14159500,2024-11-27 09:00:00,2024-11-27 09:00:00,1,141.167,141.167,1160.000,1018.833
CGR,FLOW,CGR.Flow-Out.Ave.1Hour.1Hour.CBT-REV,14159500,2024-11-29 17:00:00,2024-11-29 17:00:00,1,89.667,89.667,840.000,750.333
CGR,FLOW,CGR.Flow-Out.Ave.1Hour.1Hour.CBT-REV,14159500,2024-12-01 22:00:00,2024-12-01 22:00:00,1,77.917,77.917,620.000,542.083
CGR,FLOW,CGR.Flow-Out.Ave.1Hour.1Hour.CBT-REV,14159500,2024-12-05 18:00:00,2024-12-05 18:00:00,1,58.583,58.583,570.000,511.417
CGR,FLOW,CGR.Flow-Out.Ave.1Hour.1Hour.CBT-REV,14159500,2024-12-12 23:00:00,2024-12-12 23:00:00,1,74.917,74.917,560.000,485.083
CGR,FLOW,CGR.Flow-Out.Ave.1Hour.1Hour.CBT-REV,14159500,2024-12-23 13:00:00,2024-12-23 14:00:00,2,-68.750,77.167,470.000,538.750
CGR,FLOW,CGR.Flow-Out.Ave.1Hour.1Hour.CBT-REV,14159500,2024-12-23 16:00:00,2024-12-23 16:00:00,1,-56.750,56.750,750.000,806.750
CGR,FLOW,CGR.Flow-Out.Ave.1Hour.1Hour.CBT-REV,14159500,2024-12-23 18:00:00,2024-12-23 18:00:00,1,79.000,79.000,890.000,811.000
CGR,FLOW,CGR.Flow-Out.Ave.1Hour.1Hour.CBT-REV,14159500,2024-12-24 00:00:00,2024-12-24 00:00:00,1,-95.333,95.333,790.000,885.333
CGR,FLOW,CGR.Flow-Out.Ave.1Hour.1Hour.CBT-REV,14159500,2024-12-24 16:00:00,2024-12-24 16:00:00,1,86.667,86.667,890.000,803.333
CGR,FLOW,CGR.Flow-Out.Ave.1Hour.1Hour.CBT-REV,14159500,2024-12-25 00:00:00,2024-12-25 00:00:00,1,-71.750,71.750,820.000,891.750
CGR,FLOW,CGR.Flow-Out.Ave.1Hour.1Hour.CBT-REV,14159500,2024-12-25 16:00:00,2024-12-25 16:00:00,1,76.083,76.083,890.000,813.917
CGR,FLOW,CGR.Flow-Out.Ave.1Hour.1Hour.CBT-REV,14159500,2024-12-26 00:00:00,2024-12-26 00:00:00,1,-53.833,53.833,840.000,893.833
CGR,FLOW,CGR.Flow-Out.Ave.1Hour.1Hour.CBT-REV,14159500,2024-12-26 17:00:00,2024-12-26 17:00:00,1,116.417,116.417,910.000,793.583
CGR,FLOW,CGR.Flow-Out.Ave.1Hour.1Hour.CBT-REV,14159500,2024-12-27 00:00:00,2024-12-27 00:00:00,1,-120.583,120.583,800.000,920.583
CGR,FLOW,CGR.Flow-Out.Ave.1Hour.1Hour.CBT-REV,14159500,2024-12-27 04:00:00,2024-12-27 04:00:00,1,86.333,86.333,940.000,853.667
CGR,FLOW,CGR.Flow-Out.Ave.1Hour.1Hour.CBT-REV,14159500,2024-12-27 16:00:00,2024-12-27 17:00:00,2,81.917,101.833,860.000,778.083
CGR,FLOW,CGR.Flow-Out.Ave.1Hour.1Hour.CBT-REV,14159500,2024-12-28 00:00:00,2024-12-28 00:00:00,1,-103.000,103.000,810.000,913.000
CGR,FLOW,CGR.Flow-Out.Ave.1Hour.1Hour.CBT-REV,14159500,2024-12-28 16:00:00,2024-12-28 16:00:00,1,139.417,139.417,890.000,750.583
CGR,FLOW,CGR.Flow-Out.Ave.1Hour.1Hour.CBT-REV,14159500,2024-12-29 00:00:00,2024-12-29 00:00:00,1,-162.833,162.833,760.000,922.833
CGR,FLOW,CGR.Flow-Out.Ave.1Hour.1Hour.CBT-REV,14159500,2024-12-29 16:00:00,2024-12-29 17:00:00,2,33.125,150.167,880.000,846.875
CGR,FLOW,CGR.Flow-Out.Ave.1Hour.1Hour.CBT-REV,14159500,2024-12-30 00:00:00,2024-12-30 00:00:00,1,-69.583,69.583,940.000,1009.583
CGR,FLOW,CGR.Flow-Out.Ave.1Hour.1Hour.CBT-REV,14159500,2024-12-30 07:00:00,2024-12-30 07:00:00,1,107.417,107.417,940.000,832.583
CGR,FLOW,CGR.Flow-Out.Ave.1Hour.1Hour.CBT-REV,14159500,2024-12-30 16:00:00,2024-12-30 16:00:00,1,-100.500,100.500,790.000,890.500
CGR,FLOW,CGR.Flow-Out.Ave.1Hour.1Hour.CBT-REV,14159500,2024-12-31 00:00:00,2024-12-31 01:00:00,2,176.750,465.500,650.000,473.250
CGR,FLOW,CGR.Flow-Out.Ave.1Hour.1Hour.CBT-REV,14159500,2025-01-01 00:00:00,2025-01-01 00:00:00,1,-72.167,72.167,490.000,562.167
CGR,FLOW,CGR.Flow-Out.Ave.1Hour.1Hour.CBT-REV,14159500,2025-01-01 16:00:00,2025-01-01 16:00:00,1,57.667,57.667,560.000,502.333
CGR,FLOW,CGR.Flow-Out.Ave.1Hour.1Hour.CBT-REV,14159500,2025-01-02 16:00:00,2025-01-02 16:00:00,1,64.417,64.417,560.000,495.583
CGR,FLOW,CGR.Flow-Out.Ave.1Hour.1Hour.CBT-REV,14159500,2025-01-03 00:00:00,2025-01-03 00:00:00,1,-84.917,84.917,530.000,614.917
CGR,FLOW,CGR.Flow-Out.Ave.1Hour.1Hour.CBT-REV,14159500,2025-01-03 16:00:00,2025-01-03 16:00:00,1,83.583,83.583,600.000,516.417
CGR,FLOW,CGR.Flow-Out.Ave.1Hour.1Hour.CBT-REV,14159500,2025-01-04 00:00:00,2025-01-04 00:00:00,1,-81.000,81.000,540.000,621.000
CGR,FLOW,CGR.Flow-Out.Ave.1Hour.1Hour.CBT-REV,14159500,2025-01-06 16:00:00,2025-01-06 18:00:00,3,-79.972,94.250,720.000,799.972
CGR,FLOW,CGR.Flow-Out.Ave.1Hour.1Hour.CBT-REV,14159500,2025-01-07 00:00:00,2025-01-07 00:00:00,1,-81.667,81.667,1030.000,1111.667
CGR,FLOW,CGR.Flow-Out.Ave.1Hour.1Hour.CBT-REV,14159500,2025-01-07 16:00:00,2025-01-07 16:00:00,1,97.250,97.250,1120.000,1022.750
CGR,FLOW,CGR.Flow-Out.Ave.1Hour.1Hour.CBT-REV,14159500,2025-01-07 22:00:00,2025-01-08 00:00:00,3,-116.667,124.167,1300.000,1416.667
CGR,FLOW,CGR.Flow-Out.Ave.1Hour.1Hour.CBT-REV,14159500,2025-01-08 16:00:00,2025-01-08 16:00:00,1,-121.667,121.667,1890.000,2011.667
CGR,FLOW,CGR.Flow-Out.Ave.1Hour.1Hour.CBT-REV,14159500,2025-01-09 00:00:00,2025-01-09 00:00:00,1,230.000,230.000,2230.000,2000.000
CGR,FLOW,CGR.Flow-Out.Ave.1Hour.1Hour.CBT-REV,14159500,2025-01-09 16:00:00,2025-01-09 17:00:00,2,-459.167,577.500,2255.000,2714.167
CGR,FLOW,CGR.Flow-Out.Ave.1Hour.1Hour.CBT-REV,14159500,2025-01-21 18:00:00,2025-01-21 18:00:00,1,-175.833,175.833,2760.000,2935.833
CGR,FLOW,CGR.Flow-Out.Ave.1Hour.1Hour.CBT-REV,14159500,2025-01-29 06:00:00,2025-01-29 07:00:00,2,257.917,370.000,2455.000,2197.083
CGR,FLOW,CGR.Flow-Out.Ave.1Hour.1Hour.CBT-REV,14159500,2025-02-01 16:00:00,2025-02-01 16:00:00,1,-430.833,430.833,1620.000,2050.833
CGR,FLOW,CGR.Flow-Out.Ave.1Hour.1Hour.CBT-REV,14159500,2025-02-03 16:00:00,2025-02-03 16:00:00,1,-105.000,105.000,1530.000,1635.000
CGR,FLOW,CGR.Flow-Out.Ave.1Hour.1Hour.CBT-REV,14159500,2025-02-03 19:00:00,2025-02-03 20:00:00,2,135.833,140.833,1555.000,1419.167
CGR,FLOW,CGR.Flow-Out.Ave.1Hour.1Hour.CBT-REV,14159500,2025-02-03 22:00:00,2025-02-03 22:00:00,1,193.333,193.333,1260.000,1066.667
CGR,FLOW,CGR.Flow-Out.Ave.1Hour.1Hour.CBT-REV,14159500,2025-02-05 02:00:00,2025-02-05 02:00:00,1,80.167,80.167,940.000,859.833
CGR,FLOW,CGR.Flow-Out.Ave.1Hour.1Hour.CBT-REV,14159500,2025-02-05 05:00:00,2025-02-05 05:00:00,1,76.500,76.500,840.000,763.500
CGR,FLOW,CGR.Flow-Out.Ave.1Hour.1Hour.CBT-REV,14159500,2025-02-05 16:00:00,2025-02-05 16:00:00,1,54.667,54.667,750.000,695.333
CGR,FLOW,CGR.Flow-Out.Ave.1Hour.1Hour.CBT-REV,14159500,2025-02-07 00:00:00,2025-02-07 00:00:00,1,102.750,102.750,700.000,597.250
CGR,FLOW,CGR.Flow-Out.Ave.1Hour.1Hour.CBT-REV,14159500,2025-02-07 15:00:00,2025-02-07 15:00:00,1,-69.667,69.667,450.000,519.667
CGR,FLOW,CGR.Flow-Out.Ave.1Hour.1Hour.CBT-REV,14159500,2025-02-08 00:00:00,2025-02-08 00:00:00,1,78.000,78.000,620.000,542.000
CGR,FLOW,CGR.Flow-Out.Ave.1Hour.1Hour.CBT-REV,14159500,2025-02-08 16:00:00,2025-02-08 16:00:00,1,-90.833,90.833,460.000,550.833
CGR,FLOW,CGR.Flow-Out.Ave.1Hour.1Hour.CBT-REV,14159500,2025-02-09 15:00:00,2025-02-09 15:00:00,1,-81.583,81.583,460.000,541.583
CGR,FLOW,CGR.Flow-Out.Ave.1Hour.1Hour.CBT-REV,14159500,2025-02-10 01:00:00,2025-02-10 01:00:00,1,104.917,104.917,620.000,515.083
CGR,FLOW,CGR.Flow-Out.Ave.1Hour.1Hour.CBT-REV,14159500,2025-02-10 15:00:00,2025-02-10 15:00:00,1,-115.333,115.333,440.000,555.333
CGR,FLOW,CGR.Flow-Out.Ave.1Hour.1Hour.CBT-REV,14159500,2025-02-11 01:00:00,2025-02-11 01:00:00,1,84.417,84.417,630.000,545.583
CGR,FLOW,CGR.Flow-Out.Ave.1Hour.1Hour.CBT-REV,14159500,2025-02-11 15:00:00,2025-02-11 15:00:00,1,-82.000,82.000,470.000,552.000
CGR,FLOW,CGR.Flow-Out.Ave.1Hour.1Hour.CBT-REV,14159500,2025-02-12 01:00:00,2025-02-12 01:00:00,1,106.083,106.083,620.000,513.917
CGR,FLOW,CGR.Flow-Out.Ave.1Hour.1Hour.CBT-REV,14159500,2025-02-12 15:00:00,2025-02-12 15:00:00,1,-98.000,98.000,440.000,538.000
CGR,FLOW,CGR.Flow-Out.Ave.1Hour.1Hour.CBT-REV,14159500,2025-02-13 01:00:00,2025-02-13 01:00:00,1,81.917,81.917,610.000,528.083
CGR,FLOW,CGR.Flow-Out.Ave.1Hour.1Hour.CBT-REV,14159500,2025-02-13 15:00:00,2025-02-13 15:00:00,1,-91.833,91.833,470.000,561.833
CGR,FLOW,CGR.Flow-Out.Ave.1Hour.1Hour.CBT-REV,14159500,2025-02-14 01:00:00,2025-02-14 01:00:00,1,78.000,78.000,620.000,542.000
CGR,FLOW,CGR.Flow-Out.Ave.1Hour.1Hour.CBT-REV,14159500,2025-02-14 09:00:00,2025-02-14 09:00:00,1,-58.250,58.250,450.000,508.250
CGR,FLOW,CGR.Flow-Out.Ave.1Hour.1Hour.CBT-REV,14159500,2025-02-14 12:00:00,2025-02-14 13:00:00,2,-129.750,139.667,675.000,804.750
CGR,FLOW,CGR.Flow-Out.Ave.1Hour.1Hour.CBT-REV,14159500,2025-02-16 15:00:00,2025-02-16 15:00:00,1,-50.167,50.167,900.000,950.167
CGR,FLOW,CGR.Flow-Out.Ave.1Hour.1Hour.CBT-REV,14159500,2025-02-22 00:00:00,2025-02-22 02:00:00,3,-180.556,242.500,1273.333,1453.889
CGR,FLOW,CGR.Flow-Out.Ave.1Hour.1Hour.CBT-REV,14159500,2025-02-22 04:00:00,2025-02-22 05:00:00,2,-109.583,113.333,1795.000,1904.583
CGR,FLOW,CGR.Flow-Out.Ave.1Hour.1Hour.CBT-REV,14159500,2025-02-23 21:00:00,2025-02-23 23:00:00,3,140.833,185.833,1706.667,1565.833
CGR,FLOW,CGR.Flow-Out.Ave.1Hour.1Hour.CBT-REV,14159500,2025-02-24 01:00:00,2025-02-24 02:00:00,2,43.250,176.167,940.000,896.750
CGR,FLOW,CGR.Flow-Out.Ave.1Hour.1Hour.CBT-REV,14159500,2025-02-24 04:00:00,2025-02-24 04:00:00,1,-52.167,52.167,600.000,652.167
CGR,FLOW,CGR.Flow-Out.Ave.1Hour.1Hour.CBT-REV,14159500,2025-02-26 14:00:00,2025-02-26 15:00:00,2,-87.583,118.833,775.000,862.583
CGR,FLOW,CGR.Flow-Out.Ave.1Hour.1Hour.CBT-REV,14159500,2025-02-26 20:00:00,2025-02-26 20:00:00,1,-238.667,238.667,980.000,1218.667
CGR,FLOW,CGR.Flow-Out.Ave.1Hour.1Hour.CBT-REV,14159500,2025-02-26 23:00:00,2025-02-26 23:00:00,1,-242.500,242.500,1580.000,1822.500
CGR,FLOW,CGR.Flow-Out.Ave.1Hour.1Hour.CBT-REV,14159500,2025-02-27 18:00:00,2025-02-27 18:00:00,1,-219.167,219.167,1990.000,2209.167
CGR,FLOW,CGR.Flow-Out.Ave.1Hour.1Hour.CBT-REV,14159500,2025-03-05 20:00:00,2025-03-05 20:00:00,1,198.333,198.333,2510.000,2311.667
CGR,FLOW,CGR.Flow-Out.Ave.1Hour.1Hour.CBT-REV,14159500,2025-03-06 02:00:00,2025-03-06 03:00:00,2,-161.667,185.000,2400.000,2561.667
CGR,FLOW,CGR.Flow-Out.Ave.1Hour.1Hour.CBT-REV,14159500,2025-03-06 21:00:00,2025-03-06 21:00:00,1,267.500,267.500,2880.000,2612.500
CGR,FLOW,CGR.Flow-Out.Ave.1Hour.1Hour.CBT-REV,14159500,2025-03-06 23:00:00,2025-03-06 23:00:00,1,236.667,236.667,2320.000,2083.333
CGR,FLOW,CGR.Flow-Out.Ave.1Hour.1Hour.CBT-REV,14159500,2025-03-07 02:00:00,2025-03-07 02:00:00,1,96.667,96.667,1680.000,1583.333
CGR,FLOW,CGR.Flow-Out.Ave.1Hour.1Hour.CBT-REV,14159500,2025-03-08 01:00:00,2025-03-08 01:00:00,1,-80.833,80.833,1450.000,1530.833
CGR,FLOW,CGR.Flow-Out.Ave.1Hour.1Hour.CBT-REV,14159500,2025-03-08 03:00:00,2025-03-08 03:00:00,1,-176.000,176.000,1670.000,1846.000
CGR,FLOW,CGR.Flow-Out.Ave.1Hour.1Hour.CBT-REV,14159500,2025-03-12 09:00:00,2025-03-12 11:00:00,3,141.667,197.500,1496.667,1355.000
CGR,FLOW,CGR.Flow-Out.Ave.1Hour.1Hour.CBT-REV,14159500,2025-03-13 11:00:00,2025-03-13 11:00:00,1,-80.833,80.833,1220.000,1300.833
CGR,FLOW,CGR.Flow-Out.Ave.1Hour.1Hour.CBT-REV,14159500,2025-03-13 14:00:00,2025-03-13 15:00:00,2,-89.833,98.000,1480.000,1569.833
CGR,FLOW,CGR.Flow-Out.Ave.1Hour.1Hour.CBT-REV,14159500,2025-03-13 17:00:00,2025-03-13 17:00:00,1,-107.500,107.500,1760.000,1867.500
CGR,FLOW,CGR.Flow-Out.Ave.1Hour.1Hour.CBT-REV,14159500,2025-03-14 18:00:00,2025-03-14 18:00:00,1,110.833,110.833,1850.000,1739.167
CGR,FLOW,CGR.Flow-Out.Ave.1Hour.1Hour.CBT-REV,14159500,2025-03-15 01:00:00,2025-03-15 01:00:00,1,112.500,112.500,1420.000,1307.500
CGR,FLOW,CGR.Flow-Out.Ave.1Hour.1Hour.CBT-REV,14159500,2025-03-15 03:00:00,2025-03-15 03:00:00,1,78.750,78.750,1110.000,1031.250
CGR,FLOW,CGR.Flow-Out.Ave.1Hour.1Hour.CBT-REV,14159500,2025-03-16 05:00:00,2025-03-16 05:00:00,1,101.500,101.500,710.000,608.500
CGR,FLOW,CGR.Flow-Out.Ave.1Hour.1Hour.CBT-REV,14159500,2025-03-19 02:00:00,2025-03-19 03:00:00,2,-183.292,225.417,660.000,843.292
CGR,FLOW,CGR.Flow-Out.Ave.1Hour.1Hour.CBT-REV,14159500,2025-03-20 14:00:00,2025-03-20 14:00:00,1,85.250,85.250,1000.000,914.750
CGR,FLOW,CGR.Flow-Out.Ave.1Hour.1Hour.CBT-REV,14159500,2025-03-21 02:00:00,2025-03-21 02:00:00,1,-64.583,64.583,950.000,1014.583
CGR,FLOW,CGR.Flow-Out.Ave.1Hour.1Hour.CBT-REV,14159500,2025-03-21 14:00:00,2025-03-21 14:00:00,1,78.917,78.917,990.000,911.083
CGR,FLOW,CGR.Flow-Out.Ave.1Hour.1Hour.CBT-REV,14159500,2025-03-22 02:00:00,2025-03-22 02:00:00,1,-78.500,78.500,970.000,1048.500
CGR,FLOW,CGR.Flow-Out.Ave.1Hour.1Hour.CBT-REV,14159500,2025-03-22 14:00:00,2025-03-22 14:00:00,1,108.167,108.167,1050.000,941.833
CGR,FLOW,CGR.Flow-Out.Ave.1Hour.1Hour.CBT-REV,14159500,2025-03-23 02:00:00,2025-03-23 02:00:00,1,-124.000,124.000,940.000,1064.000
CGR,FLOW,CGR.Flow-Out.Ave.1Hour.1Hour.CBT-REV,14159500,2025-03-23 14:00:00,2025-03-23 14:00:00,1,125.000,125.000,1060.000,935.000
CGR,FLOW,CGR.Flow-Out.Ave.1Hour.1Hour.CBT-REV,14159500,2025-03-24 02:00:00,2025-03-24 02:00:00,1,-157.083,157.083,950.000,1107.083
CGR,FLOW,CGR.Flow-Out.Ave.1Hour.1Hour.CBT-REV,14159500,2025-03-24 14:00:00,2025-03-24 14:00:00,1,161.000,161.000,1110.000,949.000
CGR,FLOW,CGR.Flow-Out.Ave.1Hour.1Hour.CBT-REV,14159500,2025-03-24 17:00:00,2025-03-24 22:00:00,6,-206.111,246.667,1633.333,1839.444
CGR,FLOW,CGR.Flow-Out.Ave.1Hour.1Hour.CBT-REV,14159500,2025-03-25 14:00:00,2025-03-25 14:00:00,1,-171.667,171.667,2810.000,2981.667
CGR,FLOW,CGR.Flow-Out.Ave.1Hour.1Hour.CBT-REV,14159500,2025-03-27 19:00:00,2025-03-27 19:00:00,1,150.000,150.000,2880.000,2730.000
CGR,FLOW,CGR.Flow-Out.Ave.1Hour.1Hour.CBT-REV,14159500,2025-03-27 22:00:00,2025-03-27 23:00:00,2,433.500,445.333,1675.000,1241.500
CGR,FLOW,CGR.Flow-Out.Ave.1Hour.1Hour.CBT-REV,14159500,2025-03-31 17:00:00,2025-03-31 19:00:00,3,-124.722,160.000,1726.667,1851.389
CGR,FLOW,CGR.Flow-Out.Ave.1Hour.1Hour.CBT-REV,14159500,2025-03-31 21:00:00,2025-03-31 21:00:00,1,-135.833,135.833,2200.000,2335.833
CGR,FLOW,CGR.Flow-Out.Ave.1Hour.1Hour.CBT-REV,14159500,2025-04-12 08:00:00,2025-04-12 08:00:00,1,-210.833,210.833,2800.000,3010.833
CGR,FLOW,CGR.Flow-Out.Ave.1Hour.1Hour.CBT-REV,14159500,2025-04-16 15:00:00,2025-04-16 15:00:00,1,153.333,153.333,2690.000,2536.667
CGR,FLOW,CGR.Flow-Out.Ave.1Hour.1Hour.CBT-REV,14159500,2025-04-16 18:00:00,2025-04-16 18:00:00,1,130.833,130.833,2480.000,2349.167
CGR,FLOW,CGR.Flow-Out.Ave.1Hour.1Hour.CBT-REV,14159500,2025-04-16 21:00:00,2025-04-16 21:00:00,1,125.000,125.000,2190.000,2065.000
CGR,FLOW,CGR.Flow-Out.Ave.1Hour.1Hour.CBT-REV,14159500,2025-04-17 06:00:00,2025-04-17 07:00:00,2,105.417,105.833,1860.000,1754.583
CGR,FLOW,CGR.Flow-Out.Ave.1Hour.1Hour.CBT-REV,14159500,2025-04-17 13:00:00,2025-04-17 13:00:00,1,193.333,193.333,1620.000,1426.667
CGR,FLOW,CGR.Flow-Out.Ave.1Hour.1Hour.CBT-REV,14159500,2025-04-17 19:00:00,2025-04-17 19:00:00,1,224.167,224.167,1340.000,1115.833
CGR,FLOW,CGR.Flow-Out.Ave.1Hour.1Hour.CBT-REV,14159500,2025-04-19 02:00:00,2025-04-19 03:00:00,2,-1.667,82.500,1130.000,1131.667
CGR,FLOW,CGR.Flow-Out.Ave.1Hour.1Hour.CBT-REV,14159500,2025-04-20 02:00:00,2025-04-20 02:00:00,1,53.250,53.250,1070.000,1016.750
CGR,FLOW,CGR.Flow-Out.Ave.1Hour.1Hour.CBT-REV,14159500,2025-04-21 14:00:00,2025-04-21 14:00:00,1,50.417,50.417,980.000,929.583
CGR,FLOW,CGR.Flow-Out.Ave.1Hour.1Hour.CBT-REV,14159500,2025-04-22 02:00:00,2025-04-22 02:00:00,1,237.583,237.583,920.000,682.417
CGR,FLOW,CGR.Flow-Out.Ave.1Hour.1Hour.CBT-REV,14159500,2025-04-24 02:00:00,2025-04-24 02:00:00,1,67.333,67.333,470.000,402.667
CGR,FLOW,CGR.Flow-Out.Ave.1Hour.1Hour.CBT-REV,14159500,2025-04-30 14:00:00,2025-04-30 15:00:00,2,20.958,231.000,510.000,489.042
CGR,FLOW,CGR.Flow-Out.Ave.1Hour.1Hour.CBT-REV,14159500,2025-05-02 14:00:00,2025-05-02 14:00:00,1,54.083,54.083,390.000,335.917
CGR,FLOW,CGR.Flow-Out.Ave.1Hour.1Hour.CBT-REV,14159500,2025-05-05 19:00:00,2025-05-05 19:00:00,1,50.583,50.583,370.000,319.417
CGR,FLOW,CGR.Flow-Out.Ave.1Hour.1Hour.CBT-REV,14159500,2025-05-06 14:00:00,2025-05-06 14:00:00,1,80.917,80.917,390.000,309.083
CGR,FLOW,CGR.Flow-Out.Ave.1Hour.1Hour.CBT-REV,14159500,2025-05-07 02:00:00,2025-05-07 02:00:00,1,-51.667,51.667,320.000,371.667
CGR,FLOW,CGR.Flow-Out.Ave.1Hour.1Hour.CBT-REV,14159500,2025-05-08 14:00:00,2025-05-08 14:00:00,1,56.917,56.917,390.000,333.083
CGR,FLOW,CGR.Flow-Out.Ave.1Hour.1Hour.CBT-REV,14159500,2025-05-09 14:00:00,2025-05-09 14:00:00,1,68.167,68.167,400.000,331.833
CGR,FLOW,CGR.Flow-Out.Ave.1Hour.1Hour.CBT-REV,14159500,2025-05-10 03:00:00,2025-05-10 03:00:00,1,-62.000,62.000,320.000,382.000
CGR,FLOW,CGR.Flow-Out.Ave.1Hour.1Hour.CBT-REV,14159500,2025-05-10 14:00:00,2025-05-10 14:00:00,1,70.500,70.500,400.000,329.500
CGR,FLOW,CGR.Flow-Out.Ave.1Hour.1Hour.CBT-REV,14159500,2025-05-11 03:00:00,2025-05-11 03:00:00,1,-52.500,52.500,330.000,382.500
CGR,FLOW,CGR.Flow-Out.Ave.1Hour.1Hour.CBT-REV,14159500,2025-05-11 14:00:00,2025-05-11 14:00:00,1,63.417,63.417,400.000,336.583
CGR,FLOW,CGR.Flow-Out.Ave.1Hour.1Hour.CBT-REV,14159500,2025-05-13 03:00:00,2025-05-13 03:00:00,1,-51.667,51.667,350.000,401.667
CGR,FLOW,CGR.Flow-Out.Ave.1Hour.1Hour.CBT-REV,14159500,2025-05-13 14:00:00,2025-05-13 14:00:00,1,76.917,76.917,410.000,333.083
CGR,FLOW,CGR.Flow-Out.Ave.1Hour.1Hour.CBT-REV,14159500,2025-05-14 03:00:00,2025-05-14 03:00:00,1,-52.667,52.667,350.000,402.667
CGR,FLOW,CGR.Flow-Out.Ave.1Hour.1Hour.CBT-REV,14159500,2025-05-14 14:00:00,2025-05-14 14:00:00,1,110.583,110.583,410.000,299.417
CGR,FLOW,CGR.Flow-Out.Ave.1Hour.1Hour.CBT-REV,14159500,2025-05-15 14:00:00,2025-05-15 14:00:00,1,64.917,64.917,360.000,295.083
CGR,FLOW,CGR.Flow-Out.Ave.1Hour.1Hour.CBT-REV,14159500,2025-05-18 14:00:00,2025-05-18 14:00:00,1,51.000,51.000,370.000,319.000
CGR,FLOW,CGR.Flow-Out.Ave.1Hour.1Hour.CBT-REV,14159500,2025-06-02 14:00:00,2025-06-02 14:00:00,1,-124.083,124.083,370.000,494.083
CGR,FLOW,CGR.Flow-Out.Ave.1Hour.1Hour.CBT-REV,14159500,2025-06-02 16:00:00,2025-06-02 16:00:00,1,78.500,78.500,550.000,471.500
CGR,FLOW,CGR.Flow-Out.Ave.1Hour.1Hour.CBT-REV,14159500,2025-06-03 23:00:00,2025-06-03 23:00:00,1,128.750,128.750,440.000,311.250
CGR,FLOW,CGR.Flow-Out.Ave.1Hour.1Hour.CBT-REV,14159500,2025-07-08 07:00:00,2025-07-08 07:00:00,1,57.667,57.667,380.000,322.333
CGR,FLOW,CGR.Flow-Out.Ave.1Hour.1Hour.CBT-REV,14159500,2025-08-05 15:00:00,2025-08-05 15:00:00,1,-57.583,57.583,330.000,387.583
DET,ELEV,DET.Elev-Forebay.Inst.1Hour.0.CBT-REV,14180500,2024-10-01 00:00:00,2024-10-01 03:00:00,4,0.131,0.133,1524.697,1524.567
DET,ELEV,DET.Elev-Forebay.Inst.1Hour.0.CBT-REV,14180500,2024-10-01 19:00:00,2024-10-02 03:00:00,9,0.129,0.145,1524.226,1524.096
DET,ELEV,DET.Elev-Forebay.Inst.1Hour.0.CBT-REV,14180500,2024-10-02 19:00:00,2024-10-03 04:00:00,10,0.123,0.148,1523.454,1523.331
DET,ELEV,DET.Elev-Forebay.Inst.1Hour.0.CBT-REV,14180500,2024-10-10 16:00:00,2024-10-10 16:00:00,1,0.105,0.105,1517.750,1517.645
DET,ELEV,DET.Elev-Forebay.Inst.1Hour.0.CBT-REV,14180500,2024-11-06 01:00:00,2024-11-06 01:00:00,1,0.122,0.122,1502.490,1502.368
DET,ELEV,DET.Elev-Forebay.Inst.1Hour.0.CBT-REV,14180500,2024-11-06 14:00:00,2024-11-06 14:00:00,1,0.252,0.252,1501.370,1501.118
DET,ELEV,DET.Elev-Forebay.Inst.1Hour.0.CBT-REV,14180500,2024-11-07 01:00:00,2024-11-07 03:00:00,3,0.109,0.110,1500.590,1500.481
DET,ELEV,DET.Elev-Forebay.Inst.1Hour.0.CBT-REV,14180500,2024-11-08 00:00:00,2024-11-08 04:00:00,5,0.112,0.115,1498.368,1498.256
DET,ELEV,DET.Elev-Forebay.Inst.1Hour.0.CBT-REV,14180500,2024-11-08 14:00:00,2024-11-08 14:00:00,1,0.110,0.110,1496.870,1496.760
DET,ELEV,DET.Elev-Forebay.Inst.1Hour.0.CBT-REV,14180500,2024-11-09 00:00:00,2024-11-09 04:00:00,5,0.110,0.122,1496.092,1495.982
DET,ELEV,DET.Elev-Forebay.Inst.1Hour.0.CBT-REV,14180500,2024-11-10 00:00:00,2024-11-10 02:00:00,3,0.122,0.130,1493.677,1493.554
DET,ELEV,DET.Elev-Forebay.Inst.1Hour.0.CBT-REV,14180500,2024-11-10 13:00:00,2024-11-10 13:00:00,1,1.033,1.033,1493.380,1492.348
DET,ELEV,DET.Elev-Forebay.Inst.1Hour.0.CBT-REV,14180500,2024-11-11 01:00:00,2024-11-11 05:00:00,5,0.116,0.130,1491.126,1491.009
DET,ELEV,DET.Elev-Forebay.Inst.1Hour.0.CBT-REV,14180500,2024-11-11 10:00:00,2024-11-11 11:00:00,2,0.117,0.127,1490.210,1490.092
DET,ELEV,DET.Elev-Forebay.Inst.1Hour.0.CBT-REV,14180500,2024-11-12 01:00:00,2024-11-12 05:00:00,5,0.121,0.130,1488.424,1488.303
DET,ELEV,DET.Elev-Forebay.Inst.1Hour.0.CBT-REV,14180500,2024-11-13 02:00:00,2024-11-13 03:00:00,2,0.108,0.110,1486.320,1486.213
DET,ELEV,DET.Elev-Forebay.Inst.1Hour.0.CBT-REV,14180500,2024-11-16 16:00:00,2024-11-16 16:00:00,1,0.107,0.107,1483.370,1483.263
DET,ELEV,DET.Elev-Forebay.Inst.1Hour.0.CBT-REV,14180500,2024-11-17 01:00:00,2024-11-17 02:00:00,2,0.110,0.112,1482.565,1482.455
DET,ELEV,DET.Elev-Forebay.Inst.1Hour.0.CBT-REV,14180500,2024-11-17 19:00:00,2024-11-17 19:00:00,1,2.982,2.982,1484.830,1481.848
DET,ELEV,DET.Elev-Forebay.Inst.1Hour.0.CBT-REV,14180500,2024-11-20 14:00:00,2024-11-20 15:00:00,2,0.106,0.110,1482.530,1482.424
DET,ELEV,DET.Elev-Forebay.Inst.1Hour.0.CBT-REV,14180500,2024-11-20 23:00:00,2024-11-21 00:00:00,2,0.104,0.105,1481.705,1481.601
DET,ELEV,DET.Elev-Forebay.Inst.1Hour.0.CBT-REV,14180500,2024-11-21 16:00:00,2024-11-21 18:00:00,3,0.107,0.110,1479.803,1479.696
DET,ELEV,DET.Elev-Forebay.Inst.1Hour.0.CBT-REV,14180500,2024-11-21 23:00:00,2024-11-22 00:00:00,2,0.110,0.117,1478.935,1478.825
DET,ELEV,DET.Elev-Forebay.Inst.1Hour.0.CBT-REV,14180500,2024-11-22 07:00:00,2024-11-22 08:00:00,2,0.112,0.115,1477.820,1477.707
DET,ELEV,DET.Elev-Forebay.Inst.1Hour.0.CBT-REV,14180500,2024-11-22 10:00:00,2024-11-22 10:00:00,1,0.108,0.108,1477.500,1477.392
DET,ELEV,DET.Elev-Forebay.Inst.1Hour.0.CBT-REV,14180500,2024-11-24 15:00:00,2024-11-24 15:00:00,1,0.102,0.102,1473.680,1473.578
DET,ELEV,DET.Elev-Forebay.Inst.1Hour.0.CBT-REV,14180500,2024-11-24 17:00:00,2024-11-24 17:00:00,1,0.107,0.107,1473.430,1473.322
DET,ELEV,DET.Elev-Forebay.Inst.1Hour.0.CBT-REV,14180500,2024-11-24 19:00:00,2024-11-24 19:00:00,1,0.110,0.110,1473.170,1473.060
DET,ELEV,DET.Elev-Forebay.Inst.1Hour.0.CBT-REV,14180500,2024-11-25 00:00:00,2024-11-25 05:00:00,6,0.107,0.115,1472.130,1472.023
DET,ELEV,DET.Elev-Forebay.Inst.1Hour.0.CBT-REV,14180500,2024-11-25 07:00:00,2024-11-26 01:00:00,19,0.111,0.118,1470.054,1469.943
DET,ELEV,DET.Elev-Forebay.Inst.1Hour.0.CBT-REV,14180500,2024-11-26 03:00:00,2024-11-29 07:00:00,77,0.127,0.152,1461.320,1461.193
DET,ELEV,DET.Elev-Forebay.Inst.1Hour.0.CBT-REV,14180500,2024-11-29 14:00:00,2024-11-30 06:00:00,17,0.115,0.127,1453.061,1452.946
DET,ELEV,DET.Elev-Forebay.Inst.1Hour.0.CBT-REV,14180500,2024-11-30 12:00:00,2024-11-30 12:00:00,1,0.110,0.110,1451.370,1451.260
DET,ELEV,DET.Elev-Forebay.Inst.1Hour.0.CBT-REV,14180500,2024-11-30 16:00:00,2024-11-30 18:00:00,3,0.127,0.140,1450.960,1450.832
DET,ELEV,DET.Elev-Forebay.Inst.1Hour.0.CBT-REV,14180500,2024-11-30 22:00:00,2024-11-30 22:00:00,1,0.115,0.115,1450.290,1450.175
DET,ELEV,DET.Elev-Forebay.Inst.1Hour.0.CBT-REV,14180500,2024-12-01 09:00:00,2024-12-01 10:00:00,2,0.105,0.105,1449.610,1449.505
DET,ELEV,DET.Elev-Forebay.Inst.1Hour.0.CBT-REV,14180500,2024-12-01 14:00:00,2024-12-01 15:00:00,2,0.104,0.108,1449.080,1448.976
DET,ELEV,DET.Elev-Forebay.Inst.1Hour.0.CBT-REV,14180500,2024-12-21 04:00:00,2024-12-21 04:00:00,1,0.360,0.360,1459.400,1459.040
DET,ELEV,DET.Elev-Forebay.Inst.1Hour.0.CBT-REV,14180500,2024-12-26 10:00:00,2024-12-26 10:00:00,1,-0.112,0.112,1466.530,1466.642
DET,ELEV,DET.Elev-Forebay.Inst.1Hour.0.CBT-REV,14180500,2024-12-26 15:00:00,2024-12-26 15:00:00,1,-0.112,0.112,1468.260,1468.372
DET,ELEV,DET.Elev-Forebay.Inst.1Hour.0.CBT-REV,14180500,2024-12-26 17:00:00,2024-12-26 19:00:00,3,-0.139,0.158,1469.593,1469.733
DET,ELEV,DET.Elev-Forebay.Inst.1Hour.0.CBT-REV,14180500,2024-12-27 00:00:00,2024-12-27 05:00:00,6,-0.116,0.128,1473.040,1473.156
DET,ELEV,DET.Elev-Forebay.Inst.1Hour.0.CBT-REV,14180500,2024-12-27 12:00:00,2024-12-27 15:00:00,4,-0.121,0.128,1477.130,1477.251
DET,ELEV,DET.Elev-Forebay.Inst.1Hour.0.CBT-REV,14180500,2024-12-27 21:00:00,2024-12-27 23:00:00,3,-0.110,0.113,1480.023,1480.133
DET,ELEV,DET.Elev-Forebay.Inst.1Hour.0.CBT-REV,14180500,2024-12-28 06:00:00,2024-12-28 06:00:00,1,-0.112,0.112,1483.000,1483.112
DET,ELEV,DET.Elev-Forebay.Inst.1Hour.0.CBT-REV,14180500,2024-12-28 15:00:00,2024-12-28 15:00:00,1,-0.128,0.128,1486.000,1486.128
DET,ELEV,DET.Elev-Forebay.Inst.1Hour.0.CBT-REV,14180500,2024-12-29 12:00:00,2024-12-29 16:00:00,5,-0.111,0.118,1493.334,1493.445
DET,ELEV,DET.Elev-Forebay.Inst.1Hour.0.CBT-REV,14180500,2024-12-29 19:00:00,2024-12-29 20:00:00,2,-0.118,0.130,1495.670,1495.787
DET,ELEV,DET.Elev-Forebay.Inst.1Hour.0.CBT-REV,14180500,2024-12-29 23:00:00,2024-12-30 03:00:00,5,-0.120,0.138,1498.054,1498.174
DET,ELEV,DET.Elev-Forebay.Inst.1Hour.0.CBT-REV,14180500,2025-01-01 09:00:00,2025-01-01 09:00:00,1,-0.183,0.183,1508.170,1508.352
DET,ELEV,DET.Elev-Forebay.Inst.1Hour.0.CBT-REV,14180500,2025-01-01 11:00:00,2025-01-01 11:00:00,1,0.120,0.120,1508.400,1508.280
DET,ELEV,DET.Elev-Forebay.Inst.1Hour.0.CBT-REV,14180500,2025-01-01 20:00:00,2025-01-01 22:00:00,3,0.106,0.113,1508.120,1508.014
DET,ELEV,DET.Elev-Forebay.Inst.1Hour.0.CBT-REV,14180500,2025-01-02 15:00:00,2025-01-02 15:00:00,1,0.102,0.102,1506.620,1506.517
DET,ELEV,DET.Elev-Forebay.Inst.1Hour.0.CBT-REV,14180500,2025-01-02 21:00:00,2025-01-02 23:00:00,3,0.124,0.132,1506.353,1506.229
DET,ELEV,DET.Elev-Forebay.Inst.1Hour.0.CBT-REV,14180500,2025-01-06 18:00:00,2025-01-06 18:00:00,1,0.110,0.110,1506.920,1506.810
DET,ELEV,DET.Elev-Forebay.Inst.1Hour.0.CBT-REV,14180500,2025-01-06 22:00:00,2025-01-06 22:00:00,1,0.115,0.115,1506.610,1506.495
DET,ELEV,DET.Elev-Forebay.Inst.1Hour.0.CBT-REV,14180500,2025-01-07 09:00:00,2025-01-07 11:00:00,3,0.102,0.105,1505.840,1505.737
DET,ELEV,DET.Elev-Forebay.Inst.1Hour.0.CBT-REV,14180500,2025-01-07 15:00:00,2025-01-07 23:00:00,9,0.117,0.128,1504.902,1504.786
DET,ELEV,DET.Elev-Forebay.Inst.1Hour.0.CBT-REV,14180500,2025-01-08 06:00:00,2025-01-08 11:00:00,6,0.120,0.135,1503.747,1503.627
DET,ELEV,DET.Elev-Forebay.Inst.1Hour.0.CBT-REV,14180500,2025-01-08 13:00:00,2025-01-12 13:00:00,97,0.141,0.173,1495.413,1495.272
DET,ELEV,DET.Elev-Forebay.Inst.1Hour.0.CBT-REV,14180500,2025-01-12 15:00:00,2025-01-20 17:00:00,195,0.145,0.210,1471.475,1471.329
DET,ELEV,DET.Elev-Forebay.Inst.1Hour.0.CBT-REV,14180500,2025-01-20 19:00:00,2025-01-21 16:00:00,22,0.148,0.167,1457.010,1456.862
DET,ELEV,DET.Elev-Forebay.Inst.1Hour.0.CBT-REV,14180500,2025-01-21 18:00:00,2025-01-23 23:00:00,54,0.147,0.533,1453.080,1452.933
DET,ELEV,DET.Elev-Forebay.Inst.1Hour.0.CBT-REV,14180500,2025-01-24 02:00:00,2025-01-24 02:00:00,1,-0.102,0.102,1450.730,1450.832
DET,ELEV,DET.Elev-Forebay.Inst.1Hour.0.CBT-REV,14180500,2025-01-24 09:00:00,2025-01-24 09:00:00,1,-0.130,0.130,1450.140,1450.270
DET,ELEV,DET.Elev-Forebay.Inst.1Hour.0.CBT-REV,14180500,2025-01-24 11:00:00,2025-01-24 11:00:00,1,-0.105,0.105,1450.010,1450.115
DET,ELEV,DET.Elev-Forebay.Inst.1Hour.0.CBT-REV,14180500,2025-01-24 13:00:00,2025-01-24 13:00:00,1,-0.100,0.100,1449.860,1449.960
DET,ELEV,DET.Elev-Forebay.Inst.1Hour.0.CBT-REV,14180500,2025-01-24 16:00:00,2025-01-24 19:00:00,4,-0.115,0.128,1449.572,1449.688
DET,ELEV,DET.Elev-Forebay.Inst.1Hour.0.CBT-REV,14180500,2025-01-24 21:00:00,2025-01-25 01:00:00,5,-0.115,0.125,1449.346,1449.461
DET,ELEV,DET.Elev-Forebay.Inst.1Hour.0.CBT-REV,14180500,2025-01-25 03:00:00,2025-01-25 03:00:00,1,-0.108,0.108,1449.230,1449.338
DET,ELEV,DET.Elev-Forebay.Inst.1Hour.0.CBT-REV,14180500,2025-01-25 06:00:00,2025-01-25 06:00:00,1,-0.143,0.143,1449.090,1449.233
DET,ELEV,DET.Elev-Forebay.Inst.1Hour.0.CBT-REV,14180500,2025-01-25 09:00:00,2025-01-25 09:00:00,1,-0.140,0.140,1448.990,1449.130
DET,ELEV,DET.Elev-Forebay.Inst.1Hour.0.CBT-REV,14180500,2025-01-25 12:00:00,2025-01-25 15:00:00,4,-0.118,0.165,1448.858,1448.976
DET,ELEV,DET.Elev-Forebay.Inst.1Hour.0.CBT-REV,14180500,2025-01-25 17:00:00,2025-01-26 00:00:00,8,-0.144,0.163,1448.745,1448.889
DET,ELEV,DET.Elev-Forebay.Inst.1Hour.0.CBT-REV,14180500,2025-01-26 02:00:00,2025-03-04 22:00:00,909,-0.224,0.595,1464.158,1464.382
DET,ELEV,DET.Elev-Forebay.Inst.1Hour.0.CBT-REV,14180500,2025-04-13 23:00:00,2025-04-13 23:00:00,1,0.392,0.392,1550.960,1550.568
DET,ELEV,DET.Elev-Forebay.Inst.1Hour.0.CBT-REV,14180500,2025-04-24 08:00:00,2025-04-24 08:00:00,1,-0.210,0.210,1554.210,1554.420
DET,ELEV,DET.Elev-Forebay.Inst.1Hour.0.CBT-REV,14180500,2025-07-17 05:00:00,2025-07-17 05:00:00,1,-0.918,0.918,1547.000,1547.918
DET,ELEV,DET.Elev-Forebay.Inst.1Hour.0.CBT-REV,14180500,2025-08-28 02:00:00,2025-08-28 02:00:00,1,0.100,0.100,1534.420,1534.320
DET,ELEV,DET.Elev-Forebay.Inst.1Hour.0.CBT-REV,14180500,2025-08-30 00:00:00,2025-08-30 02:00:00,3,0.109,0.112,1533.800,1533.691
DET,ELEV,DET.Elev-Forebay.Inst.1Hour.0.CBT-REV,14180500,2025-08-31 00:00:00,2025-08-31 02:00:00,3,0.107,0.112,1533.417,1533.310
DET,ELEV,DET.Elev-Forebay.Inst.1Hour.0.CBT-REV,14180500,2025-09-01 00:00:00,2025-09-01 02:00:00,3,0.103,0.108,1533.040,1532.937
DET,ELEV,DET.Elev-Forebay.Inst.1Hour.0.CBT-REV,14180500,2025-09-02 01:00:00,2025-09-02 02:00:00,2,0.107,0.110,1532.585,1532.477
DET,ELEV,DET.Elev-Forebay.Inst.1Hour.0.CBT-REV,14180500,2025-09-02 23:00:00,2025-09-02 23:00:00,1,0.105,0.105,1532.450,1532.345
DET,ELEV,DET.Elev-Forebay.Inst.1Hour.0.CBT-REV,14180500,2025-09-03 01:00:00,2025-09-03 04:00:00,4,0.104,0.105,1532.020,1531.916
DET,ELEV,DET.Elev-Forebay.Inst.1Hour.0.CBT-REV,14180500,2025-09-04 03:00:00,2025-09-04 04:00:00,2,0.119,0.122,1531.205,1531.086
DET,ELEV,DET.Elev-Forebay.Inst.1Hour.0.CBT-REV,14180500,2025-09-05 00:00:00,2025-09-05 04:00:00,5,0.116,0.123,1530.642,1530.526
DET,ELEV,DET.Elev-Forebay.Inst.1Hour.0.CBT-REV,14180500,2025-09-05 23:00:00,2025-09-06 04:00:00,6,0.115,0.125,1529.980,1529.865
DET,ELEV,DET.Elev-Forebay.Inst.1Hour.0.CBT-REV,14180500,2025-09-06 23:00:00,2025-09-07 03:00:00,5,0.121,0.130,1529.354,1529.233
DET,ELEV,DET.Elev-Forebay.Inst.1Hour.0.CBT-REV,14180500,2025-09-07 23:00:00,2025-09-08 03:00:00,5,0.115,0.120,1528.616,1528.500
DET,ELEV,DET.Elev-Forebay.Inst.1Hour.0.CBT-REV,14180500,2025-09-08 22:00:00,2025-09-09 03:00:00,6,0.113,0.125,1527.965,1527.852
DET,ELEV,DET.Elev-Forebay.Inst.1Hour.0.CBT-REV,14180500,2025-09-09 23:00:00,2025-09-10 03:00:00,5,0.120,0.128,1527.238,1527.118
DET,ELEV,DET.Elev-Forebay.Inst.1Hour.0.CBT-REV,14180500,2025-09-10 23:00:00,2025-09-11 04:00:00,6,0.129,0.138,1526.470,1526.341
DET,ELEV,DET.Elev-Forebay.Inst.1Hour.0.CBT-REV,14180500,2025-09-11 23:00:00,2025-09-12 04:00:00,6,0.126,0.135,1525.727,1525.601
DET,ELEV,DET.Elev-Forebay.Inst.1Hour.0.CBT-REV,14180500,2025-09-12 22:00:00,2025-09-13 04:00:00,7,0.121,0.130,1525.050,1524.929
DET,ELEV,DET.Elev-Forebay.Inst.1Hour.0.CBT-REV,14180500,2025-09-13 23:00:00,2025-09-14 04:00:00,6,0.127,0.138,1524.270,1524.143
DET,ELEV,DET.Elev-Forebay.Inst.1Hour.0.CBT-REV,14180500,2025-09-14 23:00:00,2025-09-15 04:00:00,6,0.129,0.133,1523.568,1523.440
DET,ELEV,DET.Elev-Forebay.Inst.1Hour.0.CBT-REV,14180500,2025-09-15 22:00:00,2025-09-16 00:00:00,3,0.127,0.140,1523.150,1523.023
DET,ELEV,DET.Elev-Forebay.Inst.1Hour.0.CBT-REV,14180500,2025-09-16 02:00:00,2025-09-16 02:00:00,1,0.137,0.137,1522.760,1522.622
DET,ELEV,DET.Elev-Forebay.Inst.1Hour.0.CBT-REV,14180500,2025-09-16 04:00:00,2025-09-16 04:00:00,1,0.115,0.115,1522.510,1522.395
DET,ELEV,DET.Elev-Forebay.Inst.1Hour.0.CBT-REV,14180500,2025-09-16 21:00:00,2025-09-17 04:00:00,8,0.131,0.150,1522.207,1522.077
DET,ELEV,DET.Elev-Forebay.Inst.1Hour.0.CBT-REV,14180500,2025-09-17 22:00:00,2025-09-18 02:00:00,5,0.134,0.142,1521.530,1521.397
DET,ELEV,DET.Elev-Forebay.Inst.1Hour.0.CBT-REV,14180500,2025-09-18 04:00:00,2025-09-18 04:00:00,1,0.118,0.118,1521.000,1520.882
DET,ELEV,DET.Elev-Forebay.Inst.1Hour.0.CBT-REV,14180500,2025-09-18 21:00:00,2025-09-19 04:00:00,8,0.129,0.145,1520.685,1520.556
DET,ELEV,DET.Elev-Forebay.Inst.1Hour.0.CBT-REV,14180500,2025-09-19 21:00:00,2025-09-20 02:00:00,6,0.132,0.145,1520.062,1519.930
DET,ELEV,DET.Elev-Forebay.Inst.1Hour.0.CBT-REV,14180500,2025-09-20 22:00:00,2025-09-21 05:00:00,8,0.132,0.145,1519.062,1518.930
DET,ELEV,DET.Elev-Forebay.Inst.1Hour.0.CBT-REV,14180500,2025-09-21 21:00:00,2025-09-22 05:00:00,9,0.136,0.157,1518.348,1518.212
DET,ELEV,DET.Elev-Forebay.Inst.1Hour.0.CBT-REV,14180500,2025-09-22 10:00:00,2025-09-22 10:00:00,1,0.105,0.105,1517.880,1517.775
DET,ELEV,DET.Elev-Forebay.Inst.1Hour.0.CBT-REV,14180500,2025-09-22 18:00:00,2025-09-22 18:00:00,1,0.100,0.100,1517.970,1517.870
DET,ELEV,DET.Elev-Forebay.Inst.1Hour.0.CBT-REV,14180500,2025-09-22 21:00:00,2025-09-23 05:00:00,9,0.136,0.160,1517.567,1517.431
DET,ELEV,DET.Elev-Forebay.Inst.1Hour.0.CBT-REV,14180500,2025-09-23 08:00:00,2025-09-23 09:00:00,2,0.103,0.105,1517.130,1517.028
DET,ELEV,DET.Elev-Forebay.Inst.1Hour.0.CBT-REV,14180500,2025-09-23 11:00:00,2025-09-23 11:00:00,1,0.100,0.100,1517.130,1517.030
DET,ELEV,DET.Elev-Forebay.Inst.1Hour.0.CBT-REV,14180500,2025-09-23 17:00:00,2025-09-23 18:00:00,2,0.100,0.100,1517.215,1517.115
DET,ELEV,DET.Elev-Forebay.Inst.1Hour.0.CBT-REV,14180500,2025-09-23 21:00:00,2025-09-24 02:00:00,6,0.141,0.158,1517.002,1516.860
DET,ELEV,DET.Elev-Forebay.Inst.1Hour.0.CBT-REV,14180500,2025-09-24 04:00:00,2025-09-24 04:00:00,1,0.120,0.120,1516.390,1516.270
DET,ELEV,DET.Elev-Forebay.Inst.1Hour.0.CBT-REV,14180500,2025-09-24 09:00:00,2025-09-24 09:00:00,1,0.102,0.102,1516.350,1516.247
DEX,ELEV,DEX.Elev-Forebay.Inst.1Hour.0.CBT-REV,14149500,2024-10-25 19:00:00,2024-10-25 19:00:00,1,0.103,0.103,693.840,693.737
DEX,ELEV,DEX.Elev-Forebay.Inst.1Hour.0.CBT-REV,14149500,2024-11-16 20:00:00,2024-11-16 22:00:00,3,0.171,0.260,693.267,693.096
DEX,ELEV,DEX.Elev-Forebay.Inst.1Hour.0.CBT-REV,14149500,2024-12-06 12:00:00,2024-12-06 12:00:00,1,0.230,0.230,691.500,691.270
DEX,ELEV,DEX.Elev-Forebay.Inst.1Hour.0.CBT-REV,14149500,2024-12-07 12:00:00,2024-12-07 12:00:00,1,0.157,0.157,691.380,691.223
DEX,ELEV,DEX.Elev-Forebay.Inst.1Hour.0.CBT-REV,14149500,2024-12-08 07:00:00,2024-12-08 07:00:00,1,0.190,0.190,691.260,691.070
DEX,ELEV,DEX.Elev-Forebay.Inst.1Hour.0.CBT-REV,14149500,2024-12-16 17:00:00,2024-12-16 17:00:00,1,0.202,0.202,691.870,691.668
DEX,ELEV,DEX.Elev-Forebay.Inst.1Hour.0.CBT-REV,14149500,2025-01-01 13:00:00,2025-01-01 13:00:00,1,0.102,0.102,691.480,691.378
DEX,ELEV,DEX.Elev-Forebay.Inst.1Hour.0.CBT-REV,14149500,2025-01-02 03:00:00,2025-01-02 03:00:00,1,0.322,0.322,691.890,691.567
DEX,ELEV,DEX.Elev-Forebay.Inst.1Hour.0.CBT-REV,14149500,2025-01-03 09:00:00,2025-01-03 11:00:00,3,0.156,0.185,690.950,690.794
DEX,ELEV,DEX.Elev-Forebay.Inst.1Hour.0.CBT-REV,14149500,2025-01-03 13:00:00,2025-01-03 16:00:00,4,-0.148,0.163,690.887,691.036
DEX,ELEV,DEX.Elev-Forebay.Inst.1Hour.0.CBT-REV,14149500,2025-01-03 18:00:00,2025-01-04 00:00:00,7,-0.151,0.175,692.480,692.631
DEX,ELEV,DEX.Elev-Forebay.Inst.1Hour.0.CBT-REV,14149500,2025-01-04 02:00:00,2025-01-04 06:00:00,5,0.186,0.193,692.702,692.516
DEX,ELEV,DEX.Elev-Forebay.Inst.1Hour.0.CBT-REV,14149500,2025-01-04 08:00:00,2025-01-04 17:00:00,10,0.004,0.278,690.648,690.644
DEX,ELEV,DEX.Elev-Forebay.Inst.1Hour.0.CBT-REV,14149500,2025-01-05 00:00:00,2025-01-05 10:00:00,11,0.181,1.372,692.242,692.061
DEX,ELEV,DEX.Elev-Forebay.Inst.1Hour.0.CBT-REV,14149500,2025-01-05 13:00:00,2025-01-06 07:00:00,19,-0.036,0.337,691.836,691.872
DEX,ELEV,DEX.Elev-Forebay.Inst.1Hour.0.CBT-REV,14149500,2025-01-06 13:00:00,2025-01-06 17:00:00,5,0.045,0.205,691.580,691.535
DEX,ELEV,DEX.Elev-Forebay.Inst.1Hour.0.CBT-REV,14149500,2025-01-07 06:00:00,2025-01-07 06:00:00,1,-0.113,0.113,692.060,692.173
DEX,ELEV,DEX.Elev-Forebay.Inst.1Hour.0.CBT-REV,14149500,2025-01-07 08:00:00,2025-01-07 10:00:00,3,0.172,0.248,692.050,691.878
DEX,ELEV,DEX.Elev-Forebay.Inst.1Hour.0.CBT-REV,14149500,2025-01-08 07:00:00,2025-01-08 11:00:00,5,0.222,0.312,691.380,691.157
DEX,ELEV,DEX.Elev-Forebay.Inst.1Hour.0.CBT-REV,14149500,2025-01-09 04:00:00,2025-01-09 05:00:00,2,-0.276,0.320,691.340,691.616
DEX,ELEV,DEX.Elev-Forebay.Inst.1Hour.0.CBT-REV,14149500,2025-01-09 07:00:00,2025-01-09 07:00:00,1,0.112,0.112,691.580,691.467
DEX,ELEV,DEX.Elev-Forebay.Inst.1Hour.0.CBT-REV,14149500,2025-01-13 20:00:00,2025-01-13 20:00:00,1,-0.105,0.105,692.520,692.625
DEX,ELEV,DEX.Elev-Forebay.Inst.1Hour.0.CBT-REV,14149500,2025-01-26 09:00:00,2025-01-26 11:00:00,3,0.179,0.235,690.873,690.694
DEX,ELEV,DEX.Elev-Forebay.Inst.1Hour.0.CBT-REV,14149500,2025-01-26 18:00:00,2025-01-26 20:00:00,3,-0.125,0.128,690.950,691.075
DEX,ELEV,DEX.Elev-Forebay.Inst.1Hour.0.CBT-REV,14149500,2025-01-26 22:00:00,2025-01-27 04:00:00,7,-0.123,0.160,692.114,692.237
DEX,ELEV,DEX.Elev-Forebay.Inst.1Hour.0.CBT-REV,14149500,2025-01-27 06:00:00,2025-01-27 06:00:00,1,-0.138,0.138,693.030,693.168
DEX,ELEV,DEX.Elev-Forebay.Inst.1Hour.0.CBT-REV,14149500,2025-01-27 08:00:00,2025-01-27 09:00:00,2,0.175,0.205,692.995,692.820
DEX,ELEV,DEX.Elev-Forebay.Inst.1Hour.0.CBT-REV,14149500,2025-01-27 11:00:00,2025-01-27 13:00:00,3,0.145,0.148,691.583,691.438
DEX,ELEV,DEX.Elev-Forebay.Inst.1Hour.0.CBT-REV,14149500,2025-01-27 15:00:00,2025-01-27 16:00:00,2,-0.114,0.118,691.255,691.369
DEX,ELEV,DEX.Elev-Forebay.Inst.1Hour.0.CBT-REV,14149500,2025-01-27 18:00:00,2025-01-27 20:00:00,3,-0.124,0.128,691.923,692.048
DEX,ELEV,DEX.Elev-Forebay.Inst.1Hour.0.CBT-REV,14149500,2025-01-27 22:00:00,2025-01-27 22:00:00,1,0.268,0.268,692.570,692.303
DEX,ELEV,DEX.Elev-Forebay.Inst.1Hour.0.CBT-REV,14149500,2025-01-28 01:00:00,2025-01-28 04:00:00,4,-0.124,0.143,692.760,692.884
DEX,ELEV,DEX.Elev-Forebay.Inst.1Hour.0.CBT-REV,14149500,2025-01-28 06:00:00,2025-01-28 06:00:00,1,0.103,0.103,693.370,693.267
DEX,ELEV,DEX.Elev-Forebay.Inst.1Hour.0.CBT-REV,14149500,2025-01-28 08:00:00,2025-01-28 10:00:00,3,0.137,0.165,692.627,692.489
DEX,ELEV,DEX.Elev-Forebay.Inst.1Hour.0.CBT-REV,14149500,2025-01-28 12:00:00,2025-01-28 12:00:00,1,0.170,0.170,691.880,691.710
DEX,ELEV,DEX.Elev-Forebay.Inst.1Hour.0.CBT-REV,14149500,2025-01-28 15:00:00,2025-01-28 15:00:00,1,-0.153,0.153,691.740,691.892
DEX,ELEV,DEX.Elev-Forebay.Inst.1Hour.0.CBT-REV,14149500,2025-01-29 14:00:00,2025-01-29 15:00:00,2,-0.184,0.230,691.040,691.224
DEX,ELEV,DEX.Elev-Forebay.Inst.1Hour.0.CBT-REV,14149500,2025-01-30 02:00:00,2025-01-30 02:00:00,1,-0.128,0.128,691.530,691.658
DEX,ELEV,DEX.Elev-Forebay.Inst.1Hour.0.CBT-REV,14149500,2025-01-30 09:00:00,2025-01-30 11:00:00,3,0.170,0.190,691.297,691.127
DEX,ELEV,DEX.Elev-Forebay.Inst.1Hour.0.CBT-REV,14149500,2025-01-30 13:00:00,2025-01-30 16:00:00,4,-0.229,0.303,691.385,691.614
DEX,ELEV,DEX.Elev-Forebay.Inst.1Hour.0.CBT-REV,14149500,2025-01-30 18:00:00,2025-01-30 23:00:00,6,0.151,0.178,691.610,691.459
DEX,ELEV,DEX.Elev-Forebay.Inst.1Hour.0.CBT-REV,14149500,2025-01-31 01:00:00,2025-01-31 03:00:00,3,-0.155,0.183,691.057,691.212
DEX,ELEV,DEX.Elev-Forebay.Inst.1Hour.0.CBT-REV,14149500,2025-01-31 11:00:00,2025-01-31 11:00:00,1,0.108,0.108,690.750,690.642
DEX,ELEV,DEX.Elev-Forebay.Inst.1Hour.0.CBT-REV,14149500,2025-01-31 13:00:00,2025-01-31 16:00:00,4,-0.288,0.332,691.250,691.538
DEX,ELEV,DEX.Elev-Forebay.Inst.1Hour.0.CBT-REV,14149500,2025-01-31 18:00:00,2025-01-31 22:00:00,5,0.149,0.192,691.806,691.657
DEX,ELEV,DEX.Elev-Forebay.Inst.1Hour.0.CBT-REV,14149500,2025-02-01 00:00:00,2025-02-01 04:00:00,5,-0.139,0.160,691.494,691.633
DEX,ELEV,DEX.Elev-Forebay.Inst.1Hour.0.CBT-REV,14149500,2025-02-01 07:00:00,2025-02-01 08:00:00,2,0.155,0.160,691.970,691.815
DEX,ELEV,DEX.Elev-Forebay.Inst.1Hour.0.CBT-REV,14149500,2025-02-01 11:00:00,2025-02-01 11:00:00,1,0.152,0.152,691.110,690.957
DEX,ELEV,DEX.Elev-Forebay.Inst.1Hour.0.CBT-REV,14149500,2025-02-01 13:00:00,2025-02-01 16:00:00,4,-0.276,0.325,691.517,691.793
DEX,ELEV,DEX.Elev-Forebay.Inst.1Hour.0.CBT-REV,14149500,2025-02-01 18:00:00,2025-02-01 22:00:00,5,0.151,0.180,691.986,691.834
DEX,ELEV,DEX.Elev-Forebay.Inst.1Hour.0.CBT-REV,14149500,2025-02-02 01:00:00,2025-02-02 04:00:00,4,-0.154,0.158,691.758,691.911
DEX,ELEV,DEX.Elev-Forebay.Inst.1Hour.0.CBT-REV,14149500,2025-02-02 06:00:00,2025-02-02 11:00:00,6,0.146,0.163,691.842,691.695
DEX,ELEV,DEX.Elev-Forebay.Inst.1Hour.0.CBT-REV,14149500,2025-02-02 13:00:00,2025-02-02 16:00:00,4,-0.248,0.303,691.567,691.816
DEX,ELEV,DEX.Elev-Forebay.Inst.1Hour.0.CBT-REV,14149500,2025-02-02 18:00:00,2025-02-02 22:00:00,5,0.151,0.157,691.926,691.774
DEX,ELEV,DEX.Elev-Forebay.Inst.1Hour.0.CBT-REV,14149500,2025-02-03 00:00:00,2025-02-03 04:00:00,5,-0.140,0.158,691.598,691.737
DEX,ELEV,DEX.Elev-Forebay.Inst.1Hour.0.CBT-REV,14149500,2025-02-03 07:00:00,2025-02-03 11:00:00,5,0.151,0.153,691.684,691.534
DEX,ELEV,DEX.Elev-Forebay.Inst.1Hour.0.CBT-REV,14149500,2025-02-03 13:00:00,2025-02-03 16:00:00,4,-0.260,0.310,691.533,691.793
DEX,ELEV,DEX.Elev-Forebay.Inst.1Hour.0.CBT-REV,14149500,2025-02-03 18:00:00,2025-02-03 22:00:00,5,0.156,0.163,691.906,691.750
DEX,ELEV,DEX.Elev-Forebay.Inst.1Hour.0.CBT-REV,14149500,2025-02-04 00:00:00,2025-02-04 04:00:00,5,-0.145,0.163,691.568,691.712
DEX,ELEV,DEX.Elev-Forebay.Inst.1Hour.0.CBT-REV,14149500,2025-02-04 07:00:00,2025-02-04 11:00:00,5,0.154,0.163,691.680,691.526
DEX,ELEV,DEX.Elev-Forebay.Inst.1Hour.0.CBT-REV,14149500,2025-02-04 13:00:00,2025-02-04 16:00:00,4,-0.294,0.362,691.500,691.794
DEX,ELEV,DEX.Elev-Forebay.Inst.1Hour.0.CBT-REV,14149500,2025-02-04 18:00:00,2025-02-04 22:00:00,5,0.152,0.158,691.936,691.784
DEX,ELEV,DEX.Elev-Forebay.Inst.1Hour.0.CBT-REV,14149500,2025-02-05 01:00:00,2025-02-05 04:00:00,4,-0.156,0.160,691.727,691.883
DEX,ELEV,DEX.Elev-Forebay.Inst.1Hour.0.CBT-REV,14149500,2025-02-05 07:00:00,2025-02-05 11:00:00,5,0.154,0.160,691.728,691.574
DEX,ELEV,DEX.Elev-Forebay.Inst.1Hour.0.CBT-REV,14149500,2025-02-05 13:00:00,2025-02-05 16:00:00,4,-0.245,0.300,691.587,691.832
DEX,ELEV,DEX.Elev-Forebay.Inst.1Hour.0.CBT-REV,14149500,2025-02-05 18:00:00,2025-02-05 23:00:00,6,0.136,0.153,691.945,691.809
DEX,ELEV,DEX.Elev-Forebay.Inst.1Hour.0.CBT-REV,14149500,2025-02-06 01:00:00,2025-02-06 03:00:00,3,-0.178,0.192,691.683,691.862
DEX,ELEV,DEX.Elev-Forebay.Inst.1Hour.0.CBT-REV,14149500,2025-02-06 05:00:00,2025-02-06 09:00:00,5,0.127,0.145,691.758,691.630
DEX,ELEV,DEX.Elev-Forebay.Inst.1Hour.0.CBT-REV,14149500,2025-02-06 11:00:00,2025-02-06 11:00:00,1,0.105,0.105,691.010,690.905
DEX,ELEV,DEX.Elev-Forebay.Inst.1Hour.0.CBT-REV,14149500,2025-02-06 13:00:00,2025-02-06 16:00:00,4,-0.226,0.308,691.520,691.746
DEX,ELEV,DEX.Elev-Forebay.Inst.1Hour.0.CBT-REV,14149500,2025-02-06 23:00:00,2025-02-06 23:00:00,1,0.102,0.102,691.580,691.477
DEX,ELEV,DEX.Elev-Forebay.Inst.1Hour.0.CBT-REV,14149500,2025-02-07 05:00:00,2025-02-07 11:00:00,7,0.110,0.117,691.030,690.920
DEX,ELEV,DEX.Elev-Forebay.Inst.1Hour.0.CBT-REV,14149500,2025-02-07 13:00:00,2025-02-07 17:00:00,5,-0.286,0.403,691.494,691.780
DEX,ELEV,DEX.Elev-Forebay.Inst.1Hour.0.CBT-REV,14149500,2025-02-08 15:00:00,2025-02-08 17:00:00,3,-0.190,0.253,692.160,692.350
DEX,ELEV,DEX.Elev-Forebay.Inst.1Hour.0.CBT-REV,14149500,2025-02-09 14:00:00,2025-02-09 16:00:00,3,-0.237,0.298,691.837,692.073
DEX,ELEV,DEX.Elev-Forebay.Inst.1Hour.0.CBT-REV,14149500,2025-02-09 23:00:00,2025-02-09 23:00:00,1,0.115,0.115,691.970,691.855
DEX,ELEV,DEX.Elev-Forebay.Inst.1Hour.0.CBT-REV,14149500,2025-02-10 14:00:00,2025-02-10 16:00:00,3,-0.220,0.233,691.780,692.000
DEX,ELEV,DEX.Elev-Forebay.Inst.1Hour.0.CBT-REV,14149500,2025-02-11 11:00:00,2025-02-11 11:00:00,1,0.105,0.105,691.310,691.205
DEX,ELEV,DEX.Elev-Forebay.Inst.1Hour.0.CBT-REV,14149500,2025-02-11 15:00:00,2025-02-11 17:00:00,3,-0.161,0.217,692.070,692.231
DEX,ELEV,DEX.Elev-Forebay.Inst.1Hour.0.CBT-REV,14149500,2025-02-12 14:00:00,2025-02-12 16:00:00,3,-0.240,0.290,691.567,691.807
DEX,ELEV,DEX.Elev-Forebay.Inst.1Hour.0.CBT-REV,14149500,2025-02-12 21:00:00,2025-02-12 22:00:00,2,0.135,0.162,691.900,691.765
DEX,ELEV,DEX.Elev-Forebay.Inst.1Hour.0.CBT-REV,14149500,2025-02-13 08:00:00,2025-02-13 08:00:00,1,0.110,0.110,691.460,691.350
DEX,ELEV,DEX.Elev-Forebay.Inst.1Hour.0.CBT-REV,14149500,2025-02-13 14:00:00,2025-02-13 16:00:00,3,-0.225,0.255,691.463,691.688
DEX,ELEV,DEX.Elev-Forebay.Inst.1Hour.0.CBT-REV,14149500,2025-02-13 23:00:00,2025-02-13 23:00:00,1,0.220,0.220,691.650,691.430
DEX,ELEV,DEX.Elev-Forebay.Inst.1Hour.0.CBT-REV,14149500,2025-02-14 05:00:00,2025-02-14 05:00:00,1,0.105,0.105,691.790,691.685
DEX,ELEV,DEX.Elev-Forebay.Inst.1Hour.0.CBT-REV,14149500,2025-02-14 14:00:00,2025-02-14 16:00:00,3,-0.234,0.255,691.400,691.634
DEX,ELEV,DEX.Elev-Forebay.Inst.1Hour.0.CBT-REV,14149500,2025-02-15 10:00:00,2025-02-15 10:00:00,1,0.105,0.105,691.120,691.015
DEX,ELEV,DEX.Elev-Forebay.Inst.1Hour.0.CBT-REV,14149500,2025-02-15 14:00:00,2025-02-15 16:00:00,3,-0.223,0.248,691.397,691.620
DEX,ELEV,DEX.Elev-Forebay.Inst.1Hour.0.CBT-REV,14149500,2025-02-16 14:00:00,2025-02-16 16:00:00,3,-0.231,0.248,691.360,691.591
DEX,ELEV,DEX.Elev-Forebay.Inst.1Hour.0.CBT-REV,14149500,2025-02-17 09:00:00,2025-02-17 09:00:00,1,0.100,0.100,691.220,691.120
DEX,ELEV,DEX.Elev-Forebay.Inst.1Hour.0.CBT-REV,14149500,2025-02-17 14:00:00,2025-02-17 16:00:00,3,-0.195,0.225,691.330,691.525
DEX,ELEV,DEX.Elev-Forebay.Inst.1Hour.0.CBT-REV,14149500,2025-02-18 14:00:00,2025-02-18 16:00:00,3,-0.140,0.165,691.167,691.307
DEX,ELEV,DEX.Elev-Forebay.Inst.1Hour.0.CBT-REV,14149500,2025-02-18 18:00:00,2025-02-18 18:00:00,1,-0.105,0.105,691.610,691.715
DEX,ELEV,DEX.Elev-Forebay.Inst.1Hour.0.CBT-REV,14149500,2025-02-19 05:00:00,2025-02-19 05:00:00,1,0.107,0.107,691.370,691.263
DEX,ELEV,DEX.Elev-Forebay.Inst.1Hour.0.CBT-REV,14149500,2025-02-19 14:00:00,2025-02-19 16:00:00,3,-0.214,0.243,690.920,691.134
DEX,ELEV,DEX.Elev-Forebay.Inst.1Hour.0.CBT-REV,14149500,2025-02-19 21:00:00,2025-02-19 21:00:00,1,0.110,0.110,691.270,691.160
DEX,ELEV,DEX.Elev-Forebay.Inst.1Hour.0.CBT-REV,14149500,2025-02-20 06:00:00,2025-02-20 06:00:00,1,0.102,0.102,691.140,691.038
DEX,ELEV,DEX.Elev-Forebay.Inst.1Hour.0.CBT-REV,14149500,2025-02-20 14:00:00,2025-02-20 16:00:00,3,-0.222,0.243,690.830,691.052
DEX,ELEV,DEX.Elev-Forebay.Inst.1Hour.0.CBT-REV,14149500,2025-02-20 21:00:00,2025-02-20 21:00:00,1,0.108,0.108,691.190,691.082
DEX,ELEV,DEX.Elev-Forebay.Inst.1Hour.0.CBT-REV,14149500,2025-02-21 15:00:00,2025-02-21 17:00:00,3,-0.212,0.255,690.710,690.922
DEX,ELEV,DEX.Elev-Forebay.Inst.1Hour.0.CBT-REV,14149500,2025-02-22 01:00:00,2025-02-22 02:00:00,2,-0.251,0.287,691.035,691.286
DEX,ELEV,DEX.Elev-Forebay.Inst.1Hour.0.CBT-REV,14149500,2025-02-22 09:00:00,2025-02-22 09:00:00,1,0.100,0.100,691.130,691.030
DEX,ELEV,DEX.Elev-Forebay.Inst.1Hour.0.CBT-REV,14149500,2025-02-22 15:00:00,2025-02-22 17:00:00,3,-0.235,0.273,691.057,691.292
DEX,ELEV,DEX.Elev-Forebay.Inst.1Hour.0.CBT-REV,14149500,2025-02-23 01:00:00,2025-02-23 01:00:00,1,-0.210,0.210,691.240,691.450
DEX,ELEV,DEX.Elev-Forebay.Inst.1Hour.0.CBT-REV,14149500,2025-02-23 15:00:00,2025-02-23 17:00:00,3,-0.233,0.283,691.303,691.537
DEX,ELEV,DEX.Elev-Forebay.Inst.1Hour.0.CBT-REV,14149500,2025-02-24 01:00:00,2025-02-24 02:00:00,2,-0.190,0.207,691.830,692.020
DEX,ELEV,DEX.Elev-Forebay.Inst.1Hour.0.CBT-REV,14149500,2025-02-24 15:00:00,2025-02-24 17:00:00,3,-0.218,0.270,691.713,691.932
DEX,ELEV,DEX.Elev-Forebay.Inst.1Hour.0.CBT-REV,14149500,2025-02-25 01:00:00,2025-02-25 02:00:00,2,-0.199,0.245,692.135,692.334
DEX,ELEV,DEX.Elev-Forebay.Inst.1Hour.0.CBT-REV,14149500,2025-02-25 04:00:00,2025-02-25 04:00:00,1,0.100,0.100,692.570,692.470
DEX,ELEV,DEX.Elev-Forebay.Inst.1Hour.0.CBT-REV,14149500,2025-02-25 15:00:00,2025-02-25 17:00:00,3,-0.211,0.270,691.987,692.197
DEX,ELEV,DEX.Elev-Forebay.Inst.1Hour.0.CBT-REV,14149500,2025-02-26 01:00:00,2025-02-26 02:00:00,2,-0.208,0.250,692.300,692.508
DEX,ELEV,DEX.Elev-Forebay.Inst.1Hour.0.CBT-REV,14149500,2025-02-26 14:00:00,2025-02-26 17:00:00,4,-0.211,0.295,692.428,692.638
DEX,ELEV,DEX.Elev-Forebay.Inst.1Hour.0.CBT-REV,14149500,2025-02-26 19:00:00,2025-02-26 19:00:00,1,0.147,0.147,693.050,692.903
DEX,ELEV,DEX.Elev-Forebay.Inst.1Hour.0.CBT-REV,14149500,2025-02-26 21:00:00,2025-02-26 23:00:00,3,0.125,0.140,692.407,692.282
DEX,ELEV,DEX.Elev-Forebay.Inst.1Hour.0.CBT-REV,14149500,2025-02-27 01:00:00,2025-02-27 03:00:00,3,0.151,0.812,692.673,692.523
DEX,ELEV,DEX.Elev-Forebay.Inst.1Hour.0.CBT-REV,14149500,2025-02-27 06:00:00,2025-02-27 12:00:00,7,0.130,0.148,692.370,692.240
DEX,ELEV,DEX.Elev-Forebay.Inst.1Hour.0.CBT-REV,14149500,2025-02-27 14:00:00,2025-02-27 17:00:00,4,-0.181,0.252,691.970,692.151
DEX,ELEV,DEX.Elev-Forebay.Inst.1Hour.0.CBT-REV,14149500,2025-02-27 19:00:00,2025-02-27 19:00:00,1,0.133,0.133,692.500,692.367
DEX,ELEV,DEX.Elev-Forebay.Inst.1Hour.0.CBT-REV,14149500,2025-02-27 21:00:00,2025-02-27 22:00:00,2,0.114,0.115,692.050,691.936
DEX,ELEV,DEX.Elev-Forebay.Inst.1Hour.0.CBT-REV,14149500,2025-02-28 01:00:00,2025-02-28 05:00:00,5,-0.176,0.223,692.108,692.284
DEX,ELEV,DEX.Elev-Forebay.Inst.1Hour.0.CBT-REV,14149500,2025-02-28 07:00:00,2025-02-28 07:00:00,1,0.100,0.100,692.620,692.520
DEX,ELEV,DEX.Elev-Forebay.Inst.1Hour.0.CBT-REV,14149500,2025-02-28 09:00:00,2025-02-28 12:00:00,4,0.135,0.148,691.827,691.693
DEX,ELEV,DEX.Elev-Forebay.Inst.1Hour.0.CBT-REV,14149500,2025-02-28 15:00:00,2025-02-28 16:00:00,2,-0.231,0.245,691.610,691.841
DEX,ELEV,DEX.Elev-Forebay.Inst.1Hour.0.CBT-REV,14149500,2025-02-28 19:00:00,2025-02-28 20:00:00,2,0.145,0.173,692.195,692.050
DEX,ELEV,DEX.Elev-Forebay.Inst.1Hour.0.CBT-REV,14149500,2025-02-28 22:00:00,2025-02-28 23:00:00,2,0.149,0.153,691.485,691.336
DEX,ELEV,DEX.Elev-Forebay.Inst.1Hour.0.CBT-REV,14149500,2025-03-01 01:00:00,2025-03-01 03:00:00,3,-0.160,0.192,691.383,691.543
DEX,ELEV,DEX.Elev-Forebay.Inst.1Hour.0.CBT-REV,14149500,2025-03-01 07:00:00,2025-03-01 11:00:00,5,0.128,0.155,691.524,691.395
DEX,ELEV,DEX.Elev-Forebay.Inst.1Hour.0.CBT-REV,14149500,2025-03-03 05:00:00,2025-03-03 06:00:00,2,0.171,0.173,692.935,692.764
DEX,ELEV,DEX.Elev-Forebay.Inst.1Hour.0.CBT-REV,14149500,2025-03-19 03:00:00,2025-03-19 09:00:00,7,0.130,0.155,693.040,692.910
DEX,ELEV,DEX.Elev-Forebay.Inst.1Hour.0.CBT-REV,14149500,2025-03-19 11:00:00,2025-03-19 12:00:00,2,0.124,0.140,691.855,691.731
DEX,ELEV,DEX.Elev-Forebay.Inst.1Hour.0.CBT-REV,14149500,2025-03-19 21:00:00,2025-03-20 02:00:00,6,-0.185,0.243,692.060,692.245
DEX,ELEV,DEX.Elev-Forebay.Inst.1Hour.0.CBT-REV,14149500,2025-03-21 16:00:00,2025-03-21 17:00:00,2,0.259,0.308,692.960,692.701
DEX,ELEV,DEX.Elev-Forebay.Inst.1Hour.0.CBT-REV,14149500,2025-03-21 19:00:00,2025-03-21 19:00:00,1,0.330,0.330,691.970,691.640
DEX,ELEV,DEX.Elev-Forebay.Inst.1Hour.0.CBT-REV,14149500,2025-03-22 00:00:00,2025-03-22 00:00:00,1,0.158,0.158,691.280,691.122
DEX,ELEV,DEX.Elev-Forebay.Inst.1Hour.0.CBT-REV,14149500,2025-03-24 04:00:00,2025-03-24 08:00:00,5,-0.125,0.155,692.958,693.082
DEX,ELEV,DEX.Elev-Forebay.Inst.1Hour.0.CBT-REV,14149500,2025-03-24 10:00:00,2025-03-24 12:00:00,3,-0.167,0.242,693.697,693.863
DEX,ELEV,DEX.Elev-Forebay.Inst.1Hour.0.CBT-REV,14149500,2025-03-28 02:00:00,2025-03-28 03:00:00,2,0.126,0.130,692.650,692.524
DEX,ELEV,DEX.Elev-Forebay.Inst.1Hour.0.CBT-REV,14149500,2025-03-28 05:00:00,2025-03-28 11:00:00,7,0.182,0.312,691.303,691.121
DEX,ELEV,DEX.Elev-Forebay.Inst.1Hour.0.CBT-REV,14149500,2025-03-28 13:00:00,2025-03-28 21:00:00,9,-0.164,0.308,691.290,691.454
DEX,ELEV,DEX.Elev-Forebay.Inst.1Hour.0.CBT-REV,14149500,2025-03-29 00:00:00,2025-03-29 15:00:00,16,0.003,0.403,692.459,692.455
DEX,ELEV,DEX.Elev-Forebay.Inst.1Hour.0.CBT-REV,14149500,2025-03-30 01:00:00,2025-03-30 02:00:00,2,-0.251,0.270,692.720,692.971
DEX,ELEV,DEX.Elev-Forebay.Inst.1Hour.0.CBT-REV,14149500,2025-03-30 04:00:00,2025-03-30 09:00:00,6,0.125,0.135,692.718,692.594
DEX,ELEV,DEX.Elev-Forebay.Inst.1Hour.0.CBT-REV,14149500,2025-03-30 11:00:00,2025-03-30 11:00:00,1,0.135,0.135,691.750,691.615
DEX,ELEV,DEX.Elev-Forebay.Inst.1Hour.0.CBT-REV,14149500,2025-03-30 16:00:00,2025-03-30 17:00:00,2,0.115,0.130,691.290,691.175
DEX,ELEV,DEX.Elev-Forebay.Inst.1Hour.0.CBT-REV,14149500,2025-03-31 00:00:00,2025-03-31 00:00:00,1,-0.123,0.123,691.040,691.163
DEX,ELEV,DEX.Elev-Forebay.Inst.1Hour.0.CBT-REV,14149500,2025-03-31 02:00:00,2025-03-31 02:00:00,1,-0.128,0.128,691.400,691.528
DEX,ELEV,DEX.Elev-Forebay.Inst.1Hour.0.CBT-REV,14149500,2025-04-01 03:00:00,2025-04-01 03:00:00,1,-0.135,0.135,691.500,691.635
DEX,ELEV,DEX.Elev-Forebay.Inst.1Hour.0.CBT-REV,14149500,2025-04-01 15:00:00,2025-04-01 15:00:00,1,-0.110,0.110,692.280,692.390
DEX,ELEV,DEX.Elev-Forebay.Inst.1Hour.0.CBT-REV,14149500,2025-04-03 01:00:00,2025-04-03 01:00:00,1,-0.105,0.105,691.740,691.845
DEX,ELEV,DEX.Elev-Forebay.Inst.1Hour.0.CBT-REV,14149500,2025-04-04 01:00:00,2025-04-04 01:00:00,1,-0.123,0.123,692.380,692.503
DEX,ELEV,DEX.Elev-Forebay.Inst.1Hour.0.CBT-REV,14149500,2025-04-07 17:00:00,2025-04-07 19:00:00,3,0.133,0.147,693.817,693.683
DEX,ELEV,DEX.Elev-Forebay.Inst.1Hour.0.CBT-REV,14149500,2025-04-07 23:00:00,2025-04-07 23:00:00,1,0.125,0.125,692.880,692.755
DEX,ELEV,DEX.Elev-Forebay.Inst.1Hour.0.CBT-REV,14149500,2025-04-08 16:00:00,2025-04-08 16:00:00,1,0.107,0.107,693.040,692.933
DEX,ELEV,DEX.Elev-Forebay.Inst.1Hour.0.CBT-REV,14149500,2025-04-16 15:00:00,2025-04-16 15:00:00,1,0.135,0.135,693.100,692.965
DEX,ELEV,DEX.Elev-Forebay.Inst.1Hour.0.CBT-REV,14149500,2025-04-19 14:00:00,2025-04-19 14:00:00,1,0.110,0.110,693.150,693.040
DEX,ELEV,DEX.Elev-Forebay.Inst.1Hour.0.CBT-REV,14149500,2025-04-21 14:00:00,2025-04-21 14:00:00,1,-0.143,0.143,693.180,693.322
DEX,ELEV,DEX.Elev-Forebay.Inst.1Hour.0.CBT-REV,14149500,2025-04-22 14:00:00,2025-04-22 14:00:00,1,-0.110,0.110,693.320,693.430
DEX,ELEV,DEX.Elev-Forebay.Inst.1Hour.0.CBT-REV,14149500,2025-04-26 06:00:00,2025-04-26 07:00:00,2,-0.118,0.125,692.020,692.138
DEX,ELEV,DEX.Elev-Forebay.Inst.1Hour.0.CBT-REV,14149500,2025-04-26 13:00:00,2025-04-26 14:00:00,2,-0.035,0.173,693.100,693.135
DEX,ELEV,DEX.Elev-Forebay.Inst.1Hour.0.CBT-REV,14149500,2025-04-27 05:00:00,2025-04-27 06:00:00,2,-0.105,0.107,691.930,692.035
DEX,ELEV,DEX.Elev-Forebay.Inst.1Hour.0.CBT-REV,14149500,2025-04-27 10:00:00,2025-04-27 10:00:00,1,-0.115,0.115,692.630,692.745
DEX,ELEV,DEX.Elev-Forebay.Inst.1Hour.0.CBT-REV,14149500,2025-04-27 12:00:00,2025-04-27 13:00:00,2,-0.104,0.105,693.040,693.144
DEX,ELEV,DEX.Elev-Forebay.Inst.1Hour.0.CBT-REV,14149500,2025-04-28 04:00:00,2025-04-28 04:00:00,1,-0.100,0.100,691.760,691.860
DEX,ELEV,DEX.Elev-Forebay.Inst.1Hour.0.CBT-REV,14149500,2025-04-28 06:00:00,2025-04-28 11:00:00,6,-0.111,0.117,692.473,692.584
DEX,ELEV,DEX.Elev-Forebay.Inst.1Hour.0.CBT-REV,14149500,2025-04-29 04:00:00,2025-04-29 04:00:00,1,-0.102,0.102,691.850,691.952
DEX,ELEV,DEX.Elev-Forebay.Inst.1Hour.0.CBT-REV,14149500,2025-04-29 09:00:00,2025-04-29 09:00:00,1,-0.103,0.103,692.560,692.663
DEX,ELEV,DEX.Elev-Forebay.Inst.1Hour.0.CBT-REV,14149500,2025-04-29 12:00:00,2025-04-29 12:00:00,1,-0.100,0.100,692.990,693.090
DEX,ELEV,DEX.Elev-Forebay.Inst.1Hour.0.CBT-REV,14149500,2025-04-30 04:00:00,2025-04-30 04:00:00,1,-0.107,0.107,691.720,691.827
DEX,ELEV,DEX.Elev-Forebay.Inst.1Hour.0.CBT-REV,14149500,2025-05-01 04:00:00,2025-05-01 11:00:00,8,0.014,0.257,692.020,692.006
DEX,ELEV,DEX.Elev-Forebay.Inst.1Hour.0.CBT-REV,14149500,2025-05-02 01:00:00,2025-05-02 01:00:00,1,-0.102,0.102,692.870,692.972
DEX,ELEV,DEX.Elev-Forebay.Inst.1Hour.0.CBT-REV,14149500,2025-05-02 04:00:00,2025-05-02 10:00:00,7,0.208,0.217,691.979,691.771
DEX,ELEV,DEX.Elev-Forebay.Inst.1Hour.0.CBT-REV,14149500,2025-05-02 13:00:00,2025-05-02 16:00:00,4,-0.124,0.132,691.108,691.231
DEX,ELEV,DEX.Elev-Forebay.Inst.1Hour.0.CBT-REV,14149500,2025-05-02 18:00:00,2025-05-02 20:00:00,3,-0.134,0.142,692.043,692.177
DEX,ELEV,DEX.Elev-Forebay.Inst.1Hour.0.CBT-REV,14149500,2025-05-02 22:00:00,2025-05-03 02:00:00,5,-0.137,0.148,693.132,693.269
DEX,ELEV,DEX.Elev-Forebay.Inst.1Hour.0.CBT-REV,14149500,2025-05-03 04:00:00,2025-05-03 08:00:00,5,0.182,0.195,693.016,692.834
DEX,ELEV,DEX.Elev-Forebay.Inst.1Hour.0.CBT-REV,14149500,2025-05-03 10:00:00,2025-05-03 11:00:00,2,-0.109,0.112,692.240,692.349
DEX,ELEV,DEX.Elev-Forebay.Inst.1Hour.0.CBT-REV,14149500,2025-05-03 21:00:00,2025-05-04 02:00:00,6,-0.111,0.118,692.645,692.756
DEX,ELEV,DEX.Elev-Forebay.Inst.1Hour.0.CBT-REV,14149500,2025-05-04 06:00:00,2025-05-04 10:00:00,5,0.193,0.205,692.740,692.547
DEX,ELEV,DEX.Elev-Forebay.Inst.1Hour.0.CBT-REV,14149500,2025-05-05 03:00:00,2025-05-05 10:00:00,8,0.207,0.230,692.413,692.206
DEX,ELEV,DEX.Elev-Forebay.Inst.1Hour.0.CBT-REV,14149500,2025-05-05 13:00:00,2025-05-05 14:00:00,2,-0.106,0.110,691.145,691.251
DEX,ELEV,DEX.Elev-Forebay.Inst.1Hour.0.CBT-REV,14149500,2025-05-05 18:00:00,2025-05-05 20:00:00,3,-0.101,0.103,692.007,692.108
DEX,ELEV,DEX.Elev-Forebay.Inst.1Hour.0.CBT-REV,14149500,2025-05-05 22:00:00,2025-05-06 02:00:00,5,-0.107,0.110,692.792,692.898
DEX,ELEV,DEX.Elev-Forebay.Inst.1Hour.0.CBT-REV,14149500,2025-05-06 04:00:00,2025-05-06 10:00:00,7,0.185,0.195,692.243,692.058
DEX,ELEV,DEX.Elev-Forebay.Inst.1Hour.0.CBT-REV,14149500,2025-05-06 12:00:00,2025-05-07 02:00:00,15,-0.153,0.288,692.389,692.541
DEX,ELEV,DEX.Elev-Forebay.Inst.1Hour.0.CBT-REV,14149500,2025-05-07 04:00:00,2025-05-07 10:00:00,7,0.185,0.207,692.700,692.515
DEX,ELEV,DEX.Elev-Forebay.Inst.1Hour.0.CBT-REV,14149500,2025-05-07 18:00:00,2025-05-07 19:00:00,2,-0.118,0.120,692.510,692.628
DEX,ELEV,DEX.Elev-Forebay.Inst.1Hour.0.CBT-REV,14149500,2025-05-07 21:00:00,2025-05-07 21:00:00,1,-0.100,0.100,692.900,693.000
DEX,ELEV,DEX.Elev-Forebay.Inst.1Hour.0.CBT-REV,14149500,2025-05-07 23:00:00,2025-05-08 01:00:00,3,-0.143,0.158,693.303,693.446
DEX,ELEV,DEX.Elev-Forebay.Inst.1Hour.0.CBT-REV,14149500,2025-05-08 04:00:00,2025-05-08 10:00:00,7,0.253,0.335,692.633,692.380
DEX,ELEV,DEX.Elev-Forebay.Inst.1Hour.0.CBT-REV,14149500,2025-05-08 12:00:00,2025-05-09 11:00:00,24,0.006,0.449,692.511,692.505
DEX,ELEV,DEX.Elev-Forebay.Inst.1Hour.0.CBT-REV,14149500,2025-05-09 13:00:00,2025-05-09 17:00:00,5,-0.112,0.126,691.320,691.432
DEX,ELEV,DEX.Elev-Forebay.Inst.1Hour.0.CBT-REV,14149500,2025-05-10 01:00:00,2025-05-10 06:00:00,6,-0.114,0.139,691.783,691.897
DEX,ELEV,DEX.Elev-Forebay.Inst.1Hour.0.CBT-REV,14149500,2025-05-10 08:00:00,2025-05-10 11:00:00,4,0.225,0.229,691.622,691.397
DEX,ELEV,DEX.Elev-Forebay.Inst.1Hour.0.CBT-REV,14149500,2025-05-10 13:00:00,2025-05-10 18:00:00,6,-0.161,0.247,691.228,691.389
DEX,ELEV,DEX.Elev-Forebay.Inst.1Hour.0.CBT-REV,14149500,2025-05-11 01:00:00,2025-05-11 06:00:00,6,-0.126,0.137,691.918,692.044
DEX,ELEV,DEX.Elev-Forebay.Inst.1Hour.0.CBT-REV,14149500,2025-05-11 08:00:00,2025-05-11 11:00:00,4,0.228,0.268,691.885,691.657
DEX,ELEV,DEX.Elev-Forebay.Inst.1Hour.0.CBT-REV,14149500,2025-05-11 13:00:00,2025-05-11 17:00:00,5,-0.189,0.282,691.484,691.673
DEX,ELEV,DEX.Elev-Forebay.Inst.1Hour.0.CBT-REV,14149500,2025-05-12 01:00:00,2025-05-12 06:00:00,6,-0.152,0.252,692.297,692.449
DEX,ELEV,DEX.Elev-Forebay.Inst.1Hour.0.CBT-REV,14149500,2025-05-12 08:00:00,2025-05-12 11:00:00,4,0.220,0.254,692.305,692.085
DEX,ELEV,DEX.Elev-Forebay.Inst.1Hour.0.CBT-REV,14149500,2025-05-12 13:00:00,2025-05-12 14:00:00,2,-0.119,0.119,691.680,691.799
DEX,ELEV,DEX.Elev-Forebay.Inst.1Hour.0.CBT-REV,14149500,2025-05-12 16:00:00,2025-05-12 19:00:00,4,-0.237,0.423,692.233,692.469
DEX,ELEV,DEX.Elev-Forebay.Inst.1Hour.0.CBT-REV,14149500,2025-05-13 01:00:00,2025-05-13 05:00:00,5,-0.136,0.173,692.778,692.914
DEX,ELEV,DEX.Elev-Forebay.Inst.1Hour.0.CBT-REV,14149500,2025-05-13 08:00:00,2025-05-13 11:00:00,4,0.222,0.267,692.892,692.670
DEX,ELEV,DEX.Elev-Forebay.Inst.1Hour.0.CBT-REV,14149500,2025-05-13 13:00:00,2025-05-13 17:00:00,5,-0.147,0.183,692.514,692.661
DEX,ELEV,DEX.Elev-Forebay.Inst.1Hour.0.CBT-REV,14149500,2025-05-14 01:00:00,2025-05-14 06:00:00,6,-0.143,0.185,693.268,693.411
DEX,ELEV,DEX.Elev-Forebay.Inst.1Hour.0.CBT-REV,14149500,2025-05-14 08:00:00,2025-05-14 11:00:00,4,0.231,0.278,693.265,693.034
DEX,ELEV,DEX.Elev-Forebay.Inst.1Hour.0.CBT-REV,14149500,2025-05-14 13:00:00,2025-05-14 18:00:00,6,-0.144,0.207,692.927,693.071
DEX,ELEV,DEX.Elev-Forebay.Inst.1Hour.0.CBT-REV,14149500,2025-05-14 20:00:00,2025-05-14 20:00:00,1,-0.111,0.111,693.530,693.641
DEX,ELEV,DEX.Elev-Forebay.Inst.1Hour.0.CBT-REV,14149500,2025-05-15 01:00:00,2025-05-15 01:00:00,1,-0.102,0.102,693.380,693.482
DEX,ELEV,DEX.Elev-Forebay.Inst.1Hour.0.CBT-REV,14149500,2025-05-15 04:00:00,2025-05-15 04:00:00,1,-0.105,0.105,693.710,693.815
DEX,ELEV,DEX.Elev-Forebay.Inst.1Hour.0.CBT-REV,14149500,2025-05-15 07:00:00,2025-05-15 12:00:00,6,0.230,0.275,693.260,693.030
DEX,ELEV,DEX.Elev-Forebay.Inst.1Hour.0.CBT-REV,14149500,2025-05-15 18:00:00,2025-05-15 18:00:00,1,-0.100,0.100,692.760,692.860
DEX,ELEV,DEX.Elev-Forebay.Inst.1Hour.0.CBT-REV,14149500,2025-05-15 20:00:00,2025-05-15 20:00:00,1,-0.107,0.107,692.970,693.077
DEX,ELEV,DEX.Elev-Forebay.Inst.1Hour.0.CBT-REV,14149500,2025-05-15 22:00:00,2025-05-15 23:00:00,2,0.121,0.123,693.000,692.879
DEX,ELEV,DEX.Elev-Forebay.Inst.1Hour.0.CBT-REV,14149500,2025-05-16 07:00:00,2025-05-16 12:00:00,6,0.235,0.341,692.658,692.423
DEX,ELEV,DEX.Elev-Forebay.Inst.1Hour.0.CBT-REV,14149500,2025-05-17 03:00:00,2025-05-17 03:00:00,1,-0.106,0.106,692.830,692.936
DEX,ELEV,DEX.Elev-Forebay.Inst.1Hour.0.CBT-REV,14149500,2025-05-17 07:00:00,2025-05-17 11:00:00,5,0.233,0.265,692.724,692.491
DEX,ELEV,DEX.Elev-Forebay.Inst.1Hour.0.CBT-REV,14149500,2025-05-17 20:00:00,2025-05-17 20:00:00,1,-0.133,0.133,692.470,692.603
DEX,ELEV,DEX.Elev-Forebay.Inst.1Hour.0.CBT-REV,14149500,2025-05-17 23:00:00,2025-05-18 00:00:00,2,-0.216,0.275,692.580,692.796
DEX,ELEV,DEX.Elev-Forebay.Inst.1Hour.0.CBT-REV,14149500,2025-05-18 03:00:00,2025-05-18 04:00:00,2,-0.105,0.105,693.170,693.275
DEX,ELEV,DEX.Elev-Forebay.Inst.1Hour.0.CBT-REV,14149500,2025-05-18 07:00:00,2025-05-18 11:00:00,5,0.235,0.263,692.960,692.725
DEX,ELEV,DEX.Elev-Forebay.Inst.1Hour.0.CBT-REV,14149500,2025-05-19 02:00:00,2025-05-19 03:00:00,2,-0.146,0.167,693.155,693.301
DEX,ELEV,DEX.Elev-Forebay.Inst.1Hour.0.CBT-REV,14149500,2025-05-19 07:00:00,2025-05-19 11:00:00,5,0.419,0.851,693.238,692.819
DEX,ELEV,DEX.Elev-Forebay.Inst.1Hour.0.CBT-REV,14149500,2025-05-20 04:00:00,2025-05-20 06:00:00,3,-0.145,0.169,693.510,693.655
DEX,ELEV,DEX.Elev-Forebay.Inst.1Hour.0.CBT-REV,14149500,2025-05-20 08:00:00,2025-05-20 11:00:00,4,0.257,0.327,692.952,692.695
DEX,ELEV,DEX.Elev-Forebay.Inst.1Hour.0.CBT-REV,14149500,2025-05-20 14:00:00,2025-05-20 14:00:00,1,-0.102,0.102,692.110,692.212
DEX,ELEV,DEX.Elev-Forebay.Inst.1Hour.0.CBT-REV,14149500,2025-05-20 20:00:00,2025-05-20 20:00:00,1,-0.131,0.131,692.720,692.851
DEX,ELEV,DEX.Elev-Forebay.Inst.1Hour.0.CBT-REV,14149500,2025-05-21 00:00:00,2025-05-21 01:00:00,2,-0.145,0.158,692.970,693.115
DEX,ELEV,DEX.Elev-Forebay.Inst.1Hour.0.CBT-REV,14149500,2025-05-21 03:00:00,2025-05-21 11:00:00,9,0.124,0.465,693.254,693.131
DEX,ELEV,DEX.Elev-Forebay.Inst.1Hour.0.CBT-REV,14149500,2025-05-21 13:00:00,2025-05-21 13:00:00,1,-0.103,0.103,691.910,692.013
DEX,ELEV,DEX.Elev-Forebay.Inst.1Hour.0.CBT-REV,14149500,2025-05-21 23:00:00,2025-05-22 02:00:00,4,-0.145,0.237,692.947,693.093
DEX,ELEV,DEX.Elev-Forebay.Inst.1Hour.0.CBT-REV,14149500,2025-05-22 04:00:00,2025-05-22 05:00:00,2,-0.164,0.188,693.380,693.544
DEX,ELEV,DEX.Elev-Forebay.Inst.1Hour.0.CBT-REV,14149500,2025-05-22 07:00:00,2025-05-22 11:00:00,5,0.287,0.428,693.116,692.829
DEX,ELEV,DEX.Elev-Forebay.Inst.1Hour.0.CBT-REV,14149500,2025-05-22 13:00:00,2025-05-22 13:00:00,1,-0.113,0.113,691.930,692.043
DEX,ELEV,DEX.Elev-Forebay.Inst.1Hour.0.CBT-REV,14149500,2025-05-22 19:00:00,2025-05-22 19:00:00,1,-0.103,0.103,692.630,692.733
DEX,ELEV,DEX.Elev-Forebay.Inst.1Hour.0.CBT-REV,14149500,2025-05-22 21:00:00,2025-05-22 21:00:00,1,0.131,0.131,692.980,692.849
DEX,ELEV,DEX.Elev-Forebay.Inst.1Hour.0.CBT-REV,14149500,2025-05-23 03:00:00,2025-05-23 05:00:00,3,-0.218,0.249,693.240,693.457
DEX,ELEV,DEX.Elev-Forebay.Inst.1Hour.0.CBT-REV,14149500,2025-05-23 08:00:00,2025-05-23 08:00:00,1,0.118,0.118,693.660,693.542
DEX,ELEV,DEX.Elev-Forebay.Inst.1Hour.0.CBT-REV,14149500,2025-05-23 10:00:00,2025-05-23 11:00:00,2,0.120,0.127,693.330,693.210
DEX,ELEV,DEX.Elev-Forebay.Inst.1Hour.0.CBT-REV,14149500,2025-05-24 01:00:00,2025-05-24 04:00:00,4,-0.181,0.223,693.002,693.184
DEX,ELEV,DEX.Elev-Forebay.Inst.1Hour.0.CBT-REV,14149500,2025-05-24 15:00:00,2025-05-24 16:00:00,2,0.116,0.120,693.035,692.919
DEX,ELEV,DEX.Elev-Forebay.Inst.1Hour.0.CBT-REV,14149500,2025-05-25 01:00:00,2025-05-25 04:00:00,4,-0.182,0.234,693.017,693.199
DEX,ELEV,DEX.Elev-Forebay.Inst.1Hour.0.CBT-REV,14149500,2025-05-26 01:00:00,2025-05-26 03:00:00,3,-0.195,0.296,692.890,693.085
DEX,ELEV,DEX.Elev-Forebay.Inst.1Hour.0.CBT-REV,14149500,2025-05-26 08:00:00,2025-05-26 08:00:00,1,0.103,0.103,693.290,693.187
DEX,ELEV,DEX.Elev-Forebay.Inst.1Hour.0.CBT-REV,14149500,2025-05-27 01:00:00,2025-05-27 04:00:00,4,-0.177,0.235,692.933,693.110
DEX,ELEV,DEX.Elev-Forebay.Inst.1Hour.0.CBT-REV,14149500,2025-05-27 16:00:00,2025-05-27 23:00:00,8,0.180,0.251,692.536,692.356
DEX,ELEV,DEX.Elev-Forebay.Inst.1Hour.0.CBT-REV,14149500,2025-05-28 01:00:00,2025-05-28 06:00:00,6,-0.190,0.197,692.298,692.489
DEX,ELEV,DEX.Elev-Forebay.Inst.1Hour.0.CBT-REV,14149500,2025-05-28 17:00:00,2025-05-28 23:00:00,7,0.255,0.496,692.590,692.335
DEX,ELEV,DEX.Elev-Forebay.Inst.1Hour.0.CBT-REV,14149500,2025-05-29 01:00:00,2025-05-29 06:00:00,6,-0.234,0.415,692.307,692.541
DEX,ELEV,DEX.Elev-Forebay.Inst.1Hour.0.CBT-REV,14149500,2025-05-29 16:00:00,2025-05-29 23:00:00,8,0.161,0.247,692.685,692.524
DEX,ELEV,DEX.Elev-Forebay.Inst.1Hour.0.CBT-REV,14149500,2025-05-30 01:00:00,2025-05-30 06:00:00,6,-0.221,0.377,692.390,692.611
DEX,ELEV,DEX.Elev-Forebay.Inst.1Hour.0.CBT-REV,14149500,2025-05-30 08:00:00,2025-05-30 12:00:00,5,0.181,0.207,692.790,692.609
DEX,ELEV,DEX.Elev-Forebay.Inst.1Hour.0.CBT-REV,14149500,2025-05-31 00:00:00,2025-05-31 05:00:00,6,-0.192,0.236,692.867,693.058
DEX,ELEV,DEX.Elev-Forebay.Inst.1Hour.0.CBT-REV,14149500,2025-05-31 07:00:00,2025-05-31 16:00:00,10,0.175,0.236,692.662,692.486
DEX,ELEV,DEX.Elev-Forebay.Inst.1Hour.0.CBT-REV,14149500,2025-05-31 21:00:00,2025-05-31 22:00:00,2,0.118,0.123,691.840,691.722
DEX,ELEV,DEX.Elev-Forebay.Inst.1Hour.0.CBT-REV,14149500,2025-06-01 00:00:00,2025-06-01 12:00:00,13,-0.088,0.541,693.377,693.465
DEX,ELEV,DEX.Elev-Forebay.Inst.1Hour.0.CBT-REV,14149500,2025-06-01 14:00:00,2025-06-01 15:00:00,2,0.122,0.125,692.800,692.678
DEX,ELEV,DEX.Elev-Forebay.Inst.1Hour.0.CBT-REV,14149500,2025-06-02 00:00:00,2025-06-02 04:00:00,5,-0.227,0.302,693.726,693.953
DEX,ELEV,DEX.Elev-Forebay.Inst.1Hour.0.CBT-REV,14149500,2025-06-02 06:00:00,2025-06-02 16:00:00,11,0.179,0.249,693.545,693.367
DEX,ELEV,DEX.Elev-Forebay.Inst.1Hour.0.CBT-REV,14149500,2025-06-03 00:00:00,2025-06-03 04:00:00,5,-0.225,0.340,693.280,693.505
DEX,ELEV,DEX.Elev-Forebay.Inst.1Hour.0.CBT-REV,14149500,2025-06-03 06:00:00,2025-06-03 16:00:00,11,0.152,0.231,693.182,693.030
DEX,ELEV,DEX.Elev-Forebay.Inst.1Hour.0.CBT-REV,14149500,2025-06-04 00:00:00,2025-06-04 04:00:00,5,-0.328,0.535,693.144,693.472
DEX,ELEV,DEX.Elev-Forebay.Inst.1Hour.0.CBT-REV,14149500,2025-06-04 06:00:00,2025-06-04 15:00:00,10,0.148,0.218,693.287,693.139
DEX,ELEV,DEX.Elev-Forebay.Inst.1Hour.0.CBT-REV,14149500,2025-06-05 00:00:00,2025-06-05 04:00:00,5,-0.226,0.272,693.274,693.500
DEX,ELEV,DEX.Elev-Forebay.Inst.1Hour.0.CBT-REV,14149500,2025-06-05 06:00:00,2025-06-05 15:00:00,10,0.145,0.232,693.314,693.169
DEX,ELEV,DEX.Elev-Forebay.Inst.1Hour.0.CBT-REV,14149500,2025-06-06 00:00:00,2025-06-06 04:00:00,5,-0.219,0.276,693.308,693.527
DEX,ELEV,DEX.Elev-Forebay.Inst.1Hour.0.CBT-REV,14149500,2025-06-06 06:00:00,2025-06-06 12:00:00,7,0.142,0.174,693.619,693.477
DEX,ELEV,DEX.Elev-Forebay.Inst.1Hour.0.CBT-REV,14149500,2025-06-06 16:00:00,2025-06-06 16:00:00,1,-0.172,0.172,692.920,693.092
DEX,ELEV,DEX.Elev-Forebay.Inst.1Hour.0.CBT-REV,14149500,2025-06-07 08:00:00,2025-06-07 09:00:00,2,0.112,0.120,693.480,693.368
DEX,ELEV,DEX.Elev-Forebay.Inst.1Hour.0.CBT-REV,14149500,2025-06-07 11:00:00,2025-06-07 12:00:00,2,0.101,0.101,693.050,692.949
DEX,ELEV,DEX.Elev-Forebay.Inst.1Hour.0.CBT-REV,14149500,2025-06-07 14:00:00,2025-06-07 14:00:00,1,-0.116,0.116,692.870,692.986
DEX,ELEV,DEX.Elev-Forebay.Inst.1Hour.0.CBT-REV,14149500,2025-06-07 19:00:00,2025-06-07 21:00:00,3,-0.115,0.132,693.203,693.318
DEX,ELEV,DEX.Elev-Forebay.Inst.1Hour.0.CBT-REV,14149500,2025-06-07 23:00:00,2025-06-08 02:00:00,4,-0.140,0.250,693.835,693.975
DEX,ELEV,DEX.Elev-Forebay.Inst.1Hour.0.CBT-REV,14149500,2025-06-08 14:00:00,2025-06-08 14:00:00,1,0.165,0.165,693.330,693.165
DEX,ELEV,DEX.Elev-Forebay.Inst.1Hour.0.CBT-REV,14149500,2025-06-08 21:00:00,2025-06-09 03:00:00,7,-0.149,0.208,693.307,693.456
DEX,ELEV,DEX.Elev-Forebay.Inst.1Hour.0.CBT-REV,14149500,2025-06-09 16:00:00,2025-06-09 16:00:00,1,0.145,0.145,693.120,692.975
DEX,ELEV,DEX.Elev-Forebay.Inst.1Hour.0.CBT-REV,14149500,2025-06-09 21:00:00,2025-06-10 03:00:00,7,-0.168,0.288,693.377,693.545
DEX,ELEV,DEX.Elev-Forebay.Inst.1Hour.0.CBT-REV,14149500,2025-06-10 20:00:00,2025-06-10 20:00:00,1,0.106,0.106,692.550,692.444
DEX,ELEV,DEX.Elev-Forebay.Inst.1Hour.0.CBT-REV,14149500,2025-06-10 23:00:00,2025-06-10 23:00:00,1,-0.108,0.108,692.550,692.657
DEX,ELEV,DEX.Elev-Forebay.Inst.1Hour.0.CBT-REV,14149500,2025-06-11 01:00:00,2025-06-11 02:00:00,2,-0.161,0.193,692.885,693.046
DEX,ELEV,DEX.Elev-Forebay.Inst.1Hour.0.CBT-REV,14149500,2025-06-11 16:00:00,2025-06-11 19:00:00,4,0.109,0.122,692.132,692.023
DEX,ELEV,DEX.Elev-Forebay.Inst.1Hour.0.CBT-REV,14149500,2025-06-11 22:00:00,2025-06-11 22:00:00,1,-0.104,0.104,691.650,691.754
DEX,ELEV,DEX.Elev-Forebay.Inst.1Hour.0.CBT-REV,14149500,2025-06-12 00:00:00,2025-06-12 02:00:00,3,-0.147,0.159,692.070,692.217
DEX,ELEV,DEX.Elev-Forebay.Inst.1Hour.0.CBT-REV,14149500,2025-06-12 11:00:00,2025-06-12 11:00:00,1,0.103,0.103,692.010,691.907
DEX,ELEV,DEX.Elev-Forebay.Inst.1Hour.0.CBT-REV,14149500,2025-06-12 22:00:00,2025-06-13 02:00:00,5,-0.138,0.148,691.800,691.938
DEX,ELEV,DEX.Elev-Forebay.Inst.1Hour.0.CBT-REV,14149500,2025-06-13 23:00:00,2025-06-14 03:00:00,5,-0.136,0.141,691.852,691.988
DEX,ELEV,DEX.Elev-Forebay.Inst.1Hour.0.CBT-REV,14149500,2025-06-14 23:00:00,2025-06-15 03:00:00,5,-0.148,0.173,691.974,692.121
DEX,ELEV,DEX.Elev-Forebay.Inst.1Hour.0.CBT-REV,14149500,2025-06-15 05:00:00,2025-06-15 05:00:00,1,0.102,0.102,692.640,692.538
DEX,ELEV,DEX.Elev-Forebay.Inst.1Hour.0.CBT-REV,14149500,2025-06-15 23:00:00,2025-06-16 03:00:00,5,-0.163,0.177,692.098,692.261
DEX,ELEV,DEX.Elev-Forebay.Inst.1Hour.0.CBT-REV,14149500,2025-06-16 17:00:00,2025-06-16 17:00:00,1,-0.137,0.137,692.220,692.357
DEX,ELEV,DEX.Elev-Forebay.Inst.1Hour.0.CBT-REV,14149500,2025-06-17 00:00:00,2025-06-17 02:00:00,3,-0.460,0.656,692.210,692.670
DEX,ELEV,DEX.Elev-Forebay.Inst.1Hour.0.CBT-REV,14149500,2025-06-17 23:00:00,2025-06-18 04:00:00,6,-0.142,0.155,692.498,692.640
DEX,ELEV,DEX.Elev-Forebay.Inst.1Hour.0.CBT-REV,14149500,2025-06-18 19:00:00,2025-06-19 03:00:00,9,-0.002,0.247,692.429,692.431
DEX,ELEV,DEX.Elev-Forebay.Inst.1Hour.0.CBT-REV,14149500,2025-06-19 23:00:00,2025-06-20 04:00:00,6,-0.337,0.577,692.563,692.900
DEX,ELEV,DEX.Elev-Forebay.Inst.1Hour.0.CBT-REV,14149500,2025-06-20 07:00:00,2025-06-20 07:00:00,1,0.128,0.128,693.250,693.122
DEX,ELEV,DEX.Elev-Forebay.Inst.1Hour.0.CBT-REV,14149500,2025-06-21 00:00:00,2025-06-21 03:00:00,4,-0.142,0.153,692.687,692.830
DEX,ELEV,DEX.Elev-Forebay.Inst.1Hour.0.CBT-REV,14149500,2025-06-22 00:00:00,2025-06-22 03:00:00,4,-0.145,0.202,692.635,692.780
DEX,ELEV,DEX.Elev-Forebay.Inst.1Hour.0.CBT-REV,14149500,2025-06-23 00:00:00,2025-06-23 03:00:00,4,-0.139,0.144,692.587,692.726
DEX,ELEV,DEX.Elev-Forebay.Inst.1Hour.0.CBT-REV,14149500,2025-06-23 23:00:00,2025-06-24 03:00:00,5,-0.238,0.307,692.586,692.824
DEX,ELEV,DEX.Elev-Forebay.Inst.1Hour.0.CBT-REV,14149500,2025-06-24 23:00:00,2025-06-25 03:00:00,5,-0.144,0.170,692.882,693.026
DEX,ELEV,DEX.Elev-Forebay.Inst.1Hour.0.CBT-REV,14149500,2025-06-25 23:00:00,2025-06-26 03:00:00,5,-0.134,0.137,693.052,693.186
DEX,ELEV,DEX.Elev-Forebay.Inst.1Hour.0.CBT-REV,14149500,2025-06-26 23:00:00,2025-06-27 03:00:00,5,-0.132,0.143,693.144,693.276
DEX,ELEV,DEX.Elev-Forebay.Inst.1Hour.0.CBT-REV,14149500,2025-06-27 12:00:00,2025-06-27 12:00:00,1,0.123,0.123,693.380,693.257
DEX,ELEV,DEX.Elev-Forebay.Inst.1Hour.0.CBT-REV,14149500,2025-06-28 01:00:00,2025-06-28 04:00:00,4,-0.240,0.285,693.015,693.255
DEX,ELEV,DEX.Elev-Forebay.Inst.1Hour.0.CBT-REV,14149500,2025-06-28 17:00:00,2025-06-28 17:00:00,1,-0.128,0.128,692.480,692.608
DEX,ELEV,DEX.Elev-Forebay.Inst.1Hour.0.CBT-REV,14149500,2025-06-28 19:00:00,2025-06-28 21:00:00,3,0.197,0.232,692.497,692.299
DEX,ELEV,DEX.Elev-Forebay.Inst.1Hour.0.CBT-REV,14149500,2025-06-28 23:00:00,2025-06-29 04:00:00,6,-0.257,0.353,692.780,693.037
DEX,ELEV,DEX.Elev-Forebay.Inst.1Hour.0.CBT-REV,14149500,2025-06-29 08:00:00,2025-06-29 08:00:00,1,0.118,0.118,693.720,693.602
DEX,ELEV,DEX.Elev-Forebay.Inst.1Hour.0.CBT-REV,14149500,2025-06-29 10:00:00,2025-06-29 10:00:00,1,0.106,0.106,693.510,693.404
DEX,ELEV,DEX.Elev-Forebay.Inst.1Hour.0.CBT-REV,14149500,2025-06-29 14:00:00,2025-06-29 15:00:00,2,0.124,0.131,693.075,692.951
DEX,ELEV,DEX.Elev-Forebay.Inst.1Hour.0.CBT-REV,14149500,2025-06-29 18:00:00,2025-06-29 18:00:00,1,0.126,0.126,692.720,692.594
DEX,ELEV,DEX.Elev-Forebay.Inst.1Hour.0.CBT-REV,14149500,2025-06-29 20:00:00,2025-06-29 21:00:00,2,0.200,0.232,692.530,692.330
DEX,ELEV,DEX.Elev-Forebay.Inst.1Hour.0.CBT-REV,14149500,2025-06-29 23:00:00,2025-06-30 04:00:00,6,-0.216,0.421,692.925,693.141
DEX,ELEV,DEX.Elev-Forebay.Inst.1Hour.0.CBT-REV,14149500,2025-06-30 14:00:00,2025-06-30 17:00:00,4,0.119,0.127,693.065,692.946
DEX,ELEV,DEX.Elev-Forebay.Inst.1Hour.0.CBT-REV,14149500,2025-06-30 23:00:00,2025-07-01 04:00:00,6,-0.205,0.276,693.037,693.241
DEX,ELEV,DEX.Elev-Forebay.Inst.1Hour.0.CBT-REV,14149500,2025-07-01 19:00:00,2025-07-01 19:00:00,1,0.103,0.103,692.760,692.657
DEX,ELEV,DEX.Elev-Forebay.Inst.1Hour.0.CBT-REV,14149500,2025-07-01 23:00:00,2025-07-02 04:00:00,6,-0.203,0.347,693.095,693.298
DEX,ELEV,DEX.Elev-Forebay.Inst.1Hour.0.CBT-REV,14149500,2025-07-02 13:00:00,2025-07-02 13:00:00,1,0.123,0.123,693.460,693.337
DEX,ELEV,DEX.Elev-Forebay.Inst.1Hour.0.CBT-REV,14149500,2025-07-02 15:00:00,2025-07-02 15:00:00,1,0.102,0.102,693.210,693.108
DEX,ELEV,DEX.Elev-Forebay.Inst.1Hour.0.CBT-REV,14149500,2025-07-02 20:00:00,2025-07-02 21:00:00,2,0.185,0.245,692.650,692.465
DEX,ELEV,DEX.Elev-Forebay.Inst.1Hour.0.CBT-REV,14149500,2025-07-02 23:00:00,2025-07-03 04:00:00,6,-0.341,0.582,692.855,693.196
DEX,ELEV,DEX.Elev-Forebay.Inst.1Hour.0.CBT-REV,14149500,2025-07-03 06:00:00,2025-07-03 06:00:00,1,0.125,0.125,693.990,693.865
DEX,ELEV,DEX.Elev-Forebay.Inst.1Hour.0.CBT-REV,14149500,2025-07-03 08:00:00,2025-07-03 08:00:00,1,0.145,0.145,693.770,693.625
DEX,ELEV,DEX.Elev-Forebay.Inst.1Hour.0.CBT-REV,14149500,2025-07-03 10:00:00,2025-07-03 10:00:00,1,0.135,0.135,693.520,693.385
DEX,ELEV,DEX.Elev-Forebay.Inst.1Hour.0.CBT-REV,14149500,2025-07-03 13:00:00,2025-07-03 13:00:00,1,0.105,0.105,693.130,693.025
DEX,ELEV,DEX.Elev-Forebay.Inst.1Hour.0.CBT-REV,14149500,2025-07-03 16:00:00,2025-07-03 16:00:00,1,0.165,0.165,692.840,692.675
DEX,ELEV,DEX.Elev-Forebay.Inst.1Hour.0.CBT-REV,14149500,2025-07-03 23:00:00,2025-07-03 23:00:00,1,-0.101,0.101,692.110,692.211
DEX,ELEV,DEX.Elev-Forebay.Inst.1Hour.0.CBT-REV,14149500,2025-07-04 01:00:00,2025-07-04 04:00:00,4,-0.239,0.268,692.915,693.154
DEX,ELEV,DEX.Elev-Forebay.Inst.1Hour.0.CBT-REV,14149500,2025-07-04 07:00:00,2025-07-04 07:00:00,1,0.145,0.145,693.560,693.415
DEX,ELEV,DEX.Elev-Forebay.Inst.1Hour.0.CBT-REV,14149500,2025-07-04 10:00:00,2025-07-04 10:00:00,1,0.125,0.125,693.180,693.055
DEX,ELEV,DEX.Elev-Forebay.Inst.1Hour.0.CBT-REV,14149500,2025-07-04 14:00:00,2025-07-04 14:00:00,1,0.105,0.105,692.680,692.575
DEX,ELEV,DEX.Elev-Forebay.Inst.1Hour.0.CBT-REV,14149500,2025-07-04 16:00:00,2025-07-04 17:00:00,2,0.160,0.183,692.440,692.280
DEX,ELEV,DEX.Elev-Forebay.Inst.1Hour.0.CBT-REV,14149500,2025-07-04 23:00:00,2025-07-05 04:00:00,6,-0.233,0.362,692.398,692.632
DEX,ELEV,DEX.Elev-Forebay.Inst.1Hour.0.CBT-REV,14149500,2025-07-05 07:00:00,2025-07-05 07:00:00,1,0.134,0.134,693.400,693.266
DEX,ELEV,DEX.Elev-Forebay.Inst.1Hour.0.CBT-REV,14149500,2025-07-05 23:00:00,2025-07-06 04:00:00,6,-0.243,0.353,692.368,692.611
DEX,ELEV,DEX.Elev-Forebay.Inst.1Hour.0.CBT-REV,14149500,2025-07-06 14:00:00,2025-07-06 15:00:00,2,0.130,0.131,692.565,692.435
DEX,ELEV,DEX.Elev-Forebay.Inst.1Hour.0.CBT-REV,14149500,2025-07-06 17:00:00,2025-07-06 17:00:00,1,0.189,0.189,692.360,692.171
DEX,ELEV,DEX.Elev-Forebay.Inst.1Hour.0.CBT-REV,14149500,2025-07-06 20:00:00,2025-07-06 21:00:00,2,0.130,0.140,691.915,691.785
DEX,ELEV,DEX.Elev-Forebay.Inst.1Hour.0.CBT-REV,14149500,2025-07-07 00:00:00,2025-07-07 00:00:00,1,-0.105,0.105,691.940,692.045
DEX,ELEV,DEX.Elev-Forebay.Inst.1Hour.0.CBT-REV,14149500,2025-07-07 02:00:00,2025-07-07 04:00:00,3,-0.284,0.312,692.800,693.084
DEX,ELEV,DEX.Elev-Forebay.Inst.1Hour.0.CBT-REV,14149500,2025-07-07 11:00:00,2025-07-07 11:00:00,1,0.192,0.192,692.970,692.778
DEX,ELEV,DEX.Elev-Forebay.Inst.1Hour.0.CBT-REV,14149500,2025-07-07 16:00:00,2025-07-07 16:00:00,1,0.109,0.109,692.340,692.231
DEX,ELEV,DEX.Elev-Forebay.Inst.1Hour.0.CBT-REV,14149500,2025-07-07 18:00:00,2025-07-07 18:00:00,1,0.136,0.136,692.150,692.014
DEX,ELEV,DEX.Elev-Forebay.Inst.1Hour.0.CBT-REV,14149500,2025-07-07 21:00:00,2025-07-07 21:00:00,1,0.120,0.120,691.800,691.680
DEX,ELEV,DEX.Elev-Forebay.Inst.1Hour.0.CBT-REV,14149500,2025-07-07 23:00:00,2025-07-08 04:00:00,6,-0.242,0.373,692.305,692.547
DEX,ELEV,DEX.Elev-Forebay.Inst.1Hour.0.CBT-REV,14149500,2025-07-08 20:00:00,2025-07-08 20:00:00,1,0.112,0.112,691.850,691.738
DEX,ELEV,DEX.Elev-Forebay.Inst.1Hour.0.CBT-REV,14149500,2025-07-09 00:00:00,2025-07-09 04:00:00,5,-0.301,0.608,692.326,692.627
DEX,ELEV,DEX.Elev-Forebay.Inst.1Hour.0.CBT-REV,14149500,2025-07-09 06:00:00,2025-07-09 06:00:00,1,0.156,0.156,693.390,693.234
DEX,ELEV,DEX.Elev-Forebay.Inst.1Hour.0.CBT-REV,14149500,2025-07-09 17:00:00,2025-07-09 17:00:00,1,0.105,0.105,692.110,692.005
DEX,ELEV,DEX.Elev-Forebay.Inst.1Hour.0.CBT-REV,14149500,2025-07-09 20:00:00,2025-07-09 20:00:00,1,0.145,0.145,691.810,691.665
DEX,ELEV,DEX.Elev-Forebay.Inst.1Hour.0.CBT-REV,14149500,2025-07-09 23:00:00,2025-07-10 04:00:00,6,-0.203,0.292,692.222,692.425
DEX,ELEV,DEX.Elev-Forebay.Inst.1Hour.0.CBT-REV,14149500,2025-07-10 07:00:00,2025-07-10 07:00:00,1,0.110,0.110,693.180,693.070
DEX,ELEV,DEX.Elev-Forebay.Inst.1Hour.0.CBT-REV,14149500,2025-07-10 19:00:00,2025-07-10 19:00:00,1,0.135,0.135,691.860,691.725
DEX,ELEV,DEX.Elev-Forebay.Inst.1Hour.0.CBT-REV,14149500,2025-07-10 23:00:00,2025-07-11 04:00:00,6,-0.244,0.439,692.093,692.338
DEX,ELEV,DEX.Elev-Forebay.Inst.1Hour.0.CBT-REV,14149500,2025-07-11 06:00:00,2025-07-11 06:00:00,1,0.117,0.117,693.200,693.083
DEX,ELEV,DEX.Elev-Forebay.Inst.1Hour.0.CBT-REV,14149500,2025-07-11 09:00:00,2025-07-11 09:00:00,1,0.123,0.123,692.860,692.737
DEX,ELEV,DEX.Elev-Forebay.Inst.1Hour.0.CBT-REV,14149500,2025-07-11 18:00:00,2025-07-11 20:00:00,3,0.114,0.122,691.707,691.592
DEX,ELEV,DEX.Elev-Forebay.Inst.1Hour.0.CBT-REV,14149500,2025-07-11 23:00:00,2025-07-12 04:00:00,6,-0.233,0.374,691.975,692.208
DEX,ELEV,DEX.Elev-Forebay.Inst.1Hour.0.CBT-REV,14149500,2025-07-12 12:00:00,2025-07-12 12:00:00,1,0.127,0.127,692.520,692.392
DEX,ELEV,DEX.Elev-Forebay.Inst.1Hour.0.CBT-REV,14149500,2025-07-12 21:00:00,2025-07-13 05:00:00,9,-0.123,0.142,692.403,692.526
DEX,ELEV,DEX.Elev-Forebay.Inst.1Hour.0.CBT-REV,14149500,2025-07-13 15:00:00,2025-07-13 16:00:00,2,0.113,0.122,692.330,692.217
DEX,ELEV,DEX.Elev-Forebay.Inst.1Hour.0.CBT-REV,14149500,2025-07-13 21:00:00,2025-07-14 05:00:00,9,-0.133,0.221,692.532,692.665
DEX,ELEV,DEX.Elev-Forebay.Inst.1Hour.0.CBT-REV,14149500,2025-07-14 18:00:00,2025-07-14 19:00:00,2,0.155,0.165,692.145,691.990
DEX,ELEV,DEX.Elev-Forebay.Inst.1Hour.0.CBT-REV,14149500,2025-07-14 21:00:00,2025-07-15 05:00:00,9,-0.137,0.289,692.597,692.734
DEX,ELEV,DEX.Elev-Forebay.Inst.1Hour.0.CBT-REV,14149500,2025-07-15 17:00:00,2025-07-15 17:00:00,1,0.101,0.101,692.270,692.169
DEX,ELEV,DEX.Elev-Forebay.Inst.1Hour.0.CBT-REV,14149500,2025-07-15 19:00:00,2025-07-15 19:00:00,1,0.106,0.106,692.040,691.934
DEX,ELEV,DEX.Elev-Forebay.Inst.1Hour.0.CBT-REV,14149500,2025-07-15 21:00:00,2025-07-16 05:00:00,9,-0.110,0.138,692.592,692.703
DEX,ELEV,DEX.Elev-Forebay.Inst.1Hour.0.CBT-REV,14149500,2025-07-16 07:00:00,2025-07-16 07:00:00,1,0.115,0.115,693.300,693.185
DEX,ELEV,DEX.Elev-Forebay.Inst.1Hour.0.CBT-REV,14149500,2025-07-16 10:00:00,2025-07-16 10:00:00,1,0.105,0.105,692.930,692.825
DEX,ELEV,DEX.Elev-Forebay.Inst.1Hour.0.CBT-REV,14149500,2025-07-16 13:00:00,2025-07-16 13:00:00,1,0.144,0.144,692.610,692.466
DEX,ELEV,DEX.Elev-Forebay.Inst.1Hour.0.CBT-REV,14149500,2025-07-16 15:00:00,2025-07-16 15:00:00,1,0.105,0.105,692.340,692.235
DEX,ELEV,DEX.Elev-Forebay.Inst.1Hour.0.CBT-REV,14149500,2025-07-16 17:00:00,2025-07-17 05:00:00,13,0.070,0.455,692.378,692.309
DEX,ELEV,DEX.Elev-Forebay.Inst.1Hour.0.CBT-REV,14149500,2025-07-17 12:00:00,2025-07-17 12:00:00,1,0.136,0.136,692.550,692.414
DEX,ELEV,DEX.Elev-Forebay.Inst.1Hour.0.CBT-REV,14149500,2025-07-17 22:00:00,2025-07-18 05:00:00,8,-0.142,0.203,692.482,692.624
DEX,ELEV,DEX.Elev-Forebay.Inst.1Hour.0.CBT-REV,14149500,2025-07-18 12:00:00,2025-07-18 14:00:00,3,0.139,0.153,692.487,692.348
DEX,ELEV,DEX.Elev-Forebay.Inst.1Hour.0.CBT-REV,14149500,2025-07-19 07:00:00,2025-07-19 13:00:00,7,0.136,0.168,692.587,692.451
DEX,ELEV,DEX.Elev-Forebay.Inst.1Hour.0.CBT-REV,14149500,2025-07-20 07:00:00,2025-07-20 13:00:00,7,0.141,0.164,692.399,692.258
DEX,ELEV,DEX.Elev-Forebay.Inst.1Hour.0.CBT-REV,14149500,2025-07-20 19:00:00,2025-07-20 19:00:00,1,-0.108,0.108,691.950,692.058
DEX,ELEV,DEX.Elev-Forebay.Inst.1Hour.0.CBT-REV,14149500,2025-07-21 07:00:00,2025-07-21 13:00:00,7,0.286,0.505,692.367,692.081
DEX,ELEV,DEX.Elev-Forebay.Inst.1Hour.0.CBT-REV,14149500,2025-07-22 00:00:00,2025-07-22 07:00:00,8,-0.267,0.492,693.076,693.343
DEX,ELEV,DEX.Elev-Forebay.Inst.1Hour.0.CBT-REV,14149500,2025-07-22 09:00:00,2025-07-22 09:00:00,1,0.101,0.101,693.650,693.549
DEX,ELEV,DEX.Elev-Forebay.Inst.1Hour.0.CBT-REV,14149500,2025-07-22 11:00:00,2025-07-22 14:00:00,4,0.136,0.158,693.072,692.936
DEX,ELEV,DEX.Elev-Forebay.Inst.1Hour.0.CBT-REV,14149500,2025-07-23 02:00:00,2025-07-23 02:00:00,1,-0.108,0.108,693.710,693.818
DEX,ELEV,DEX.Elev-Forebay.Inst.1Hour.0.CBT-REV,14149500,2025-07-23 07:00:00,2025-07-23 07:00:00,1,0.123,0.123,693.980,693.857
DEX,ELEV,DEX.Elev-Forebay.Inst.1Hour.0.CBT-REV,14149500,2025-07-23 10:00:00,2025-07-23 13:00:00,4,0.137,0.165,693.165,693.028
DEX,ELEV,DEX.Elev-Forebay.Inst.1Hour.0.CBT-REV,14149500,2025-07-24 08:00:00,2025-07-24 09:00:00,2,0.128,0.155,693.590,693.462
DEX,ELEV,DEX.Elev-Forebay.Inst.1Hour.0.CBT-REV,14149500,2025-07-24 11:00:00,2025-07-24 13:00:00,3,0.158,0.223,692.977,692.818
DEX,ELEV,DEX.Elev-Forebay.Inst.1Hour.0.CBT-REV,14149500,2025-07-25 02:00:00,2025-07-25 02:00:00,1,-0.106,0.106,693.520,693.626
DEX,ELEV,DEX.Elev-Forebay.Inst.1Hour.0.CBT-REV,14149500,2025-07-25 05:00:00,2025-07-25 05:00:00,1,-0.108,0.108,693.770,693.878
DEX,ELEV,DEX.Elev-Forebay.Inst.1Hour.0.CBT-REV,14149500,2025-07-25 07:00:00,2025-07-25 10:00:00,4,0.155,0.228,693.537,693.383
DEX,ELEV,DEX.Elev-Forebay.Inst.1Hour.0.CBT-REV,14149500,2025-07-25 12:00:00,2025-07-25 13:00:00,2,0.132,0.134,692.780,692.648
DEX,ELEV,DEX.Elev-Forebay.Inst.1Hour.0.CBT-REV,14149500,2025-07-26 01:00:00,2025-07-26 01:00:00,1,-0.102,0.102,693.450,693.552
DEX,ELEV,DEX.Elev-Forebay.Inst.1Hour.0.CBT-REV,14149500,2025-07-26 05:00:00,2025-07-26 05:00:00,1,-0.115,0.115,693.810,693.925
DEX,ELEV,DEX.Elev-Forebay.Inst.1Hour.0.CBT-REV,14149500,2025-07-26 07:00:00,2025-07-26 13:00:00,7,0.163,0.225,693.320,693.157
DEX,ELEV,DEX.Elev-Forebay.Inst.1Hour.0.CBT-REV,14149500,2025-07-27 07:00:00,2025-07-27 13:00:00,7,0.135,0.160,693.366,693.230
DEX,ELEV,DEX.Elev-Forebay.Inst.1Hour.0.CBT-REV,14149500,2025-07-28 07:00:00,2025-07-28 13:00:00,7,0.130,0.135,693.403,693.273
DEX,ELEV,DEX.Elev-Forebay.Inst.1Hour.0.CBT-REV,14149500,2025-07-29 07:00:00,2025-07-29 13:00:00,7,0.142,0.163,693.409,693.266
DEX,ELEV,DEX.Elev-Forebay.Inst.1Hour.0.CBT-REV,14149500,2025-07-30 07:00:00,2025-07-30 13:00:00,7,0.138,0.167,693.500,693.362
DEX,ELEV,DEX.Elev-Forebay.Inst.1Hour.0.CBT-REV,14149500,2025-07-31 07:00:00,2025-07-31 13:00:00,7,0.147,0.227,693.629,693.482
DEX,ELEV,DEX.Elev-Forebay.Inst.1Hour.0.CBT-REV,14149500,2025-08-01 07:00:00,2025-08-01 17:00:00,11,0.143,0.218,693.288,693.145
DEX,ELEV,DEX.Elev-Forebay.Inst.1Hour.0.CBT-REV,14149500,2025-08-02 01:00:00,2025-08-02 04:00:00,4,-0.234,0.263,693.350,693.584
DEX,ELEV,DEX.Elev-Forebay.Inst.1Hour.0.CBT-REV,14149500,2025-08-02 06:00:00,2025-08-02 17:00:00,12,0.140,0.217,692.960,692.820
DEX,ELEV,DEX.Elev-Forebay.Inst.1Hour.0.CBT-REV,14149500,2025-08-03 01:00:00,2025-08-03 04:00:00,4,-0.250,0.268,692.905,693.155
DEX,ELEV,DEX.Elev-Forebay.Inst.1Hour.0.CBT-REV,14149500,2025-08-03 06:00:00,2025-08-03 18:00:00,13,0.158,0.257,692.464,692.306
DEX,ELEV,DEX.Elev-Forebay.Inst.1Hour.0.CBT-REV,14149500,2025-08-04 01:00:00,2025-08-04 05:00:00,5,-0.303,0.408,692.666,692.968
DEX,ELEV,DEX.Elev-Forebay.Inst.1Hour.0.CBT-REV,14149500,2025-08-04 07:00:00,2025-08-04 15:00:00,9,0.140,0.190,692.843,692.703
DEX,ELEV,DEX.Elev-Forebay.Inst.1Hour.0.CBT-REV,14149500,2025-08-04 17:00:00,2025-08-04 17:00:00,1,0.221,0.221,691.830,691.609
DEX,ELEV,DEX.Elev-Forebay.Inst.1Hour.0.CBT-REV,14149500,2025-08-05 01:00:00,2025-08-05 05:00:00,5,-0.240,0.280,692.930,693.170
DEX,ELEV,DEX.Elev-Forebay.Inst.1Hour.0.CBT-REV,14149500,2025-08-05 07:00:00,2025-08-05 13:00:00,7,0.126,0.132,693.204,693.078
DEX,ELEV,DEX.Elev-Forebay.Inst.1Hour.0.CBT-REV,14149500,2025-08-05 15:00:00,2025-08-05 15:00:00,1,0.125,0.125,692.290,692.165
DEX,ELEV,DEX.Elev-Forebay.Inst.1Hour.0.CBT-REV,14149500,2025-08-05 19:00:00,2025-08-05 20:00:00,2,-0.148,0.185,691.755,691.903
DEX,ELEV,DEX.Elev-Forebay.Inst.1Hour.0.CBT-REV,14149500,2025-08-06 01:00:00,2025-08-06 05:00:00,5,-0.269,0.354,693.116,693.385
DEX,ELEV,DEX.Elev-Forebay.Inst.1Hour.0.CBT-REV,14149500,2025-08-06 07:00:00,2025-08-06 17:00:00,11,0.135,0.160,693.068,692.934
DEX,ELEV,DEX.Elev-Forebay.Inst.1Hour.0.CBT-REV,14149500,2025-08-07 01:00:00,2025-08-07 05:00:00,5,-0.259,0.285,693.390,693.649
DEX,ELEV,DEX.Elev-Forebay.Inst.1Hour.0.CBT-REV,14149500,2025-08-07 07:00:00,2025-08-07 17:00:00,11,0.136,0.184,693.343,693.207
DEX,ELEV,DEX.Elev-Forebay.Inst.1Hour.0.CBT-REV,14149500,2025-08-08 01:00:00,2025-08-08 05:00:00,5,-0.267,0.347,693.610,693.877
DEX,ELEV,DEX.Elev-Forebay.Inst.1Hour.0.CBT-REV,14149500,2025-08-08 07:00:00,2025-08-08 17:00:00,11,0.137,0.167,693.552,693.414
DEX,ELEV,DEX.Elev-Forebay.Inst.1Hour.0.CBT-REV,14149500,2025-08-08 21:00:00,2025-08-08 21:00:00,1,-0.114,0.114,692.330,692.444
DEX,ELEV,DEX.Elev-Forebay.Inst.1Hour.0.CBT-REV,14149500,2025-08-09 01:00:00,2025-08-09 05:00:00,5,-0.243,0.334,693.528,693.771
DEX,ELEV,DEX.Elev-Forebay.Inst.1Hour.0.CBT-REV,14149500,2025-08-09 07:00:00,2025-08-09 19:00:00,13,0.144,0.191,693.258,693.114
DEX,ELEV,DEX.Elev-Forebay.Inst.1Hour.0.CBT-REV,14149500,2025-08-10 01:00:00,2025-08-10 05:00:00,5,-0.255,0.281,693.136,693.391
DEX,ELEV,DEX.Elev-Forebay.Inst.1Hour.0.CBT-REV,14149500,2025-08-10 07:00:00,2025-08-10 19:00:00,13,0.130,0.163,692.879,692.749
DEX,ELEV,DEX.Elev-Forebay.Inst.1Hour.0.CBT-REV,14149500,2025-08-11 01:00:00,2025-08-11 05:00:00,5,-0.253,0.337,692.804,693.056
DEX,ELEV,DEX.Elev-Forebay.Inst.1Hour.0.CBT-REV,14149500,2025-08-11 07:00:00,2025-08-11 14:00:00,8,0.146,0.200,693.039,692.892
DEX,ELEV,DEX.Elev-Forebay.Inst.1Hour.0.CBT-REV,14149500,2025-08-19 12:00:00,2025-08-19 12:00:00,1,-0.120,0.120,692.520,692.640
DEX,ELEV,DEX.Elev-Forebay.Inst.1Hour.0.CBT-REV,14149500,2025-08-23 06:00:00,2025-08-23 20:00:00,15,0.135,0.173,691.817,691.681
DEX,ELEV,DEX.Elev-Forebay.Inst.1Hour.0.CBT-REV,14149500,2025-08-23 22:00:00,2025-08-24 04:00:00,7,-0.296,0.357,691.533,691.829
DEX,ELEV,DEX.Elev-Forebay.Inst.1Hour.0.CBT-REV,14149500,2025-08-24 06:00:00,2025-08-24 20:00:00,15,0.187,0.467,691.841,691.655
DEX,ELEV,DEX.Elev-Forebay.Inst.1Hour.0.CBT-REV,14149500,2025-08-24 22:00:00,2025-08-25 04:00:00,7,-0.340,0.557,691.531,691.871
DEX,ELEV,DEX.Elev-Forebay.Inst.1Hour.0.CBT-REV,14149500,2025-08-25 06:00:00,2025-08-25 12:00:00,7,0.136,0.158,692.613,692.477
DEX,ELEV,DEX.Elev-Forebay.Inst.1Hour.0.CBT-REV,14149500,2025-08-25 19:00:00,2025-08-25 19:00:00,1,-0.103,0.103,692.180,692.283
DEX,ELEV,DEX.Elev-Forebay.Inst.1Hour.0.CBT-REV,14149500,2025-08-25 22:00:00,2025-08-25 22:00:00,1,-0.100,0.100,692.520,692.620
DEX,ELEV,DEX.Elev-Forebay.Inst.1Hour.0.CBT-REV,14149500,2025-08-26 06:00:00,2025-08-26 14:00:00,9,0.130,0.148,692.472,692.343
DEX,ELEV,DEX.Elev-Forebay.Inst.1Hour.0.CBT-REV,14149500,2025-08-26 17:00:00,2025-08-26 17:00:00,1,-0.109,0.109,691.970,692.079
DEX,ELEV,DEX.Elev-Forebay.Inst.1Hour.0.CBT-REV,14149500,2025-08-26 20:00:00,2025-08-26 20:00:00,1,-0.143,0.143,692.280,692.423
DEX,ELEV,DEX.Elev-Forebay.Inst.1Hour.0.CBT-REV,14149500,2025-08-26 23:00:00,2025-08-26 23:00:00,1,-0.110,0.110,692.660,692.770
DEX,ELEV,DEX.Elev-Forebay.Inst.1Hour.0.CBT-REV,14149500,2025-08-27 06:00:00,2025-08-27 13:00:00,8,0.128,0.137,692.599,692.471
DEX,ELEV,DEX.Elev-Forebay.Inst.1Hour.0.CBT-REV,14149500,2025-08-28 06:00:00,2025-08-28 13:00:00,8,0.129,0.137,692.637,692.509
DEX,ELEV,DEX.Elev-Forebay.Inst.1Hour.0.CBT-REV,14149500,2025-08-28 21:00:00,2025-08-28 21:00:00,1,-0.152,0.152,692.470,692.622
DEX,ELEV,DEX.Elev-Forebay.Inst.1Hour.0.CBT-REV,14149500,2025-08-29 00:00:00,2025-08-29 00:00:00,1,-0.143,0.143,692.800,692.943
DEX,ELEV,DEX.Elev-Forebay.Inst.1Hour.0.CBT-REV,14149500,2025-08-29 06:00:00,2025-08-29 13:00:00,8,0.133,0.152,692.661,692.528
DEX,ELEV,DEX.Elev-Forebay.Inst.1Hour.0.CBT-REV,14149500,2025-08-30 06:00:00,2025-08-30 13:00:00,8,0.133,0.165,692.646,692.514
DEX,ELEV,DEX.Elev-Forebay.Inst.1Hour.0.CBT-REV,14149500,2025-08-31 06:00:00,2025-08-31 13:00:00,8,0.135,0.163,692.581,692.446
DEX,ELEV,DEX.Elev-Forebay.Inst.1Hour.0.CBT-REV,14149500,2025-09-01 00:00:00,2025-09-01 00:00:00,1,-0.317,0.317,692.530,692.847
DEX,ELEV,DEX.Elev-Forebay.Inst.1Hour.0.CBT-REV,14149500,2025-09-01 06:00:00,2025-09-01 13:00:00,8,0.134,0.163,692.570,692.436
DEX,ELEV,DEX.Elev-Forebay.Inst.1Hour.0.CBT-REV,14149500,2025-09-01 18:00:00,2025-09-01 18:00:00,1,-0.106,0.106,692.120,692.226
DEX,ELEV,DEX.Elev-Forebay.Inst.1Hour.0.CBT-REV,14149500,2025-09-02 06:00:00,2025-09-02 13:00:00,8,0.135,0.166,692.644,692.508
DEX,ELEV,DEX.Elev-Forebay.Inst.1Hour.0.CBT-REV,14149500,2025-09-02 15:00:00,2025-09-02 15:00:00,1,-0.128,0.128,691.820,691.948
DEX,ELEV,DEX.Elev-Forebay.Inst.1Hour.0.CBT-REV,14149500,2025-09-02 20:00:00,2025-09-02 23:00:00,4,-0.141,0.175,692.520,692.661
DEX,ELEV,DEX.Elev-Forebay.Inst.1Hour.0.CBT-REV,14149500,2025-09-03 23:00:00,2025-09-03 23:00:00,1,-0.130,0.130,693.630,693.760
DEX,ELEV,DEX.Elev-Forebay.Inst.1Hour.0.CBT-REV,14149500,2025-09-04 01:00:00,2025-09-04 06:00:00,6,0.145,0.160,693.245,693.100
DEX,ELEV,DEX.Elev-Forebay.Inst.1Hour.0.CBT-REV,14149500,2025-09-04 14:00:00,2025-09-04 14:00:00,1,0.102,0.102,692.600,692.498
DEX,ELEV,DEX.Elev-Forebay.Inst.1Hour.0.CBT-REV,14149500,2025-09-04 16:00:00,2025-09-04 18:00:00,3,0.156,0.227,692.120,691.964
DEX,ELEV,DEX.Elev-Forebay.Inst.1Hour.0.CBT-REV,14149500,2025-09-05 02:00:00,2025-09-05 04:00:00,3,-0.126,0.135,692.607,692.732
DEX,ELEV,DEX.Elev-Forebay.Inst.1Hour.0.CBT-REV,14149500,2025-09-05 19:00:00,2025-09-05 22:00:00,4,0.126,0.133,692.525,692.399
DEX,ELEV,DEX.Elev-Forebay.Inst.1Hour.0.CBT-REV,14149500,2025-09-06 22:00:00,2025-09-07 00:00:00,3,0.129,0.134,692.527,692.398
DEX,ELEV,DEX.Elev-Forebay.Inst.1Hour.0.CBT-REV,14149500,2025-09-07 03:00:00,2025-09-07 04:00:00,2,-0.113,0.118,692.355,692.467
DEX,ELEV,DEX.Elev-Forebay.Inst.1Hour.0.CBT-REV,14149500,2025-09-07 23:00:00,2025-09-08 00:00:00,2,0.131,0.143,692.520,692.389
DEX,ELEV,DEX.Elev-Forebay.Inst.1Hour.0.CBT-REV,14149500,2025-09-08 23:00:00,2025-09-09 00:00:00,2,0.115,0.119,692.340,692.225
DEX,ELEV,DEX.Elev-Forebay.Inst.1Hour.0.CBT-REV,14149500,2025-09-09 04:00:00,2025-09-09 05:00:00,2,0.128,0.134,692.065,691.937
DEX,ELEV,DEX.Elev-Forebay.Inst.1Hour.0.CBT-REV,14149500,2025-09-09 07:00:00,2025-09-09 07:00:00,1,0.121,0.121,691.620,691.499
DEX,ELEV,DEX.Elev-Forebay.Inst.1Hour.0.CBT-REV,14149500,2025-09-10 23:00:00,2025-09-11 00:00:00,2,0.137,0.141,692.170,692.033
DEX,ELEV,DEX.Elev-Forebay.Inst.1Hour.0.CBT-REV,14149500,2025-09-11 04:00:00,2025-09-11 04:00:00,1,0.118,0.118,691.970,691.852
DEX,ELEV,DEX.Elev-Forebay.Inst.1Hour.0.CBT-REV,14149500,2025-09-12 00:00:00,2025-09-12 00:00:00,1,0.151,0.151,692.060,691.909
DEX,ELEV,DEX.Elev-Forebay.Inst.1Hour.0.CBT-REV,14149500,2025-09-15 12:00:00,2025-09-16 00:00:00,13,0.169,0.261,692.106,691.938
DEX,ELEV,DEX.Elev-Forebay.Inst.1Hour.0.CBT-REV,14149500,2025-09-20 03:00:00,2025-09-20 03:00:00,1,0.107,0.107,692.130,692.023
DEX,ELEV,DEX.Elev-Forebay.Inst.1Hour.0.CBT-REV,14149500,2025-09-22 16:00:00,2025-09-22 16:00:00,1,0.152,0.152,691.610,691.457
DEX,ELEV,DEX.Elev-Forebay.Inst.1Hour.0.CBT-REV,14149500,2025-09-24 21:00:00,2025-09-24 22:00:00,2,0.123,0.145,691.570,691.447
DEX,ELEV,DEX.Elev-Forebay.Inst.1Hour.0.CBT-REV,14149500,2025-09-25 00:00:00,2025-09-25 06:00:00,7,-0.195,0.205,692.383,692.578
DEX,ELEV,DEX.Elev-Forebay.Inst.1Hour.0.CBT-REV,14149500,2025-09-25 08:00:00,2025-09-25 11:00:00,4,0.141,0.147,693.180,693.039
DEX,ELEV,DEX.Elev-Forebay.Inst.1Hour.0.CBT-REV,14149500,2025-09-25 18:00:00,2025-09-25 22:00:00,5,0.141,0.150,692.150,692.009
DEX,ELEV,DEX.Elev-Forebay.Inst.1Hour.0.CBT-REV,14149500,2025-09-26 00:00:00,2025-09-26 06:00:00,7,-0.215,0.385,692.517,692.732
DEX,ELEV,DEX.Elev-Forebay.Inst.1Hour.0.CBT-REV,14149500,2025-09-26 08:00:00,2025-09-26 18:00:00,11,0.148,0.215,692.506,692.358
DEX,ELEV,DEX.Elev-Forebay.Inst.1Hour.0.CBT-REV,14149500,2025-09-26 20:00:00,2025-09-27 04:00:00,9,-0.193,0.220,692.549,692.741
DEX,ELEV,DEX.Elev-Forebay.Inst.1Hour.0.CBT-REV,14149500,2025-09-27 06:00:00,2025-09-27 18:00:00,13,0.143,0.153,692.570,692.427
DEX,ELEV,DEX.Elev-Forebay.Inst.1Hour.0.CBT-REV,14149500,2025-09-27 20:00:00,2025-09-28 04:00:00,9,-0.188,0.202,692.368,692.556
DEX,ELEV,DEX.Elev-Forebay.Inst.1Hour.0.CBT-REV,14149500,2025-09-28 06:00:00,2025-09-28 18:00:00,13,0.140,0.152,692.381,692.241
DEX,ELEV,DEX.Elev-Forebay.Inst.1Hour.0.CBT-REV,14149500,2025-09-28 20:00:00,2025-09-29 04:00:00,9,-0.217,0.288,692.271,692.488
DEX,ELEV,DEX.Elev-Forebay.Inst.1Hour.0.CBT-REV,14149500,2025-09-29 06:00:00,2025-09-29 13:00:00,8,0.141,0.160,693.056,692.915
DEX,ELEV,DEX.Elev-Forebay.Inst.1Hour.0.CBT-REV,14149500,2025-09-29 15:00:00,2025-09-29 15:00:00,1,0.105,0.105,691.770,691.665
DEX,ELEV,DEX.Elev-Forebay.Inst.1Hour.0.CBT-REV,14149500,2025-09-29 17:00:00,2025-09-29 18:00:00,2,0.147,0.147,691.245,691.098
DEX,ELEV,DEX.Elev-Forebay.Inst.1Hour.0.CBT-REV,14149500,2025-09-29 20:00:00,2025-09-30 04:00:00,9,-0.209,0.298,692.431,692.640
DEX,ELEV,DEX.Elev-Forebay.Inst.1Hour.0.CBT-REV,14149500,2025-09-30 06:00:00,2025-09-30 16:00:00,11,0.134,0.142,692.905,692.770
DEX,ELEV,DEX.Elev-Forebay.Inst.1Hour.0.CBT-REV,14149500,2025-09-30 18:00:00,2025-09-30 18:00:00,1,0.140,0.140,691.330,691.190
DEX,ELEV,DEX.Elev-Forebay.Inst.1Hour.0.CBT-REV,14149500,2025-09-30 20:00:00,2025-09-30 23:00:00,4,-0.278,0.345,691.740,692.018
DOR,ELEV,DOR.Elev-Forebay.Inst.0.0.MIXED-REV,14155000,2025-07-05 20:00:00,2025-07-05 20:00:00,1,-0.190,0.190,818.892,819.082
DOR,ELEV,DOR.Elev-Forebay.Inst.0.0.MIXED-REV,14155000,2025-07-05 23:00:00,2025-07-05 23:00:00,1,-0.184,0.184,818.892,819.077
DOR,FLOW,DOR.Flow-Out.Inst.0.0.MIXED-COMPUTED-REV,14155500,2024-11-02 01:00:00,2024-11-02 01:00:00,1,53.633,53.633,820.133,766.500
DOR,FLOW,DOR.Flow-Out.Inst.0.0.MIXED-COMPUTED-REV,14155500,2024-11-03 18:00:00,2024-11-03 18:00:00,1,60.145,60.145,1195.145,1135.000
DOR,FLOW,DOR.Flow-Out.Inst.0.0.MIXED-COMPUTED-REV,14155500,2024-12-17 14:00:00,2024-12-17 15:00:00,2,-63.105,63.670,1156.895,1220.000
DOR,FLOW,DOR.Flow-Out.Inst.0.0.MIXED-COMPUTED-REV,14155500,2024-12-17 22:00:00,2024-12-17 22:00:00,1,-72.230,72.230,1367.770,1440.000
DOR,FLOW,DOR.Flow-Out.Inst.0.0.MIXED-COMPUTED-REV,14155500,2024-12-20 08:00:00,2024-12-20 15:00:00,8,-79.706,83.801,1354.982,1434.688
DOR,FLOW,DOR.Flow-Out.Inst.0.0.MIXED-COMPUTED-REV,14155500,2024-12-20 23:00:00,2024-12-21 02:00:00,4,80.493,80.980,1660.493,1580.000
DOR,FLOW,DOR.Flow-Out.Inst.0.0.MIXED-COMPUTED-REV,14155500,2024-12-21 09:00:00,2024-12-21 09:00:00,1,80.690,80.690,1653.190,1572.500
DOR,FLOW,DOR.Flow-Out.Inst.0.0.MIXED-COMPUTED-REV,14155500,2024-12-21 12:00:00,2024-12-21 14:00:00,3,80.549,82.920,1643.049,1562.500
DOR,FLOW,DOR.Flow-Out.Inst.0.0.MIXED-COMPUTED-REV,14155500,2024-12-24 17:00:00,2024-12-24 17:00:00,1,87.920,87.920,1740.420,1652.500
DOR,FLOW,DOR.Flow-Out.Inst.0.0.MIXED-COMPUTED-REV,14155500,2024-12-25 00:00:00,2024-12-25 01:00:00,2,96.144,96.640,2007.394,1911.250
DOR,FLOW,DOR.Flow-Out.Inst.0.0.MIXED-COMPUTED-REV,14155500,2024-12-25 07:00:00,2024-12-25 07:00:00,1,98.914,98.914,2041.414,1942.500
DOR,FLOW,DOR.Flow-Out.Inst.0.0.MIXED-COMPUTED-REV,14155500,2024-12-25 20:00:00,2024-12-25 20:00:00,1,102.088,102.088,2074.588,1972.500
DOR,FLOW,DOR.Flow-Out.Inst.0.0.MIXED-COMPUTED-REV,14155500,2024-12-25 22:00:00,2024-12-25 23:00:00,2,104.234,106.003,2074.234,1970.000
DOR,FLOW,DOR.Flow-Out.Inst.0.0.MIXED-COMPUTED-REV,14155500,2024-12-26 05:00:00,2024-12-26 05:00:00,1,98.329,98.329,2058.329,1960.000
DOR,FLOW,DOR.Flow-Out.Inst.0.0.MIXED-COMPUTED-REV,14155500,2024-12-26 07:00:00,2024-12-26 09:00:00,3,101.833,104.588,2077.666,1975.833
DOR,FLOW,DOR.Flow-Out.Inst.0.0.MIXED-COMPUTED-REV,14155500,2024-12-26 11:00:00,2024-12-26 14:00:00,4,101.449,103.310,2107.074,2005.625
DOR,FLOW,DOR.Flow-Out.Inst.0.0.MIXED-COMPUTED-REV,14155500,2024-12-26 18:00:00,2024-12-30 19:00:00,98,127.148,185.493,2383.985,2256.837
DOR,FLOW,DOR.Flow-Out.Inst.0.0.MIXED-COMPUTED-REV,14155500,2025-01-12 16:00:00,2025-01-12 16:00:00,1,184.693,184.693,3832.193,3647.500
DOR,FLOW,DOR.Flow-Out.Inst.0.0.MIXED-COMPUTED-REV,14155500,2025-01-12 20:00:00,2025-01-12 20:00:00,1,184.881,184.881,3817.381,3632.500
DOR,FLOW,DOR.Flow-Out.Inst.0.0.MIXED-COMPUTED-REV,14155500,2025-01-12 22:00:00,2025-01-12 23:00:00,2,183.092,183.363,3804.342,3621.250
DOR,FLOW,DOR.Flow-Out.Inst.0.0.MIXED-COMPUTED-REV,14155500,2025-01-13 02:00:00,2025-01-13 03:00:00,2,183.115,185.124,3784.365,3601.250
DOR,FLOW,DOR.Flow-Out.Inst.0.0.MIXED-COMPUTED-REV,14155500,2025-01-13 09:00:00,2025-01-13 10:00:00,2,179.118,179.364,3744.118,3565.000
DOR,FLOW,DOR.Flow-Out.Inst.0.0.MIXED-COMPUTED-REV,14155500,2025-01-13 17:00:00,2025-01-13 17:00:00,1,178.487,178.487,3713.487,3535.000
DOR,FLOW,DOR.Flow-Out.Inst.0.0.MIXED-COMPUTED-REV,14155500,2025-01-13 19:00:00,2025-01-14 07:00:00,13,187.570,195.905,3671.993,3484.423
DOR,FLOW,DOR.Flow-Out.Inst.0.0.MIXED-COMPUTED-REV,14155500,2025-01-14 14:00:00,2025-01-14 14:00:00,1,181.768,181.768,3781.768,3600.000
DOR,FLOW,DOR.Flow-Out.Inst.0.0.MIXED-COMPUTED-REV,14155500,2025-01-14 16:00:00,2025-01-19 09:00:00,114,132.137,262.693,2257.247,2125.110
DOR,FLOW,DOR.Flow-Out.Inst.0.0.MIXED-COMPUTED-REV,14155500,2025-02-18 01:00:00,2025-02-18 01:00:00,1,109.573,109.573,1202.823,1093.250
DOR,FLOW,DOR.Flow-Out.Inst.0.0.MIXED-COMPUTED-REV,14155500,2025-02-19 01:00:00,2025-02-19 01:00:00,1,71.946,71.946,1491.946,1420.000
DOR,FLOW,DOR.Flow-Out.Inst.0.0.MIXED-COMPUTED-REV,14155500,2025-02-19 16:00:00,2025-02-23 23:00:00,104,151.120,191.366,2335.682,2184.562
DOR,FLOW,DOR.Flow-Out.Inst.0.0.MIXED-COMPUTED-REV,14155500,2025-02-25 10:00:00,2025-02-25 10:00:00,1,77.664,77.664,1320.164,1242.500
DOR,FLOW,DOR.Flow-Out.Inst.0.0.MIXED-COMPUTED-REV,14155500,2025-02-25 12:00:00,2025-02-25 17:00:00,6,72.620,72.880,1493.036,1420.417
DOR,FLOW,DOR.Flow-Out.Inst.0.0.MIXED-COMPUTED-REV,14155500,2025-02-25 19:00:00,2025-03-02 23:00:00,125,211.058,231.147,2883.412,2672.353
DOR,FLOW,DOR.Flow-Out.Inst.0.0.MIXED-COMPUTED-REV,14155500,2025-03-03 02:00:00,2025-03-03 06:00:00,5,77.859,78.430,1567.859,1490.000
DOR,FLOW,DOR.Flow-Out.Inst.0.0.MIXED-COMPUTED-REV,14155500,2025-03-03 08:00:00,2025-03-03 08:00:00,1,74.795,74.795,1552.295,1477.500
DOR,FLOW,DOR.Flow-Out.Inst.0.0.MIXED-COMPUTED-REV,14155500,2025-03-18 00:00:00,2025-04-01 17:00:00,354,225.765,268.947,3351.372,3125.607
DOR,FLOW,DOR.Flow-Out.Inst.0.0.MIXED-COMPUTED-REV,14155500,2025-04-01 19:00:00,2025-04-03 09:00:00,39,114.746,121.513,2114.490,1999.744
FAL,ELEV,FAL.Elev-Forebay.Inst.0.0.MIXED-REV,14150900,2024-12-08 06:00:00,2024-12-08 06:00:00,1,0.113,0.113,683.743,683.630
FAL,ELEV,FAL.Elev-Forebay.Inst.0.0.MIXED-REV,14150900,2024-12-24 15:00:00,2024-12-25 01:00:00,11,0.110,0.143,697.274,697.164
FAL,ELEV,FAL.Elev-Forebay.Inst.0.0.MIXED-REV,14150900,2024-12-26 07:00:00,2024-12-26 07:00:00,1,0.107,0.107,720.847,720.740
FAL,FLOW,FAL.Flow-Out.Inst.0.0.MIXED-COMPUTED-REV,14151000,2024-11-14 19:00:00,2024-11-14 19:00:00,1,-80.392,80.392,1128.775,1209.167
FAL,FLOW,FAL.Flow-Out.Inst.0.0.MIXED-COMPUTED-REV,14151000,2025-02-25 22:00:00,2025-03-02 15:00:00,114,55.903,57.193,1037.930,982.026
FAL,FLOW,FAL.Flow-Out.Inst.0.0.MIXED-COMPUTED-REV,14151000,2025-03-19 00:00:00,2025-03-19 05:00:00,6,63.757,70.905,1049.576,985.819
FAL,FLOW,FAL.Flow-Out.Inst.0.0.MIXED-COMPUTED-REV,14151000,2025-03-20 01:00:00,2025-03-24 17:00:00,113,70.322,74.103,1052.798,982.476
FAL,FLOW,FAL.Flow-Out.Inst.0.0.MIXED-COMPUTED-REV,14151000,2025-04-02 17:00:00,2025-04-12 16:00:00,240,74.696,86.390,992.839,918.143
FOS,ELEV,FOS.Elev-Forebay.Inst.1Hour.0.CBT-REV,14186600,2024-10-01 00:00:00,2024-10-01 00:00:00,1,-0.117,0.117,624.140,624.257
FOS,ELEV,FOS.Elev-Forebay.Inst.1Hour.0.CBT-REV,14186600,2024-10-01 03:00:00,2024-10-01 03:00:00,1,-0.105,0.105,624.760,624.865
FOS,ELEV,FOS.Elev-Forebay.Inst.1Hour.0.CBT-REV,14186600,2024-10-02 02:00:00,2024-10-02 02:00:00,1,-0.100,0.100,625.100,625.200
FOS,ELEV,FOS.Elev-Forebay.Inst.1Hour.0.CBT-REV,14186600,2024-10-02 07:00:00,2024-10-02 07:00:00,1,0.107,0.107,625.510,625.403
FOS,ELEV,FOS.Elev-Forebay.Inst.1Hour.0.CBT-REV,14186600,2024-10-02 12:00:00,2024-10-02 13:00:00,2,0.112,0.112,624.575,624.463
FOS,ELEV,FOS.Elev-Forebay.Inst.1Hour.0.CBT-REV,14186600,2024-10-02 23:00:00,2024-10-02 23:00:00,1,-0.103,0.103,624.500,624.602
FOS,ELEV,FOS.Elev-Forebay.Inst.1Hour.0.CBT-REV,14186600,2024-10-03 10:00:00,2024-10-03 10:00:00,1,0.112,0.112,624.940,624.827
FOS,ELEV,FOS.Elev-Forebay.Inst.1Hour.0.CBT-REV,14186600,2024-10-03 13:00:00,2024-10-03 13:00:00,1,0.122,0.122,624.430,624.308
FOS,ELEV,FOS.Elev-Forebay.Inst.1Hour.0.CBT-REV,14186600,2024-10-04 09:00:00,2024-10-04 09:00:00,1,0.117,0.117,624.870,624.753
FOS,ELEV,FOS.Elev-Forebay.Inst.1Hour.0.CBT-REV,14186600,2024-10-04 13:00:00,2024-10-04 13:00:00,1,0.105,0.105,624.190,624.085
FOS,ELEV,FOS.Elev-Forebay.Inst.1Hour.0.CBT-REV,14186600,2024-10-05 12:00:00,2024-10-05 12:00:00,1,0.120,0.120,623.790,623.670
FOS,ELEV,FOS.Elev-Forebay.Inst.1Hour.0.CBT-REV,14186600,2024-10-06 02:00:00,2024-10-06 02:00:00,1,-0.112,0.112,624.010,624.122
FOS,ELEV,FOS.Elev-Forebay.Inst.1Hour.0.CBT-REV,14186600,2024-10-06 04:00:00,2024-10-06 04:00:00,1,-0.245,0.245,624.250,624.495
FOS,ELEV,FOS.Elev-Forebay.Inst.1Hour.0.CBT-REV,14186600,2024-10-07 01:00:00,2024-10-07 01:00:00,1,-0.112,0.112,623.710,623.822
FOS,ELEV,FOS.Elev-Forebay.Inst.1Hour.0.CBT-REV,14186600,2024-10-11 09:00:00,2024-10-11 14:00:00,6,0.115,0.125,622.470,622.355
FOS,ELEV,FOS.Elev-Forebay.Inst.1Hour.0.CBT-REV,14186600,2024-10-13 12:00:00,2024-10-13 12:00:00,1,0.150,0.150,624.310,624.160
FOS,ELEV,FOS.Elev-Forebay.Inst.1Hour.0.CBT-REV,14186600,2024-10-20 17:00:00,2024-10-20 17:00:00,1,0.102,0.102,622.420,622.317
FOS,ELEV,FOS.Elev-Forebay.Inst.1Hour.0.CBT-REV,14186600,2024-10-21 19:00:00,2024-10-21 21:00:00,3,0.108,0.112,622.313,622.205
FOS,ELEV,FOS.Elev-Forebay.Inst.1Hour.0.CBT-REV,14186600,2024-10-21 23:00:00,2024-10-22 05:00:00,7,0.106,0.112,622.233,622.127
FOS,ELEV,FOS.Elev-Forebay.Inst.1Hour.0.CBT-REV,14186600,2024-10-22 08:00:00,2024-10-23 04:00:00,21,0.110,0.120,622.072,621.962
FOS,ELEV,FOS.Elev-Forebay.Inst.1Hour.0.CBT-REV,14186600,2024-10-23 07:00:00,2024-10-23 09:00:00,3,0.109,0.115,621.900,621.791
FOS,ELEV,FOS.Elev-Forebay.Inst.1Hour.0.CBT-REV,14186600,2024-10-29 15:00:00,2024-10-29 23:00:00,9,0.132,0.165,620.832,620.700
FOS,ELEV,FOS.Elev-Forebay.Inst.1Hour.0.CBT-REV,14186600,2024-10-30 15:00:00,2024-10-30 23:00:00,9,0.119,0.125,619.641,619.522
FOS,ELEV,FOS.Elev-Forebay.Inst.1Hour.0.CBT-REV,14186600,2024-11-09 01:00:00,2024-11-09 01:00:00,1,0.105,0.105,615.870,615.765
FOS,ELEV,FOS.Elev-Forebay.Inst.1Hour.0.CBT-REV,14186600,2024-11-09 03:00:00,2024-11-12 08:00:00,78,0.130,0.157,613.267,613.137
FOS,ELEV,FOS.Elev-Forebay.Inst.1Hour.0.CBT-REV,14186600,2024-11-14 14:00:00,2024-11-14 14:00:00,1,-0.120,0.120,617.050,617.170
FOS,ELEV,FOS.Elev-Forebay.Inst.1Hour.0.CBT-REV,14186600,2024-11-16 19:00:00,2024-11-17 14:00:00,20,0.174,0.205,617.234,617.060
FOS,ELEV,FOS.Elev-Forebay.Inst.1Hour.0.CBT-REV,14186600,2024-11-17 22:00:00,2024-11-17 22:00:00,1,-0.118,0.118,616.180,616.298
FOS,ELEV,FOS.Elev-Forebay.Inst.1Hour.0.CBT-REV,14186600,2024-11-18 02:00:00,2024-11-18 04:00:00,3,-0.120,0.128,617.607,617.727
FOS,ELEV,FOS.Elev-Forebay.Inst.1Hour.0.CBT-REV,14186600,2024-11-19 09:00:00,2024-11-19 21:00:00,13,0.124,0.192,618.428,618.304
FOS,ELEV,FOS.Elev-Forebay.Inst.1Hour.0.CBT-REV,14186600,2024-11-30 04:00:00,2024-11-30 05:00:00,2,0.109,0.113,615.615,615.506
FOS,ELEV,FOS.Elev-Forebay.Inst.1Hour.0.CBT-REV,14186600,2024-11-30 07:00:00,2024-11-30 21:00:00,15,0.118,0.148,615.229,615.110
FOS,ELEV,FOS.Elev-Forebay.Inst.1Hour.0.CBT-REV,14186600,2024-12-01 00:00:00,2024-12-01 01:00:00,2,0.102,0.105,614.840,614.737
FOS,ELEV,FOS.Elev-Forebay.Inst.1Hour.0.CBT-REV,14186600,2024-12-01 04:00:00,2024-12-01 15:00:00,12,0.115,0.128,614.409,614.294
FOS,ELEV,FOS.Elev-Forebay.Inst.1Hour.0.CBT-REV,14186600,2024-12-01 23:00:00,2024-12-05 17:00:00,91,0.154,0.190,613.248,613.095
FOS,ELEV,FOS.Elev-Forebay.Inst.1Hour.0.CBT-REV,14186600,2024-12-17 14:00:00,2024-12-17 17:00:00,4,-0.116,0.123,617.205,617.321
FOS,ELEV,FOS.Elev-Forebay.Inst.1Hour.0.CBT-REV,14186600,2024-12-17 19:00:00,2024-12-17 19:00:00,1,-0.110,0.110,617.870,617.980
FOS,ELEV,FOS.Elev-Forebay.Inst.1Hour.0.CBT-REV,14186600,2024-12-18 02:00:00,2024-12-18 02:00:00,1,-0.110,0.110,618.950,619.060
FOS,ELEV,FOS.Elev-Forebay.Inst.1Hour.0.CBT-REV,14186600,2024-12-26 13:00:00,2024-12-26 15:00:00,3,-0.120,0.130,614.433,614.553
FOS,ELEV,FOS.Elev-Forebay.Inst.1Hour.0.CBT-REV,14186600,2024-12-26 17:00:00,2024-12-26 17:00:00,1,-0.110,0.110,615.010,615.120
FOS,ELEV,FOS.Elev-Forebay.Inst.1Hour.0.CBT-REV,14186600,2024-12-29 16:00:00,2024-12-29 23:00:00,8,-0.129,0.150,616.288,616.417
FOS,ELEV,FOS.Elev-Forebay.Inst.1Hour.0.CBT-REV,14186600,2024-12-30 17:00:00,2024-12-30 17:00:00,1,0.117,0.117,617.660,617.543
FOS,ELEV,FOS.Elev-Forebay.Inst.1Hour.0.CBT-REV,14186600,2024-12-31 14:00:00,2024-12-31 14:00:00,1,0.152,0.152,614.320,614.168
FOS,ELEV,FOS.Elev-Forebay.Inst.1Hour.0.CBT-REV,14186600,2025-01-02 10:00:00,2025-01-02 10:00:00,1,-0.307,0.307,615.230,615.537
FOS,ELEV,FOS.Elev-Forebay.Inst.1Hour.0.CBT-REV,14186600,2025-01-21 09:00:00,2025-01-21 12:00:00,4,0.131,0.165,615.778,615.647
FOS,ELEV,FOS.Elev-Forebay.Inst.1Hour.0.CBT-REV,14186600,2025-01-22 08:00:00,2025-01-22 14:00:00,7,0.087,0.137,615.520,615.433
FOS,ELEV,FOS.Elev-Forebay.Inst.1Hour.0.CBT-REV,14186600,2025-01-23 02:00:00,2025-01-23 06:00:00,5,-0.121,0.163,615.284,615.406
FOS,ELEV,FOS.Elev-Forebay.Inst.1Hour.0.CBT-REV,14186600,2025-01-23 14:00:00,2025-01-23 14:00:00,1,-0.170,0.170,614.680,614.850
FOS,ELEV,FOS.Elev-Forebay.Inst.1Hour.0.CBT-REV,14186600,2025-01-24 02:00:00,2025-01-24 05:00:00,4,-0.114,0.125,615.472,615.587
FOS,ELEV,FOS.Elev-Forebay.Inst.1Hour.0.CBT-REV,14186600,2025-01-24 09:00:00,2025-01-24 09:00:00,1,0.207,0.207,615.930,615.722
FOS,ELEV,FOS.Elev-Forebay.Inst.1Hour.0.CBT-REV,14186600,2025-01-24 16:00:00,2025-01-24 16:00:00,1,-0.105,0.105,615.160,615.265
FOS,ELEV,FOS.Elev-Forebay.Inst.1Hour.0.CBT-REV,14186600,2025-01-25 02:00:00,2025-01-25 07:00:00,6,-0.110,0.115,615.413,615.523
FOS,ELEV,FOS.Elev-Forebay.Inst.1Hour.0.CBT-REV,14186600,2025-01-30 02:00:00,2025-01-30 04:00:00,3,-0.118,0.135,614.077,614.194
FOS,ELEV,FOS.Elev-Forebay.Inst.1Hour.0.CBT-REV,14186600,2025-01-30 14:00:00,2025-01-30 14:00:00,1,-0.103,0.103,614.030,614.132
FOS,ELEV,FOS.Elev-Forebay.Inst.1Hour.0.CBT-REV,14186600,2025-01-31 04:00:00,2025-01-31 04:00:00,1,-0.185,0.185,614.210,614.395
FOS,ELEV,FOS.Elev-Forebay.Inst.1Hour.0.CBT-REV,14186600,2025-02-14 14:00:00,2025-02-14 15:00:00,2,-0.239,0.357,612.845,613.084
FOS,ELEV,FOS.Elev-Forebay.Inst.1Hour.0.CBT-REV,14186600,2025-02-23 18:00:00,2025-02-24 12:00:00,19,-0.215,0.345,620.645,620.860
FOS,ELEV,FOS.Elev-Forebay.Inst.1Hour.0.CBT-REV,14186600,2025-02-24 14:00:00,2025-02-24 14:00:00,1,-0.125,0.125,625.800,625.925
FOS,ELEV,FOS.Elev-Forebay.Inst.1Hour.0.CBT-REV,14186600,2025-02-27 06:00:00,2025-02-27 06:00:00,1,0.122,0.122,625.690,625.567
FOS,ELEV,FOS.Elev-Forebay.Inst.1Hour.0.CBT-REV,14186600,2025-02-27 09:00:00,2025-02-27 09:00:00,1,0.110,0.110,624.920,624.810
FOS,ELEV,FOS.Elev-Forebay.Inst.1Hour.0.CBT-REV,14186600,2025-02-27 11:00:00,2025-02-27 11:00:00,1,0.100,0.100,624.380,624.280
FOS,ELEV,FOS.Elev-Forebay.Inst.1Hour.0.CBT-REV,14186600,2025-02-27 13:00:00,2025-02-27 13:00:00,1,0.115,0.115,623.840,623.725
FOS,ELEV,FOS.Elev-Forebay.Inst.1Hour.0.CBT-REV,14186600,2025-02-28 06:00:00,2025-02-28 13:00:00,8,0.169,0.212,622.986,622.817
FOS,ELEV,FOS.Elev-Forebay.Inst.1Hour.0.CBT-REV,14186600,2025-03-06 20:00:00,2025-03-06 20:00:00,1,0.110,0.110,616.170,616.060
FOS,ELEV,FOS.Elev-Forebay.Inst.1Hour.0.CBT-REV,14186600,2025-03-16 15:00:00,2025-03-16 18:00:00,4,-0.134,0.148,617.260,617.394
FOS,ELEV,FOS.Elev-Forebay.Inst.1Hour.0.CBT-REV,14186600,2025-03-17 02:00:00,2025-03-17 04:00:00,3,-0.110,0.125,619.407,619.517
FOS,ELEV,FOS.Elev-Forebay.Inst.1Hour.0.CBT-REV,14186600,2025-03-17 18:00:00,2025-03-17 23:00:00,6,0.131,0.155,620.170,620.039
FOS,ELEV,FOS.Elev-Forebay.Inst.1Hour.0.CBT-REV,14186600,2025-03-18 02:00:00,2025-03-18 02:00:00,1,0.102,0.102,618.980,618.878
FOS,ELEV,FOS.Elev-Forebay.Inst.1Hour.0.CBT-REV,14186600,2025-03-18 18:00:00,2025-03-18 19:00:00,2,0.117,0.120,617.780,617.663
FOS,ELEV,FOS.Elev-Forebay.Inst.1Hour.0.CBT-REV,14186600,2025-03-19 02:00:00,2025-03-19 05:00:00,4,-0.112,0.120,617.555,617.667
FOS,ELEV,FOS.Elev-Forebay.Inst.1Hour.0.CBT-REV,14186600,2025-03-19 07:00:00,2025-03-19 07:00:00,1,-0.102,0.102,618.260,618.362
FOS,ELEV,FOS.Elev-Forebay.Inst.1Hour.0.CBT-REV,14186600,2025-03-19 09:00:00,2025-03-19 09:00:00,1,-0.100,0.100,618.610,618.710
FOS,ELEV,FOS.Elev-Forebay.Inst.1Hour.0.CBT-REV,14186600,2025-03-19 21:00:00,2025-03-19 21:00:00,1,0.100,0.100,619.140,619.040
FOS,ELEV,FOS.Elev-Forebay.Inst.1Hour.0.CBT-REV,14186600,2025-03-20 01:00:00,2025-03-20 01:00:00,1,0.115,0.115,618.360,618.245
FOS,ELEV,FOS.Elev-Forebay.Inst.1Hour.0.CBT-REV,14186600,2025-03-20 17:00:00,2025-03-20 17:00:00,1,0.122,0.122,618.280,618.158
FOS,ELEV,FOS.Elev-Forebay.Inst.1Hour.0.CBT-REV,14186600,2025-03-20 20:00:00,2025-03-20 20:00:00,1,0.120,0.120,617.560,617.440
FOS,ELEV,FOS.Elev-Forebay.Inst.1Hour.0.CBT-REV,14186600,2025-03-21 01:00:00,2025-03-21 01:00:00,1,0.120,0.120,616.430,616.310
FOS,ELEV,FOS.Elev-Forebay.Inst.1Hour.0.CBT-REV,14186600,2025-03-21 18:00:00,2025-03-21 20:00:00,3,0.216,0.352,616.020,615.804
FOS,ELEV,FOS.Elev-Forebay.Inst.1Hour.0.CBT-REV,14186600,2025-03-22 05:00:00,2025-03-22 05:00:00,1,-0.123,0.123,615.130,615.253
FOS,ELEV,FOS.Elev-Forebay.Inst.1Hour.0.CBT-REV,14186600,2025-03-22 07:00:00,2025-03-22 13:00:00,7,-0.139,0.178,616.537,616.676
FOS,ELEV,FOS.Elev-Forebay.Inst.1Hour.0.CBT-REV,14186600,2025-03-24 19:00:00,2025-03-24 19:00:00,1,0.100,0.100,618.360,618.260
FOS,ELEV,FOS.Elev-Forebay.Inst.1Hour.0.CBT-REV,14186600,2025-03-24 21:00:00,2025-03-24 21:00:00,1,0.122,0.122,618.000,617.878
FOS,ELEV,FOS.Elev-Forebay.Inst.1Hour.0.CBT-REV,14186600,2025-03-25 01:00:00,2025-03-25 01:00:00,1,0.108,0.108,617.240,617.132
FOS,ELEV,FOS.Elev-Forebay.Inst.1Hour.0.CBT-REV,14186600,2025-03-25 17:00:00,2025-03-25 19:00:00,3,0.109,0.115,617.843,617.734
FOS,ELEV,FOS.Elev-Forebay.Inst.1Hour.0.CBT-REV,14186600,2025-03-25 21:00:00,2025-03-25 22:00:00,2,0.118,0.120,617.150,617.033
FOS,ELEV,FOS.Elev-Forebay.Inst.1Hour.0.CBT-REV,14186600,2025-03-26 00:00:00,2025-03-26 00:00:00,1,0.120,0.120,616.660,616.540
FOS,ELEV,FOS.Elev-Forebay.Inst.1Hour.0.CBT-REV,14186600,2025-03-27 04:00:00,2025-03-27 05:00:00,2,-0.103,0.105,616.135,616.237
FOS,ELEV,FOS.Elev-Forebay.Inst.1Hour.0.CBT-REV,14186600,2025-03-27 07:00:00,2025-03-27 07:00:00,1,-0.102,0.102,616.580,616.683
FOS,ELEV,FOS.Elev-Forebay.Inst.1Hour.0.CBT-REV,14186600,2025-03-27 10:00:00,2025-03-27 10:00:00,1,-0.100,0.100,617.140,617.240
FOS,ELEV,FOS.Elev-Forebay.Inst.1Hour.0.CBT-REV,14186600,2025-03-28 14:00:00,2025-03-28 15:00:00,2,-0.110,0.115,618.605,618.715
FOS,ELEV,FOS.Elev-Forebay.Inst.1Hour.0.CBT-REV,14186600,2025-03-29 16:00:00,2025-03-29 16:00:00,1,0.128,0.128,619.120,618.992
FOS,ELEV,FOS.Elev-Forebay.Inst.1Hour.0.CBT-REV,14186600,2025-03-29 18:00:00,2025-03-29 18:00:00,1,0.105,0.105,618.720,618.615
FOS,ELEV,FOS.Elev-Forebay.Inst.1Hour.0.CBT-REV,14186600,2025-03-29 20:00:00,2025-03-29 21:00:00,2,0.115,0.115,618.225,618.110
FOS,ELEV,FOS.Elev-Forebay.Inst.1Hour.0.CBT-REV,14186600,2025-03-30 00:00:00,2025-03-30 00:00:00,1,0.110,0.110,617.490,617.380
FOS,ELEV,FOS.Elev-Forebay.Inst.1Hour.0.CBT-REV,14186600,2025-03-30 20:00:00,2025-03-30 20:00:00,1,0.100,0.100,617.630,617.530
FOS,ELEV,FOS.Elev-Forebay.Inst.1Hour.0.CBT-REV,14186600,2025-03-31 13:00:00,2025-03-31 13:00:00,1,-0.102,0.102,618.380,618.482
FOS,ELEV,FOS.Elev-Forebay.Inst.1Hour.0.CBT-REV,14186600,2025-05-03 01:00:00,2025-05-03 01:00:00,1,-0.108,0.108,613.900,614.008
FOS,ELEV,FOS.Elev-Forebay.Inst.1Hour.0.CBT-REV,14186600,2025-05-03 13:00:00,2025-05-03 13:00:00,1,-0.128,0.128,614.020,614.148
FOS,ELEV,FOS.Elev-Forebay.Inst.1Hour.0.CBT-REV,14186600,2025-05-04 14:00:00,2025-05-04 17:00:00,4,-0.113,0.138,614.292,614.406
FOS,ELEV,FOS.Elev-Forebay.Inst.1Hour.0.CBT-REV,14186600,2025-05-05 14:00:00,2025-05-05 14:00:00,1,-0.102,0.102,614.240,614.342
FOS,ELEV,FOS.Elev-Forebay.Inst.1Hour.0.CBT-REV,14186600,2025-05-06 14:00:00,2025-05-06 14:00:00,1,-0.115,0.115,613.930,614.045
FOS,ELEV,FOS.Elev-Forebay.Inst.1Hour.0.CBT-REV,14186600,2025-05-08 14:00:00,2025-05-08 14:00:00,1,-0.108,0.108,614.790,614.898
FOS,ELEV,FOS.Elev-Forebay.Inst.1Hour.0.CBT-REV,14186600,2025-05-09 04:00:00,2025-05-09 04:00:00,1,-0.100,0.100,615.190,615.290
FOS,ELEV,FOS.Elev-Forebay.Inst.1Hour.0.CBT-REV,14186600,2025-05-12 13:00:00,2025-05-12 13:00:00,1,-0.107,0.107,616.210,616.317
FOS,ELEV,FOS.Elev-Forebay.Inst.1Hour.0.CBT-REV,14186600,2025-05-13 13:00:00,2025-05-13 13:00:00,1,-0.100,0.100,616.560,616.660
FOS,ELEV,FOS.Elev-Forebay.Inst.1Hour.0.CBT-REV,14186600,2025-05-14 13:00:00,2025-05-14 14:00:00,2,-0.106,0.108,616.930,617.036
FOS,ELEV,FOS.Elev-Forebay.Inst.1Hour.0.CBT-REV,14186600,2025-05-15 05:00:00,2025-05-15 05:00:00,1,-0.100,0.100,616.930,617.030
FOS,ELEV,FOS.Elev-Forebay.Inst.1Hour.0.CBT-REV,14186600,2025-05-15 07:00:00,2025-05-15 07:00:00,1,-0.100,0.100,617.190,617.290
FOS,ELEV,FOS.Elev-Forebay.Inst.1Hour.0.CBT-REV,14186600,2025-05-15 14:00:00,2025-05-15 14:00:00,1,-0.100,0.100,617.260,617.360
FOS,ELEV,FOS.Elev-Forebay.Inst.1Hour.0.CBT-REV,14186600,2025-05-16 13:00:00,2025-05-16 15:00:00,3,-0.107,0.113,617.663,617.770
FOS,ELEV,FOS.Elev-Forebay.Inst.1Hour.0.CBT-REV,14186600,2025-05-16 17:00:00,2025-05-16 17:00:00,1,-0.110,0.110,618.150,618.260
FOS,ELEV,FOS.Elev-Forebay.Inst.1Hour.0.CBT-REV,14186600,2025-05-17 02:00:00,2025-05-17 07:00:00,6,-0.111,0.125,618.980,619.091
FOS,ELEV,FOS.Elev-Forebay.Inst.1Hour.0.CBT-REV,14186600,2025-05-17 13:00:00,2025-05-17 13:00:00,1,-0.100,0.100,619.510,619.610
FOS,ELEV,FOS.Elev-Forebay.Inst.1Hour.0.CBT-REV,14186600,2025-05-17 15:00:00,2025-05-17 16:00:00,2,-0.106,0.110,619.920,620.026
FOS,ELEV,FOS.Elev-Forebay.Inst.1Hour.0.CBT-REV,14186600,2025-05-18 02:00:00,2025-05-18 03:00:00,2,-0.108,0.108,620.730,620.838
FOS,ELEV,FOS.Elev-Forebay.Inst.1Hour.0.CBT-REV,14186600,2025-05-18 07:00:00,2025-05-18 07:00:00,1,-0.103,0.103,621.420,621.523
FOS,ELEV,FOS.Elev-Forebay.Inst.1Hour.0.CBT-REV,14186600,2025-05-18 15:00:00,2025-05-18 15:00:00,1,-0.102,0.102,621.850,621.952
FOS,ELEV,FOS.Elev-Forebay.Inst.1Hour.0.CBT-REV,14186600,2025-05-18 17:00:00,2025-05-18 18:00:00,2,-0.110,0.115,622.270,622.380
FOS,ELEV,FOS.Elev-Forebay.Inst.1Hour.0.CBT-REV,14186600,2025-05-19 02:00:00,2025-05-19 06:00:00,5,-0.113,0.115,623.028,623.140
FOS,ELEV,FOS.Elev-Forebay.Inst.1Hour.0.CBT-REV,14186600,2025-05-19 14:00:00,2025-05-19 14:00:00,1,-0.170,0.170,623.750,623.920
FOS,ELEV,FOS.Elev-Forebay.Inst.1Hour.0.CBT-REV,14186600,2025-05-19 18:00:00,2025-05-19 18:00:00,1,-0.215,0.215,624.340,624.555
FOS,ELEV,FOS.Elev-Forebay.Inst.1Hour.0.CBT-REV,14186600,2025-05-20 01:00:00,2025-05-20 06:00:00,6,-0.113,0.125,625.025,625.138
FOS,ELEV,FOS.Elev-Forebay.Inst.1Hour.0.CBT-REV,14186600,2025-05-20 13:00:00,2025-05-20 13:00:00,1,-0.100,0.100,625.810,625.910
FOS,ELEV,FOS.Elev-Forebay.Inst.1Hour.0.CBT-REV,14186600,2025-05-20 18:00:00,2025-05-20 18:00:00,1,-0.155,0.155,626.560,626.715
FOS,ELEV,FOS.Elev-Forebay.Inst.1Hour.0.CBT-REV,14186600,2025-05-21 01:00:00,2025-05-21 05:00:00,5,-0.107,0.113,627.128,627.235
FOS,ELEV,FOS.Elev-Forebay.Inst.1Hour.0.CBT-REV,14186600,2025-05-21 14:00:00,2025-05-21 14:00:00,1,-0.113,0.113,628.020,628.133
FOS,ELEV,FOS.Elev-Forebay.Inst.1Hour.0.CBT-REV,14186600,2025-05-21 16:00:00,2025-05-21 17:00:00,2,-0.106,0.110,628.410,628.516
FOS,ELEV,FOS.Elev-Forebay.Inst.1Hour.0.CBT-REV,14186600,2025-05-21 19:00:00,2025-05-21 19:00:00,1,-0.110,0.110,628.790,628.900
FOS,ELEV,FOS.Elev-Forebay.Inst.1Hour.0.CBT-REV,14186600,2025-05-21 21:00:00,2025-05-22 00:00:00,4,-0.104,0.112,629.345,629.449
FOS,ELEV,FOS.Elev-Forebay.Inst.1Hour.0.CBT-REV,14186600,2025-05-22 14:00:00,2025-05-22 14:00:00,1,-0.110,0.110,630.750,630.860
FOS,ELEV,FOS.Elev-Forebay.Inst.1Hour.0.CBT-REV,14186600,2025-05-22 16:00:00,2025-05-22 16:00:00,1,-0.105,0.105,631.040,631.145
FOS,ELEV,FOS.Elev-Forebay.Inst.1Hour.0.CBT-REV,14186600,2025-05-22 21:00:00,2025-05-22 21:00:00,1,-0.103,0.103,631.750,631.852
FOS,ELEV,FOS.Elev-Forebay.Inst.1Hour.0.CBT-REV,14186600,2025-05-22 23:00:00,2025-05-23 00:00:00,2,-0.136,0.158,632.075,632.211
FOS,ELEV,FOS.Elev-Forebay.Inst.1Hour.0.CBT-REV,14186600,2025-05-23 02:00:00,2025-05-23 02:00:00,1,-0.103,0.103,632.470,632.572
FOS,ELEV,FOS.Elev-Forebay.Inst.1Hour.0.CBT-REV,14186600,2025-05-23 04:00:00,2025-05-23 04:00:00,1,-0.100,0.100,632.750,632.850
FOS,ELEV,FOS.Elev-Forebay.Inst.1Hour.0.CBT-REV,14186600,2025-05-23 14:00:00,2025-05-23 14:00:00,1,-0.100,0.100,634.040,634.140
FOS,ELEV,FOS.Elev-Forebay.Inst.1Hour.0.CBT-REV,14186600,2025-05-25 01:00:00,2025-05-25 01:00:00,1,-0.100,0.100,635.490,635.590
FOS,ELEV,FOS.Elev-Forebay.Inst.1Hour.0.CBT-REV,14186600,2025-06-01 04:00:00,2025-06-01 04:00:00,1,-0.210,0.210,634.020,634.230
FOS,ELEV,FOS.Elev-Forebay.Inst.1Hour.0.CBT-REV,14186600,2025-07-06 17:00:00,2025-07-06 17:00:00,1,0.117,0.117,635.780,635.662
FOS,ELEV,FOS.Elev-Forebay.Inst.1Hour.0.CBT-REV,14186600,2025-07-11 00:00:00,2025-07-11 00:00:00,1,-0.135,0.135,635.350,635.485
FOS,ELEV,FOS.Elev-Forebay.Inst.1Hour.0.CBT-REV,14186600,2025-07-11 21:00:00,2025-07-11 21:00:00,1,0.125,0.125,635.760,635.635
FOS,ELEV,FOS.Elev-Forebay.Inst.1Hour.0.CBT-REV,14186600,2025-07-13 01:00:00,2025-07-13 01:00:00,1,-0.295,0.295,635.580,635.875
FOS,ELEV,FOS.Elev-Forebay.Inst.1Hour.0.CBT-REV,14186600,2025-07-18 00:00:00,2025-07-18 00:00:00,1,-0.105,0.105,635.790,635.895
FOS,ELEV,FOS.Elev-Forebay.Inst.1Hour.0.CBT-REV,14186600,2025-07-22 04:00:00,2025-07-22 04:00:00,1,-0.133,0.133,636.370,636.503
FOS,ELEV,FOS.Elev-Forebay.Inst.1Hour.0.CBT-REV,14186600,2025-07-27 04:00:00,2025-07-27 04:00:00,1,-0.150,0.150,636.350,636.500
FOS,ELEV,FOS.Elev-Forebay.Inst.1Hour.0.CBT-REV,14186600,2025-08-11 23:00:00,2025-08-11 23:00:00,1,-0.123,0.123,635.560,635.683
FOS,ELEV,FOS.Elev-Forebay.Inst.1Hour.0.CBT-REV,14186600,2025-08-21 02:00:00,2025-08-21 02:00:00,1,-0.118,0.118,636.370,636.487
FOS,ELEV,FOS.Elev-Forebay.Inst.1Hour.0.CBT-REV,14186600,2025-09-05 18:00:00,2025-09-05 18:00:00,1,0.102,0.102,634.960,634.858
FOS,ELEV,FOS.Elev-Forebay.Inst.1Hour.0.CBT-REV,14186600,2025-09-06 00:00:00,2025-09-06 00:00:00,1,-0.100,0.100,634.790,634.890
FOS,ELEV,FOS.Elev-Forebay.Inst.1Hour.0.CBT-REV,14186600,2025-09-10 03:00:00,2025-09-10 03:00:00,1,0.208,0.208,635.570,635.362
FOS,ELEV,FOS.Elev-Forebay.Inst.1Hour.0.CBT-REV,14186600,2025-09-17 13:00:00,2025-09-17 13:00:00,1,0.115,0.115,633.990,633.875
FOS,ELEV,FOS.Elev-Forebay.Inst.1Hour.0.CBT-REV,14186600,2025-09-24 20:00:00,2025-09-24 20:00:00,1,0.100,0.100,626.380,626.280
FOS,ELEV,FOS.Elev-Forebay.Inst.1Hour.0.CBT-REV,14186600,2025-09-29 17:00:00,2025-09-29 17:00:00,1,0.120,0.120,621.430,621.310
FOS,ELEV,FOS.Elev-Forebay.Inst.1Hour.0.CBT-REV,14186600,2025-09-29 19:00:00,2025-09-29 19:00:00,1,0.100,0.100,621.230,621.130
FOS,FLOW,FOS.Flow-Out.Ave.1Hour.1Hour.CBT-REV,14187200,2024-10-05 15:00:00,2024-10-05 15:00:00,1,105.000,105.000,2030.000,1925.000
FOS,FLOW,FOS.Flow-Out.Ave.1Hour.1Hour.CBT-REV,14187200,2024-10-05 18:00:00,2024-10-05 18:00:00,1,155.833,155.833,1700.000,1544.167
FOS,FLOW,FOS.Flow-Out.Ave.1Hour.1Hour.CBT-REV,14187200,2024-10-07 14:00:00,2024-10-07 14:00:00,1,84.167,84.167,1320.000,1235.833
FOS,FLOW,FOS.Flow-Out.Ave.1Hour.1Hour.CBT-REV,14187200,2024-10-11 21:00:00,2024-10-11 21:00:00,1,-81.667,81.667,1100.000,1181.667
FOS,FLOW,FOS.Flow-Out.Ave.1Hour.1Hour.CBT-REV,14187200,2024-10-11 23:00:00,2024-10-11 23:00:00,1,-110.000,110.000,1320.000,1430.000
FOS,FLOW,FOS.Flow-Out.Ave.1Hour.1Hour.CBT-REV,14187200,2024-10-12 01:00:00,2024-10-12 05:00:00,5,-99.667,111.667,1630.000,1729.667
FOS,FLOW,FOS.Flow-Out.Ave.1Hour.1Hour.CBT-REV,14187200,2024-10-12 08:00:00,2024-10-12 18:00:00,11,-260.303,352.500,2788.182,3048.485
FOS,FLOW,FOS.Flow-Out.Ave.1Hour.1Hour.CBT-REV,14187200,2024-10-12 20:00:00,2024-10-13 01:00:00,6,-271.528,471.667,4126.667,4398.194
FOS,FLOW,FOS.Flow-Out.Ave.1Hour.1Hour.CBT-REV,14187200,2024-10-13 03:00:00,2024-10-13 14:00:00,12,-265.069,285.000,4340.833,4605.903
FOS,FLOW,FOS.Flow-Out.Ave.1Hour.1Hour.CBT-REV,14187200,2024-10-13 16:00:00,2024-10-15 23:00:00,56,-256.235,340.833,4069.286,4325.521
FOS,FLOW,FOS.Flow-Out.Ave.1Hour.1Hour.CBT-REV,14187200,2024-10-16 02:00:00,2024-10-16 14:00:00,13,-250.385,271.667,4015.385,4265.769
FOS,FLOW,FOS.Flow-Out.Ave.1Hour.1Hour.CBT-REV,14187200,2024-10-16 16:00:00,2024-10-17 19:00:00,28,-263.065,434.167,3946.786,4209.851
FOS,FLOW,FOS.Flow-Out.Ave.1Hour.1Hour.CBT-REV,14187200,2024-10-17 21:00:00,2024-10-18 13:00:00,17,-266.667,306.667,3989.412,4256.078
FOS,FLOW,FOS.Flow-Out.Ave.1Hour.1Hour.CBT-REV,14187200,2024-10-18 15:00:00,2024-10-19 00:00:00,10,-271.000,318.333,3907.000,4178.000
FOS,FLOW,FOS.Flow-Out.Ave.1Hour.1Hour.CBT-REV,14187200,2024-10-19 02:00:00,2024-10-23 00:00:00,95,-280.272,458.333,3979.684,4259.956
FOS,FLOW,FOS.Flow-Out.Ave.1Hour.1Hour.CBT-REV,14187200,2024-10-23 02:00:00,2024-10-29 13:00:00,156,-297.804,428.333,3935.385,4233.189
FOS,FLOW,FOS.Flow-Out.Ave.1Hour.1Hour.CBT-REV,14187200,2024-10-29 16:00:00,2024-11-08 20:00:00,245,-385.483,885.000,3333.429,3718.912
FOS,FLOW,FOS.Flow-Out.Ave.1Hour.1Hour.CBT-REV,14187200,2024-11-09 01:00:00,2024-11-09 19:00:00,19,-191.711,325.833,2072.632,2264.342
FOS,FLOW,FOS.Flow-Out.Ave.1Hour.1Hour.CBT-REV,14187200,2024-11-09 23:00:00,2024-11-09 23:00:00,1,-70.000,70.000,1300.000,1370.000
FOS,FLOW,FOS.Flow-Out.Ave.1Hour.1Hour.CBT-REV,14187200,2024-11-10 01:00:00,2024-11-10 01:00:00,1,-141.667,141.667,1120.000,1261.667
FOS,FLOW,FOS.Flow-Out.Ave.1Hour.1Hour.CBT-REV,14187200,2024-11-10 03:00:00,2024-11-12 08:00:00,54,-98.025,131.667,1105.926,1203.951
FOS,FLOW,FOS.Flow-Out.Ave.1Hour.1Hour.CBT-REV,14187200,2024-11-13 01:00:00,2024-11-13 01:00:00,1,-128.333,128.333,1070.000,1198.333
FOS,FLOW,FOS.Flow-Out.Ave.1Hour.1Hour.CBT-REV,14187200,2024-11-13 04:00:00,2024-11-13 05:00:00,2,-90.000,91.667,1300.000,1390.000
FOS,FLOW,FOS.Flow-Out.Ave.1Hour.1Hour.CBT-REV,14187200,2024-11-13 07:00:00,2024-11-13 07:00:00,1,-82.500,82.500,1560.000,1642.500
FOS,FLOW,FOS.Flow-Out.Ave.1Hour.1Hour.CBT-REV,14187200,2024-11-13 09:00:00,2024-11-13 10:00:00,2,-100.417,105.833,1835.000,1935.417
FOS,FLOW,FOS.Flow-Out.Ave.1Hour.1Hour.CBT-REV,14187200,2024-11-13 21:00:00,2024-11-14 01:00:00,5,-275.833,377.500,2930.000,3205.833
FOS,FLOW,FOS.Flow-Out.Ave.1Hour.1Hour.CBT-REV,14187200,2024-11-14 03:00:00,2024-11-14 16:00:00,14,-311.131,364.167,4698.571,5009.702
FOS,FLOW,FOS.Flow-Out.Ave.1Hour.1Hour.CBT-REV,14187200,2024-11-16 18:00:00,2024-11-16 19:00:00,2,-614.583,690.833,4870.000,5484.583
FOS,FLOW,FOS.Flow-Out.Ave.1Hour.1Hour.CBT-REV,14187200,2024-11-17 12:00:00,2024-11-19 06:00:00,43,-727.384,1402.500,7617.674,8345.058
FOS,FLOW,FOS.Flow-Out.Ave.1Hour.1Hour.CBT-REV,14187200,2024-11-19 08:00:00,2024-11-19 09:00:00,2,-446.250,460.833,8155.000,8601.250
FOS,FLOW,FOS.Flow-Out.Ave.1Hour.1Hour.CBT-REV,14187200,2024-11-19 15:00:00,2024-11-19 15:00:00,1,-430.000,430.000,8070.000,8500.000
FOS,FLOW,FOS.Flow-Out.Ave.1Hour.1Hour.CBT-REV,14187200,2024-11-20 03:00:00,2024-11-20 03:00:00,1,-338.333,338.333,6290.000,6628.333
FOS,FLOW,FOS.Flow-Out.Ave.1Hour.1Hour.CBT-REV,14187200,2024-11-20 06:00:00,2024-11-20 06:00:00,1,-410.000,410.000,5770.000,6180.000
FOS,FLOW,FOS.Flow-Out.Ave.1Hour.1Hour.CBT-REV,14187200,2024-11-20 08:00:00,2024-11-29 15:00:00,224,-444.145,1073.333,3241.741,3685.886
FOS,FLOW,FOS.Flow-Out.Ave.1Hour.1Hour.CBT-REV,14187200,2024-11-29 17:00:00,2024-11-30 15:00:00,23,-141.486,203.333,1170.435,1311.920
FOS,FLOW,FOS.Flow-Out.Ave.1Hour.1Hour.CBT-REV,14187200,2024-11-30 17:00:00,2024-12-01 15:00:00,23,-120.471,180.000,1165.652,1286.123
FOS,FLOW,FOS.Flow-Out.Ave.1Hour.1Hour.CBT-REV,14187200,2024-12-01 17:00:00,2024-12-02 15:00:00,23,-107.101,187.500,1157.391,1264.493
FOS,FLOW,FOS.Flow-Out.Ave.1Hour.1Hour.CBT-REV,14187200,2024-12-02 17:00:00,2024-12-03 15:00:00,23,-91.196,162.500,1146.522,1237.717
FOS,FLOW,FOS.Flow-Out.Ave.1Hour.1Hour.CBT-REV,14187200,2024-12-03 17:00:00,2024-12-04 15:00:00,23,-86.486,161.667,1133.043,1219.529
FOS,FLOW,FOS.Flow-Out.Ave.1Hour.1Hour.CBT-REV,14187200,2024-12-04 17:00:00,2024-12-05 02:00:00,10,-87.833,167.500,1087.000,1174.833
FOS,FLOW,FOS.Flow-Out.Ave.1Hour.1Hour.CBT-REV,14187200,2024-12-05 06:00:00,2024-12-05 15:00:00,10,-70.417,79.167,1187.000,1257.417
FOS,FLOW,FOS.Flow-Out.Ave.1Hour.1Hour.CBT-REV,14187200,2024-12-05 17:00:00,2024-12-06 15:00:00,23,-73.630,140.000,1134.348,1207.978
FOS,FLOW,FOS.Flow-Out.Ave.1Hour.1Hour.CBT-REV,14187200,2024-12-06 17:00:00,2024-12-06 19:00:00,3,-74.444,90.000,1070.000,1144.444
FOS,FLOW,FOS.Flow-Out.Ave.1Hour.1Hour.CBT-REV,14187200,2024-12-06 21:00:00,2024-12-07 00:00:00,4,-108.125,175.833,1075.000,1183.125
FOS,FLOW,FOS.Flow-Out.Ave.1Hour.1Hour.CBT-REV,14187200,2024-12-07 02:00:00,2024-12-07 06:00:00,5,-71.500,79.167,1158.000,1229.500
FOS,FLOW,FOS.Flow-Out.Ave.1Hour.1Hour.CBT-REV,14187200,2024-12-07 08:00:00,2024-12-07 08:00:00,1,-70.000,70.000,1160.000,1230.000
FOS,FLOW,FOS.Flow-Out.Ave.1Hour.1Hour.CBT-REV,14187200,2024-12-07 10:00:00,2024-12-07 12:00:00,3,-62.778,65.000,1160.000,1222.778
FOS,FLOW,FOS.Flow-Out.Ave.1Hour.1Hour.CBT-REV,14187200,2024-12-07 19:00:00,2024-12-08 15:00:00,21,-121.508,160.000,1143.810,1265.317
FOS,FLOW,FOS.Flow-Out.Ave.1Hour.1Hour.CBT-REV,14187200,2024-12-08 17:00:00,2024-12-09 15:00:00,23,-108.225,181.667,1132.609,1240.833
FOS,FLOW,FOS.Flow-Out.Ave.1Hour.1Hour.CBT-REV,14187200,2024-12-09 17:00:00,2024-12-10 15:00:00,23,-98.986,192.500,1138.696,1237.681
FOS,FLOW,FOS.Flow-Out.Ave.1Hour.1Hour.CBT-REV,14187200,2024-12-10 17:00:00,2024-12-11 15:00:00,23,-84.536,154.167,1141.739,1226.275
FOS,FLOW,FOS.Flow-Out.Ave.1Hour.1Hour.CBT-REV,14187200,2024-12-11 17:00:00,2024-12-12 15:00:00,23,-81.812,138.333,1142.609,1224.420
FOS,FLOW,FOS.Flow-Out.Ave.1Hour.1Hour.CBT-REV,14187200,2024-12-12 18:00:00,2024-12-13 15:00:00,22,-82.614,151.667,1140.455,1223.068
FOS,FLOW,FOS.Flow-Out.Ave.1Hour.1Hour.CBT-REV,14187200,2024-12-13 18:00:00,2025-01-02 09:00:00,472,-666.667,2706.667,3418.602,4085.268
FOS,FLOW,FOS.Flow-Out.Ave.1Hour.1Hour.CBT-REV,14187200,2025-01-02 11:00:00,2025-01-08 02:00:00,136,-711.512,1160.000,7746.250,8457.762
FOS,FLOW,FOS.Flow-Out.Ave.1Hour.1Hour.CBT-REV,14187200,2025-01-08 06:00:00,2025-01-08 09:00:00,4,-437.917,450.000,7025.000,7462.917
FOS,FLOW,FOS.Flow-Out.Ave.1Hour.1Hour.CBT-REV,14187200,2025-01-08 13:00:00,2025-01-08 14:00:00,2,-406.667,438.333,6810.000,7216.667
FOS,FLOW,FOS.Flow-Out.Ave.1Hour.1Hour.CBT-REV,14187200,2025-01-08 16:00:00,2025-01-08 19:00:00,4,-371.875,387.500,6797.500,7169.375
FOS,FLOW,FOS.Flow-Out.Ave.1Hour.1Hour.CBT-REV,14187200,2025-01-08 21:00:00,2025-01-08 23:00:00,3,-372.500,383.333,6796.667,7169.167
FOS,FLOW,FOS.Flow-Out.Ave.1Hour.1Hour.CBT-REV,14187200,2025-01-25 15:00:00,2025-01-25 15:00:00,1,157.500,157.500,2550.000,2392.500
FOS,FLOW,FOS.Flow-Out.Ave.1Hour.1Hour.CBT-REV,14187200,2025-01-26 22:00:00,2025-01-26 22:00:00,1,-90.833,90.833,1510.000,1600.833
FOS,FLOW,FOS.Flow-Out.Ave.1Hour.1Hour.CBT-REV,14187200,2025-01-27 09:00:00,2025-01-27 09:00:00,1,-81.667,81.667,1510.000,1591.667
FOS,FLOW,FOS.Flow-Out.Ave.1Hour.1Hour.CBT-REV,14187200,2025-01-28 01:00:00,2025-01-28 01:00:00,1,-65.833,65.833,1240.000,1305.833
FOS,FLOW,FOS.Flow-Out.Ave.1Hour.1Hour.CBT-REV,14187200,2025-01-28 07:00:00,2025-01-28 08:00:00,2,-67.917,70.833,1225.000,1292.917
FOS,FLOW,FOS.Flow-Out.Ave.1Hour.1Hour.CBT-REV,14187200,2025-01-28 11:00:00,2025-01-28 11:00:00,1,-66.667,66.667,1230.000,1296.667
FOS,FLOW,FOS.Flow-Out.Ave.1Hour.1Hour.CBT-REV,14187200,2025-01-29 11:00:00,2025-01-29 11:00:00,1,-62.500,62.500,1180.000,1242.500
FOS,FLOW,FOS.Flow-Out.Ave.1Hour.1Hour.CBT-REV,14187200,2025-01-29 20:00:00,2025-01-29 20:00:00,1,-66.667,66.667,1180.000,1246.667
FOS,FLOW,FOS.Flow-Out.Ave.1Hour.1Hour.CBT-REV,14187200,2025-01-29 23:00:00,2025-01-29 23:00:00,1,-71.667,71.667,1180.000,1251.667
FOS,FLOW,FOS.Flow-Out.Ave.1Hour.1Hour.CBT-REV,14187200,2025-01-30 17:00:00,2025-01-30 17:00:00,1,-63.333,63.333,1180.000,1243.333
FOS,FLOW,FOS.Flow-Out.Ave.1Hour.1Hour.CBT-REV,14187200,2025-01-31 16:00:00,2025-02-07 15:00:00,168,-167.083,504.167,1231.190,1398.274
FOS,FLOW,FOS.Flow-Out.Ave.1Hour.1Hour.CBT-REV,14187200,2025-02-07 17:00:00,2025-02-08 15:00:00,23,-98.949,203.333,1124.783,1223.732
FOS,FLOW,FOS.Flow-Out.Ave.1Hour.1Hour.CBT-REV,14187200,2025-02-08 17:00:00,2025-02-09 15:00:00,23,-96.051,184.167,1104.348,1200.399
FOS,FLOW,FOS.Flow-Out.Ave.1Hour.1Hour.CBT-REV,14187200,2025-02-09 17:00:00,2025-02-10 15:00:00,23,-92.319,156.667,1100.000,1192.319
FOS,FLOW,FOS.Flow-Out.Ave.1Hour.1Hour.CBT-REV,14187200,2025-02-10 18:00:00,2025-02-11 01:00:00,8,-105.677,237.500,917.500,1023.177
FOS,FLOW,FOS.Flow-Out.Ave.1Hour.1Hour.CBT-REV,14187200,2025-02-11 03:00:00,2025-02-11 15:00:00,13,-79.703,89.167,1157.692,1237.395
FOS,FLOW,FOS.Flow-Out.Ave.1Hour.1Hour.CBT-REV,14187200,2025-02-11 17:00:00,2025-02-11 17:00:00,1,-56.667,56.667,990.000,1046.667
FOS,FLOW,FOS.Flow-Out.Ave.1Hour.1Hour.CBT-REV,14187200,2025-02-11 19:00:00,2025-02-12 15:00:00,21,-84.004,151.667,1076.190,1160.194
FOS,FLOW,FOS.Flow-Out.Ave.1Hour.1Hour.CBT-REV,14187200,2025-02-12 19:00:00,2025-02-13 15:00:00,21,-87.817,164.167,1070.476,1158.294
FOS,FLOW,FOS.Flow-Out.Ave.1Hour.1Hour.CBT-REV,14187200,2025-02-13 17:00:00,2025-02-13 17:00:00,1,-85.833,85.833,990.000,1075.833
FOS,FLOW,FOS.Flow-Out.Ave.1Hour.1Hour.CBT-REV,14187200,2025-02-13 19:00:00,2025-02-21 19:00:00,193,-427.633,936.667,1824.301,2251.934
FOS,FLOW,FOS.Flow-Out.Ave.1Hour.1Hour.CBT-REV,14187200,2025-02-21 21:00:00,2025-02-23 00:00:00,28,-360.685,445.000,3243.571,3604.256
FOS,FLOW,FOS.Flow-Out.Ave.1Hour.1Hour.CBT-REV,14187200,2025-02-23 02:00:00,2025-02-28 12:00:00,131,-857.461,2255.000,5308.855,6166.316
FOS,FLOW,FOS.Flow-Out.Ave.1Hour.1Hour.CBT-REV,14187200,2025-02-28 14:00:00,2025-02-28 15:00:00,2,-325.000,328.333,5870.000,6195.000
FOS,FLOW,FOS.Flow-Out.Ave.1Hour.1Hour.CBT-REV,14187200,2025-02-28 20:00:00,2025-03-01 00:00:00,5,-314.667,342.500,4976.000,5290.667
FOS,FLOW,FOS.Flow-Out.Ave.1Hour.1Hour.CBT-REV,14187200,2025-03-01 02:00:00,2025-03-01 06:00:00,5,-287.667,310.000,4746.000,5033.667
FOS,FLOW,FOS.Flow-Out.Ave.1Hour.1Hour.CBT-REV,14187200,2025-03-01 09:00:00,2025-03-01 13:00:00,5,-273.000,299.167,4550.000,4823.000
FOS,FLOW,FOS.Flow-Out.Ave.1Hour.1Hour.CBT-REV,14187200,2025-03-01 15:00:00,2025-03-01 15:00:00,1,-241.667,241.667,4510.000,4751.667
FOS,FLOW,FOS.Flow-Out.Ave.1Hour.1Hour.CBT-REV,14187200,2025-03-01 21:00:00,2025-03-02 15:00:00,19,-240.789,325.833,3830.000,4070.789
FOS,FLOW,FOS.Flow-Out.Ave.1Hour.1Hour.CBT-REV,14187200,2025-03-02 21:00:00,2025-03-03 12:00:00,16,-224.375,354.167,2981.250,3205.625
FOS,FLOW,FOS.Flow-Out.Ave.1Hour.1Hour.CBT-REV,14187200,2025-03-03 14:00:00,2025-03-03 15:00:00,2,-189.167,196.667,3010.000,3199.167
FOS,FLOW,FOS.Flow-Out.Ave.1Hour.1Hour.CBT-REV,14187200,2025-03-03 17:00:00,2025-03-04 00:00:00,8,-199.062,240.000,2797.500,2996.562
FOS,FLOW,FOS.Flow-Out.Ave.1Hour.1Hour.CBT-REV,14187200,2025-03-04 02:00:00,2025-03-05 04:00:00,27,-187.068,317.500,2746.296,2933.364
FOS,FLOW,FOS.Flow-Out.Ave.1Hour.1Hour.CBT-REV,14187200,2025-03-05 07:00:00,2025-03-05 07:00:00,1,-245.000,245.000,3200.000,3445.000
FOS,FLOW,FOS.Flow-Out.Ave.1Hour.1Hour.CBT-REV,14187200,2025-03-05 10:00:00,2025-03-05 10:00:00,1,-175.000,175.000,3300.000,3475.000
FOS,FLOW,FOS.Flow-Out.Ave.1Hour.1Hour.CBT-REV,14187200,2025-03-05 20:00:00,2025-03-05 21:00:00,2,-155.000,156.667,2820.000,2975.000
FOS,FLOW,FOS.Flow-Out.Ave.1Hour.1Hour.CBT-REV,14187200,2025-03-05 23:00:00,2025-03-06 01:00:00,3,-176.667,182.500,2816.667,2993.333
FOS,FLOW,FOS.Flow-Out.Ave.1Hour.1Hour.CBT-REV,14187200,2025-03-06 03:00:00,2025-03-06 03:00:00,1,-153.333,153.333,2830.000,2983.333
FOS,FLOW,FOS.Flow-Out.Ave.1Hour.1Hour.CBT-REV,14187200,2025-03-06 05:00:00,2025-03-06 21:00:00,17,-172.598,201.667,2622.941,2795.539
FOS,FLOW,FOS.Flow-Out.Ave.1Hour.1Hour.CBT-REV,14187200,2025-03-06 23:00:00,2025-03-07 00:00:00,2,-175.833,181.667,2630.000,2805.833
FOS,FLOW,FOS.Flow-Out.Ave.1Hour.1Hour.CBT-REV,14187200,2025-03-07 02:00:00,2025-03-07 12:00:00,11,-152.273,163.333,2580.909,2733.182
FOS,FLOW,FOS.Flow-Out.Ave.1Hour.1Hour.CBT-REV,14187200,2025-03-07 16:00:00,2025-03-07 18:00:00,3,-171.111,227.500,2603.333,2774.444
FOS,FLOW,FOS.Flow-Out.Ave.1Hour.1Hour.CBT-REV,14187200,2025-03-07 20:00:00,2025-03-07 21:00:00,2,-157.917,169.167,2750.000,2907.917
FOS,FLOW,FOS.Flow-Out.Ave.1Hour.1Hour.CBT-REV,14187200,2025-03-08 00:00:00,2025-03-08 01:00:00,2,-156.250,165.833,2750.000,2906.250
FOS,FLOW,FOS.Flow-Out.Ave.1Hour.1Hour.CBT-REV,14187200,2025-03-08 05:00:00,2025-03-08 05:00:00,1,-145.000,145.000,2750.000,2895.000
FOS,FLOW,FOS.Flow-Out.Ave.1Hour.1Hour.CBT-REV,14187200,2025-03-08 14:00:00,2025-03-08 15:00:00,2,-173.750,199.167,2810.000,2983.750
FOS,FLOW,FOS.Flow-Out.Ave.1Hour.1Hour.CBT-REV,14187200,2025-03-08 17:00:00,2025-03-08 20:00:00,4,-200.833,256.667,3112.500,3313.333
FOS,FLOW,FOS.Flow-Out.Ave.1Hour.1Hour.CBT-REV,14187200,2025-03-10 21:00:00,2025-03-10 21:00:00,1,-153.333,153.333,2520.000,2673.333
FOS,FLOW,FOS.Flow-Out.Ave.1Hour.1Hour.CBT-REV,14187200,2025-03-11 00:00:00,2025-03-11 00:00:00,1,-112.500,112.500,2120.000,2232.500
FOS,FLOW,FOS.Flow-Out.Ave.1Hour.1Hour.CBT-REV,14187200,2025-03-11 09:00:00,2025-03-11 09:00:00,1,-110.833,110.833,2080.000,2190.833
FOS,FLOW,FOS.Flow-Out.Ave.1Hour.1Hour.CBT-REV,14187200,2025-03-11 15:00:00,2025-03-11 15:00:00,1,-101.667,101.667,1900.000,2001.667
FOS,FLOW,FOS.Flow-Out.Ave.1Hour.1Hour.CBT-REV,14187200,2025-03-11 20:00:00,2025-03-12 00:00:00,5,-119.733,182.000,1886.000,2005.733
FOS,FLOW,FOS.Flow-Out.Ave.1Hour.1Hour.CBT-REV,14187200,2025-03-12 08:00:00,2025-03-12 08:00:00,1,-112.500,112.500,1980.000,2092.500
FOS,FLOW,FOS.Flow-Out.Ave.1Hour.1Hour.CBT-REV,14187200,2025-03-12 13:00:00,2025-03-12 16:00:00,4,-167.083,228.333,2155.000,2322.083
FOS,FLOW,FOS.Flow-Out.Ave.1Hour.1Hour.CBT-REV,14187200,2025-03-12 22:00:00,2025-04-19 01:00:00,892,-582.343,3091.667,4474.888,5057.231
FOS,FLOW,FOS.Flow-Out.Ave.1Hour.1Hour.CBT-REV,14187200,2025-04-19 03:00:00,2025-04-21 01:00:00,47,-242.163,458.333,2381.064,2623.227
FOS,FLOW,FOS.Flow-Out.Ave.1Hour.1Hour.CBT-REV,14187200,2025-04-21 03:00:00,2025-04-27 13:00:00,155,-207.597,326.667,2236.710,2444.306
FOS,FLOW,FOS.Flow-Out.Ave.1Hour.1Hour.CBT-REV,14187200,2025-04-27 15:00:00,2025-04-28 01:00:00,11,-184.167,201.667,2340.909,2525.076
FOS,FLOW,FOS.Flow-Out.Ave.1Hour.1Hour.CBT-REV,14187200,2025-04-28 03:00:00,2025-04-29 13:00:00,35,-190.881,311.667,2316.571,2507.452
FOS,FLOW,FOS.Flow-Out.Ave.1Hour.1Hour.CBT-REV,14187200,2025-04-29 15:00:00,2025-05-01 02:00:00,36,-184.861,315.833,2301.944,2486.806
FOS,FLOW,FOS.Flow-Out.Ave.1Hour.1Hour.CBT-REV,14187200,2025-05-01 04:00:00,2025-05-01 04:00:00,1,-160.000,160.000,2540.000,2700.000
FOS,FLOW,FOS.Flow-Out.Ave.1Hour.1Hour.CBT-REV,14187200,2025-05-01 06:00:00,2025-05-01 08:00:00,3,-170.556,176.667,2420.000,2590.556
FOS,FLOW,FOS.Flow-Out.Ave.1Hour.1Hour.CBT-REV,14187200,2025-05-01 10:00:00,2025-05-02 17:00:00,32,-147.396,175.833,2035.938,2183.333
FOS,FLOW,FOS.Flow-Out.Ave.1Hour.1Hour.CBT-REV,14187200,2025-05-02 19:00:00,2025-05-05 15:00:00,69,-142.737,194.167,1554.638,1697.374
FOS,FLOW,FOS.Flow-Out.Ave.1Hour.1Hour.CBT-REV,14187200,2025-05-05 17:00:00,2025-05-10 05:00:00,109,-126.080,190.000,1516.239,1642.319
FOS,FLOW,FOS.Flow-Out.Ave.1Hour.1Hour.CBT-REV,14187200,2025-05-10 07:00:00,2025-05-11 23:00:00,41,-119.573,155.833,1516.585,1636.159
FOS,FLOW,FOS.Flow-Out.Ave.1Hour.1Hour.CBT-REV,14187200,2025-05-12 01:00:00,2025-05-16 09:00:00,105,-126.397,170.000,1503.333,1629.730
FOS,FLOW,FOS.Flow-Out.Ave.1Hour.1Hour.CBT-REV,14187200,2025-05-16 11:00:00,2025-05-16 11:00:00,1,-82.500,82.500,1300.000,1382.500
FOS,FLOW,FOS.Flow-Out.Ave.1Hour.1Hour.CBT-REV,14187200,2025-05-16 13:00:00,2025-05-23 13:00:00,169,-130.513,229.167,1180.414,1310.927
FOS,FLOW,FOS.Flow-Out.Ave.1Hour.1Hour.CBT-REV,14187200,2025-05-23 15:00:00,2025-05-24 13:00:00,23,-127.283,245.000,1169.565,1296.848
FOS,FLOW,FOS.Flow-Out.Ave.1Hour.1Hour.CBT-REV,14187200,2025-05-24 15:00:00,2025-05-25 13:00:00,23,-116.449,180.000,1181.304,1297.754
FOS,FLOW,FOS.Flow-Out.Ave.1Hour.1Hour.CBT-REV,14187200,2025-05-25 15:00:00,2025-05-26 13:00:00,23,-112.754,179.167,1168.261,1281.014
FOS,FLOW,FOS.Flow-Out.Ave.1Hour.1Hour.CBT-REV,14187200,2025-05-26 15:00:00,2025-05-27 13:00:00,23,-108.696,179.167,1178.696,1287.391
FOS,FLOW,FOS.Flow-Out.Ave.1Hour.1Hour.CBT-REV,14187200,2025-05-27 15:00:00,2025-05-28 13:00:00,23,-103.690,188.333,1192.609,1296.298
FOS,FLOW,FOS.Flow-Out.Ave.1Hour.1Hour.CBT-REV,14187200,2025-05-28 15:00:00,2025-05-29 13:00:00,23,-96.159,191.667,1190.435,1286.594
FOS,FLOW,FOS.Flow-Out.Ave.1Hour.1Hour.CBT-REV,14187200,2025-05-29 15:00:00,2025-05-30 13:00:00,23,-93.804,179.167,1182.609,1276.413
FOS,FLOW,FOS.Flow-Out.Ave.1Hour.1Hour.CBT-REV,14187200,2025-05-30 15:00:00,2025-05-31 13:00:00,23,-93.406,173.333,1183.043,1276.449
FOS,FLOW,FOS.Flow-Out.Ave.1Hour.1Hour.CBT-REV,14187200,2025-05-31 15:00:00,2025-05-31 22:00:00,8,-89.062,98.333,1118.750,1207.812
FOS,FLOW,FOS.Flow-Out.Ave.1Hour.1Hour.CBT-REV,14187200,2025-06-01 00:00:00,2025-06-01 13:00:00,14,-88.333,100.833,1222.857,1311.190
FOS,FLOW,FOS.Flow-Out.Ave.1Hour.1Hour.CBT-REV,14187200,2025-06-01 15:00:00,2025-06-02 13:00:00,23,-82.717,160.000,1194.783,1277.500
FOS,FLOW,FOS.Flow-Out.Ave.1Hour.1Hour.CBT-REV,14187200,2025-06-02 15:00:00,2025-06-03 03:00:00,13,-84.487,129.167,1132.308,1216.795
FOS,FLOW,FOS.Flow-Out.Ave.1Hour.1Hour.CBT-REV,14187200,2025-06-03 05:00:00,2025-06-25 07:00:00,531,-123.885,185.000,1073.277,1197.162
FOS,FLOW,FOS.Flow-Out.Ave.1Hour.1Hour.CBT-REV,14187200,2025-06-27 16:00:00,2025-06-27 16:00:00,1,-94.167,94.167,1030.000,1124.167
FOS,FLOW,FOS.Flow-Out.Ave.1Hour.1Hour.CBT-REV,14187200,2025-07-07 14:00:00,2025-07-07 14:00:00,1,-226.000,226.000,850.000,1076.000
FOS,FLOW,FOS.Flow-Out.Ave.1Hour.1Hour.CBT-REV,14187200,2025-07-07 16:00:00,2025-07-07 16:00:00,1,84.167,84.167,1080.000,995.833
FOS,FLOW,FOS.Flow-Out.Ave.1Hour.1Hour.CBT-REV,14187200,2025-07-23 21:00:00,2025-07-23 21:00:00,1,-59.167,59.167,930.000,989.167
FOS,FLOW,FOS.Flow-Out.Ave.1Hour.1Hour.CBT-REV,14187200,2025-07-30 19:00:00,2025-07-30 19:00:00,1,-71.250,71.250,890.000,961.250
FOS,FLOW,FOS.Flow-Out.Ave.1Hour.1Hour.CBT-REV,14187200,2025-09-02 20:00:00,2025-09-02 21:00:00,2,-81.458,106.250,965.000,1046.458
GPR,ELEV,GPR.Elev-Forebay.Inst.1Hour.0.CBT-REV,14186100,2024-10-01 00:00:00,2024-10-09 21:00:00,214,0.260,0.345,922.613,922.353
GPR,ELEV,GPR.Elev-Forebay.Inst.1Hour.0.CBT-REV,14186100,2024-10-11 15:00:00,2024-10-11 17:00:00,3,0.120,0.138,915.423,915.303
GPR,ELEV,GPR.Elev-Forebay.Inst.1Hour.0.CBT-REV,14186100,2024-10-12 02:00:00,2024-10-12 02:00:00,1,0.127,0.127,914.390,914.263
GPR,ELEV,GPR.Elev-Forebay.Inst.1Hour.0.CBT-REV,14186100,2024-10-12 07:00:00,2024-10-19 02:00:00,164,0.177,0.357,900.376,900.199
GPR,ELEV,GPR.Elev-Forebay.Inst.1Hour.0.CBT-REV,14186100,2024-10-19 04:00:00,2024-10-19 05:00:00,2,0.120,0.127,885.550,885.430
GPR,ELEV,GPR.Elev-Forebay.Inst.1Hour.0.CBT-REV,14186100,2024-10-19 07:00:00,2024-10-20 01:00:00,19,0.191,0.243,883.461,883.270
GPR,ELEV,GPR.Elev-Forebay.Inst.1Hour.0.CBT-REV,14186100,2024-10-20 03:00:00,2024-10-20 05:00:00,3,0.124,0.136,881.107,880.983
GPR,ELEV,GPR.Elev-Forebay.Inst.1Hour.0.CBT-REV,14186100,2024-10-20 08:00:00,2024-10-22 21:00:00,62,0.210,0.341,874.122,873.912
GPR,ELEV,GPR.Elev-Forebay.Inst.1Hour.0.CBT-REV,14186100,2024-10-22 23:00:00,2024-10-23 13:00:00,15,0.200,0.292,865.359,865.159
GPR,ELEV,GPR.Elev-Forebay.Inst.1Hour.0.CBT-REV,14186100,2024-10-23 15:00:00,2024-10-31 17:00:00,195,0.317,0.474,837.982,837.665
GPR,ELEV,GPR.Elev-Forebay.Inst.1Hour.0.CBT-REV,14186100,2024-10-31 19:00:00,2024-11-01 21:00:00,27,0.216,0.311,815.926,815.710
GPR,ELEV,GPR.Elev-Forebay.Inst.1Hour.0.CBT-REV,14186100,2024-11-01 23:00:00,2024-11-07 22:00:00,144,0.342,0.665,813.758,813.416
GPR,ELEV,GPR.Elev-Forebay.Inst.1Hour.0.CBT-REV,14186100,2024-11-08 00:00:00,2024-11-08 20:00:00,21,0.264,0.825,790.846,790.582
GPR,ELEV,GPR.Elev-Forebay.Inst.1Hour.0.CBT-REV,14186100,2024-11-08 22:00:00,2024-11-08 22:00:00,1,0.257,0.257,783.300,783.043
GPR,ELEV,GPR.Elev-Forebay.Inst.1Hour.0.CBT-REV,14186100,2024-11-13 02:00:00,2024-11-13 02:00:00,1,-0.142,0.142,779.490,779.632
GPR,ELEV,GPR.Elev-Forebay.Inst.1Hour.0.CBT-REV,14186100,2024-11-13 19:00:00,2024-11-13 22:00:00,4,-0.121,0.157,780.142,780.263
GPR,ELEV,GPR.Elev-Forebay.Inst.1Hour.0.CBT-REV,14186100,2024-11-14 05:00:00,2024-11-14 21:00:00,17,-0.289,0.439,784.875,785.164
GPR,ELEV,GPR.Elev-Forebay.Inst.1Hour.0.CBT-REV,14186100,2024-11-15 06:00:00,2024-11-15 18:00:00,13,0.242,0.413,786.661,786.419
GPR,ELEV,GPR.Elev-Forebay.Inst.1Hour.0.CBT-REV,14186100,2024-11-15 21:00:00,2024-11-16 17:00:00,21,0.195,0.353,781.125,780.930
GPR,ELEV,GPR.Elev-Forebay.Inst.1Hour.0.CBT-REV,14186100,2024-11-16 20:00:00,2024-11-16 23:00:00,4,0.110,0.118,778.032,777.922
GPR,ELEV,GPR.Elev-Forebay.Inst.1Hour.0.CBT-REV,14186100,2024-11-17 09:00:00,2024-11-17 09:00:00,1,-0.190,0.190,777.190,777.380
GPR,ELEV,GPR.Elev-Forebay.Inst.1Hour.0.CBT-REV,14186100,2024-11-17 12:00:00,2024-11-18 11:00:00,24,-0.554,1.528,787.834,788.388
GPR,ELEV,GPR.Elev-Forebay.Inst.1Hour.0.CBT-REV,14186100,2024-11-18 21:00:00,2024-11-18 21:00:00,1,0.102,0.102,796.770,796.668
GPR,ELEV,GPR.Elev-Forebay.Inst.1Hour.0.CBT-REV,14186100,2024-11-19 01:00:00,2024-11-19 18:00:00,18,0.278,0.657,793.353,793.075
GPR,ELEV,GPR.Elev-Forebay.Inst.1Hour.0.CBT-REV,14186100,2024-11-19 21:00:00,2024-11-19 22:00:00,2,0.367,0.392,789.185,788.818
GPR,ELEV,GPR.Elev-Forebay.Inst.1Hour.0.CBT-REV,14186100,2024-11-20 00:00:00,2024-11-20 03:00:00,4,0.572,1.370,787.375,786.803
GPR,ELEV,GPR.Elev-Forebay.Inst.1Hour.0.CBT-REV,14186100,2024-11-20 08:00:00,2024-11-20 09:00:00,2,0.115,0.118,785.450,785.335
GPR,ELEV,GPR.Elev-Forebay.Inst.1Hour.0.CBT-REV,14186100,2024-11-20 16:00:00,2024-11-20 17:00:00,2,0.126,0.141,784.355,784.229
GPR,ELEV,GPR.Elev-Forebay.Inst.1Hour.0.CBT-REV,14186100,2024-11-21 16:00:00,2024-11-22 00:00:00,9,0.164,0.243,782.317,782.153
GPR,ELEV,GPR.Elev-Forebay.Inst.1Hour.0.CBT-REV,14186100,2024-11-22 15:00:00,2024-11-23 03:00:00,13,-0.379,0.816,782.756,783.135
GPR,ELEV,GPR.Elev-Forebay.Inst.1Hour.0.CBT-REV,14186100,2024-11-23 05:00:00,2024-11-23 09:00:00,5,-0.641,1.318,792.000,792.641
GPR,ELEV,GPR.Elev-Forebay.Inst.1Hour.0.CBT-REV,14186100,2024-11-23 11:00:00,2024-11-24 03:00:00,17,-0.400,0.530,802.232,802.632
GPR,ELEV,GPR.Elev-Forebay.Inst.1Hour.0.CBT-REV,14186100,2024-11-24 06:00:00,2024-11-24 08:00:00,3,-0.143,0.165,809.500,809.643
GPR,ELEV,GPR.Elev-Forebay.Inst.1Hour.0.CBT-REV,14186100,2024-11-24 12:00:00,2024-11-25 02:00:00,15,-0.200,0.267,814.382,814.582
GPR,ELEV,GPR.Elev-Forebay.Inst.1Hour.0.CBT-REV,14186100,2024-11-25 13:00:00,2024-11-26 00:00:00,12,-0.158,0.209,821.549,821.707
GPR,ELEV,GPR.Elev-Forebay.Inst.1Hour.0.CBT-REV,14186100,2024-11-26 02:00:00,2024-11-26 03:00:00,2,-0.137,0.171,823.640,823.777
GPR,ELEV,GPR.Elev-Forebay.Inst.1Hour.0.CBT-REV,14186100,2024-11-26 15:00:00,2024-11-26 15:00:00,1,-0.145,0.145,826.500,826.645
GPR,ELEV,GPR.Elev-Forebay.Inst.1Hour.0.CBT-REV,14186100,2024-11-26 17:00:00,2024-11-26 18:00:00,2,-0.125,0.148,827.040,827.165
GPR,ELEV,GPR.Elev-Forebay.Inst.1Hour.0.CBT-REV,14186100,2024-11-26 20:00:00,2024-11-26 22:00:00,3,-0.149,0.180,827.710,827.859
GPR,ELEV,GPR.Elev-Forebay.Inst.1Hour.0.CBT-REV,14186100,2024-11-27 01:00:00,2024-11-27 02:00:00,2,-0.126,0.127,828.570,828.696
GPR,ELEV,GPR.Elev-Forebay.Inst.1Hour.0.CBT-REV,14186100,2024-11-27 17:00:00,2024-11-27 19:00:00,3,-0.117,0.146,831.307,831.424
GPR,ELEV,GPR.Elev-Forebay.Inst.1Hour.0.CBT-REV,14186100,2024-11-27 23:00:00,2024-11-27 23:00:00,1,-0.113,0.113,832.030,832.143
GPR,ELEV,GPR.Elev-Forebay.Inst.1Hour.0.CBT-REV,14186100,2024-11-28 01:00:00,2024-11-28 01:00:00,1,-0.111,0.111,832.320,832.431
GPR,ELEV,GPR.Elev-Forebay.Inst.1Hour.0.CBT-REV,14186100,2024-11-28 03:00:00,2024-11-28 04:00:00,2,-0.115,0.128,832.665,832.780
GPR,ELEV,GPR.Elev-Forebay.Inst.1Hour.0.CBT-REV,14186100,2024-11-28 06:00:00,2024-11-28 06:00:00,1,-0.119,0.119,833.000,833.119
GPR,ELEV,GPR.Elev-Forebay.Inst.1Hour.0.CBT-REV,14186100,2024-11-30 07:00:00,2024-11-30 07:00:00,1,-0.103,0.103,838.380,838.483
GPR,ELEV,GPR.Elev-Forebay.Inst.1Hour.0.CBT-REV,14186100,2024-12-14 18:00:00,2024-12-14 18:00:00,1,-0.105,0.105,851.090,851.195
GPR,ELEV,GPR.Elev-Forebay.Inst.1Hour.0.CBT-REV,14186100,2024-12-14 22:00:00,2024-12-14 22:00:00,1,-0.100,0.100,851.670,851.770
GPR,ELEV,GPR.Elev-Forebay.Inst.1Hour.0.CBT-REV,14186100,2024-12-15 04:00:00,2024-12-15 04:00:00,1,-0.155,0.155,852.470,852.625
GPR,ELEV,GPR.Elev-Forebay.Inst.1Hour.0.CBT-REV,14186100,2024-12-15 08:00:00,2024-12-15 09:00:00,2,-0.112,0.116,853.210,853.322
GPR,ELEV,GPR.Elev-Forebay.Inst.1Hour.0.CBT-REV,14186100,2024-12-15 11:00:00,2024-12-15 11:00:00,1,-0.123,0.123,853.630,853.753
GPR,ELEV,GPR.Elev-Forebay.Inst.1Hour.0.CBT-REV,14186100,2024-12-15 13:00:00,2024-12-15 23:00:00,11,-0.116,0.128,854.766,854.883
GPR,ELEV,GPR.Elev-Forebay.Inst.1Hour.0.CBT-REV,14186100,2024-12-16 01:00:00,2024-12-16 03:00:00,3,-0.104,0.105,855.987,856.091
GPR,ELEV,GPR.Elev-Forebay.Inst.1Hour.0.CBT-REV,14186100,2024-12-16 05:00:00,2024-12-16 08:00:00,4,-0.111,0.120,856.627,856.739
GPR,ELEV,GPR.Elev-Forebay.Inst.1Hour.0.CBT-REV,14186100,2024-12-16 11:00:00,2024-12-17 03:00:00,17,-0.154,0.180,858.978,859.132
GPR,ELEV,GPR.Elev-Forebay.Inst.1Hour.0.CBT-REV,14186100,2024-12-17 05:00:00,2024-12-17 19:00:00,15,-0.239,0.578,863.591,863.831
GPR,ELEV,GPR.Elev-Forebay.Inst.1Hour.0.CBT-REV,14186100,2024-12-17 21:00:00,2024-12-18 00:00:00,4,-0.330,0.343,867.668,867.997
GPR,ELEV,GPR.Elev-Forebay.Inst.1Hour.0.CBT-REV,14186100,2024-12-18 02:00:00,2024-12-18 15:00:00,14,-0.292,0.478,872.334,872.626
GPR,ELEV,GPR.Elev-Forebay.Inst.1Hour.0.CBT-REV,14186100,2024-12-18 17:00:00,2024-12-18 20:00:00,4,-0.295,0.329,876.533,876.827
GPR,ELEV,GPR.Elev-Forebay.Inst.1Hour.0.CBT-REV,14186100,2024-12-18 23:00:00,2024-12-19 15:00:00,17,-0.226,0.308,881.384,881.610
GPR,ELEV,GPR.Elev-Forebay.Inst.1Hour.0.CBT-REV,14186100,2024-12-19 17:00:00,2024-12-19 18:00:00,2,-0.159,0.193,884.500,884.659
GPR,ELEV,GPR.Elev-Forebay.Inst.1Hour.0.CBT-REV,14186100,2024-12-19 21:00:00,2024-12-20 00:00:00,4,-0.207,0.324,885.605,885.812
GPR,ELEV,GPR.Elev-Forebay.Inst.1Hour.0.CBT-REV,14186100,2024-12-20 02:00:00,2024-12-20 06:00:00,5,-0.200,0.376,886.752,886.952
GPR,ELEV,GPR.Elev-Forebay.Inst.1Hour.0.CBT-REV,14186100,2024-12-20 12:00:00,2024-12-20 12:00:00,1,0.102,0.102,888.540,888.438
GPR,ELEV,GPR.Elev-Forebay.Inst.1Hour.0.CBT-REV,14186100,2024-12-20 15:00:00,2024-12-20 16:00:00,2,0.120,0.133,889.145,889.025
GPR,ELEV,GPR.Elev-Forebay.Inst.1Hour.0.CBT-REV,14186100,2024-12-20 19:00:00,2024-12-20 20:00:00,2,0.112,0.112,889.765,889.653
GPR,ELEV,GPR.Elev-Forebay.Inst.1Hour.0.CBT-REV,14186100,2024-12-20 22:00:00,2024-12-20 22:00:00,1,0.115,0.115,890.150,890.035
GPR,ELEV,GPR.Elev-Forebay.Inst.1Hour.0.CBT-REV,14186100,2024-12-21 10:00:00,2024-12-21 12:00:00,3,0.115,0.134,891.917,891.801
GPR,ELEV,GPR.Elev-Forebay.Inst.1Hour.0.CBT-REV,14186100,2024-12-22 08:00:00,2024-12-22 08:00:00,1,0.118,0.118,894.400,894.282
GPR,ELEV,GPR.Elev-Forebay.Inst.1Hour.0.CBT-REV,14186100,2024-12-22 10:00:00,2024-12-22 10:00:00,1,0.116,0.116,894.610,894.494
GPR,ELEV,GPR.Elev-Forebay.Inst.1Hour.0.CBT-REV,14186100,2024-12-22 12:00:00,2024-12-22 12:00:00,1,0.102,0.102,894.810,894.708
GPR,ELEV,GPR.Elev-Forebay.Inst.1Hour.0.CBT-REV,14186100,2024-12-22 15:00:00,2024-12-22 21:00:00,7,0.112,0.119,895.420,895.308
GPR,ELEV,GPR.Elev-Forebay.Inst.1Hour.0.CBT-REV,14186100,2024-12-23 03:00:00,2024-12-23 03:00:00,1,0.105,0.105,896.320,896.215
GPR,ELEV,GPR.Elev-Forebay.Inst.1Hour.0.CBT-REV,14186100,2024-12-23 08:00:00,2024-12-23 08:00:00,1,0.104,0.104,896.850,896.746
GPR,ELEV,GPR.Elev-Forebay.Inst.1Hour.0.CBT-REV,14186100,2024-12-23 17:00:00,2024-12-23 17:00:00,1,0.122,0.122,897.920,897.798
GPR,ELEV,GPR.Elev-Forebay.Inst.1Hour.0.CBT-REV,14186100,2024-12-24 10:00:00,2024-12-24 10:00:00,1,0.104,0.104,899.790,899.686
GPR,ELEV,GPR.Elev-Forebay.Inst.1Hour.0.CBT-REV,14186100,2024-12-26 06:00:00,2024-12-26 06:00:00,1,0.106,0.106,908.000,907.894
GPR,ELEV,GPR.Elev-Forebay.Inst.1Hour.0.CBT-REV,14186100,2024-12-26 13:00:00,2024-12-27 02:00:00,14,-0.181,0.215,912.674,912.855
GPR,ELEV,GPR.Elev-Forebay.Inst.1Hour.0.CBT-REV,14186100,2024-12-27 08:00:00,2024-12-27 09:00:00,2,-0.157,0.164,918.000,918.157
GPR,ELEV,GPR.Elev-Forebay.Inst.1Hour.0.CBT-REV,14186100,2024-12-27 11:00:00,2024-12-27 11:00:00,1,-0.111,0.111,919.000,919.111
GPR,ELEV,GPR.Elev-Forebay.Inst.1Hour.0.CBT-REV,14186100,2024-12-27 14:00:00,2024-12-29 02:00:00,37,-0.174,0.558,926.429,926.603
GPR,ELEV,GPR.Elev-Forebay.Inst.1Hour.0.CBT-REV,14186100,2024-12-29 04:00:00,2024-12-29 07:00:00,4,-0.127,0.163,932.962,933.090
GPR,ELEV,GPR.Elev-Forebay.Inst.1Hour.0.CBT-REV,14186100,2024-12-29 09:00:00,2024-12-30 08:00:00,24,-0.212,0.283,938.028,938.241
GPR,ELEV,GPR.Elev-Forebay.Inst.1Hour.0.CBT-REV,14186100,2024-12-30 10:00:00,2024-12-30 17:00:00,8,-0.210,0.312,943.646,943.856
GPR,ELEV,GPR.Elev-Forebay.Inst.1Hour.0.CBT-REV,14186100,2024-12-30 19:00:00,2024-12-30 21:00:00,3,-0.121,0.138,945.257,945.377
GPR,ELEV,GPR.Elev-Forebay.Inst.1Hour.0.CBT-REV,14186100,2024-12-30 23:00:00,2024-12-31 08:00:00,10,-0.141,0.248,946.633,946.774
GPR,ELEV,GPR.Elev-Forebay.Inst.1Hour.0.CBT-REV,14186100,2024-12-31 10:00:00,2024-12-31 12:00:00,3,-0.110,0.118,947.953,948.064
GPR,ELEV,GPR.Elev-Forebay.Inst.1Hour.0.CBT-REV,14186100,2024-12-31 14:00:00,2024-12-31 14:00:00,1,-0.128,0.128,948.390,948.518
GPR,ELEV,GPR.Elev-Forebay.Inst.1Hour.0.CBT-REV,14186100,2024-12-31 16:00:00,2024-12-31 16:00:00,1,-0.104,0.104,948.680,948.784
GPR,ELEV,GPR.Elev-Forebay.Inst.1Hour.0.CBT-REV,14186100,2025-01-02 10:00:00,2025-01-02 10:00:00,1,0.108,0.108,948.840,948.732
GPR,ELEV,GPR.Elev-Forebay.Inst.1Hour.0.CBT-REV,14186100,2025-01-04 23:00:00,2025-01-04 23:00:00,1,-0.120,0.120,951.480,951.600
GPR,ELEV,GPR.Elev-Forebay.Inst.1Hour.0.CBT-REV,14186100,2025-01-05 09:00:00,2025-01-05 09:00:00,1,-0.105,0.105,952.350,952.455
GPR,ELEV,GPR.Elev-Forebay.Inst.1Hour.0.CBT-REV,14186100,2025-01-05 11:00:00,2025-01-05 13:00:00,3,-0.118,0.120,952.680,952.798
GPR,ELEV,GPR.Elev-Forebay.Inst.1Hour.0.CBT-REV,14186100,2025-01-05 15:00:00,2025-01-05 16:00:00,2,-0.160,0.202,953.070,953.230
GPR,ELEV,GPR.Elev-Forebay.Inst.1Hour.0.CBT-REV,14186100,2025-01-05 18:00:00,2025-01-05 21:00:00,4,-0.115,0.118,953.597,953.712
GPR,ELEV,GPR.Elev-Forebay.Inst.1Hour.0.CBT-REV,14186100,2025-01-06 02:00:00,2025-01-06 03:00:00,2,-0.102,0.104,954.335,954.437
GPR,ELEV,GPR.Elev-Forebay.Inst.1Hour.0.CBT-REV,14186100,2025-01-06 06:00:00,2025-01-06 07:00:00,2,-0.104,0.106,954.720,954.824
GPR,ELEV,GPR.Elev-Forebay.Inst.1Hour.0.CBT-REV,14186100,2025-01-06 10:00:00,2025-01-06 10:00:00,1,-0.100,0.100,955.060,955.160
GPR,ELEV,GPR.Elev-Forebay.Inst.1Hour.0.CBT-REV,14186100,2025-01-06 14:00:00,2025-01-06 15:00:00,2,-0.106,0.107,955.450,955.556
GPR,ELEV,GPR.Elev-Forebay.Inst.1Hour.0.CBT-REV,14186100,2025-01-16 15:00:00,2025-01-16 15:00:00,1,-0.109,0.109,940.340,940.449
GPR,ELEV,GPR.Elev-Forebay.Inst.1Hour.0.CBT-REV,14186100,2025-01-21 08:00:00,2025-01-21 11:00:00,4,-0.113,0.126,928.637,928.751
GPR,ELEV,GPR.Elev-Forebay.Inst.1Hour.0.CBT-REV,14186100,2025-01-22 07:00:00,2025-01-22 12:00:00,6,-0.127,0.134,926.740,926.867
GPR,ELEV,GPR.Elev-Forebay.Inst.1Hour.0.CBT-REV,14186100,2025-01-22 21:00:00,2025-01-23 00:00:00,4,-0.125,0.132,926.080,926.205
GPR,ELEV,GPR.Elev-Forebay.Inst.1Hour.0.CBT-REV,14186100,2025-01-23 06:00:00,2025-01-23 12:00:00,7,-0.124,0.134,925.633,925.757
GPR,ELEV,GPR.Elev-Forebay.Inst.1Hour.0.CBT-REV,14186100,2025-01-23 20:00:00,2025-01-24 00:00:00,5,-0.126,0.144,924.902,925.028
GPR,ELEV,GPR.Elev-Forebay.Inst.1Hour.0.CBT-REV,14186100,2025-01-24 06:00:00,2025-01-24 12:00:00,7,-0.131,0.139,924.436,924.566
GPR,ELEV,GPR.Elev-Forebay.Inst.1Hour.0.CBT-REV,14186100,2025-01-24 20:00:00,2025-01-25 00:00:00,5,-0.122,0.133,923.916,924.038
GPR,ELEV,GPR.Elev-Forebay.Inst.1Hour.0.CBT-REV,14186100,2025-01-25 07:00:00,2025-01-25 11:00:00,5,-0.132,0.150,923.294,923.426
GPR,ELEV,GPR.Elev-Forebay.Inst.1Hour.0.CBT-REV,14186100,2025-01-25 17:00:00,2025-01-26 00:00:00,8,-0.122,0.139,923.121,923.244
GPR,ELEV,GPR.Elev-Forebay.Inst.1Hour.0.CBT-REV,14186100,2025-01-26 05:00:00,2025-01-26 12:00:00,8,-0.129,0.142,923.017,923.146
GPR,ELEV,GPR.Elev-Forebay.Inst.1Hour.0.CBT-REV,14186100,2025-01-26 16:00:00,2025-01-27 12:00:00,21,-0.128,0.148,922.851,922.980
GPR,ELEV,GPR.Elev-Forebay.Inst.1Hour.0.CBT-REV,14186100,2025-01-27 14:00:00,2025-01-27 15:00:00,2,-0.140,0.172,922.705,922.845
GPR,ELEV,GPR.Elev-Forebay.Inst.1Hour.0.CBT-REV,14186100,2025-01-27 17:00:00,2025-01-28 01:00:00,9,-0.131,0.147,922.653,922.784
GPR,ELEV,GPR.Elev-Forebay.Inst.1Hour.0.CBT-REV,14186100,2025-01-28 03:00:00,2025-01-28 03:00:00,1,-0.103,0.103,922.580,922.683
GPR,ELEV,GPR.Elev-Forebay.Inst.1Hour.0.CBT-REV,14186100,2025-01-28 05:00:00,2025-01-28 12:00:00,8,-0.138,0.156,922.546,922.684
GPR,ELEV,GPR.Elev-Forebay.Inst.1Hour.0.CBT-REV,14186100,2025-01-28 16:00:00,2025-01-28 21:00:00,6,-0.131,0.142,922.378,922.509
GPR,ELEV,GPR.Elev-Forebay.Inst.1Hour.0.CBT-REV,14186100,2025-01-28 23:00:00,2025-01-29 13:00:00,15,-0.137,0.163,922.311,922.448
GPR,ELEV,GPR.Elev-Forebay.Inst.1Hour.0.CBT-REV,14186100,2025-01-29 15:00:00,2025-01-30 02:00:00,12,-0.133,0.159,922.117,922.250
GPR,ELEV,GPR.Elev-Forebay.Inst.1Hour.0.CBT-REV,14186100,2025-01-30 04:00:00,2025-01-30 12:00:00,9,-0.242,1.000,921.862,922.105
GPR,ELEV,GPR.Elev-Forebay.Inst.1Hour.0.CBT-REV,14186100,2025-01-30 14:00:00,2025-01-31 00:00:00,11,-0.135,0.158,921.803,921.937
GPR,ELEV,GPR.Elev-Forebay.Inst.1Hour.0.CBT-REV,14186100,2025-01-31 02:00:00,2025-01-31 02:00:00,1,-0.107,0.107,921.730,921.837
GPR,ELEV,GPR.Elev-Forebay.Inst.1Hour.0.CBT-REV,14186100,2025-01-31 04:00:00,2025-02-03 19:00:00,88,-0.178,0.242,923.587,923.764
GPR,ELEV,GPR.Elev-Forebay.Inst.1Hour.0.CBT-REV,14186100,2025-02-07 00:00:00,2025-02-07 00:00:00,1,-0.648,0.648,927.250,927.898
GPR,ELEV,GPR.Elev-Forebay.Inst.1Hour.0.CBT-REV,14186100,2025-02-10 20:00:00,2025-02-10 20:00:00,1,-0.232,0.232,928.750,928.982
GPR,ELEV,GPR.Elev-Forebay.Inst.1Hour.0.CBT-REV,14186100,2025-02-14 03:00:00,2025-02-14 03:00:00,1,-0.106,0.106,929.260,929.366
GPR,ELEV,GPR.Elev-Forebay.Inst.1Hour.0.CBT-REV,14186100,2025-02-14 05:00:00,2025-02-14 05:00:00,1,-0.101,0.101,929.310,929.411
GPR,ELEV,GPR.Elev-Forebay.Inst.1Hour.0.CBT-REV,14186100,2025-02-14 12:00:00,2025-02-14 12:00:00,1,-0.100,0.100,929.510,929.610
GPR,ELEV,GPR.Elev-Forebay.Inst.1Hour.0.CBT-REV,14186100,2025-02-14 22:00:00,2025-02-14 22:00:00,1,-0.109,0.109,929.380,929.489
GPR,ELEV,GPR.Elev-Forebay.Inst.1Hour.0.CBT-REV,14186100,2025-02-15 00:00:00,2025-02-15 01:00:00,2,-0.101,0.102,929.465,929.566
GPR,ELEV,GPR.Elev-Forebay.Inst.1Hour.0.CBT-REV,14186100,2025-02-15 06:00:00,2025-02-15 12:00:00,7,-0.110,0.120,929.716,929.826
GPR,ELEV,GPR.Elev-Forebay.Inst.1Hour.0.CBT-REV,14186100,2025-02-15 21:00:00,2025-02-15 23:00:00,3,-0.109,0.116,929.643,929.752
GPR,ELEV,GPR.Elev-Forebay.Inst.1Hour.0.CBT-REV,14186100,2025-02-16 01:00:00,2025-02-16 01:00:00,1,-0.110,0.110,929.720,929.830
GPR,ELEV,GPR.Elev-Forebay.Inst.1Hour.0.CBT-REV,14186100,2025-02-16 03:00:00,2025-02-16 03:00:00,1,-0.121,0.121,929.760,929.881
GPR,ELEV,GPR.Elev-Forebay.Inst.1Hour.0.CBT-REV,14186100,2025-02-16 06:00:00,2025-02-16 08:00:00,3,-0.168,0.283,929.823,929.991
GPR,ELEV,GPR.Elev-Forebay.Inst.1Hour.0.CBT-REV,14186100,2025-02-16 11:00:00,2025-02-16 11:00:00,1,-0.106,0.106,930.000,930.106
GPR,ELEV,GPR.Elev-Forebay.Inst.1Hour.0.CBT-REV,14186100,2025-02-16 19:00:00,2025-02-25 04:00:00,202,-0.234,0.608,944.959,945.194
GPR,ELEV,GPR.Elev-Forebay.Inst.1Hour.0.CBT-REV,14186100,2025-02-25 06:00:00,2025-02-26 08:00:00,27,-0.254,0.333,972.727,972.980
GPR,ELEV,GPR.Elev-Forebay.Inst.1Hour.0.CBT-REV,14186100,2025-02-26 10:00:00,2025-03-10 22:00:00,301,-0.218,0.290,977.783,978.001
GPR,ELEV,GPR.Elev-Forebay.Inst.1Hour.0.CBT-REV,14186100,2025-03-16 12:00:00,2025-03-16 22:00:00,11,-0.138,0.198,979.695,979.833
GPR,ELEV,GPR.Elev-Forebay.Inst.1Hour.0.CBT-REV,14186100,2025-03-20 03:00:00,2025-03-20 03:00:00,1,-0.347,0.347,983.120,983.467
GPR,ELEV,GPR.Elev-Forebay.Inst.1Hour.0.CBT-REV,14186100,2025-03-21 23:00:00,2025-03-21 23:00:00,1,-0.103,0.103,983.560,983.663
GPR,ELEV,GPR.Elev-Forebay.Inst.1Hour.0.CBT-REV,14186100,2025-03-22 16:00:00,2025-03-22 18:00:00,3,-0.157,0.199,985.860,986.017
GPR,ELEV,GPR.Elev-Forebay.Inst.1Hour.0.CBT-REV,14186100,2025-04-26 13:00:00,2025-04-26 13:00:00,1,0.110,0.110,992.950,992.840
GPR,ELEV,GPR.Elev-Forebay.Inst.1Hour.0.CBT-REV,14186100,2025-04-30 20:00:00,2025-04-30 20:00:00,1,-0.177,0.177,990.510,990.687
GPR,ELEV,GPR.Elev-Forebay.Inst.1Hour.0.CBT-REV,14186100,2025-05-04 15:00:00,2025-05-04 15:00:00,1,0.106,0.106,988.840,988.734
GPR,ELEV,GPR.Elev-Forebay.Inst.1Hour.0.CBT-REV,14186100,2025-05-05 14:00:00,2025-05-05 14:00:00,1,0.106,0.106,988.470,988.364
GPR,ELEV,GPR.Elev-Forebay.Inst.1Hour.0.CBT-REV,14186100,2025-05-06 14:00:00,2025-05-06 14:00:00,1,0.103,0.103,988.130,988.027
GPR,ELEV,GPR.Elev-Forebay.Inst.1Hour.0.CBT-REV,14186100,2025-05-08 13:00:00,2025-05-08 13:00:00,1,0.108,0.108,987.050,986.942
GPR,ELEV,GPR.Elev-Forebay.Inst.1Hour.0.CBT-REV,14186100,2025-05-09 01:00:00,2025-05-09 02:00:00,2,0.101,0.102,986.750,986.649
GPR,ELEV,GPR.Elev-Forebay.Inst.1Hour.0.CBT-REV,14186100,2025-05-09 04:00:00,2025-05-09 05:00:00,2,0.113,0.114,986.590,986.477
GPR,ELEV,GPR.Elev-Forebay.Inst.1Hour.0.CBT-REV,14186100,2025-05-09 13:00:00,2025-05-09 13:00:00,1,0.103,0.103,986.380,986.277
GPR,ELEV,GPR.Elev-Forebay.Inst.1Hour.0.CBT-REV,14186100,2025-05-10 04:00:00,2025-05-10 04:00:00,1,0.101,0.101,986.100,985.999
GPR,ELEV,GPR.Elev-Forebay.Inst.1Hour.0.CBT-REV,14186100,2025-05-10 06:00:00,2025-05-10 06:00:00,1,0.106,0.106,985.990,985.884
GPR,ELEV,GPR.Elev-Forebay.Inst.1Hour.0.CBT-REV,14186100,2025-05-10 13:00:00,2025-05-10 14:00:00,2,0.103,0.103,985.790,985.688
GPR,ELEV,GPR.Elev-Forebay.Inst.1Hour.0.CBT-REV,14186100,2025-05-11 04:00:00,2025-05-11 04:00:00,1,0.117,0.117,985.540,985.423
GPR,ELEV,GPR.Elev-Forebay.Inst.1Hour.0.CBT-REV,14186100,2025-05-11 12:00:00,2025-05-11 13:00:00,2,0.106,0.108,985.275,985.169
GPR,ELEV,GPR.Elev-Forebay.Inst.1Hour.0.CBT-REV,14186100,2025-05-12 03:00:00,2025-05-12 06:00:00,4,0.105,0.108,984.938,984.833
GPR,ELEV,GPR.Elev-Forebay.Inst.1Hour.0.CBT-REV,14186100,2025-05-12 12:00:00,2025-05-12 13:00:00,2,0.112,0.120,984.715,984.603
GPR,ELEV,GPR.Elev-Forebay.Inst.1Hour.0.CBT-REV,14186100,2025-05-13 04:00:00,2025-05-13 04:00:00,1,0.104,0.104,984.460,984.356
GPR,ELEV,GPR.Elev-Forebay.Inst.1Hour.0.CBT-REV,14186100,2025-05-13 06:00:00,2025-05-13 06:00:00,1,0.108,0.108,984.350,984.242
GPR,ELEV,GPR.Elev-Forebay.Inst.1Hour.0.CBT-REV,14186100,2025-05-13 12:00:00,2025-05-13 14:00:00,3,0.108,0.113,984.203,984.095
GPR,ELEV,GPR.Elev-Forebay.Inst.1Hour.0.CBT-REV,14186100,2025-05-14 04:00:00,2025-05-14 06:00:00,3,0.107,0.113,983.893,983.786
GPR,ELEV,GPR.Elev-Forebay.Inst.1Hour.0.CBT-REV,14186100,2025-05-14 12:00:00,2025-05-14 14:00:00,3,0.116,0.124,983.690,983.574
GPR,ELEV,GPR.Elev-Forebay.Inst.1Hour.0.CBT-REV,14186100,2025-05-15 03:00:00,2025-05-15 06:00:00,4,0.105,0.108,983.387,983.283
GPR,ELEV,GPR.Elev-Forebay.Inst.1Hour.0.CBT-REV,14186100,2025-05-15 13:00:00,2025-05-15 14:00:00,2,0.105,0.106,983.110,983.005
GPR,ELEV,GPR.Elev-Forebay.Inst.1Hour.0.CBT-REV,14186100,2025-05-16 03:00:00,2025-05-16 05:00:00,3,0.126,0.163,982.890,982.764
GPR,ELEV,GPR.Elev-Forebay.Inst.1Hour.0.CBT-REV,14186100,2025-05-16 12:00:00,2025-05-16 17:00:00,6,0.109,0.113,982.487,982.378
GPR,ELEV,GPR.Elev-Forebay.Inst.1Hour.0.CBT-REV,14186100,2025-05-17 00:00:00,2025-05-17 06:00:00,7,0.110,0.118,982.030,981.920
GPR,ELEV,GPR.Elev-Forebay.Inst.1Hour.0.CBT-REV,14186100,2025-05-17 12:00:00,2025-05-17 16:00:00,5,0.109,0.118,981.622,981.513
GPR,ELEV,GPR.Elev-Forebay.Inst.1Hour.0.CBT-REV,14186100,2025-05-18 01:00:00,2025-05-18 06:00:00,6,0.114,0.121,981.165,981.051
GPR,ELEV,GPR.Elev-Forebay.Inst.1Hour.0.CBT-REV,14186100,2025-05-18 12:00:00,2025-05-18 15:00:00,4,0.104,0.107,980.865,980.761
GPR,ELEV,GPR.Elev-Forebay.Inst.1Hour.0.CBT-REV,14186100,2025-05-18 17:00:00,2025-05-18 17:00:00,1,0.108,0.108,980.690,980.582
GPR,ELEV,GPR.Elev-Forebay.Inst.1Hour.0.CBT-REV,14186100,2025-05-19 00:00:00,2025-05-19 00:00:00,1,0.113,0.113,980.650,980.537
GPR,ELEV,GPR.Elev-Forebay.Inst.1Hour.0.CBT-REV,14186100,2025-05-19 02:00:00,2025-05-19 03:00:00,2,0.106,0.107,980.515,980.409
GPR,ELEV,GPR.Elev-Forebay.Inst.1Hour.0.CBT-REV,14186100,2025-05-19 05:00:00,2025-05-19 06:00:00,2,0.117,0.118,980.365,980.248
GPR,ELEV,GPR.Elev-Forebay.Inst.1Hour.0.CBT-REV,14186100,2025-05-19 13:00:00,2025-05-19 14:00:00,2,0.115,0.128,980.205,980.090
GPR,ELEV,GPR.Elev-Forebay.Inst.1Hour.0.CBT-REV,14186100,2025-05-19 16:00:00,2025-05-19 16:00:00,1,0.101,0.101,980.080,979.979
GPR,ELEV,GPR.Elev-Forebay.Inst.1Hour.0.CBT-REV,14186100,2025-05-20 01:00:00,2025-05-20 06:00:00,6,0.107,0.114,979.838,979.731
GPR,ELEV,GPR.Elev-Forebay.Inst.1Hour.0.CBT-REV,14186100,2025-05-20 13:00:00,2025-05-20 13:00:00,1,0.108,0.108,979.640,979.532
GPR,ELEV,GPR.Elev-Forebay.Inst.1Hour.0.CBT-REV,14186100,2025-05-20 15:00:00,2025-05-20 15:00:00,1,0.100,0.100,979.530,979.430
GPR,ELEV,GPR.Elev-Forebay.Inst.1Hour.0.CBT-REV,14186100,2025-05-20 17:00:00,2025-05-20 18:00:00,2,0.112,0.124,979.435,979.323
GPR,ELEV,GPR.Elev-Forebay.Inst.1Hour.0.CBT-REV,14186100,2025-05-21 01:00:00,2025-05-21 06:00:00,6,0.110,0.112,979.245,979.135
GPR,ELEV,GPR.Elev-Forebay.Inst.1Hour.0.CBT-REV,14186100,2025-05-21 12:00:00,2025-05-21 14:00:00,3,0.105,0.115,979.023,978.918
GPR,ELEV,GPR.Elev-Forebay.Inst.1Hour.0.CBT-REV,14186100,2025-05-21 16:00:00,2025-05-21 17:00:00,2,0.114,0.116,978.840,978.726
GPR,ELEV,GPR.Elev-Forebay.Inst.1Hour.0.CBT-REV,14186100,2025-05-21 19:00:00,2025-05-22 01:00:00,7,0.111,0.115,978.543,978.432
GPR,ELEV,GPR.Elev-Forebay.Inst.1Hour.0.CBT-REV,14186100,2025-05-22 03:00:00,2025-05-22 06:00:00,4,0.121,0.132,978.205,978.084
GPR,ELEV,GPR.Elev-Forebay.Inst.1Hour.0.CBT-REV,14186100,2025-05-22 12:00:00,2025-05-23 17:00:00,30,0.119,0.142,977.259,977.140
GPR,ELEV,GPR.Elev-Forebay.Inst.1Hour.0.CBT-REV,14186100,2025-05-23 23:00:00,2025-05-24 06:00:00,8,0.118,0.128,976.191,976.073
GPR,ELEV,GPR.Elev-Forebay.Inst.1Hour.0.CBT-REV,14186100,2025-05-24 23:00:00,2025-05-25 03:00:00,5,0.123,0.133,975.796,975.673
GPR,ELEV,GPR.Elev-Forebay.Inst.1Hour.0.CBT-REV,14186100,2025-05-25 22:00:00,2025-05-25 22:00:00,1,0.102,0.102,975.580,975.478
GPR,ELEV,GPR.Elev-Forebay.Inst.1Hour.0.CBT-REV,14186100,2025-05-26 13:00:00,2025-05-26 13:00:00,1,0.102,0.102,975.540,975.438
GPR,ELEV,GPR.Elev-Forebay.Inst.1Hour.0.CBT-REV,14186100,2025-05-27 00:00:00,2025-05-27 04:00:00,5,0.120,0.138,975.384,975.264
GPR,ELEV,GPR.Elev-Forebay.Inst.1Hour.0.CBT-REV,14186100,2025-05-28 02:00:00,2025-05-28 05:00:00,4,0.120,0.124,975.102,974.982
GPR,ELEV,GPR.Elev-Forebay.Inst.1Hour.0.CBT-REV,14186100,2025-05-29 00:00:00,2025-05-29 01:00:00,2,0.125,0.134,974.850,974.725
GPR,ELEV,GPR.Elev-Forebay.Inst.1Hour.0.CBT-REV,14186100,2025-05-29 14:00:00,2025-05-29 14:00:00,1,0.106,0.106,974.720,974.614
GPR,ELEV,GPR.Elev-Forebay.Inst.1Hour.0.CBT-REV,14186100,2025-05-29 19:00:00,2025-05-29 19:00:00,1,0.100,0.100,974.690,974.590
GPR,ELEV,GPR.Elev-Forebay.Inst.1Hour.0.CBT-REV,14186100,2025-05-30 00:00:00,2025-05-30 01:00:00,2,0.132,0.136,974.645,974.513
GPR,ELEV,GPR.Elev-Forebay.Inst.1Hour.0.CBT-REV,14186100,2025-05-30 03:00:00,2025-05-30 03:00:00,1,0.102,0.102,974.550,974.448
GPR,ELEV,GPR.Elev-Forebay.Inst.1Hour.0.CBT-REV,14186100,2025-05-30 15:00:00,2025-05-30 15:00:00,1,0.103,0.103,974.500,974.397
GPR,ELEV,GPR.Elev-Forebay.Inst.1Hour.0.CBT-REV,14186100,2025-05-31 00:00:00,2025-05-31 05:00:00,6,0.128,0.141,974.312,974.184
GPR,ELEV,GPR.Elev-Forebay.Inst.1Hour.0.CBT-REV,14186100,2025-05-31 07:00:00,2025-05-31 08:00:00,2,0.103,0.104,974.150,974.047
GPR,ELEV,GPR.Elev-Forebay.Inst.1Hour.0.CBT-REV,14186100,2025-05-31 14:00:00,2025-05-31 14:00:00,1,0.107,0.107,974.120,974.013
GPR,ELEV,GPR.Elev-Forebay.Inst.1Hour.0.CBT-REV,14186100,2025-05-31 19:00:00,2025-05-31 19:00:00,1,0.106,0.106,974.090,973.984
GPR,ELEV,GPR.Elev-Forebay.Inst.1Hour.0.CBT-REV,14186100,2025-05-31 22:00:00,2025-05-31 22:00:00,1,0.101,0.101,974.070,973.969
GPR,ELEV,GPR.Elev-Forebay.Inst.1Hour.0.CBT-REV,14186100,2025-06-01 00:00:00,2025-06-01 04:00:00,5,0.124,0.133,973.942,973.818
GPR,ELEV,GPR.Elev-Forebay.Inst.1Hour.0.CBT-REV,14186100,2025-06-01 06:00:00,2025-06-01 07:00:00,2,0.102,0.102,973.755,973.653
GPR,ELEV,GPR.Elev-Forebay.Inst.1Hour.0.CBT-REV,14186100,2025-06-01 12:00:00,2025-06-01 12:00:00,1,0.100,0.100,973.730,973.630
GPR,ELEV,GPR.Elev-Forebay.Inst.1Hour.0.CBT-REV,14186100,2025-06-01 14:00:00,2025-06-01 15:00:00,2,0.102,0.103,973.715,973.613
GPR,ELEV,GPR.Elev-Forebay.Inst.1Hour.0.CBT-REV,14186100,2025-06-01 18:00:00,2025-06-02 14:00:00,21,0.128,0.145,973.157,973.029
GPR,ELEV,GPR.Elev-Forebay.Inst.1Hour.0.CBT-REV,14186100,2025-06-02 16:00:00,2025-06-02 17:00:00,2,0.104,0.105,972.525,972.421
GPR,ELEV,GPR.Elev-Forebay.Inst.1Hour.0.CBT-REV,14186100,2025-06-02 20:00:00,2025-06-02 21:00:00,2,0.103,0.103,972.510,972.407
GPR,ELEV,GPR.Elev-Forebay.Inst.1Hour.0.CBT-REV,14186100,2025-07-07 02:00:00,2025-07-07 02:00:00,1,0.120,0.120,956.100,955.980
GPR,ELEV,GPR.Elev-Forebay.Inst.1Hour.0.CBT-REV,14186100,2025-07-10 15:00:00,2025-07-10 15:00:00,1,0.115,0.115,954.510,954.395
GPR,ELEV,GPR.Elev-Forebay.Inst.1Hour.0.CBT-REV,14186100,2025-07-10 22:00:00,2025-07-10 22:00:00,1,0.104,0.104,954.410,954.306
GPR,ELEV,GPR.Elev-Forebay.Inst.1Hour.0.CBT-REV,14186100,2025-07-11 18:00:00,2025-07-11 19:00:00,2,0.125,0.126,953.960,953.835
GPR,ELEV,GPR.Elev-Forebay.Inst.1Hour.0.CBT-REV,14186100,2025-07-12 00:00:00,2025-07-12 00:00:00,1,0.100,0.100,953.590,953.490
GPR,ELEV,GPR.Elev-Forebay.Inst.1Hour.0.CBT-REV,14186100,2025-07-12 02:00:00,2025-07-12 02:00:00,1,0.103,0.103,953.460,953.357
GPR,ELEV,GPR.Elev-Forebay.Inst.1Hour.0.CBT-REV,14186100,2025-07-14 21:00:00,2025-07-14 21:00:00,1,0.101,0.101,952.290,952.189
GPR,ELEV,GPR.Elev-Forebay.Inst.1Hour.0.CBT-REV,14186100,2025-07-15 01:00:00,2025-07-15 01:00:00,1,0.101,0.101,952.030,951.929
GPR,ELEV,GPR.Elev-Forebay.Inst.1Hour.0.CBT-REV,14186100,2025-07-17 00:00:00,2025-07-17 00:00:00,1,0.102,0.102,951.060,950.958
GPR,ELEV,GPR.Elev-Forebay.Inst.1Hour.0.CBT-REV,14186100,2025-07-18 00:00:00,2025-07-18 00:00:00,1,0.123,0.123,950.480,950.357
GPR,ELEV,GPR.Elev-Forebay.Inst.1Hour.0.CBT-REV,14186100,2025-07-19 22:00:00,2025-07-20 00:00:00,3,0.104,0.106,949.343,949.239
GPR,ELEV,GPR.Elev-Forebay.Inst.1Hour.0.CBT-REV,14186100,2025-07-20 04:00:00,2025-07-20 05:00:00,2,0.105,0.107,948.985,948.880
GPR,ELEV,GPR.Elev-Forebay.Inst.1Hour.0.CBT-REV,14186100,2025-07-20 22:00:00,2025-07-20 22:00:00,1,0.122,0.122,948.840,948.718
GPR,ELEV,GPR.Elev-Forebay.Inst.1Hour.0.CBT-REV,14186100,2025-07-21 00:00:00,2025-07-21 00:00:00,1,0.103,0.103,948.690,948.587
GPR,ELEV,GPR.Elev-Forebay.Inst.1Hour.0.CBT-REV,14186100,2025-07-21 02:00:00,2025-07-21 05:00:00,4,0.104,0.109,948.460,948.356
GPR,ELEV,GPR.Elev-Forebay.Inst.1Hour.0.CBT-REV,14186100,2025-07-21 22:00:00,2025-07-21 22:00:00,1,0.100,0.100,948.230,948.130
GPR,ELEV,GPR.Elev-Forebay.Inst.1Hour.0.CBT-REV,14186100,2025-07-22 00:00:00,2025-07-22 00:00:00,1,0.101,0.101,948.100,947.999
GPR,ELEV,GPR.Elev-Forebay.Inst.1Hour.0.CBT-REV,14186100,2025-07-22 02:00:00,2025-07-22 05:00:00,4,0.129,0.170,947.900,947.771
GPR,ELEV,GPR.Elev-Forebay.Inst.1Hour.0.CBT-REV,14186100,2025-07-22 23:00:00,2025-07-23 00:00:00,2,0.126,0.142,947.580,947.454
GPR,ELEV,GPR.Elev-Forebay.Inst.1Hour.0.CBT-REV,14186100,2025-07-23 04:00:00,2025-07-23 04:00:00,1,0.101,0.101,947.260,947.159
GPR,ELEV,GPR.Elev-Forebay.Inst.1Hour.0.CBT-REV,14186100,2025-07-23 22:00:00,2025-07-23 23:00:00,2,0.107,0.108,947.035,946.928
GPR,ELEV,GPR.Elev-Forebay.Inst.1Hour.0.CBT-REV,14186100,2025-07-24 01:00:00,2025-07-24 01:00:00,1,0.100,0.100,946.860,946.760
GPR,ELEV,GPR.Elev-Forebay.Inst.1Hour.0.CBT-REV,14186100,2025-07-24 05:00:00,2025-07-24 05:00:00,1,0.104,0.104,946.610,946.506
GPR,ELEV,GPR.Elev-Forebay.Inst.1Hour.0.CBT-REV,14186100,2025-07-24 22:00:00,2025-07-24 23:00:00,2,0.105,0.107,946.435,946.330
GPR,ELEV,GPR.Elev-Forebay.Inst.1Hour.0.CBT-REV,14186100,2025-07-25 01:00:00,2025-07-25 01:00:00,1,0.103,0.103,946.270,946.167
GPR,ELEV,GPR.Elev-Forebay.Inst.1Hour.0.CBT-REV,14186100,2025-07-25 03:00:00,2025-07-25 04:00:00,2,0.103,0.104,946.105,946.002
GPR,ELEV,GPR.Elev-Forebay.Inst.1Hour.0.CBT-REV,14186100,2025-07-26 00:00:00,2025-07-26 00:00:00,1,0.100,0.100,945.730,945.630
GPR,ELEV,GPR.Elev-Forebay.Inst.1Hour.0.CBT-REV,14186100,2025-07-26 02:00:00,2025-07-26 02:00:00,1,0.108,0.108,945.600,945.492
GPR,ELEV,GPR.Elev-Forebay.Inst.1Hour.0.CBT-REV,14186100,2025-07-26 05:00:00,2025-07-26 05:00:00,1,0.102,0.102,945.390,945.288
GPR,ELEV,GPR.Elev-Forebay.Inst.1Hour.0.CBT-REV,14186100,2025-07-27 00:00:00,2025-07-27 02:00:00,3,0.102,0.103,945.040,944.938
GPR,ELEV,GPR.Elev-Forebay.Inst.1Hour.0.CBT-REV,14186100,2025-07-27 04:00:00,2025-07-27 05:00:00,2,0.105,0.106,944.805,944.700
GPR,ELEV,GPR.Elev-Forebay.Inst.1Hour.0.CBT-REV,14186100,2025-07-27 22:00:00,2025-07-28 05:00:00,8,0.110,0.123,944.390,944.280
GPR,ELEV,GPR.Elev-Forebay.Inst.1Hour.0.CBT-REV,14186100,2025-07-29 00:00:00,2025-07-29 05:00:00,6,0.111,0.123,943.715,943.604
GPR,ELEV,GPR.Elev-Forebay.Inst.1Hour.0.CBT-REV,14186100,2025-07-30 02:00:00,2025-07-30 05:00:00,4,0.114,0.118,943.235,943.121
GPR,ELEV,GPR.Elev-Forebay.Inst.1Hour.0.CBT-REV,14186100,2025-07-31 00:00:00,2025-07-31 05:00:00,6,0.110,0.117,942.895,942.785
GPR,ELEV,GPR.Elev-Forebay.Inst.1Hour.0.CBT-REV,14186100,2025-08-12 02:00:00,2025-08-12 02:00:00,1,0.121,0.121,935.890,935.769
GPR,ELEV,GPR.Elev-Forebay.Inst.1Hour.0.CBT-REV,14186100,2025-08-14 01:00:00,2025-08-14 01:00:00,1,0.101,0.101,934.790,934.689
GPR,ELEV,GPR.Elev-Forebay.Inst.1Hour.0.CBT-REV,14186100,2025-08-15 04:00:00,2025-08-15 04:00:00,1,0.101,0.101,934.000,933.899
GPR,ELEV,GPR.Elev-Forebay.Inst.1Hour.0.CBT-REV,14186100,2025-08-15 21:00:00,2025-08-15 21:00:00,1,0.112,0.112,933.870,933.758
GPR,ELEV,GPR.Elev-Forebay.Inst.1Hour.0.CBT-REV,14186100,2025-08-15 23:00:00,2025-08-15 23:00:00,1,0.105,0.105,933.720,933.615
GPR,ELEV,GPR.Elev-Forebay.Inst.1Hour.0.CBT-REV,14186100,2025-08-16 22:00:00,2025-08-17 04:00:00,7,0.102,0.106,933.029,932.926
GPR,ELEV,GPR.Elev-Forebay.Inst.1Hour.0.CBT-REV,14186100,2025-08-17 20:00:00,2025-08-17 20:00:00,1,0.100,0.100,932.760,932.660
GPR,ELEV,GPR.Elev-Forebay.Inst.1Hour.0.CBT-REV,14186100,2025-08-17 22:00:00,2025-08-18 01:00:00,4,0.106,0.111,932.520,932.414
GPR,ELEV,GPR.Elev-Forebay.Inst.1Hour.0.CBT-REV,14186100,2025-08-18 03:00:00,2025-08-18 04:00:00,2,0.104,0.104,932.245,932.141
GPR,ELEV,GPR.Elev-Forebay.Inst.1Hour.0.CBT-REV,14186100,2025-08-18 21:00:00,2025-08-19 01:00:00,5,0.105,0.111,931.932,931.827
GPR,ELEV,GPR.Elev-Forebay.Inst.1Hour.0.CBT-REV,14186100,2025-08-19 04:00:00,2025-08-19 04:00:00,1,0.104,0.104,931.590,931.486
GPR,ELEV,GPR.Elev-Forebay.Inst.1Hour.0.CBT-REV,14186100,2025-08-19 20:00:00,2025-08-19 23:00:00,4,0.113,0.116,931.405,931.292
GPR,ELEV,GPR.Elev-Forebay.Inst.1Hour.0.CBT-REV,14186100,2025-08-20 01:00:00,2025-08-20 01:00:00,1,0.112,0.112,931.160,931.048
GPR,ELEV,GPR.Elev-Forebay.Inst.1Hour.0.CBT-REV,14186100,2025-08-20 03:00:00,2025-08-20 04:00:00,2,0.115,0.116,930.995,930.880
GPR,ELEV,GPR.Elev-Forebay.Inst.1Hour.0.CBT-REV,14186100,2025-08-20 20:00:00,2025-08-21 04:00:00,9,0.112,0.117,930.607,930.495
GPR,ELEV,GPR.Elev-Forebay.Inst.1Hour.0.CBT-REV,14186100,2025-08-21 20:00:00,2025-08-22 02:00:00,7,0.109,0.112,930.037,929.929
GPR,ELEV,GPR.Elev-Forebay.Inst.1Hour.0.CBT-REV,14186100,2025-08-22 04:00:00,2025-08-22 04:00:00,1,0.117,0.117,929.700,929.583
GPR,ELEV,GPR.Elev-Forebay.Inst.1Hour.0.CBT-REV,14186100,2025-08-22 20:00:00,2025-08-23 04:00:00,9,0.124,0.148,929.323,929.200
GPR,ELEV,GPR.Elev-Forebay.Inst.1Hour.0.CBT-REV,14186100,2025-08-23 20:00:00,2025-08-24 04:00:00,9,0.125,0.143,928.671,928.546
GPR,ELEV,GPR.Elev-Forebay.Inst.1Hour.0.CBT-REV,14186100,2025-08-24 22:00:00,2025-08-25 04:00:00,7,0.123,0.130,927.951,927.829
GPR,ELEV,GPR.Elev-Forebay.Inst.1Hour.0.CBT-REV,14186100,2025-08-25 17:00:00,2025-08-26 05:00:00,13,0.126,0.146,927.414,927.288
GPR,ELEV,GPR.Elev-Forebay.Inst.1Hour.0.CBT-REV,14186100,2025-08-26 20:00:00,2025-08-27 02:00:00,7,0.125,0.133,926.791,926.667
GPR,ELEV,GPR.Elev-Forebay.Inst.1Hour.0.CBT-REV,14186100,2025-08-27 05:00:00,2025-08-27 05:00:00,1,0.112,0.112,926.380,926.268
GPR,ELEV,GPR.Elev-Forebay.Inst.1Hour.0.CBT-REV,14186100,2025-08-27 20:00:00,2025-08-28 05:00:00,10,0.124,0.138,926.055,925.931
GPR,ELEV,GPR.Elev-Forebay.Inst.1Hour.0.CBT-REV,14186100,2025-08-28 08:00:00,2025-08-28 09:00:00,2,0.100,0.100,925.740,925.640
GPR,ELEV,GPR.Elev-Forebay.Inst.1Hour.0.CBT-REV,14186100,2025-08-28 11:00:00,2025-08-28 20:00:00,10,0.105,0.132,925.734,925.629
GPR,ELEV,GPR.Elev-Forebay.Inst.1Hour.0.CBT-REV,14186100,2025-08-28 22:00:00,2025-08-29 09:00:00,12,0.127,0.147,925.279,925.153
GPR,ELEV,GPR.Elev-Forebay.Inst.1Hour.0.CBT-REV,14186100,2025-08-29 11:00:00,2025-08-29 11:00:00,1,0.106,0.106,925.110,925.004
GPR,ELEV,GPR.Elev-Forebay.Inst.1Hour.0.CBT-REV,14186100,2025-08-29 13:00:00,2025-08-30 05:00:00,17,0.122,0.152,924.908,924.786
GPR,ELEV,GPR.Elev-Forebay.Inst.1Hour.0.CBT-REV,14186100,2025-08-30 09:00:00,2025-08-30 10:00:00,2,0.104,0.108,924.455,924.351
GPR,ELEV,GPR.Elev-Forebay.Inst.1Hour.0.CBT-REV,14186100,2025-08-30 13:00:00,2025-08-30 15:00:00,3,0.106,0.112,924.463,924.357
GPR,ELEV,GPR.Elev-Forebay.Inst.1Hour.0.CBT-REV,14186100,2025-08-30 17:00:00,2025-09-18 22:00:00,462,0.157,0.256,916.247,916.090
GPR,ELEV,GPR.Elev-Forebay.Inst.1Hour.0.CBT-REV,14186100,2025-09-25 02:00:00,2025-09-25 02:00:00,1,0.150,0.150,904.290,904.140
GPR,ELEV,GPR.Elev-Forebay.Inst.1Hour.0.CBT-REV,14186100,2025-09-25 22:00:00,2025-09-25 22:00:00,1,0.100,0.100,903.960,903.860
GPR,ELEV,GPR.Elev-Forebay.Inst.1Hour.0.CBT-REV,14186100,2025-09-27 21:00:00,2025-09-27 21:00:00,1,0.106,0.106,902.750,902.644
GPR,ELEV,GPR.Elev-Forebay.Inst.1Hour.0.CBT-REV,14186100,2025-09-27 23:00:00,2025-09-27 23:00:00,1,0.103,0.103,902.580,902.477
GPR,ELEV,GPR.Elev-Forebay.Inst.1Hour.0.CBT-REV,14186100,2025-09-28 01:00:00,2025-09-28 01:00:00,1,0.103,0.103,902.410,902.307
GPR,ELEV,GPR.Elev-Forebay.Inst.1Hour.0.CBT-REV,14186100,2025-09-28 03:00:00,2025-09-28 03:00:00,1,0.103,0.103,902.250,902.147
GPR,ELEV,GPR.Elev-Forebay.Inst.1Hour.0.CBT-REV,14186100,2025-09-28 22:00:00,2025-09-29 00:00:00,3,0.120,0.143,902.000,901.880
GPR,ELEV,GPR.Elev-Forebay.Inst.1Hour.0.CBT-REV,14186100,2025-09-29 02:00:00,2025-09-29 03:00:00,2,0.105,0.107,901.690,901.585
GPR,ELEV,GPR.Elev-Forebay.Inst.1Hour.0.CBT-REV,14186100,2025-09-29 22:00:00,2025-09-29 22:00:00,1,0.112,0.112,901.480,901.368
GPR,ELEV,GPR.Elev-Forebay.Inst.1Hour.0.CBT-REV,14186100,2025-09-30 02:00:00,2025-09-30 03:00:00,2,0.116,0.117,901.115,900.999
GPR,ELEV,GPR.Elev-Forebay.Inst.1Hour.0.CBT-REV,14186100,2025-09-30 23:00:00,2025-09-30 23:00:00,1,0.115,0.115,900.830,900.715
HCR,ELEV,HCR.Elev-Forebay.Inst.1Hour.0.CBT-REV,14145100,2024-10-01 04:00:00,2024-10-01 04:00:00,1,-0.103,0.103,1491.430,1491.533
HCR,ELEV,HCR.Elev-Forebay.Inst.1Hour.0.CBT-REV,14145100,2024-10-01 20:00:00,2024-10-01 21:00:00,2,-0.109,0.109,1491.205,1491.314
HCR,ELEV,HCR.Elev-Forebay.Inst.1Hour.0.CBT-REV,14145100,2024-10-02 00:00:00,2024-10-02 01:00:00,2,-0.102,0.102,1491.155,1491.257
HCR,ELEV,HCR.Elev-Forebay.Inst.1Hour.0.CBT-REV,14145100,2024-10-02 03:00:00,2024-10-02 04:00:00,2,-0.106,0.107,1491.115,1491.221
HCR,ELEV,HCR.Elev-Forebay.Inst.1Hour.0.CBT-REV,14145100,2024-10-02 06:00:00,2024-10-02 07:00:00,2,-0.103,0.104,1491.075,1491.178
HCR,ELEV,HCR.Elev-Forebay.Inst.1Hour.0.CBT-REV,14145100,2024-10-02 09:00:00,2024-10-02 09:00:00,1,-0.104,0.104,1491.040,1491.144
HCR,ELEV,HCR.Elev-Forebay.Inst.1Hour.0.CBT-REV,14145100,2024-10-02 11:00:00,2024-10-02 11:00:00,1,-0.110,0.110,1491.010,1491.120
HCR,ELEV,HCR.Elev-Forebay.Inst.1Hour.0.CBT-REV,14145100,2024-10-02 15:00:00,2024-10-02 15:00:00,1,-0.103,0.103,1490.960,1491.063
HCR,ELEV,HCR.Elev-Forebay.Inst.1Hour.0.CBT-REV,14145100,2024-10-02 17:00:00,2024-10-02 17:00:00,1,-0.105,0.105,1490.930,1491.035
HCR,ELEV,HCR.Elev-Forebay.Inst.1Hour.0.CBT-REV,14145100,2024-10-02 19:00:00,2024-10-03 01:00:00,7,-0.105,0.109,1490.860,1490.965
HCR,ELEV,HCR.Elev-Forebay.Inst.1Hour.0.CBT-REV,14145100,2024-10-03 04:00:00,2024-10-03 05:00:00,2,-0.105,0.108,1490.770,1490.875
HCR,ELEV,HCR.Elev-Forebay.Inst.1Hour.0.CBT-REV,14145100,2024-10-03 07:00:00,2024-10-03 08:00:00,2,-0.107,0.111,1490.730,1490.837
HCR,ELEV,HCR.Elev-Forebay.Inst.1Hour.0.CBT-REV,14145100,2024-10-03 10:00:00,2024-10-03 11:00:00,2,-0.105,0.105,1490.695,1490.800
HCR,ELEV,HCR.Elev-Forebay.Inst.1Hour.0.CBT-REV,14145100,2024-10-03 13:00:00,2024-10-04 00:00:00,12,-0.106,0.110,1490.582,1490.688
HCR,ELEV,HCR.Elev-Forebay.Inst.1Hour.0.CBT-REV,14145100,2024-10-04 02:00:00,2024-10-04 02:00:00,1,-0.104,0.104,1490.490,1490.594
HCR,ELEV,HCR.Elev-Forebay.Inst.1Hour.0.CBT-REV,14145100,2024-11-18 00:00:00,2024-11-18 00:00:00,1,-0.109,0.109,1471.920,1472.029
HCR,ELEV,HCR.Elev-Forebay.Inst.1Hour.0.CBT-REV,14145100,2024-11-18 02:00:00,2024-11-18 05:00:00,4,-0.108,0.110,1472.183,1472.290
HCR,ELEV,HCR.Elev-Forebay.Inst.1Hour.0.CBT-REV,14145100,2024-11-22 15:00:00,2024-11-22 15:00:00,1,-0.106,0.106,1473.400,1473.506
HCR,ELEV,HCR.Elev-Forebay.Inst.1Hour.0.CBT-REV,14145100,2024-11-22 17:00:00,2024-11-22 21:00:00,5,-0.112,0.118,1473.642,1473.754
HCR,ELEV,HCR.Elev-Forebay.Inst.1Hour.0.CBT-REV,14145100,2024-11-22 23:00:00,2024-11-23 12:00:00,14,-0.116,0.133,1474.460,1474.576
HCR,ELEV,HCR.Elev-Forebay.Inst.1Hour.0.CBT-REV,14145100,2024-11-23 15:00:00,2024-11-23 18:00:00,4,-0.105,0.109,1475.175,1475.280
HCR,ELEV,HCR.Elev-Forebay.Inst.1Hour.0.CBT-REV,14145100,2024-12-07 16:00:00,2024-12-07 16:00:00,1,-0.175,0.175,1448.280,1448.455
HCR,ELEV,HCR.Elev-Forebay.Inst.1Hour.0.CBT-REV,14145100,2024-12-17 10:00:00,2024-12-17 10:00:00,1,-0.115,0.115,1449.500,1449.615
HCR,ELEV,HCR.Elev-Forebay.Inst.1Hour.0.CBT-REV,14145100,2024-12-24 15:00:00,2024-12-25 00:00:00,10,-0.136,0.151,1455.525,1455.661
HCR,ELEV,HCR.Elev-Forebay.Inst.1Hour.0.CBT-REV,14145100,2024-12-25 02:00:00,2024-12-25 04:00:00,3,-0.116,0.118,1457.333,1457.449
HCR,ELEV,HCR.Elev-Forebay.Inst.1Hour.0.CBT-REV,14145100,2024-12-26 13:00:00,2024-12-26 13:00:00,1,-0.291,0.291,1461.630,1461.921
HCR,ELEV,HCR.Elev-Forebay.Inst.1Hour.0.CBT-REV,14145100,2024-12-26 15:00:00,2024-12-27 01:00:00,11,-0.150,0.164,1463.505,1463.655
HCR,ELEV,HCR.Elev-Forebay.Inst.1Hour.0.CBT-REV,14145100,2024-12-27 03:00:00,2024-12-27 04:00:00,2,-0.133,0.136,1465.550,1465.683
HCR,ELEV,HCR.Elev-Forebay.Inst.1Hour.0.CBT-REV,14145100,2024-12-27 06:00:00,2024-12-27 09:00:00,4,-0.130,0.134,1466.507,1466.637
HCR,ELEV,HCR.Elev-Forebay.Inst.1Hour.0.CBT-REV,14145100,2024-12-27 13:00:00,2024-12-29 01:00:00,37,-0.147,0.184,1473.029,1473.176
HCR,ELEV,HCR.Elev-Forebay.Inst.1Hour.0.CBT-REV,14145100,2024-12-29 03:00:00,2024-12-29 06:00:00,4,-0.115,0.123,1479.002,1479.118
HCR,ELEV,HCR.Elev-Forebay.Inst.1Hour.0.CBT-REV,14145100,2024-12-29 08:00:00,2024-12-30 14:00:00,31,-0.241,0.546,1486.770,1487.011
HCR,ELEV,HCR.Elev-Forebay.Inst.1Hour.0.CBT-REV,14145100,2024-12-30 17:00:00,2024-12-30 17:00:00,1,-0.108,0.108,1493.390,1493.498
HCR,ELEV,HCR.Elev-Forebay.Inst.1Hour.0.CBT-REV,14145100,2024-12-30 21:00:00,2024-12-30 22:00:00,2,-0.174,0.183,1494.205,1494.379
HCR,ELEV,HCR.Elev-Forebay.Inst.1Hour.0.CBT-REV,14145100,2024-12-31 19:00:00,2024-12-31 19:00:00,1,-0.118,0.118,1497.110,1497.228
HCR,ELEV,HCR.Elev-Forebay.Inst.1Hour.0.CBT-REV,14145100,2025-01-14 18:00:00,2025-01-14 19:00:00,2,0.120,0.128,1505.015,1504.895
HCR,ELEV,HCR.Elev-Forebay.Inst.1Hour.0.CBT-REV,14145100,2025-01-15 04:00:00,2025-01-15 04:00:00,1,0.102,0.102,1504.210,1504.108
HCR,ELEV,HCR.Elev-Forebay.Inst.1Hour.0.CBT-REV,14145100,2025-01-15 10:00:00,2025-01-15 11:00:00,2,0.105,0.107,1503.665,1503.560
HCR,ELEV,HCR.Elev-Forebay.Inst.1Hour.0.CBT-REV,14145100,2025-01-15 13:00:00,2025-01-15 14:00:00,2,0.104,0.106,1503.410,1503.306
HCR,ELEV,HCR.Elev-Forebay.Inst.1Hour.0.CBT-REV,14145100,2025-01-15 16:00:00,2025-01-15 21:00:00,6,0.106,0.112,1502.982,1502.875
HCR,ELEV,HCR.Elev-Forebay.Inst.1Hour.0.CBT-REV,14145100,2025-01-15 23:00:00,2025-01-15 23:00:00,1,0.112,0.112,1502.600,1502.487
HCR,ELEV,HCR.Elev-Forebay.Inst.1Hour.0.CBT-REV,14145100,2025-01-16 01:00:00,2025-01-16 04:00:00,4,0.106,0.112,1502.297,1502.191
HCR,ELEV,HCR.Elev-Forebay.Inst.1Hour.0.CBT-REV,14145100,2025-01-16 06:00:00,2025-01-16 08:00:00,3,0.103,0.107,1501.917,1501.813
HCR,ELEV,HCR.Elev-Forebay.Inst.1Hour.0.CBT-REV,14145100,2025-01-16 10:00:00,2025-01-16 18:00:00,9,0.110,0.122,1501.268,1501.158
HCR,ELEV,HCR.Elev-Forebay.Inst.1Hour.0.CBT-REV,14145100,2025-01-16 20:00:00,2025-01-17 02:00:00,7,0.112,0.125,1500.400,1500.288
HCR,ELEV,HCR.Elev-Forebay.Inst.1Hour.0.CBT-REV,14145100,2025-01-17 04:00:00,2025-01-17 17:00:00,14,0.109,0.114,1499.309,1499.200
HCR,ELEV,HCR.Elev-Forebay.Inst.1Hour.0.CBT-REV,14145100,2025-01-17 19:00:00,2025-01-17 19:00:00,1,0.112,0.112,1498.500,1498.388
HCR,ELEV,HCR.Elev-Forebay.Inst.1Hour.0.CBT-REV,14145100,2025-01-17 22:00:00,2025-01-18 04:00:00,7,0.111,0.117,1497.921,1497.810
HCR,ELEV,HCR.Elev-Forebay.Inst.1Hour.0.CBT-REV,14145100,2025-01-18 06:00:00,2025-01-19 13:00:00,32,0.114,0.124,1495.855,1495.741
HCR,ELEV,HCR.Elev-Forebay.Inst.1Hour.0.CBT-REV,14145100,2025-01-19 15:00:00,2025-01-19 22:00:00,8,0.117,0.127,1493.696,1493.579
HCR,ELEV,HCR.Elev-Forebay.Inst.1Hour.0.CBT-REV,14145100,2025-01-20 00:00:00,2025-01-20 18:00:00,19,0.119,0.215,1492.188,1492.069
HCR,ELEV,HCR.Elev-Forebay.Inst.1Hour.0.CBT-REV,14145100,2025-01-20 20:00:00,2025-01-20 21:00:00,2,0.117,0.118,1491.000,1490.883
HCR,ELEV,HCR.Elev-Forebay.Inst.1Hour.0.CBT-REV,14145100,2025-01-21 01:00:00,2025-01-21 05:00:00,5,0.111,0.122,1490.340,1490.229
HCR,ELEV,HCR.Elev-Forebay.Inst.1Hour.0.CBT-REV,14145100,2025-01-21 07:00:00,2025-01-21 07:00:00,1,0.105,0.105,1489.930,1489.825
HCR,ELEV,HCR.Elev-Forebay.Inst.1Hour.0.CBT-REV,14145100,2025-01-21 09:00:00,2025-01-21 10:00:00,2,0.118,0.120,1489.695,1489.577
HCR,ELEV,HCR.Elev-Forebay.Inst.1Hour.0.CBT-REV,14145100,2025-01-21 12:00:00,2025-01-21 12:00:00,1,0.127,0.127,1489.450,1489.323
HCR,ELEV,HCR.Elev-Forebay.Inst.1Hour.0.CBT-REV,14145100,2025-01-21 16:00:00,2025-01-21 16:00:00,1,0.103,0.103,1489.110,1489.007
HCR,ELEV,HCR.Elev-Forebay.Inst.1Hour.0.CBT-REV,14145100,2025-01-21 18:00:00,2025-01-21 18:00:00,1,0.103,0.103,1488.940,1488.837
HCR,ELEV,HCR.Elev-Forebay.Inst.1Hour.0.CBT-REV,14145100,2025-01-21 20:00:00,2025-01-22 01:00:00,6,0.105,0.108,1488.565,1488.460
HCR,ELEV,HCR.Elev-Forebay.Inst.1Hour.0.CBT-REV,14145100,2025-01-22 03:00:00,2025-01-22 05:00:00,3,0.104,0.107,1488.107,1488.003
HCR,ELEV,HCR.Elev-Forebay.Inst.1Hour.0.CBT-REV,14145100,2025-01-22 07:00:00,2025-01-22 08:00:00,2,0.102,0.102,1487.810,1487.708
HCR,ELEV,HCR.Elev-Forebay.Inst.1Hour.0.CBT-REV,14145100,2025-01-22 11:00:00,2025-01-22 14:00:00,4,0.106,0.112,1487.398,1487.291
HCR,ELEV,HCR.Elev-Forebay.Inst.1Hour.0.CBT-REV,14145100,2025-01-22 17:00:00,2025-01-22 18:00:00,2,0.105,0.107,1486.970,1486.865
HCR,ELEV,HCR.Elev-Forebay.Inst.1Hour.0.CBT-REV,14145100,2025-01-23 02:00:00,2025-01-23 02:00:00,1,0.103,0.103,1486.250,1486.147
HCR,ELEV,HCR.Elev-Forebay.Inst.1Hour.0.CBT-REV,14145100,2025-01-23 05:00:00,2025-01-23 06:00:00,2,0.104,0.106,1485.955,1485.851
HCR,ELEV,HCR.Elev-Forebay.Inst.1Hour.0.CBT-REV,14145100,2025-01-23 08:00:00,2025-01-23 10:00:00,3,0.103,0.107,1485.657,1485.554
HCR,ELEV,HCR.Elev-Forebay.Inst.1Hour.0.CBT-REV,14145100,2025-01-23 12:00:00,2025-01-23 14:00:00,3,0.104,0.108,1485.317,1485.213
HCR,ELEV,HCR.Elev-Forebay.Inst.1Hour.0.CBT-REV,14145100,2025-01-23 16:00:00,2025-01-23 22:00:00,7,0.116,0.145,1484.780,1484.664
HCR,ELEV,HCR.Elev-Forebay.Inst.1Hour.0.CBT-REV,14145100,2025-01-24 01:00:00,2025-01-24 16:00:00,16,0.120,0.145,1483.281,1483.161
HCR,ELEV,HCR.Elev-Forebay.Inst.1Hour.0.CBT-REV,14145100,2025-01-24 19:00:00,2025-01-24 20:00:00,2,0.114,0.121,1482.150,1482.036
HCR,ELEV,HCR.Elev-Forebay.Inst.1Hour.0.CBT-REV,14145100,2025-01-24 22:00:00,2025-01-27 06:00:00,57,0.116,0.126,1479.408,1479.292
HCR,ELEV,HCR.Elev-Forebay.Inst.1Hour.0.CBT-REV,14145100,2025-01-27 08:00:00,2025-01-27 08:00:00,1,0.119,0.119,1476.700,1476.581
HCR,ELEV,HCR.Elev-Forebay.Inst.1Hour.0.CBT-REV,14145100,2025-01-27 12:00:00,2025-01-27 16:00:00,5,0.113,0.120,1476.148,1476.035
HCR,ELEV,HCR.Elev-Forebay.Inst.1Hour.0.CBT-REV,14145100,2025-01-27 18:00:00,2025-01-27 23:00:00,6,0.118,0.123,1475.555,1475.437
HCR,ELEV,HCR.Elev-Forebay.Inst.1Hour.0.CBT-REV,14145100,2025-01-28 01:00:00,2025-01-28 03:00:00,3,0.116,0.122,1475.053,1474.937
HCR,ELEV,HCR.Elev-Forebay.Inst.1Hour.0.CBT-REV,14145100,2025-01-28 08:00:00,2025-01-28 09:00:00,2,0.110,0.116,1474.460,1474.350
HCR,ELEV,HCR.Elev-Forebay.Inst.1Hour.0.CBT-REV,14145100,2025-01-28 12:00:00,2025-01-28 19:00:00,8,0.115,0.122,1473.834,1473.718
HCR,ELEV,HCR.Elev-Forebay.Inst.1Hour.0.CBT-REV,14145100,2025-01-28 21:00:00,2025-01-29 01:00:00,5,0.117,0.123,1473.146,1473.029
HCR,ELEV,HCR.Elev-Forebay.Inst.1Hour.0.CBT-REV,14145100,2025-01-29 05:00:00,2025-01-29 05:00:00,1,0.106,0.106,1472.590,1472.484
HCR,ELEV,HCR.Elev-Forebay.Inst.1Hour.0.CBT-REV,14145100,2025-01-29 07:00:00,2025-01-30 04:00:00,22,0.117,0.140,1471.443,1471.326
HCR,ELEV,HCR.Elev-Forebay.Inst.1Hour.0.CBT-REV,14145100,2025-01-30 06:00:00,2025-01-30 14:00:00,9,0.120,0.153,1469.849,1469.729
HCR,ELEV,HCR.Elev-Forebay.Inst.1Hour.0.CBT-REV,14145100,2025-01-30 16:00:00,2025-01-31 01:00:00,10,0.121,0.128,1468.810,1468.689
HCR,ELEV,HCR.Elev-Forebay.Inst.1Hour.0.CBT-REV,14145100,2025-01-31 03:00:00,2025-01-31 07:00:00,5,0.118,0.151,1467.966,1467.848
HCR,ELEV,HCR.Elev-Forebay.Inst.1Hour.0.CBT-REV,14145100,2025-01-31 11:00:00,2025-01-31 11:00:00,1,0.107,0.107,1467.350,1467.243
HCR,ELEV,HCR.Elev-Forebay.Inst.1Hour.0.CBT-REV,14145100,2025-01-31 13:00:00,2025-02-01 03:00:00,15,0.114,0.127,1466.549,1466.435
HCR,ELEV,HCR.Elev-Forebay.Inst.1Hour.0.CBT-REV,14145100,2025-02-01 08:00:00,2025-02-01 08:00:00,1,0.106,0.106,1465.600,1465.494
HCR,ELEV,HCR.Elev-Forebay.Inst.1Hour.0.CBT-REV,14145100,2025-02-01 11:00:00,2025-02-01 11:00:00,1,0.100,0.100,1465.420,1465.320
HCR,ELEV,HCR.Elev-Forebay.Inst.1Hour.0.CBT-REV,14145100,2025-02-02 16:00:00,2025-02-02 16:00:00,1,0.102,0.102,1464.110,1464.007
HCR,ELEV,HCR.Elev-Forebay.Inst.1Hour.0.CBT-REV,14145100,2025-02-02 19:00:00,2025-02-02 19:00:00,1,0.100,0.100,1463.950,1463.850
HCR,ELEV,HCR.Elev-Forebay.Inst.1Hour.0.CBT-REV,14145100,2025-02-02 23:00:00,2025-02-02 23:00:00,1,0.103,0.103,1463.740,1463.637
HCR,ELEV,HCR.Elev-Forebay.Inst.1Hour.0.CBT-REV,14145100,2025-02-03 10:00:00,2025-02-03 17:00:00,8,0.112,0.118,1462.891,1462.780
HCR,ELEV,HCR.Elev-Forebay.Inst.1Hour.0.CBT-REV,14145100,2025-02-03 19:00:00,2025-02-05 17:00:00,47,0.110,0.121,1461.144,1461.035
HCR,ELEV,HCR.Elev-Forebay.Inst.1Hour.0.CBT-REV,14145100,2025-02-05 19:00:00,2025-02-05 19:00:00,1,0.102,0.102,1459.550,1459.447
HCR,ELEV,HCR.Elev-Forebay.Inst.1Hour.0.CBT-REV,14145100,2025-02-05 23:00:00,2025-02-05 23:00:00,1,0.101,0.101,1459.360,1459.259
HCR,ELEV,HCR.Elev-Forebay.Inst.1Hour.0.CBT-REV,14145100,2025-02-06 04:00:00,2025-02-06 04:00:00,1,0.102,0.102,1459.140,1459.038
HCR,ELEV,HCR.Elev-Forebay.Inst.1Hour.0.CBT-REV,14145100,2025-02-06 06:00:00,2025-02-06 07:00:00,2,0.103,0.104,1459.025,1458.922
HCR,ELEV,HCR.Elev-Forebay.Inst.1Hour.0.CBT-REV,14145100,2025-02-06 09:00:00,2025-02-06 11:00:00,3,0.104,0.109,1458.863,1458.759
HCR,ELEV,HCR.Elev-Forebay.Inst.1Hour.0.CBT-REV,14145100,2025-02-07 13:00:00,2025-02-07 13:00:00,1,0.102,0.102,1458.270,1458.168
HCR,ELEV,HCR.Elev-Forebay.Inst.1Hour.0.CBT-REV,14145100,2025-02-07 15:00:00,2025-02-07 15:00:00,1,0.104,0.104,1458.180,1458.076
HCR,ELEV,HCR.Elev-Forebay.Inst.1Hour.0.CBT-REV,14145100,2025-02-07 17:00:00,2025-02-07 18:00:00,2,0.127,0.132,1458.080,1457.953
HCR,ELEV,HCR.Elev-Forebay.Inst.1Hour.0.CBT-REV,14145100,2025-02-07 20:00:00,2025-02-07 20:00:00,1,0.102,0.102,1457.930,1457.828
HCR,ELEV,HCR.Elev-Forebay.Inst.1Hour.0.CBT-REV,14145100,2025-02-08 02:00:00,2025-02-08 04:00:00,3,0.105,0.106,1457.610,1457.505
HCR,ELEV,HCR.Elev-Forebay.Inst.1Hour.0.CBT-REV,14145100,2025-02-08 06:00:00,2025-02-08 07:00:00,2,0.105,0.107,1457.425,1457.320
HCR,ELEV,HCR.Elev-Forebay.Inst.1Hour.0.CBT-REV,14145100,2025-02-08 09:00:00,2025-02-08 09:00:00,1,0.101,0.101,1457.290,1457.189
HCR,ELEV,HCR.Elev-Forebay.Inst.1Hour.0.CBT-REV,14145100,2025-02-08 11:00:00,2025-02-08 18:00:00,8,0.105,0.110,1456.981,1456.876
HCR,ELEV,HCR.Elev-Forebay.Inst.1Hour.0.CBT-REV,14145100,2025-02-08 20:00:00,2025-02-08 21:00:00,2,0.105,0.108,1456.640,1456.535
HCR,ELEV,HCR.Elev-Forebay.Inst.1Hour.0.CBT-REV,14145100,2025-02-09 00:00:00,2025-02-09 04:00:00,5,0.105,0.110,1456.342,1456.237
HCR,ELEV,HCR.Elev-Forebay.Inst.1Hour.0.CBT-REV,14145100,2025-02-09 07:00:00,2025-02-09 16:00:00,10,0.106,0.110,1455.816,1455.710
HCR,ELEV,HCR.Elev-Forebay.Inst.1Hour.0.CBT-REV,14145100,2025-02-09 18:00:00,2025-02-09 20:00:00,3,0.104,0.108,1455.397,1455.293
HCR,ELEV,HCR.Elev-Forebay.Inst.1Hour.0.CBT-REV,14145100,2025-02-09 22:00:00,2025-02-09 22:00:00,1,0.103,0.103,1455.230,1455.127
HCR,ELEV,HCR.Elev-Forebay.Inst.1Hour.0.CBT-REV,14145100,2025-02-10 00:00:00,2025-02-10 01:00:00,2,0.105,0.107,1455.090,1454.985
HCR,ELEV,HCR.Elev-Forebay.Inst.1Hour.0.CBT-REV,14145100,2025-02-10 03:00:00,2025-02-10 04:00:00,2,0.108,0.109,1454.920,1454.812
HCR,ELEV,HCR.Elev-Forebay.Inst.1Hour.0.CBT-REV,14145100,2025-02-10 06:00:00,2025-02-10 09:00:00,4,0.104,0.107,1454.690,1454.586
HCR,ELEV,HCR.Elev-Forebay.Inst.1Hour.0.CBT-REV,14145100,2025-02-10 11:00:00,2025-02-10 13:00:00,3,0.104,0.108,1454.447,1454.342
HCR,ELEV,HCR.Elev-Forebay.Inst.1Hour.0.CBT-REV,14145100,2025-02-10 19:00:00,2025-02-10 19:00:00,1,0.108,0.108,1454.170,1454.062
HCR,ELEV,HCR.Elev-Forebay.Inst.1Hour.0.CBT-REV,14145100,2025-02-11 16:00:00,2025-02-11 16:00:00,1,0.100,0.100,1453.420,1453.320
HCR,ELEV,HCR.Elev-Forebay.Inst.1Hour.0.CBT-REV,14145100,2025-02-13 00:00:00,2025-02-13 10:00:00,11,0.106,0.112,1452.067,1451.962
HCR,ELEV,HCR.Elev-Forebay.Inst.1Hour.0.CBT-REV,14145100,2025-02-13 12:00:00,2025-02-13 15:00:00,4,0.105,0.108,1451.755,1451.650
HCR,ELEV,HCR.Elev-Forebay.Inst.1Hour.0.CBT-REV,14145100,2025-02-13 17:00:00,2025-02-13 18:00:00,2,0.104,0.108,1451.615,1451.511
HCR,ELEV,HCR.Elev-Forebay.Inst.1Hour.0.CBT-REV,14145100,2025-02-13 21:00:00,2025-02-13 22:00:00,2,0.105,0.106,1451.470,1451.365
HCR,ELEV,HCR.Elev-Forebay.Inst.1Hour.0.CBT-REV,14145100,2025-02-14 00:00:00,2025-02-14 00:00:00,1,0.102,0.102,1451.380,1451.278
HCR,ELEV,HCR.Elev-Forebay.Inst.1Hour.0.CBT-REV,14145100,2025-02-14 03:00:00,2025-02-14 03:00:00,1,0.104,0.104,1451.280,1451.176
HCR,ELEV,HCR.Elev-Forebay.Inst.1Hour.0.CBT-REV,14145100,2025-02-14 05:00:00,2025-02-14 06:00:00,2,0.105,0.107,1451.195,1451.090
HCR,ELEV,HCR.Elev-Forebay.Inst.1Hour.0.CBT-REV,14145100,2025-02-14 08:00:00,2025-02-14 09:00:00,2,0.104,0.105,1451.095,1450.991
HCR,ELEV,HCR.Elev-Forebay.Inst.1Hour.0.CBT-REV,14145100,2025-02-14 18:00:00,2025-02-14 18:00:00,1,0.101,0.101,1450.830,1450.729
HCR,ELEV,HCR.Elev-Forebay.Inst.1Hour.0.CBT-REV,14145100,2025-02-14 22:00:00,2025-02-14 22:00:00,1,0.101,0.101,1450.740,1450.639
HCR,ELEV,HCR.Elev-Forebay.Inst.1Hour.0.CBT-REV,14145100,2025-02-15 15:00:00,2025-02-15 16:00:00,2,0.101,0.102,1450.340,1450.239
HCR,ELEV,HCR.Elev-Forebay.Inst.1Hour.0.CBT-REV,14145100,2025-02-16 01:00:00,2025-02-16 01:00:00,1,0.103,0.103,1450.120,1450.017
HCR,ELEV,HCR.Elev-Forebay.Inst.1Hour.0.CBT-REV,14145100,2025-02-16 06:00:00,2025-02-16 06:00:00,1,0.112,0.112,1450.000,1449.888
HCR,ELEV,HCR.Elev-Forebay.Inst.1Hour.0.CBT-REV,14145100,2025-02-16 10:00:00,2025-02-16 10:00:00,1,0.100,0.100,1449.900,1449.800
HCR,ELEV,HCR.Elev-Forebay.Inst.1Hour.0.CBT-REV,14145100,2025-02-16 12:00:00,2025-02-16 12:00:00,1,0.103,0.103,1449.850,1449.747
HCR,ELEV,HCR.Elev-Forebay.Inst.1Hour.0.CBT-REV,14145100,2025-02-16 16:00:00,2025-02-16 16:00:00,1,0.101,0.101,1449.750,1449.649
HCR,ELEV,HCR.Elev-Forebay.Inst.1Hour.0.CBT-REV,14145100,2025-02-16 19:00:00,2025-02-16 19:00:00,1,0.103,0.103,1449.680,1449.577
HCR,ELEV,HCR.Elev-Forebay.Inst.1Hour.0.CBT-REV,14145100,2025-02-19 06:00:00,2025-02-19 06:00:00,1,0.101,0.101,1449.630,1449.529
HCR,ELEV,HCR.Elev-Forebay.Inst.1Hour.0.CBT-REV,14145100,2025-02-19 09:00:00,2025-02-19 09:00:00,1,0.104,0.104,1449.550,1449.446
HCR,ELEV,HCR.Elev-Forebay.Inst.1Hour.0.CBT-REV,14145100,2025-02-19 16:00:00,2025-02-19 16:00:00,1,0.106,0.106,1449.350,1449.244
HCR,ELEV,HCR.Elev-Forebay.Inst.1Hour.0.CBT-REV,14145100,2025-02-19 18:00:00,2025-02-19 18:00:00,1,0.103,0.103,1449.300,1449.197
HCR,ELEV,HCR.Elev-Forebay.Inst.1Hour.0.CBT-REV,14145100,2025-02-19 20:00:00,2025-02-19 20:00:00,1,0.107,0.107,1449.240,1449.133
HCR,ELEV,HCR.Elev-Forebay.Inst.1Hour.0.CBT-REV,14145100,2025-02-19 22:00:00,2025-02-19 22:00:00,1,0.103,0.103,1449.170,1449.067
HCR,ELEV,HCR.Elev-Forebay.Inst.1Hour.0.CBT-REV,14145100,2025-02-20 00:00:00,2025-02-20 00:00:00,1,0.100,0.100,1449.120,1449.020
HCR,ELEV,HCR.Elev-Forebay.Inst.1Hour.0.CBT-REV,14145100,2025-02-20 20:00:00,2025-02-20 20:00:00,1,0.100,0.100,1448.790,1448.690
HCR,ELEV,HCR.Elev-Forebay.Inst.1Hour.0.CBT-REV,14145100,2025-02-21 05:00:00,2025-02-21 05:00:00,1,0.103,0.103,1448.620,1448.517
HCR,ELEV,HCR.Elev-Forebay.Inst.1Hour.0.CBT-REV,14145100,2025-02-21 09:00:00,2025-02-21 09:00:00,1,0.102,0.102,1448.490,1448.388
HCR,ELEV,HCR.Elev-Forebay.Inst.1Hour.0.CBT-REV,14145100,2025-02-21 11:00:00,2025-02-21 11:00:00,1,0.102,0.102,1448.420,1448.318
HCR,ELEV,HCR.Elev-Forebay.Inst.1Hour.0.CBT-REV,14145100,2025-02-21 13:00:00,2025-02-21 16:00:00,4,0.105,0.108,1448.300,1448.195
HCR,ELEV,HCR.Elev-Forebay.Inst.1Hour.0.CBT-REV,14145100,2025-02-21 18:00:00,2025-02-21 19:00:00,2,0.103,0.107,1448.165,1448.062
HCR,ELEV,HCR.Elev-Forebay.Inst.1Hour.0.CBT-REV,14145100,2025-02-22 08:00:00,2025-02-22 08:00:00,1,0.100,0.100,1447.970,1447.870
HCR,ELEV,HCR.Elev-Forebay.Inst.1Hour.0.CBT-REV,14145100,2025-02-22 16:00:00,2025-02-22 16:00:00,1,0.101,0.101,1447.920,1447.819
HCR,ELEV,HCR.Elev-Forebay.Inst.1Hour.0.CBT-REV,14145100,2025-02-22 23:00:00,2025-02-23 00:00:00,2,0.102,0.102,1447.855,1447.753
HCR,ELEV,HCR.Elev-Forebay.Inst.1Hour.0.CBT-REV,14145100,2025-02-23 22:00:00,2025-02-24 11:00:00,14,-0.216,0.305,1452.591,1452.808
HCR,ELEV,HCR.Elev-Forebay.Inst.1Hour.0.CBT-REV,14145100,2025-02-24 13:00:00,2025-02-25 00:00:00,12,-0.145,0.188,1459.452,1459.596
HCR,ELEV,HCR.Elev-Forebay.Inst.1Hour.0.CBT-REV,14145100,2025-02-25 06:00:00,2025-02-25 06:00:00,1,-0.112,0.112,1463.240,1463.352
HCR,ELEV,HCR.Elev-Forebay.Inst.1Hour.0.CBT-REV,14145100,2025-02-25 11:00:00,2025-02-25 12:00:00,2,-0.249,0.266,1464.630,1464.879
HCR,ELEV,HCR.Elev-Forebay.Inst.1Hour.0.CBT-REV,14145100,2025-03-01 05:00:00,2025-03-01 05:00:00,1,0.114,0.114,1476.670,1476.556
HCR,ELEV,HCR.Elev-Forebay.Inst.1Hour.0.CBT-REV,14145100,2025-03-01 07:00:00,2025-03-01 07:00:00,1,0.117,0.117,1476.800,1476.683
HCR,ELEV,HCR.Elev-Forebay.Inst.1Hour.0.CBT-REV,14145100,2025-03-06 23:00:00,2025-03-06 23:00:00,1,0.178,0.178,1482.900,1482.723
HCR,ELEV,HCR.Elev-Forebay.Inst.1Hour.0.CBT-REV,14145100,2025-03-09 22:00:00,2025-03-09 22:00:00,1,0.115,0.115,1484.780,1484.665
HCR,ELEV,HCR.Elev-Forebay.Inst.1Hour.0.CBT-REV,14145100,2025-03-12 17:00:00,2025-03-12 17:00:00,1,0.104,0.104,1486.220,1486.116
HCR,ELEV,HCR.Elev-Forebay.Inst.1Hour.0.CBT-REV,14145100,2025-03-13 07:00:00,2025-03-13 07:00:00,1,0.101,0.101,1486.700,1486.599
HCR,ELEV,HCR.Elev-Forebay.Inst.1Hour.0.CBT-REV,14145100,2025-03-16 14:00:00,2025-03-16 16:00:00,3,-0.167,0.208,1492.230,1492.397
HCR,ELEV,HCR.Elev-Forebay.Inst.1Hour.0.CBT-REV,14145100,2025-03-16 18:00:00,2025-03-16 19:00:00,2,-0.155,0.163,1493.725,1493.880
HCR,ELEV,HCR.Elev-Forebay.Inst.1Hour.0.CBT-REV,14145100,2025-03-26 06:00:00,2025-03-26 08:00:00,3,-0.149,0.175,1518.917,1519.066
HCR,ELEV,HCR.Elev-Forebay.Inst.1Hour.0.CBT-REV,14145100,2025-03-27 14:00:00,2025-03-27 14:00:00,1,-0.101,0.101,1522.850,1522.951
HCR,ELEV,HCR.Elev-Forebay.Inst.1Hour.0.CBT-REV,14145100,2025-03-27 16:00:00,2025-03-27 16:00:00,1,-0.105,0.105,1523.160,1523.265
HCR,ELEV,HCR.Elev-Forebay.Inst.1Hour.0.CBT-REV,14145100,2025-03-27 19:00:00,2025-03-27 19:00:00,1,-0.107,0.107,1523.620,1523.727
HCR,ELEV,HCR.Elev-Forebay.Inst.1Hour.0.CBT-REV,14145100,2025-03-28 06:00:00,2025-03-28 06:00:00,1,-0.110,0.110,1525.180,1525.290
HCR,ELEV,HCR.Elev-Forebay.Inst.1Hour.0.CBT-REV,14145100,2025-03-28 08:00:00,2025-03-28 08:00:00,1,-0.110,0.110,1525.460,1525.570
HCR,ELEV,HCR.Elev-Forebay.Inst.1Hour.0.CBT-REV,14145100,2025-03-29 08:00:00,2025-03-29 08:00:00,1,-0.116,0.116,1528.450,1528.566
HCR,ELEV,HCR.Elev-Forebay.Inst.1Hour.0.CBT-REV,14145100,2025-04-02 19:00:00,2025-04-02 19:00:00,1,0.120,0.120,1533.670,1533.550
HCR,ELEV,HCR.Elev-Forebay.Inst.1Hour.0.CBT-REV,14145100,2025-04-25 18:00:00,2025-04-25 18:00:00,1,0.124,0.124,1523.990,1523.866
HCR,ELEV,HCR.Elev-Forebay.Inst.1Hour.0.CBT-REV,14145100,2025-05-05 14:00:00,2025-05-05 14:00:00,1,-0.192,0.192,1515.260,1515.452
HCR,ELEV,HCR.Elev-Forebay.Inst.1Hour.0.CBT-REV,14145100,2025-05-06 16:00:00,2025-05-06 16:00:00,1,0.109,0.109,1514.970,1514.861
HCR,ELEV,HCR.Elev-Forebay.Inst.1Hour.0.CBT-REV,14145100,2025-06-18 23:00:00,2025-06-19 00:00:00,2,0.125,0.133,1500.100,1499.975
HCR,ELEV,HCR.Elev-Forebay.Inst.1Hour.0.CBT-REV,14145100,2025-08-12 08:00:00,2025-08-12 08:00:00,1,0.114,0.114,1483.910,1483.796
HCR,ELEV,HCR.Elev-Forebay.Inst.1Hour.0.CBT-REV,14145100,2025-09-16 00:00:00,2025-09-16 00:00:00,1,0.127,0.127,1472.110,1471.983
HCR,FLOW,HCR.Flow-Out.Ave.1Hour.1Hour.CBT-REV,14145500,2024-10-04 15:00:00,2024-10-04 15:00:00,1,-61.417,61.417,660.000,721.417
HCR,FLOW,HCR.Flow-Out.Ave.1Hour.1Hour.CBT-REV,14145500,2024-10-21 17:00:00,2024-10-21 17:00:00,1,-65.500,65.500,800.000,865.500
HCR,FLOW,HCR.Flow-Out.Ave.1Hour.1Hour.CBT-REV,14145500,2024-10-21 22:00:00,2024-10-21 22:00:00,1,53.167,53.167,880.000,826.833
HCR,FLOW,HCR.Flow-Out.Ave.1Hour.1Hour.CBT-REV,14145500,2024-10-22 18:00:00,2024-10-22 18:00:00,1,-52.583,52.583,800.000,852.583
HCR,FLOW,HCR.Flow-Out.Ave.1Hour.1Hour.CBT-REV,14145500,2024-11-02 18:00:00,2024-11-02 18:00:00,1,89.333,89.333,980.000,890.667
HCR,FLOW,HCR.Flow-Out.Ave.1Hour.1Hour.CBT-REV,14145500,2024-11-13 16:00:00,2024-11-13 19:00:00,4,-122.958,146.667,1217.500,1340.458
HCR,FLOW,HCR.Flow-Out.Ave.1Hour.1Hour.CBT-REV,14145500,2024-11-18 00:00:00,2024-11-18 01:00:00,2,-320.542,910.833,1355.000,1675.542
HCR,FLOW,HCR.Flow-Out.Ave.1Hour.1Hour.CBT-REV,14145500,2024-11-20 00:00:00,2024-11-20 00:00:00,1,164.167,164.167,1990.000,1825.833
HCR,FLOW,HCR.Flow-Out.Ave.1Hour.1Hour.CBT-REV,14145500,2024-11-24 17:00:00,2024-11-24 17:00:00,1,-188.333,188.333,1830.000,2018.333
HCR,FLOW,HCR.Flow-Out.Ave.1Hour.1Hour.CBT-REV,14145500,2024-11-24 19:00:00,2024-11-24 19:00:00,1,-301.667,301.667,2310.000,2611.667
HCR,FLOW,HCR.Flow-Out.Ave.1Hour.1Hour.CBT-REV,14145500,2024-11-24 21:00:00,2024-11-24 21:00:00,1,-305.833,305.833,2780.000,3085.833
HCR,FLOW,HCR.Flow-Out.Ave.1Hour.1Hour.CBT-REV,14145500,2024-11-25 00:00:00,2024-11-25 00:00:00,1,-220.000,220.000,3300.000,3520.000
HCR,FLOW,HCR.Flow-Out.Ave.1Hour.1Hour.CBT-REV,14145500,2024-11-27 02:00:00,2024-11-27 03:00:00,2,244.167,258.333,3220.000,2975.833
HCR,FLOW,HCR.Flow-Out.Ave.1Hour.1Hour.CBT-REV,14145500,2024-12-03 05:00:00,2024-12-03 05:00:00,1,-266.667,266.667,2530.000,2796.667
HCR,FLOW,HCR.Flow-Out.Ave.1Hour.1Hour.CBT-REV,14145500,2024-12-05 05:00:00,2024-12-05 05:00:00,1,-134.167,134.167,2540.000,2674.167
HCR,FLOW,HCR.Flow-Out.Ave.1Hour.1Hour.CBT-REV,14145500,2024-12-05 19:00:00,2024-12-05 20:00:00,2,375.417,516.667,2330.000,1954.583
HCR,FLOW,HCR.Flow-Out.Ave.1Hour.1Hour.CBT-REV,14145500,2024-12-06 05:00:00,2024-12-06 05:00:00,1,-276.667,276.667,1770.000,2046.667
HCR,FLOW,HCR.Flow-Out.Ave.1Hour.1Hour.CBT-REV,14145500,2024-12-06 16:00:00,2024-12-06 18:00:00,3,232.222,494.167,1990.000,1757.778
HCR,FLOW,HCR.Flow-Out.Ave.1Hour.1Hour.CBT-REV,14145500,2024-12-07 01:00:00,2024-12-07 01:00:00,1,354.167,354.167,1810.000,1455.833
HCR,FLOW,HCR.Flow-Out.Ave.1Hour.1Hour.CBT-REV,14145500,2024-12-08 01:00:00,2024-12-08 01:00:00,1,430.583,430.583,1340.000,909.417
HCR,FLOW,HCR.Flow-Out.Ave.1Hour.1Hour.CBT-REV,14145500,2024-12-08 05:00:00,2024-12-08 05:00:00,1,-123.500,123.500,750.000,873.500
HCR,FLOW,HCR.Flow-Out.Ave.1Hour.1Hour.CBT-REV,14145500,2024-12-10 01:00:00,2024-12-10 01:00:00,1,68.000,68.000,830.000,762.000
HCR,FLOW,HCR.Flow-Out.Ave.1Hour.1Hour.CBT-REV,14145500,2024-12-10 05:00:00,2024-12-10 05:00:00,1,-60.500,60.500,750.000,810.500
HCR,FLOW,HCR.Flow-Out.Ave.1Hour.1Hour.CBT-REV,14145500,2024-12-11 01:00:00,2024-12-11 01:00:00,1,61.250,61.250,820.000,758.750
HCR,FLOW,HCR.Flow-Out.Ave.1Hour.1Hour.CBT-REV,14145500,2024-12-11 05:00:00,2024-12-11 05:00:00,1,-62.667,62.667,750.000,812.667
HCR,FLOW,HCR.Flow-Out.Ave.1Hour.1Hour.CBT-REV,14145500,2024-12-12 01:00:00,2024-12-12 01:00:00,1,73.083,73.083,820.000,746.917
HCR,FLOW,HCR.Flow-Out.Ave.1Hour.1Hour.CBT-REV,14145500,2024-12-18 05:00:00,2024-12-18 05:00:00,1,-556.167,556.167,910.000,1466.167
HCR,FLOW,HCR.Flow-Out.Ave.1Hour.1Hour.CBT-REV,14145500,2024-12-20 05:00:00,2024-12-20 05:00:00,1,-99.167,99.167,1700.000,1799.167
HCR,FLOW,HCR.Flow-Out.Ave.1Hour.1Hour.CBT-REV,14145500,2024-12-21 01:00:00,2024-12-21 01:00:00,1,105.000,105.000,1830.000,1725.000
HCR,FLOW,HCR.Flow-Out.Ave.1Hour.1Hour.CBT-REV,14145500,2024-12-22 01:00:00,2024-12-22 01:00:00,1,110.000,110.000,1870.000,1760.000
HCR,FLOW,HCR.Flow-Out.Ave.1Hour.1Hour.CBT-REV,14145500,2024-12-22 05:00:00,2024-12-22 05:00:00,1,-130.833,130.833,1710.000,1840.833
HCR,FLOW,HCR.Flow-Out.Ave.1Hour.1Hour.CBT-REV,14145500,2024-12-24 05:00:00,2024-12-24 05:00:00,1,-107.500,107.500,1750.000,1857.500
HCR,FLOW,HCR.Flow-Out.Ave.1Hour.1Hour.CBT-REV,14145500,2024-12-26 05:00:00,2024-12-26 05:00:00,1,103.333,103.333,1910.000,1806.667
HCR,FLOW,HCR.Flow-Out.Ave.1Hour.1Hour.CBT-REV,14145500,2024-12-26 09:00:00,2024-12-26 10:00:00,2,123.792,146.750,1610.000,1486.208
HCR,FLOW,HCR.Flow-Out.Ave.1Hour.1Hour.CBT-REV,14145500,2024-12-30 08:00:00,2024-12-30 08:00:00,1,80.833,80.833,1670.000,1589.167
HCR,FLOW,HCR.Flow-Out.Ave.1Hour.1Hour.CBT-REV,14145500,2024-12-30 21:00:00,2024-12-30 21:00:00,1,85.833,85.833,1640.000,1554.167
HCR,FLOW,HCR.Flow-Out.Ave.1Hour.1Hour.CBT-REV,14145500,2024-12-31 10:00:00,2024-12-31 11:00:00,2,-93.750,96.667,1565.000,1658.750
HCR,FLOW,HCR.Flow-Out.Ave.1Hour.1Hour.CBT-REV,14145500,2024-12-31 16:00:00,2024-12-31 16:00:00,1,107.500,107.500,1840.000,1732.500
HCR,FLOW,HCR.Flow-Out.Ave.1Hour.1Hour.CBT-REV,14145500,2025-01-02 20:00:00,2025-01-02 21:00:00,2,-210.417,294.167,1885.000,2095.417
HCR,FLOW,HCR.Flow-Out.Ave.1Hour.1Hour.CBT-REV,14145500,2025-01-02 23:00:00,2025-01-02 23:00:00,1,-417.500,417.500,2360.000,2777.500
HCR,FLOW,HCR.Flow-Out.Ave.1Hour.1Hour.CBT-REV,14145500,2025-01-05 18:00:00,2025-01-05 18:00:00,1,-174.167,174.167,2640.000,2814.167
HCR,FLOW,HCR.Flow-Out.Ave.1Hour.1Hour.CBT-REV,14145500,2025-01-06 19:00:00,2025-01-06 19:00:00,1,-360.000,360.000,2560.000,2920.000
HCR,FLOW,HCR.Flow-Out.Ave.1Hour.1Hour.CBT-REV,14145500,2025-01-09 16:00:00,2025-01-09 17:00:00,2,-251.250,278.333,3220.000,3471.250
HCR,FLOW,HCR.Flow-Out.Ave.1Hour.1Hour.CBT-REV,14145500,2025-01-21 13:00:00,2025-01-21 13:00:00,1,331.667,331.667,3420.000,3088.333
HCR,FLOW,HCR.Flow-Out.Ave.1Hour.1Hour.CBT-REV,14145500,2025-01-23 20:00:00,2025-01-23 20:00:00,1,-510.000,510.000,3040.000,3550.000
HCR,FLOW,HCR.Flow-Out.Ave.1Hour.1Hour.CBT-REV,14145500,2025-02-06 14:00:00,2025-02-06 15:00:00,2,298.000,305.000,1665.000,1367.000
HCR,FLOW,HCR.Flow-Out.Ave.1Hour.1Hour.CBT-REV,14145500,2025-02-07 01:00:00,2025-02-07 01:00:00,1,-304.167,304.167,1140.000,1444.167
HCR,FLOW,HCR.Flow-Out.Ave.1Hour.1Hour.CBT-REV,14145500,2025-02-07 10:00:00,2025-02-07 10:00:00,1,-127.500,127.500,1550.000,1677.500
HCR,FLOW,HCR.Flow-Out.Ave.1Hour.1Hour.CBT-REV,14145500,2025-02-07 12:00:00,2025-02-07 12:00:00,1,-102.500,102.500,1730.000,1832.500
HCR,FLOW,HCR.Flow-Out.Ave.1Hour.1Hour.CBT-REV,14145500,2025-02-08 01:00:00,2025-02-08 01:00:00,1,135.000,135.000,1910.000,1775.000
HCR,FLOW,HCR.Flow-Out.Ave.1Hour.1Hour.CBT-REV,14145500,2025-02-10 14:00:00,2025-02-10 15:00:00,2,127.917,164.167,1765.000,1637.083
HCR,FLOW,HCR.Flow-Out.Ave.1Hour.1Hour.CBT-REV,14145500,2025-02-18 01:00:00,2025-02-18 01:00:00,1,-188.333,188.333,1990.000,2178.333
HCR,FLOW,HCR.Flow-Out.Ave.1Hour.1Hour.CBT-REV,14145500,2025-02-19 20:00:00,2025-02-19 20:00:00,1,-146.667,146.667,2260.000,2406.667
HCR,FLOW,HCR.Flow-Out.Ave.1Hour.1Hour.CBT-REV,14145500,2025-02-19 23:00:00,2025-02-19 23:00:00,1,250.833,250.833,2620.000,2369.167
HCR,FLOW,HCR.Flow-Out.Ave.1Hour.1Hour.CBT-REV,14145500,2025-02-20 01:00:00,2025-02-20 01:00:00,1,150.833,150.833,2360.000,2209.167
HCR,FLOW,HCR.Flow-Out.Ave.1Hour.1Hour.CBT-REV,14145500,2025-02-21 01:00:00,2025-02-21 01:00:00,1,234.167,234.167,2360.000,2125.833
HCR,FLOW,HCR.Flow-Out.Ave.1Hour.1Hour.CBT-REV,14145500,2025-02-21 05:00:00,2025-02-21 05:00:00,1,-183.333,183.333,2040.000,2223.333
HCR,FLOW,HCR.Flow-Out.Ave.1Hour.1Hour.CBT-REV,14145500,2025-02-22 01:00:00,2025-02-22 01:00:00,1,417.500,417.500,2090.000,1672.500
HCR,FLOW,HCR.Flow-Out.Ave.1Hour.1Hour.CBT-REV,14145500,2025-02-24 01:00:00,2025-02-24 05:00:00,5,160.617,249.167,1314.000,1153.383
HCR,FLOW,HCR.Flow-Out.Ave.1Hour.1Hour.CBT-REV,14145500,2025-02-25 01:00:00,2025-02-25 01:00:00,1,-59.250,59.250,650.000,709.250
HCR,FLOW,HCR.Flow-Out.Ave.1Hour.1Hour.CBT-REV,14145500,2025-02-25 05:00:00,2025-02-25 05:00:00,1,86.250,86.250,820.000,733.750
HCR,FLOW,HCR.Flow-Out.Ave.1Hour.1Hour.CBT-REV,14145500,2025-03-01 05:00:00,2025-03-01 05:00:00,1,-57.167,57.167,600.000,657.167
HCR,FLOW,HCR.Flow-Out.Ave.1Hour.1Hour.CBT-REV,14145500,2025-03-03 01:00:00,2025-03-03 01:00:00,1,-57.667,57.667,610.000,667.667
HCR,FLOW,HCR.Flow-Out.Ave.1Hour.1Hour.CBT-REV,14145500,2025-03-15 04:00:00,2025-03-15 04:00:00,1,-55.917,55.917,490.000,545.917
HCR,FLOW,HCR.Flow-Out.Ave.1Hour.1Hour.CBT-REV,14145500,2025-03-17 04:00:00,2025-03-17 04:00:00,1,57.167,57.167,790.000,732.833
HCR,FLOW,HCR.Flow-Out.Ave.1Hour.1Hour.CBT-REV,14145500,2025-03-19 23:00:00,2025-03-19 23:00:00,1,54.250,54.250,560.000,505.750
HCR,FLOW,HCR.Flow-Out.Ave.1Hour.1Hour.CBT-REV,14145500,2025-03-31 15:00:00,2025-03-31 15:00:00,1,-146.917,146.917,550.000,696.917
HCR,FLOW,HCR.Flow-Out.Ave.1Hour.1Hour.CBT-REV,14145500,2025-03-31 17:00:00,2025-03-31 17:00:00,1,-200.000,200.000,840.000,1040.000
HCR,FLOW,HCR.Flow-Out.Ave.1Hour.1Hour.CBT-REV,14145500,2025-03-31 20:00:00,2025-03-31 21:00:00,2,-117.083,135.833,1170.000,1287.083
HCR,FLOW,HCR.Flow-Out.Ave.1Hour.1Hour.CBT-REV,14145500,2025-04-01 15:00:00,2025-04-01 18:00:00,4,-196.458,222.500,1870.000,2066.458
HCR,FLOW,HCR.Flow-Out.Ave.1Hour.1Hour.CBT-REV,14145500,2025-04-02 22:00:00,2025-04-03 00:00:00,3,-279.722,309.167,2943.333,3223.056
HCR,FLOW,HCR.Flow-Out.Ave.1Hour.1Hour.CBT-REV,14145500,2025-04-08 17:00:00,2025-04-08 17:00:00,1,439.167,439.167,3670.000,3230.833
HCR,FLOW,HCR.Flow-Out.Ave.1Hour.1Hour.CBT-REV,14145500,2025-04-09 16:00:00,2025-04-09 16:00:00,1,342.500,342.500,2650.000,2307.500
HCR,FLOW,HCR.Flow-Out.Ave.1Hour.1Hour.CBT-REV,14145500,2025-04-09 18:00:00,2025-04-09 18:00:00,1,146.667,146.667,2230.000,2083.333
HCR,FLOW,HCR.Flow-Out.Ave.1Hour.1Hour.CBT-REV,14145500,2025-04-10 17:00:00,2025-04-10 17:00:00,1,261.667,261.667,2060.000,1798.333
HCR,FLOW,HCR.Flow-Out.Ave.1Hour.1Hour.CBT-REV,14145500,2025-04-10 19:00:00,2025-04-10 19:00:00,1,147.500,147.500,1670.000,1522.500
HCR,FLOW,HCR.Flow-Out.Ave.1Hour.1Hour.CBT-REV,14145500,2025-04-23 18:00:00,2025-04-23 22:00:00,5,-177.333,199.167,1914.000,2091.333
HCR,FLOW,HCR.Flow-Out.Ave.1Hour.1Hour.CBT-REV,14145500,2025-05-02 14:00:00,2025-05-02 14:00:00,1,176.667,176.667,2090.000,1913.333
HCR,FLOW,HCR.Flow-Out.Ave.1Hour.1Hour.CBT-REV,14145500,2025-05-27 16:00:00,2025-05-27 16:00:00,1,103.333,103.333,1760.000,1656.667
HCR,FLOW,HCR.Flow-Out.Ave.1Hour.1Hour.CBT-REV,14145500,2025-05-27 19:00:00,2025-05-27 19:00:00,1,162.500,162.500,1340.000,1177.500
HCR,FLOW,HCR.Flow-Out.Ave.1Hour.1Hour.CBT-REV,14145500,2025-06-03 23:00:00,2025-06-03 23:00:00,1,67.500,67.500,1180.000,1112.500
HCR,FLOW,HCR.Flow-Out.Ave.1Hour.1Hour.CBT-REV,14145500,2025-06-07 14:00:00,2025-06-07 14:00:00,1,57.500,57.500,1140.000,1082.500
HCR,FLOW,HCR.Flow-Out.Ave.1Hour.1Hour.CBT-REV,14145500,2025-06-28 00:00:00,2025-06-28 00:00:00,1,265.417,265.417,1190.000,924.583
HCR,FLOW,HCR.Flow-Out.Ave.1Hour.1Hour.CBT-REV,14145500,2025-06-30 18:00:00,2025-06-30 18:00:00,1,156.417,156.417,910.000,753.583
HCR,FLOW,HCR.Flow-Out.Ave.1Hour.1Hour.CBT-REV,14145500,2025-07-01 15:00:00,2025-07-01 15:00:00,1,72.583,72.583,800.000,727.417
HCR,FLOW,HCR.Flow-Out.Ave.1Hour.1Hour.CBT-REV,14145500,2025-07-14 20:00:00,2025-07-14 20:00:00,1,77.750,77.750,810.000,732.250
HCR,FLOW,HCR.Flow-Out.Ave.1Hour.1Hour.CBT-REV,14145500,2025-07-22 15:00:00,2025-07-22 15:00:00,1,59.200,59.200,740.000,680.800
HCR,FLOW,HCR.Flow-Out.Ave.1Hour.1Hour.CBT-REV,14145500,2025-07-22 18:00:00,2025-07-22 19:00:00,2,67.375,80.000,685.000,617.625
HCR,FLOW,HCR.Flow-Out.Ave.1Hour.1Hour.CBT-REV,14145500,2025-08-01 15:00:00,2025-08-01 15:00:00,1,-69.000,69.000,810.000,879.000
HCR,FLOW,HCR.Flow-Out.Ave.1Hour.1Hour.CBT-REV,14145500,2025-08-01 17:00:00,2025-08-01 17:00:00,1,50.417,50.417,910.000,859.583
HCR,FLOW,HCR.Flow-Out.Ave.1Hour.1Hour.CBT-REV,14145500,2025-08-02 16:00:00,2025-08-02 19:00:00,4,74.833,94.250,795.000,720.167
HCR,FLOW,HCR.Flow-Out.Ave.1Hour.1Hour.CBT-REV,14145500,2025-08-03 02:00:00,2025-08-03 02:00:00,1,59.000,59.000,560.000,501.000
HCR,FLOW,HCR.Flow-Out.Ave.1Hour.1Hour.CBT-REV,14145500,2025-08-06 17:00:00,2025-08-06 17:00:00,1,59.000,59.000,450.000,391.000
HCR,FLOW,HCR.Flow-Out.Ave.1Hour.1Hour.CBT-REV,14145500,2025-09-05 01:00:00,2025-09-05 01:00:00,1,50.667,50.667,580.000,529.333
HCR,FLOW,HCR.Flow-Out.Ave.1Hour.1Hour.CBT-REV,14145500,2025-09-05 15:00:00,2025-09-05 15:00:00,1,-147.417,147.417,790.000,937.417
HCR,FLOW,HCR.Flow-Out.Ave.1Hour.1Hour.CBT-REV,14145500,2025-09-19 19:00:00,2025-09-19 19:00:00,1,125.000,125.000,920.000,795.000
HCR,FLOW,HCR.Flow-Out.Ave.1Hour.1Hour.CBT-REV,14145500,2025-09-24 15:00:00,2025-09-24 15:00:00,1,90.750,90.750,850.000,759.250
HCR,FLOW,HCR.Flow-Out.Ave.1Hour.1Hour.CBT-REV,14145500,2025-09-29 18:00:00,2025-09-29 18:00:00,1,-84.750,84.750,590.000,674.750
LOP,ELEV,LOP.Elev-Forebay.Inst.1Hour.0.CBT-REV,14149000,2024-10-01 00:00:00,2024-10-21 20:00:00,501,0.329,0.505,781.319,780.990
LOP,ELEV,LOP.Elev-Forebay.Inst.1Hour.0.CBT-REV,14149000,2024-10-22 00:00:00,2024-10-25 07:00:00,80,0.147,0.192,769.384,769.237
LOP,ELEV,LOP.Elev-Forebay.Inst.1Hour.0.CBT-REV,14149000,2024-10-25 17:00:00,2024-10-25 20:00:00,4,0.219,0.240,768.188,767.968
LOP,ELEV,LOP.Elev-Forebay.Inst.1Hour.0.CBT-REV,14149000,2024-10-25 22:00:00,2024-10-29 16:00:00,91,-0.179,0.273,766.714,766.893
LOP,ELEV,LOP.Elev-Forebay.Inst.1Hour.0.CBT-REV,14149000,2024-10-29 19:00:00,2024-10-30 07:00:00,13,-0.111,0.123,765.793,765.904
LOP,ELEV,LOP.Elev-Forebay.Inst.1Hour.0.CBT-REV,14149000,2024-11-01 21:00:00,2024-11-01 21:00:00,1,-0.340,0.340,763.240,763.580
LOP,ELEV,LOP.Elev-Forebay.Inst.1Hour.0.CBT-REV,14149000,2024-11-13 08:00:00,2024-11-13 10:00:00,3,0.050,0.147,750.583,750.533
LOP,ELEV,LOP.Elev-Forebay.Inst.1Hour.0.CBT-REV,14149000,2024-11-14 07:00:00,2024-11-14 07:00:00,1,-0.107,0.107,751.080,751.188
LOP,ELEV,LOP.Elev-Forebay.Inst.1Hour.0.CBT-REV,14149000,2024-11-14 09:00:00,2024-11-14 13:00:00,5,-0.111,0.123,751.724,751.835
LOP,ELEV,LOP.Elev-Forebay.Inst.1Hour.0.CBT-REV,14149000,2024-11-14 15:00:00,2024-11-14 15:00:00,1,-0.130,0.130,752.370,752.500
LOP,ELEV,LOP.Elev-Forebay.Inst.1Hour.0.CBT-REV,14149000,2024-11-16 16:00:00,2024-11-16 16:00:00,1,0.115,0.115,753.590,753.475
LOP,ELEV,LOP.Elev-Forebay.Inst.1Hour.0.CBT-REV,14149000,2024-11-17 20:00:00,2024-11-19 08:00:00,37,-0.223,0.380,759.621,759.843
LOP,ELEV,LOP.Elev-Forebay.Inst.1Hour.0.CBT-REV,14149000,2024-11-19 16:00:00,2024-11-19 17:00:00,2,-0.166,0.210,766.305,766.471
LOP,ELEV,LOP.Elev-Forebay.Inst.1Hour.0.CBT-REV,14149000,2024-11-20 01:00:00,2024-12-10 10:00:00,490,-0.404,0.792,756.664,757.068
LOP,ELEV,LOP.Elev-Forebay.Inst.1Hour.0.CBT-REV,14149000,2024-12-10 12:00:00,2024-12-10 16:00:00,5,0.119,0.130,747.232,747.112
LOP,ELEV,LOP.Elev-Forebay.Inst.1Hour.0.CBT-REV,14149000,2024-12-10 18:00:00,2024-12-11 05:00:00,12,0.135,0.150,747.532,747.396
LOP,ELEV,LOP.Elev-Forebay.Inst.1Hour.0.CBT-REV,14149000,2024-12-11 07:00:00,2024-12-11 09:00:00,3,0.134,0.145,747.733,747.599
LOP,ELEV,LOP.Elev-Forebay.Inst.1Hour.0.CBT-REV,14149000,2024-12-11 11:00:00,2024-12-13 17:00:00,55,0.147,0.202,748.103,747.956
LOP,ELEV,LOP.Elev-Forebay.Inst.1Hour.0.CBT-REV,14149000,2024-12-13 22:00:00,2024-12-13 22:00:00,1,0.123,0.123,748.620,748.497
LOP,ELEV,LOP.Elev-Forebay.Inst.1Hour.0.CBT-REV,14149000,2024-12-14 15:00:00,2024-12-14 15:00:00,1,0.105,0.105,750.540,750.435
LOP,ELEV,LOP.Elev-Forebay.Inst.1Hour.0.CBT-REV,14149000,2024-12-15 18:00:00,2024-12-15 18:00:00,1,0.135,0.135,753.830,753.695
LOP,ELEV,LOP.Elev-Forebay.Inst.1Hour.0.CBT-REV,14149000,2024-12-17 06:00:00,2024-12-17 06:00:00,1,0.100,0.100,758.020,757.920
LOP,ELEV,LOP.Elev-Forebay.Inst.1Hour.0.CBT-REV,14149000,2024-12-18 11:00:00,2024-12-18 11:00:00,1,-0.168,0.168,764.880,765.048
LOP,ELEV,LOP.Elev-Forebay.Inst.1Hour.0.CBT-REV,14149000,2024-12-19 00:00:00,2024-12-22 06:00:00,79,-0.154,0.398,779.144,779.297
LOP,ELEV,LOP.Elev-Forebay.Inst.1Hour.0.CBT-REV,14149000,2024-12-22 08:00:00,2024-12-22 11:00:00,4,-0.148,0.158,787.688,787.836
LOP,ELEV,LOP.Elev-Forebay.Inst.1Hour.0.CBT-REV,14149000,2024-12-22 13:00:00,2025-01-22 06:00:00,738,-0.432,1.423,860.263,860.695
LOP,ELEV,LOP.Elev-Forebay.Inst.1Hour.0.CBT-REV,14149000,2025-01-22 08:00:00,2025-01-22 19:00:00,12,0.138,0.185,854.828,854.690
LOP,ELEV,LOP.Elev-Forebay.Inst.1Hour.0.CBT-REV,14149000,2025-01-22 21:00:00,2025-01-22 23:00:00,3,0.138,0.165,853.250,853.112
LOP,ELEV,LOP.Elev-Forebay.Inst.1Hour.0.CBT-REV,14149000,2025-01-23 01:00:00,2025-01-23 22:00:00,22,0.137,0.190,850.837,850.700
LOP,ELEV,LOP.Elev-Forebay.Inst.1Hour.0.CBT-REV,14149000,2025-01-24 00:00:00,2025-01-24 01:00:00,2,0.110,0.117,848.460,848.350
LOP,ELEV,LOP.Elev-Forebay.Inst.1Hour.0.CBT-REV,14149000,2025-01-24 03:00:00,2025-01-24 16:00:00,14,0.121,0.145,846.987,846.867
LOP,ELEV,LOP.Elev-Forebay.Inst.1Hour.0.CBT-REV,14149000,2025-01-24 19:00:00,2025-01-25 10:00:00,16,0.124,0.147,843.971,843.848
LOP,ELEV,LOP.Elev-Forebay.Inst.1Hour.0.CBT-REV,14149000,2025-01-25 12:00:00,2025-01-25 14:00:00,3,0.108,0.110,842.003,841.896
LOP,ELEV,LOP.Elev-Forebay.Inst.1Hour.0.CBT-REV,14149000,2025-01-25 17:00:00,2025-01-26 08:00:00,16,0.134,0.173,839.875,839.741
LOP,ELEV,LOP.Elev-Forebay.Inst.1Hour.0.CBT-REV,14149000,2025-01-26 13:00:00,2025-01-27 06:00:00,18,0.135,0.150,836.124,835.989
LOP,ELEV,LOP.Elev-Forebay.Inst.1Hour.0.CBT-REV,14149000,2025-01-27 10:00:00,2025-01-27 10:00:00,1,-0.173,0.173,833.990,834.162
LOP,ELEV,LOP.Elev-Forebay.Inst.1Hour.0.CBT-REV,14149000,2025-01-27 14:00:00,2025-01-27 16:00:00,3,0.109,0.120,834.090,833.981
LOP,ELEV,LOP.Elev-Forebay.Inst.1Hour.0.CBT-REV,14149000,2025-01-27 18:00:00,2025-01-27 18:00:00,1,0.118,0.118,833.600,833.482
LOP,ELEV,LOP.Elev-Forebay.Inst.1Hour.0.CBT-REV,14149000,2025-01-27 20:00:00,2025-01-27 20:00:00,1,0.115,0.115,833.270,833.155
LOP,ELEV,LOP.Elev-Forebay.Inst.1Hour.0.CBT-REV,14149000,2025-01-28 01:00:00,2025-01-28 03:00:00,3,0.111,0.115,832.647,832.536
LOP,ELEV,LOP.Elev-Forebay.Inst.1Hour.0.CBT-REV,14149000,2025-01-28 15:00:00,2025-01-28 15:00:00,1,0.105,0.105,832.170,832.065
LOP,ELEV,LOP.Elev-Forebay.Inst.1Hour.0.CBT-REV,14149000,2025-01-30 18:00:00,2025-01-30 19:00:00,2,-0.245,0.378,832.410,832.655
LOP,ELEV,LOP.Elev-Forebay.Inst.1Hour.0.CBT-REV,14149000,2025-01-31 15:00:00,2025-01-31 15:00:00,1,0.112,0.112,833.660,833.548
LOP,ELEV,LOP.Elev-Forebay.Inst.1Hour.0.CBT-REV,14149000,2025-01-31 19:00:00,2025-01-31 21:00:00,3,-0.118,0.135,833.750,833.868
LOP,ELEV,LOP.Elev-Forebay.Inst.1Hour.0.CBT-REV,14149000,2025-02-01 07:00:00,2025-02-01 07:00:00,1,-0.108,0.108,834.270,834.378
LOP,ELEV,LOP.Elev-Forebay.Inst.1Hour.0.CBT-REV,14149000,2025-02-01 10:00:00,2025-02-01 11:00:00,2,-0.113,0.123,834.850,834.963
LOP,ELEV,LOP.Elev-Forebay.Inst.1Hour.0.CBT-REV,14149000,2025-02-01 18:00:00,2025-02-01 22:00:00,5,-0.118,0.127,835.264,835.382
LOP,ELEV,LOP.Elev-Forebay.Inst.1Hour.0.CBT-REV,14149000,2025-02-02 07:00:00,2025-02-02 08:00:00,2,-0.111,0.112,836.080,836.191
LOP,ELEV,LOP.Elev-Forebay.Inst.1Hour.0.CBT-REV,14149000,2025-02-02 10:00:00,2025-02-02 11:00:00,2,-0.105,0.110,836.575,836.680
LOP,ELEV,LOP.Elev-Forebay.Inst.1Hour.0.CBT-REV,14149000,2025-02-02 18:00:00,2025-02-02 19:00:00,2,-0.108,0.115,836.725,836.832
LOP,ELEV,LOP.Elev-Forebay.Inst.1Hour.0.CBT-REV,14149000,2025-02-03 07:00:00,2025-02-03 08:00:00,2,-0.101,0.103,837.605,837.706
LOP,ELEV,LOP.Elev-Forebay.Inst.1Hour.0.CBT-REV,14149000,2025-02-06 12:00:00,2025-02-06 12:00:00,1,0.138,0.138,841.750,841.612
LOP,ELEV,LOP.Elev-Forebay.Inst.1Hour.0.CBT-REV,14149000,2025-02-07 05:00:00,2025-02-07 09:00:00,5,-0.102,0.105,841.888,841.990
LOP,ELEV,LOP.Elev-Forebay.Inst.1Hour.0.CBT-REV,14149000,2025-02-07 11:00:00,2025-02-07 11:00:00,1,-0.110,0.110,842.260,842.370
LOP,ELEV,LOP.Elev-Forebay.Inst.1Hour.0.CBT-REV,14149000,2025-02-07 18:00:00,2025-02-07 18:00:00,1,-0.103,0.103,841.800,841.903
LOP,ELEV,LOP.Elev-Forebay.Inst.1Hour.0.CBT-REV,14149000,2025-02-07 22:00:00,2025-02-07 23:00:00,2,-0.104,0.105,842.215,842.319
LOP,ELEV,LOP.Elev-Forebay.Inst.1Hour.0.CBT-REV,14149000,2025-02-08 04:00:00,2025-02-08 04:00:00,1,-0.100,0.100,842.410,842.510
LOP,ELEV,LOP.Elev-Forebay.Inst.1Hour.0.CBT-REV,14149000,2025-02-08 06:00:00,2025-02-08 09:00:00,4,-0.111,0.120,842.757,842.869
LOP,ELEV,LOP.Elev-Forebay.Inst.1Hour.0.CBT-REV,14149000,2025-02-08 22:00:00,2025-02-08 22:00:00,1,-0.135,0.135,843.540,843.675
LOP,ELEV,LOP.Elev-Forebay.Inst.1Hour.0.CBT-REV,14149000,2025-02-11 21:00:00,2025-02-11 21:00:00,1,-0.107,0.107,846.970,847.077
LOP,ELEV,LOP.Elev-Forebay.Inst.1Hour.0.CBT-REV,14149000,2025-02-12 06:00:00,2025-02-12 09:00:00,4,-0.105,0.110,847.482,847.588
LOP,ELEV,LOP.Elev-Forebay.Inst.1Hour.0.CBT-REV,14149000,2025-02-12 19:00:00,2025-02-12 19:00:00,1,-0.110,0.110,847.680,847.790
LOP,ELEV,LOP.Elev-Forebay.Inst.1Hour.0.CBT-REV,14149000,2025-02-13 04:00:00,2025-02-13 06:00:00,3,-0.114,0.123,848.127,848.241
LOP,ELEV,LOP.Elev-Forebay.Inst.1Hour.0.CBT-REV,14149000,2025-02-13 08:00:00,2025-02-13 09:00:00,2,-0.124,0.133,848.410,848.534
LOP,ELEV,LOP.Elev-Forebay.Inst.1Hour.0.CBT-REV,14149000,2025-02-13 11:00:00,2025-02-13 11:00:00,1,-0.108,0.108,848.620,848.727
LOP,ELEV,LOP.Elev-Forebay.Inst.1Hour.0.CBT-REV,14149000,2025-02-13 19:00:00,2025-02-13 20:00:00,2,-0.106,0.108,848.590,848.696
LOP,ELEV,LOP.Elev-Forebay.Inst.1Hour.0.CBT-REV,14149000,2025-02-13 23:00:00,2025-02-13 23:00:00,1,-0.100,0.100,848.840,848.940
LOP,ELEV,LOP.Elev-Forebay.Inst.1Hour.0.CBT-REV,14149000,2025-02-14 04:00:00,2025-02-14 11:00:00,8,-0.112,0.120,849.162,849.275
LOP,ELEV,LOP.Elev-Forebay.Inst.1Hour.0.CBT-REV,14149000,2025-02-14 18:00:00,2025-02-14 18:00:00,1,-0.100,0.100,849.340,849.440
LOP,ELEV,LOP.Elev-Forebay.Inst.1Hour.0.CBT-REV,14149000,2025-02-15 05:00:00,2025-02-15 08:00:00,4,-0.109,0.110,850.095,850.204
LOP,ELEV,LOP.Elev-Forebay.Inst.1Hour.0.CBT-REV,14149000,2025-02-15 10:00:00,2025-02-15 11:00:00,2,-0.109,0.117,850.445,850.554
LOP,ELEV,LOP.Elev-Forebay.Inst.1Hour.0.CBT-REV,14149000,2025-02-15 18:00:00,2025-02-15 18:00:00,1,-0.105,0.105,850.370,850.475
LOP,ELEV,LOP.Elev-Forebay.Inst.1Hour.0.CBT-REV,14149000,2025-02-15 21:00:00,2025-02-15 21:00:00,1,-0.103,0.103,850.620,850.723
LOP,ELEV,LOP.Elev-Forebay.Inst.1Hour.0.CBT-REV,14149000,2025-02-16 05:00:00,2025-02-16 12:00:00,8,-0.126,0.145,851.185,851.311
LOP,ELEV,LOP.Elev-Forebay.Inst.1Hour.0.CBT-REV,14149000,2025-02-16 17:00:00,2025-02-16 17:00:00,1,-0.115,0.115,851.260,851.375
LOP,ELEV,LOP.Elev-Forebay.Inst.1Hour.0.CBT-REV,14149000,2025-02-16 19:00:00,2025-02-16 23:00:00,5,-0.131,0.145,851.574,851.705
LOP,ELEV,LOP.Elev-Forebay.Inst.1Hour.0.CBT-REV,14149000,2025-02-17 04:00:00,2025-02-17 12:00:00,9,-0.134,0.153,852.432,852.566
LOP,ELEV,LOP.Elev-Forebay.Inst.1Hour.0.CBT-REV,14149000,2025-02-17 17:00:00,2025-02-17 21:00:00,5,-0.130,0.158,853.216,853.346
LOP,ELEV,LOP.Elev-Forebay.Inst.1Hour.0.CBT-REV,14149000,2025-02-17 23:00:00,2025-02-17 23:00:00,1,-0.113,0.113,853.780,853.893
LOP,ELEV,LOP.Elev-Forebay.Inst.1Hour.0.CBT-REV,14149000,2025-02-18 02:00:00,2025-02-18 02:00:00,1,-0.100,0.100,854.020,854.120
LOP,ELEV,LOP.Elev-Forebay.Inst.1Hour.0.CBT-REV,14149000,2025-02-18 04:00:00,2025-02-18 13:00:00,10,-0.150,0.170,854.884,855.034
LOP,ELEV,LOP.Elev-Forebay.Inst.1Hour.0.CBT-REV,14149000,2025-02-18 17:00:00,2025-02-18 17:00:00,1,-0.113,0.113,855.730,855.842
LOP,ELEV,LOP.Elev-Forebay.Inst.1Hour.0.CBT-REV,14149000,2025-02-18 19:00:00,2025-02-18 19:00:00,1,-0.113,0.113,856.050,856.163
LOP,ELEV,LOP.Elev-Forebay.Inst.1Hour.0.CBT-REV,14149000,2025-02-18 21:00:00,2025-02-19 02:00:00,6,-0.268,0.373,856.570,856.838
LOP,ELEV,LOP.Elev-Forebay.Inst.1Hour.0.CBT-REV,14149000,2025-02-19 04:00:00,2025-02-19 14:00:00,11,-0.148,0.178,857.889,858.037
LOP,ELEV,LOP.Elev-Forebay.Inst.1Hour.0.CBT-REV,14149000,2025-02-19 17:00:00,2025-02-20 14:00:00,22,-0.163,0.193,859.908,860.071
LOP,ELEV,LOP.Elev-Forebay.Inst.1Hour.0.CBT-REV,14149000,2025-02-20 17:00:00,2025-02-21 14:00:00,22,-0.158,0.195,862.908,863.066
LOP,ELEV,LOP.Elev-Forebay.Inst.1Hour.0.CBT-REV,14149000,2025-02-21 18:00:00,2025-02-22 00:00:00,7,-0.149,0.173,864.914,865.063
LOP,ELEV,LOP.Elev-Forebay.Inst.1Hour.0.CBT-REV,14149000,2025-02-22 03:00:00,2025-02-22 14:00:00,12,-0.135,0.160,866.003,866.138
LOP,ELEV,LOP.Elev-Forebay.Inst.1Hour.0.CBT-REV,14149000,2025-02-22 19:00:00,2025-02-23 00:00:00,6,-0.130,0.153,866.977,867.107
LOP,ELEV,LOP.Elev-Forebay.Inst.1Hour.0.CBT-REV,14149000,2025-02-23 03:00:00,2025-02-23 11:00:00,9,-0.122,0.153,867.737,867.858
LOP,ELEV,LOP.Elev-Forebay.Inst.1Hour.0.CBT-REV,14149000,2025-02-23 13:00:00,2025-02-23 14:00:00,2,-0.108,0.110,868.535,868.642
LOP,ELEV,LOP.Elev-Forebay.Inst.1Hour.0.CBT-REV,14149000,2025-02-23 16:00:00,2025-02-28 15:00:00,120,-0.205,0.350,882.551,882.756
LOP,ELEV,LOP.Elev-Forebay.Inst.1Hour.0.CBT-REV,14149000,2025-02-28 17:00:00,2025-03-01 02:00:00,10,-0.165,0.193,890.017,890.182
LOP,ELEV,LOP.Elev-Forebay.Inst.1Hour.0.CBT-REV,14149000,2025-03-01 04:00:00,2025-03-26 22:00:00,619,-0.172,0.335,895.264,895.436
LOP,ELEV,LOP.Elev-Forebay.Inst.1Hour.0.CBT-REV,14149000,2025-03-27 00:00:00,2025-03-29 11:00:00,60,-0.163,0.218,899.471,899.635
LOP,ELEV,LOP.Elev-Forebay.Inst.1Hour.0.CBT-REV,14149000,2025-03-29 16:00:00,2025-03-29 23:00:00,8,-0.150,0.157,897.306,897.456
LOP,ELEV,LOP.Elev-Forebay.Inst.1Hour.0.CBT-REV,14149000,2025-03-30 01:00:00,2025-03-30 01:00:00,1,-0.103,0.103,896.900,897.003
LOP,ELEV,LOP.Elev-Forebay.Inst.1Hour.0.CBT-REV,14149000,2025-03-30 03:00:00,2025-03-30 17:00:00,15,-0.145,0.185,896.245,896.390
LOP,ELEV,LOP.Elev-Forebay.Inst.1Hour.0.CBT-REV,14149000,2025-03-30 19:00:00,2025-03-30 22:00:00,4,-0.111,0.118,895.515,895.626
LOP,ELEV,LOP.Elev-Forebay.Inst.1Hour.0.CBT-REV,14149000,2025-03-31 04:00:00,2025-05-12 16:00:00,1021,-0.314,0.580,908.299,908.613
LOP,ELEV,LOP.Elev-Forebay.Inst.1Hour.0.CBT-REV,14149000,2025-05-12 18:00:00,2025-05-12 18:00:00,1,0.107,0.107,911.640,911.533
LOP,ELEV,LOP.Elev-Forebay.Inst.1Hour.0.CBT-REV,14149000,2025-05-14 14:00:00,2025-05-14 14:00:00,1,0.105,0.105,911.510,911.405
LOP,ELEV,LOP.Elev-Forebay.Inst.1Hour.0.CBT-REV,14149000,2025-05-19 03:00:00,2025-05-19 03:00:00,1,0.103,0.103,909.220,909.117
LOP,ELEV,LOP.Elev-Forebay.Inst.1Hour.0.CBT-REV,14149000,2025-05-20 04:00:00,2025-05-20 06:00:00,3,0.107,0.110,908.660,908.553
LOP,ELEV,LOP.Elev-Forebay.Inst.1Hour.0.CBT-REV,14149000,2025-05-20 20:00:00,2025-05-20 20:00:00,1,0.103,0.103,908.580,908.477
LOP,ELEV,LOP.Elev-Forebay.Inst.1Hour.0.CBT-REV,14149000,2025-05-21 04:00:00,2025-05-21 06:00:00,3,0.107,0.110,908.270,908.163
LOP,ELEV,LOP.Elev-Forebay.Inst.1Hour.0.CBT-REV,14149000,2025-05-22 05:00:00,2025-05-22 06:00:00,2,0.104,0.105,907.745,907.641
LOP,ELEV,LOP.Elev-Forebay.Inst.1Hour.0.CBT-REV,14149000,2025-05-23 00:00:00,2025-05-23 00:00:00,1,0.100,0.100,907.480,907.380
LOP,ELEV,LOP.Elev-Forebay.Inst.1Hour.0.CBT-REV,14149000,2025-05-23 03:00:00,2025-05-23 07:00:00,5,0.131,0.163,907.274,907.144
LOP,ELEV,LOP.Elev-Forebay.Inst.1Hour.0.CBT-REV,14149000,2025-05-23 12:00:00,2025-05-23 12:00:00,1,0.102,0.102,907.170,907.067
LOP,ELEV,LOP.Elev-Forebay.Inst.1Hour.0.CBT-REV,14149000,2025-05-24 01:00:00,2025-05-24 01:00:00,1,0.138,0.138,906.940,906.803
LOP,ELEV,LOP.Elev-Forebay.Inst.1Hour.0.CBT-REV,14149000,2025-05-24 04:00:00,2025-05-24 04:00:00,1,0.128,0.128,906.750,906.622
LOP,ELEV,LOP.Elev-Forebay.Inst.1Hour.0.CBT-REV,14149000,2025-05-25 03:00:00,2025-05-25 06:00:00,4,0.126,0.138,906.112,905.986
LOP,ELEV,LOP.Elev-Forebay.Inst.1Hour.0.CBT-REV,14149000,2025-05-26 01:00:00,2025-05-26 01:00:00,1,0.102,0.102,905.680,905.577
LOP,ELEV,LOP.Elev-Forebay.Inst.1Hour.0.CBT-REV,14149000,2025-05-27 04:00:00,2025-05-27 04:00:00,1,0.102,0.102,904.880,904.778
LOP,ELEV,LOP.Elev-Forebay.Inst.1Hour.0.CBT-REV,14149000,2025-05-28 06:00:00,2025-05-28 06:00:00,1,0.100,0.100,904.410,904.310
LOP,ELEV,LOP.Elev-Forebay.Inst.1Hour.0.CBT-REV,14149000,2025-05-29 03:00:00,2025-05-29 03:00:00,1,0.112,0.112,904.030,903.918
LOP,ELEV,LOP.Elev-Forebay.Inst.1Hour.0.CBT-REV,14149000,2025-05-29 10:00:00,2025-05-29 10:00:00,1,0.100,0.100,903.600,903.500
LOP,ELEV,LOP.Elev-Forebay.Inst.1Hour.0.CBT-REV,14149000,2025-05-31 04:00:00,2025-05-31 04:00:00,1,0.175,0.175,902.580,902.405
LOP,ELEV,LOP.Elev-Forebay.Inst.1Hour.0.CBT-REV,14149000,2025-06-01 01:00:00,2025-06-01 03:00:00,3,0.131,0.143,902.210,902.079
LOP,ELEV,LOP.Elev-Forebay.Inst.1Hour.0.CBT-REV,14149000,2025-06-02 15:00:00,2025-06-02 15:00:00,1,0.155,0.155,901.850,901.695
LOP,ELEV,LOP.Elev-Forebay.Inst.1Hour.0.CBT-REV,14149000,2025-06-03 00:00:00,2025-06-03 00:00:00,1,0.112,0.112,901.540,901.428
LOP,ELEV,LOP.Elev-Forebay.Inst.1Hour.0.CBT-REV,14149000,2025-06-03 19:00:00,2025-06-03 20:00:00,2,0.107,0.115,901.285,901.178
LOP,ELEV,LOP.Elev-Forebay.Inst.1Hour.0.CBT-REV,14149000,2025-06-04 00:00:00,2025-06-04 00:00:00,1,0.127,0.127,901.140,901.013
LOP,ELEV,LOP.Elev-Forebay.Inst.1Hour.0.CBT-REV,14149000,2025-06-04 03:00:00,2025-06-04 03:00:00,1,0.100,0.100,900.850,900.750
LOP,ELEV,LOP.Elev-Forebay.Inst.1Hour.0.CBT-REV,14149000,2025-06-05 00:00:00,2025-06-05 00:00:00,1,0.135,0.135,900.690,900.555
LOP,ELEV,LOP.Elev-Forebay.Inst.1Hour.0.CBT-REV,14149000,2025-06-05 02:00:00,2025-06-05 02:00:00,1,0.105,0.105,900.470,900.365
LOP,ELEV,LOP.Elev-Forebay.Inst.1Hour.0.CBT-REV,14149000,2025-06-06 02:00:00,2025-06-06 02:00:00,1,0.102,0.102,899.990,899.888
LOP,ELEV,LOP.Elev-Forebay.Inst.1Hour.0.CBT-REV,14149000,2025-06-06 04:00:00,2025-06-06 04:00:00,1,0.125,0.125,899.840,899.715
LOP,ELEV,LOP.Elev-Forebay.Inst.1Hour.0.CBT-REV,14149000,2025-06-06 16:00:00,2025-06-06 16:00:00,1,0.140,0.140,899.850,899.710
LOP,ELEV,LOP.Elev-Forebay.Inst.1Hour.0.CBT-REV,14149000,2025-06-13 00:00:00,2025-06-13 00:00:00,1,0.110,0.110,900.480,900.370
LOP,ELEV,LOP.Elev-Forebay.Inst.1Hour.0.CBT-REV,14149000,2025-06-14 00:00:00,2025-06-14 00:00:00,1,0.100,0.100,900.710,900.610
LOP,ELEV,LOP.Elev-Forebay.Inst.1Hour.0.CBT-REV,14149000,2025-06-15 00:00:00,2025-06-15 00:00:00,1,0.108,0.108,900.830,900.722
LOP,ELEV,LOP.Elev-Forebay.Inst.1Hour.0.CBT-REV,14149000,2025-06-15 03:00:00,2025-06-15 03:00:00,1,0.110,0.110,900.700,900.590
LOP,ELEV,LOP.Elev-Forebay.Inst.1Hour.0.CBT-REV,14149000,2025-06-16 03:00:00,2025-06-16 03:00:00,1,0.118,0.118,900.820,900.702
LOP,ELEV,LOP.Elev-Forebay.Inst.1Hour.0.CBT-REV,14149000,2025-06-17 01:00:00,2025-06-17 01:00:00,1,0.105,0.105,900.900,900.795
LOP,ELEV,LOP.Elev-Forebay.Inst.1Hour.0.CBT-REV,14149000,2025-06-18 00:00:00,2025-06-18 01:00:00,2,0.105,0.105,901.060,900.955
LOP,ELEV,LOP.Elev-Forebay.Inst.1Hour.0.CBT-REV,14149000,2025-06-18 04:00:00,2025-06-18 04:00:00,1,0.128,0.128,900.960,900.832
LOP,ELEV,LOP.Elev-Forebay.Inst.1Hour.0.CBT-REV,14149000,2025-06-19 01:00:00,2025-06-19 01:00:00,1,0.122,0.122,901.140,901.018
LOP,ELEV,LOP.Elev-Forebay.Inst.1Hour.0.CBT-REV,14149000,2025-06-19 23:00:00,2025-06-20 04:00:00,6,0.116,0.135,901.210,901.094
LOP,ELEV,LOP.Elev-Forebay.Inst.1Hour.0.CBT-REV,14149000,2025-06-21 00:00:00,2025-06-21 00:00:00,1,0.102,0.102,901.420,901.317
LOP,ELEV,LOP.Elev-Forebay.Inst.1Hour.0.CBT-REV,14149000,2025-06-22 00:00:00,2025-06-22 01:00:00,2,0.114,0.120,901.665,901.551
LOP,ELEV,LOP.Elev-Forebay.Inst.1Hour.0.CBT-REV,14149000,2025-06-23 00:00:00,2025-06-23 01:00:00,2,0.108,0.110,901.995,901.888
LOP,ELEV,LOP.Elev-Forebay.Inst.1Hour.0.CBT-REV,14149000,2025-06-23 03:00:00,2025-06-23 03:00:00,1,0.112,0.112,901.910,901.798
LOP,ELEV,LOP.Elev-Forebay.Inst.1Hour.0.CBT-REV,14149000,2025-06-23 23:00:00,2025-06-24 03:00:00,5,0.115,0.140,902.160,902.045
LOP,ELEV,LOP.Elev-Forebay.Inst.1Hour.0.CBT-REV,14149000,2025-06-24 22:00:00,2025-06-25 02:00:00,5,0.106,0.112,902.310,902.204
LOP,ELEV,LOP.Elev-Forebay.Inst.1Hour.0.CBT-REV,14149000,2025-06-25 04:00:00,2025-06-25 04:00:00,1,0.105,0.105,902.190,902.085
LOP,ELEV,LOP.Elev-Forebay.Inst.1Hour.0.CBT-REV,14149000,2025-06-25 22:00:00,2025-06-26 01:00:00,4,0.109,0.115,902.423,902.314
LOP,ELEV,LOP.Elev-Forebay.Inst.1Hour.0.CBT-REV,14149000,2025-06-26 03:00:00,2025-06-26 03:00:00,1,0.122,0.122,902.310,902.188
LOP,ELEV,LOP.Elev-Forebay.Inst.1Hour.0.CBT-REV,14149000,2025-06-26 22:00:00,2025-06-27 04:00:00,7,0.117,0.133,902.470,902.353
LOP,ELEV,LOP.Elev-Forebay.Inst.1Hour.0.CBT-REV,14149000,2025-06-27 16:00:00,2025-06-27 16:00:00,1,0.105,0.105,902.570,902.465
LOP,ELEV,LOP.Elev-Forebay.Inst.1Hour.0.CBT-REV,14149000,2025-06-28 00:00:00,2025-06-28 05:00:00,6,0.126,0.153,902.538,902.412
LOP,ELEV,LOP.Elev-Forebay.Inst.1Hour.0.CBT-REV,14149000,2025-06-28 14:00:00,2025-06-28 17:00:00,4,0.105,0.108,902.465,902.360
LOP,ELEV,LOP.Elev-Forebay.Inst.1Hour.0.CBT-REV,14149000,2025-06-28 22:00:00,2025-06-29 05:00:00,8,0.149,0.222,902.349,902.200
LOP,ELEV,LOP.Elev-Forebay.Inst.1Hour.0.CBT-REV,14149000,2025-06-29 22:00:00,2025-06-30 05:00:00,8,0.132,0.168,902.049,901.917
LOP,ELEV,LOP.Elev-Forebay.Inst.1Hour.0.CBT-REV,14149000,2025-06-30 09:00:00,2025-06-30 09:00:00,1,0.100,0.100,901.820,901.720
LOP,ELEV,LOP.Elev-Forebay.Inst.1Hour.0.CBT-REV,14149000,2025-06-30 23:00:00,2025-07-01 08:00:00,10,0.125,0.185,901.619,901.494
LOP,ELEV,LOP.Elev-Forebay.Inst.1Hour.0.CBT-REV,14149000,2025-07-01 10:00:00,2025-07-01 10:00:00,1,0.103,0.103,901.470,901.367
LOP,ELEV,LOP.Elev-Forebay.Inst.1Hour.0.CBT-REV,14149000,2025-07-01 12:00:00,2025-07-02 05:00:00,18,0.124,0.173,901.438,901.314
LOP,ELEV,LOP.Elev-Forebay.Inst.1Hour.0.CBT-REV,14149000,2025-07-02 07:00:00,2025-07-02 08:00:00,2,0.110,0.112,901.055,900.945
LOP,ELEV,LOP.Elev-Forebay.Inst.1Hour.0.CBT-REV,14149000,2025-07-02 10:00:00,2025-07-02 17:00:00,8,0.106,0.115,901.103,900.997
LOP,ELEV,LOP.Elev-Forebay.Inst.1Hour.0.CBT-REV,14149000,2025-07-02 19:00:00,2025-07-02 20:00:00,2,0.107,0.112,901.170,901.062
LOP,ELEV,LOP.Elev-Forebay.Inst.1Hour.0.CBT-REV,14149000,2025-07-02 22:00:00,2025-07-03 09:00:00,12,0.130,0.175,900.897,900.766
LOP,ELEV,LOP.Elev-Forebay.Inst.1Hour.0.CBT-REV,14149000,2025-07-03 11:00:00,2025-07-03 12:00:00,2,0.108,0.108,900.755,900.647
LOP,ELEV,LOP.Elev-Forebay.Inst.1Hour.0.CBT-REV,14149000,2025-07-03 21:00:00,2025-07-03 22:00:00,2,0.113,0.123,900.865,900.753
LOP,ELEV,LOP.Elev-Forebay.Inst.1Hour.0.CBT-REV,14149000,2025-07-04 01:00:00,2025-07-04 05:00:00,5,0.140,0.175,900.530,900.390
LOP,ELEV,LOP.Elev-Forebay.Inst.1Hour.0.CBT-REV,14149000,2025-07-04 07:00:00,2025-07-04 09:00:00,3,0.117,0.127,900.400,900.282
LOP,ELEV,LOP.Elev-Forebay.Inst.1Hour.0.CBT-REV,14149000,2025-07-04 17:00:00,2025-07-05 05:00:00,13,0.121,0.155,900.370,900.249
LOP,ELEV,LOP.Elev-Forebay.Inst.1Hour.0.CBT-REV,14149000,2025-07-05 10:00:00,2025-07-06 09:00:00,24,0.125,0.180,899.938,899.813
LOP,ELEV,LOP.Elev-Forebay.Inst.1Hour.0.CBT-REV,14149000,2025-07-06 15:00:00,2025-07-06 20:00:00,6,0.110,0.120,899.680,899.570
LOP,ELEV,LOP.Elev-Forebay.Inst.1Hour.0.CBT-REV,14149000,2025-07-06 22:00:00,2025-07-07 11:00:00,14,0.127,0.177,899.369,899.242
LOP,ELEV,LOP.Elev-Forebay.Inst.1Hour.0.CBT-REV,14149000,2025-07-07 14:00:00,2025-07-07 17:00:00,4,0.105,0.110,899.262,899.157
LOP,ELEV,LOP.Elev-Forebay.Inst.1Hour.0.CBT-REV,14149000,2025-07-07 22:00:00,2025-07-08 08:00:00,11,0.142,0.195,899.016,898.874
LOP,ELEV,LOP.Elev-Forebay.Inst.1Hour.0.CBT-REV,14149000,2025-07-08 11:00:00,2025-07-08 11:00:00,1,0.110,0.110,898.830,898.720
LOP,ELEV,LOP.Elev-Forebay.Inst.1Hour.0.CBT-REV,14149000,2025-07-08 14:00:00,2025-07-08 18:00:00,5,0.117,0.130,898.876,898.759
LOP,ELEV,LOP.Elev-Forebay.Inst.1Hour.0.CBT-REV,14149000,2025-07-08 20:00:00,2025-07-08 20:00:00,1,0.102,0.102,898.900,898.797
LOP,ELEV,LOP.Elev-Forebay.Inst.1Hour.0.CBT-REV,14149000,2025-07-08 22:00:00,2025-07-11 21:00:00,72,0.128,0.213,898.116,897.988
LOP,ELEV,LOP.Elev-Forebay.Inst.1Hour.0.CBT-REV,14149000,2025-07-18 04:00:00,2025-07-18 04:00:00,1,0.125,0.125,894.380,894.255
LOP,ELEV,LOP.Elev-Forebay.Inst.1Hour.0.CBT-REV,14149000,2025-07-21 19:00:00,2025-07-21 19:00:00,1,0.110,0.110,892.750,892.640
LOP,ELEV,LOP.Elev-Forebay.Inst.1Hour.0.CBT-REV,14149000,2025-07-22 00:00:00,2025-07-22 04:00:00,5,0.133,0.215,892.332,892.199
LOP,ELEV,LOP.Elev-Forebay.Inst.1Hour.0.CBT-REV,14149000,2025-07-22 06:00:00,2025-07-22 06:00:00,1,0.122,0.122,891.940,891.817
LOP,ELEV,LOP.Elev-Forebay.Inst.1Hour.0.CBT-REV,14149000,2025-07-23 02:00:00,2025-07-23 02:00:00,1,0.102,0.102,891.550,891.447
LOP,ELEV,LOP.Elev-Forebay.Inst.1Hour.0.CBT-REV,14149000,2025-07-23 16:00:00,2025-07-23 16:00:00,1,0.102,0.102,891.450,891.348
LOP,ELEV,LOP.Elev-Forebay.Inst.1Hour.0.CBT-REV,14149000,2025-07-24 02:00:00,2025-07-24 02:00:00,1,0.102,0.102,891.020,890.918
LOP,ELEV,LOP.Elev-Forebay.Inst.1Hour.0.CBT-REV,14149000,2025-07-24 05:00:00,2025-07-24 06:00:00,2,0.104,0.105,890.880,890.776
LOP,ELEV,LOP.Elev-Forebay.Inst.1Hour.0.CBT-REV,14149000,2025-07-24 15:00:00,2025-07-24 16:00:00,2,0.109,0.112,890.940,890.831
LOP,ELEV,LOP.Elev-Forebay.Inst.1Hour.0.CBT-REV,14149000,2025-07-24 18:00:00,2025-07-24 18:00:00,1,0.115,0.115,890.830,890.715
LOP,ELEV,LOP.Elev-Forebay.Inst.1Hour.0.CBT-REV,14149000,2025-07-24 20:00:00,2025-07-24 22:00:00,3,0.104,0.107,890.697,890.593
LOP,ELEV,LOP.Elev-Forebay.Inst.1Hour.0.CBT-REV,14149000,2025-07-25 02:00:00,2025-07-25 03:00:00,2,0.109,0.110,890.455,890.346
LOP,ELEV,LOP.Elev-Forebay.Inst.1Hour.0.CBT-REV,14149000,2025-07-25 16:00:00,2025-07-25 19:00:00,4,0.106,0.115,890.317,890.211
LOP,ELEV,LOP.Elev-Forebay.Inst.1Hour.0.CBT-REV,14149000,2025-07-25 21:00:00,2025-07-26 02:00:00,6,0.112,0.117,890.052,889.940
LOP,ELEV,LOP.Elev-Forebay.Inst.1Hour.0.CBT-REV,14149000,2025-07-26 04:00:00,2025-07-26 06:00:00,3,0.129,0.155,889.823,889.694
LOP,ELEV,LOP.Elev-Forebay.Inst.1Hour.0.CBT-REV,14149000,2025-07-26 15:00:00,2025-07-26 20:00:00,6,0.113,0.130,889.772,889.659
LOP,ELEV,LOP.Elev-Forebay.Inst.1Hour.0.CBT-REV,14149000,2025-07-26 22:00:00,2025-07-27 05:00:00,8,0.121,0.162,889.424,889.303
LOP,ELEV,LOP.Elev-Forebay.Inst.1Hour.0.CBT-REV,14149000,2025-07-27 14:00:00,2025-07-28 07:00:00,18,0.121,0.132,889.008,888.888
LOP,ELEV,LOP.Elev-Forebay.Inst.1Hour.0.CBT-REV,14149000,2025-07-28 09:00:00,2025-07-28 09:00:00,1,0.102,0.102,888.740,888.638
LOP,ELEV,LOP.Elev-Forebay.Inst.1Hour.0.CBT-REV,14149000,2025-07-28 14:00:00,2025-07-29 07:00:00,18,0.122,0.167,888.486,888.363
LOP,ELEV,LOP.Elev-Forebay.Inst.1Hour.0.CBT-REV,14149000,2025-07-29 10:00:00,2025-07-29 10:00:00,1,0.110,0.110,888.210,888.100
LOP,ELEV,LOP.Elev-Forebay.Inst.1Hour.0.CBT-REV,14149000,2025-07-29 14:00:00,2025-07-30 08:00:00,19,0.130,0.150,887.888,887.758
LOP,ELEV,LOP.Elev-Forebay.Inst.1Hour.0.CBT-REV,14149000,2025-07-30 12:00:00,2025-08-01 09:00:00,46,0.133,0.178,887.055,886.922
LOP,ELEV,LOP.Elev-Forebay.Inst.1Hour.0.CBT-REV,14149000,2025-08-01 11:00:00,2025-08-02 12:00:00,26,0.134,0.190,886.369,886.235
LOP,ELEV,LOP.Elev-Forebay.Inst.1Hour.0.CBT-REV,14149000,2025-08-02 14:00:00,2025-08-03 12:00:00,23,0.146,0.207,885.958,885.812
LOP,ELEV,LOP.Elev-Forebay.Inst.1Hour.0.CBT-REV,14149000,2025-08-03 19:00:00,2025-08-03 20:00:00,2,0.109,0.115,885.690,885.581
LOP,ELEV,LOP.Elev-Forebay.Inst.1Hour.0.CBT-REV,14149000,2025-08-03 22:00:00,2025-08-04 12:00:00,15,0.155,0.240,885.151,884.997
LOP,ELEV,LOP.Elev-Forebay.Inst.1Hour.0.CBT-REV,14149000,2025-08-04 20:00:00,2025-08-04 21:00:00,2,0.110,0.110,884.920,884.810
LOP,ELEV,LOP.Elev-Forebay.Inst.1Hour.0.CBT-REV,14149000,2025-08-05 01:00:00,2025-08-05 12:00:00,12,0.170,0.220,884.339,884.169
LOP,ELEV,LOP.Elev-Forebay.Inst.1Hour.0.CBT-REV,14149000,2025-08-05 16:00:00,2025-08-05 20:00:00,5,0.142,0.205,884.328,884.186
LOP,ELEV,LOP.Elev-Forebay.Inst.1Hour.0.CBT-REV,14149000,2025-08-06 00:00:00,2025-08-06 13:00:00,14,0.163,0.220,883.626,883.462
LOP,ELEV,LOP.Elev-Forebay.Inst.1Hour.0.CBT-REV,14149000,2025-08-06 15:00:00,2025-08-06 17:00:00,3,0.119,0.153,883.587,883.468
LOP,ELEV,LOP.Elev-Forebay.Inst.1Hour.0.CBT-REV,14149000,2025-08-06 19:00:00,2025-08-13 04:00:00,154,0.181,0.262,881.198,881.017
LOP,ELEV,LOP.Elev-Forebay.Inst.1Hour.0.CBT-REV,14149000,2025-08-13 06:00:00,2025-08-14 19:00:00,38,0.173,0.230,878.656,878.483
LOP,ELEV,LOP.Elev-Forebay.Inst.1Hour.0.CBT-REV,14149000,2025-08-14 21:00:00,2025-08-15 03:00:00,7,0.188,0.222,878.017,877.829
LOP,ELEV,LOP.Elev-Forebay.Inst.1Hour.0.CBT-REV,14149000,2025-08-15 08:00:00,2025-08-17 11:00:00,52,0.180,0.247,877.005,876.825
LOP,ELEV,LOP.Elev-Forebay.Inst.1Hour.0.CBT-REV,14149000,2025-08-17 13:00:00,2025-08-18 18:00:00,30,0.243,0.280,875.844,875.601
LOP,ELEV,LOP.Elev-Forebay.Inst.1Hour.0.CBT-REV,14149000,2025-08-22 07:00:00,2025-08-22 07:00:00,1,0.115,0.115,872.700,872.585
LOP,ELEV,LOP.Elev-Forebay.Inst.1Hour.0.CBT-REV,14149000,2025-08-23 22:00:00,2025-08-24 04:00:00,7,0.146,0.165,871.731,871.586
LOP,ELEV,LOP.Elev-Forebay.Inst.1Hour.0.CBT-REV,14149000,2025-08-24 22:00:00,2025-08-25 04:00:00,7,0.154,0.163,871.013,870.859
LOP,ELEV,LOP.Elev-Forebay.Inst.1Hour.0.CBT-REV,14149000,2025-08-25 15:00:00,2025-08-26 04:00:00,14,0.128,0.142,870.155,870.027
LOP,ELEV,LOP.Elev-Forebay.Inst.1Hour.0.CBT-REV,14149000,2025-08-26 14:00:00,2025-08-27 06:00:00,17,0.129,0.165,869.390,869.261
LOP,ELEV,LOP.Elev-Forebay.Inst.1Hour.0.CBT-REV,14149000,2025-08-27 08:00:00,2025-08-27 08:00:00,1,0.105,0.105,868.990,868.885
LOP,ELEV,LOP.Elev-Forebay.Inst.1Hour.0.CBT-REV,14149000,2025-08-27 10:00:00,2025-08-27 11:00:00,2,0.102,0.102,869.040,868.938
LOP,ELEV,LOP.Elev-Forebay.Inst.1Hour.0.CBT-REV,14149000,2025-08-27 14:00:00,2025-08-28 06:00:00,17,0.136,0.177,868.625,868.490
LOP,ELEV,LOP.Elev-Forebay.Inst.1Hour.0.CBT-REV,14149000,2025-08-28 08:00:00,2025-09-07 22:00:00,255,0.199,0.308,864.399,864.200
LOP,ELEV,LOP.Elev-Forebay.Inst.1Hour.0.CBT-REV,14149000,2025-09-08 00:00:00,2025-09-30 23:00:00,552,0.411,0.672,853.577,853.165
