time_utc,Download_Key,value,rolling_median,departure,Flags
2025-11-09 10:00:00,BLU.Flow-In.Ave.15Minutes.3Hours.MIXED-COMPUTED-REV,-17.40,152.99,-170.39,NEGATIVE
2025-11-09 22:00:00,BLU.Flow-In.Ave.15Minutes.3Hours.MIXED-COMPUTED-REV,-34.66,137.86,-172.51,NEGATIVE
2025-11-09 23:00:00,BLU.Flow-In.Ave.15Minutes.3Hours.MIXED-COMPUTED-REV,-96.62,137.86,-234.47,NEGATIVE
2025-11-10 00:00:00,BLU.Flow-In.Ave.15Minutes.3Hours.MIXED-COMPUTED-REV,-88.07,137.86,-225.92,NEGATIVE
2025-11-10 01:00:00,BLU.Flow-In.Ave.15Minutes.3Hours.MIXED-COMPUTED-REV,-19.20,137.86,-157.06,NEGATIVE
2025-11-10 17:00:00,BLU.Flow-In.Ave.15Minutes.3Hours.MIXED-COMPUTED-REV,-8.08,61.63,-69.71,NEGATIVE
2025-11-10 18:00:00,BLU.Flow-In.Ave.15Minutes.3Hours.MIXED-COMPUTED-REV,-119.80,56.19,-175.99,NEGATIVE
2025-11-10 19:00:00,BLU.Flow-In.Ave.15Minutes.3Hours.MIXED-COMPUTED-REV,-211.58,50.17,-261.75,"SPIKE,NEGATIVE"
2025-11-10 20:00:00,BLU.Flow-In.Ave.15Minutes.3Hours.MIXED-COMPUTED-REV,-213.85,45.35,-259.21,"SPIKE,NEGATIVE"
2025-11-10 21:00:00,BLU.Flow-In.Ave.15Minutes.3Hours.MIXED-COMPUTED-REV,-134.00,42.20,-176.19,NEGATIVE
2025-11-10 22:00:00,BLU.Flow-In.Ave.15Minutes.3Hours.MIXED-COMPUTED-REV,-33.90,41.97,-75.87,NEGATIVE
2025-11-11 14:00:00,BLU.Flow-In.Ave.15Minutes.3Hours.MIXED-COMPUTED-REV,-2.59,-2.59,0.00,NEGATIVE
2025-11-11 15:00:00,BLU.Flow-In.Ave.15Minutes.3Hours.MIXED-COMPUTED-REV,-6.66,-6.66,0.00,NEGATIVE
2025-11-11 16:00:00,BLU.Flow-In.Ave.15Minutes.3Hours.MIXED-COMPUTED-REV,-10.54,-10.54,0.00,NEGATIVE
2025-11-11 17:00:00,BLU.Flow-In.Ave.15Minutes.3Hours.MIXED-COMPUTED-REV,-14.59,-14.59,0.00,NEGATIVE
2025-11-11 18:00:00,BLU.Flow-In.Ave.15Minutes.3Hours.MIXED-COMPUTED-REV,-18.84,-18.84,0.00,NEGATIVE
2025-11-11 19:00:00,BLU.Flow-In.Ave.15Minutes.3Hours.MIXED-COMPUTED-REV,-25.75,-19.84,-5.90,NEGATIVE
2025-11-11 20:00:00,BLU.Flow-In.Ave.15Minutes.3Hours.MIXED-COMPUTED-REV,-31.99,-19.84,-12.14,NEGATIVE
2025-11-11 21:00:00,BLU.Flow-In.Ave.15Minutes.3Hours.MIXED-COMPUTED-REV,-32.75,-19.84,-12.91,NEGATIVE
2025-11-11 22:00:00,BLU.Flow-In.Ave.15Minutes.3Hours.MIXED-COMPUTED-REV,-32.71,-19.84,-12.86,NEGATIVE
2025-11-11 23:00:00,BLU.Flow-In.Ave.15Minutes.3Hours.MIXED-COMPUTED-REV,-34.86,-19.84,-15.02,NEGATIVE
2025-11-12 00:00:00,BLU.Flow-In.Ave.15Minutes.3Hours.MIXED-COMPUTED-REV,-39.71,-19.84,-19.86,NEGATIVE
2025-11-12 01:00:00,BLU.Flow-In.Ave.15Minutes.3Hours.MIXED-COMPUTED-REV,-43.74,-19.84,-23.90,NEGATIVE
2025-11-12 02:00:00,BLU.Flow-In.Ave.15Minutes.3Hours.MIXED-COMPUTED-REV,-44.37,-19.84,-24.53,NEGATIVE
2025-11-12 03:00:00,BLU.Flow-In.Ave.15Minutes.3Hours.MIXED-COMPUTED-REV,-43.92,-19.84,-24.07,NEGATIVE
2025-11-12 04:00:00,BLU.Flow-In.Ave.15Minutes.3Hours.MIXED-COMPUTED-REV,-38.39,-19.84,-18.55,NEGATIVE
2025-11-12 05:00:00,BLU.Flow-In.Ave.15Minutes.3Hours.MIXED-COMPUTED-REV,-30.11,-19.84,-10.26,NEGATIVE
2025-11-12 06:00:00,BLU.Flow-In.Ave.15Minutes.3Hours.MIXED-COMPUTED-REV,-25.30,-19.84,-5.45,NEGATIVE
2025-11-12 07:00:00,BLU.Flow-In.Ave.15Minutes.3Hours.MIXED-COMPUTED-REV,-19.84,-19.84,0.00,NEGATIVE
2025-11-12 08:00:00,BLU.Flow-In.Ave.15Minutes.3Hours.MIXED-COMPUTED-REV,-18.00,-18.00,0.00,NEGATIVE
2025-11-12 09:00:00,BLU.Flow-In.Ave.15Minutes.3Hours.MIXED-COMPUTED-REV,-13.52,-13.52,0.00,NEGATIVE
2025-11-12 10:00:00,BLU.Flow-In.Ave.15Minutes.3Hours.MIXED-COMPUTED-REV,-7.83,-7.83,0.00,NEGATIVE
2025-11-12 14:00:00,BLU.Flow-In.Ave.15Minutes.3Hours.MIXED-COMPUTED-REV,-1.10,-1.00,-0.10,NEGATIVE
2025-11-12 15:00:00,BLU.Flow-In.Ave.15Minutes.3Hours.MIXED-COMPUTED-REV,-1.00,-1.00,0.00,NEGATIVE
2025-11-13 01:00:00,BLU.Flow-In.Ave.15Minutes.3Hours.MIXED-COMPUTED-REV,-27.29,-23.40,-3.88,NEGATIVE
2025-11-13 02:00:00,BLU.Flow-In.Ave.15Minutes.3Hours.MIXED-COMPUTED-REV,-25.05,-23.40,-1.64,NEGATIVE
2025-11-13 03:00:00,BLU.Flow-In.Ave.15Minutes.3Hours.MIXED-COMPUTED-REV,-23.40,-23.40,0.00,NEGATIVE
2025-11-13 04:00:00,BLU.Flow-In.Ave.15Minutes.3Hours.MIXED-COMPUTED-REV,-25.17,-23.40,-1.76,NEGATIVE
2025-11-13 05:00:00,BLU.Flow-In.Ave.15Minutes.3Hours.MIXED-COMPUTED-REV,-32.26,-23.40,-8.85,NEGATIVE
2025-11-13 06:00:00,BLU.Flow-In.Ave.15Minutes.3Hours.MIXED-COMPUTED-REV,-35.93,-23.40,-12.53,NEGATIVE
2025-11-13 07:00:00,BLU.Flow-In.Ave.15Minutes.3Hours.MIXED-COMPUTED-REV,-36.62,-23.40,-13.21,NEGATIVE
2025-11-13 08:00:00,BLU.Flow-In.Ave.15Minutes.3Hours.MIXED-COMPUTED-REV,-36.95,-23.40,-13.55,NEGATIVE
2025-11-13 09:00:00,BLU.Flow-In.Ave.15Minutes.3Hours.MIXED-COMPUTED-REV,-40.68,-25.05,-15.63,NEGATIVE
2025-11-13 10:00:00,BLU.Flow-In.Ave.15Minutes.3Hours.MIXED-COMPUTED-REV,-46.09,-25.17,-20.93,NEGATIVE
2025-11-13 11:00:00,BLU.Flow-In.Ave.15Minutes.3Hours.MIXED-COMPUTED-REV,-48.02,-27.29,-20.73,NEGATIVE
2025-11-13 12:00:00,BLU.Flow-In.Ave.15Minutes.3Hours.MIXED-COMPUTED-REV,-45.88,-29.61,-16.27,NEGATIVE
2025-11-13 13:00:00,BLU.Flow-In.Ave.15Minutes.3Hours.MIXED-COMPUTED-REV,-36.94,-32.26,-4.68,NEGATIVE
2025-11-13 21:00:00,BLU.Flow-In.Ave.15Minutes.3Hours.MIXED-COMPUTED-REV,-29.61,-33.57,3.96,NEGATIVE
2025-11-13 22:00:00,BLU.Flow-In.Ave.15Minutes.3Hours.MIXED-COMPUTED-REV,-67.14,-29.61,-37.53,NEGATIVE
2025-11-13 23:00:00,BLU.Flow-In.Ave.15Minutes.3Hours.MIXED-COMPUTED-REV,-64.18,9.51,-73.69,NEGATIVE
2025-11-14 00:00:00,BLU.Flow-In.Ave.15Minutes.3Hours.MIXED-COMPUTED-REV,-62.93,9.51,-72.43,NEGATIVE
2025-11-14 01:00:00,BLU.Flow-In.Ave.15Minutes.3Hours.MIXED-COMPUTED-REV,-62.67,9.51,-72.17,NEGATIVE
2025-11-14 02:00:00,BLU.Flow-In.Ave.15Minutes.3Hours.MIXED-COMPUTED-REV,-62.87,9.51,-72.37,NEGATIVE
2025-11-14 03:00:00,BLU.Flow-In.Ave.15Minutes.3Hours.MIXED-COMPUTED-REV,-66.75,-29.61,-37.14,NEGATIVE
2025-11-14 04:00:00,BLU.Flow-In.Ave.15Minutes.3Hours.MIXED-COMPUTED-REV,-66.26,-33.57,-32.69,NEGATIVE
2025-11-14 05:00:00,BLU.Flow-In.Ave.15Minutes.3Hours.MIXED-COMPUTED-REV,-33.57,-46.23,12.66,NEGATIVE
2025-11-14 12:00:00,BLU.Flow-In.Ave.15Minutes.3Hours.MIXED-COMPUTED-REV,-46.23,-46.23,0.00,NEGATIVE
2025-11-14 13:00:00,BLU.Flow-In.Ave.15Minutes.3Hours.MIXED-COMPUTED-REV,-89.33,-42.04,-47.29,NEGATIVE
2025-11-14 14:00:00,BLU.Flow-In.Ave.15Minutes.3Hours.MIXED-COMPUTED-REV,-93.73,-42.04,-51.68,NEGATIVE
2025-11-14 15:00:00,BLU.Flow-In.Ave.15Minutes.3Hours.MIXED-COMPUTED-REV,-94.00,-42.04,-51.96,NEGATIVE
2025-11-14 16:00:00,BLU.Flow-In.Ave.15Minutes.3Hours.MIXED-COMPUTED-REV,-97.87,-42.04,-55.83,NEGATIVE
2025-11-14 17:00:00,BLU.Flow-In.Ave.15Minutes.3Hours.MIXED-COMPUTED-REV,-100.59,-42.04,-58.55,NEGATIVE
2025-11-14 18:00:00,BLU.Flow-In.Ave.15Minutes.3Hours.MIXED-COMPUTED-REV,-104.30,-42.04,-62.25,NEGATIVE
2025-11-14 19:00:00,BLU.Flow-In.Ave.15Minutes.3Hours.MIXED-COMPUTED-REV,-96.18,-42.04,-54.14,NEGATIVE
2025-11-14 20:00:00,BLU.Flow-In.Ave.15Minutes.3Hours.MIXED-COMPUTED-REV,-42.04,-42.04,0.00,NEGATIVE
2025-11-15 02:00:00,BLU.Flow-In.Ave.15Minutes.3Hours.MIXED-COMPUTED-REV,-47.47,-52.78,5.32,NEGATIVE
2025-11-15 03:00:00,BLU.Flow-In.Ave.15Minutes.3Hours.MIXED-COMPUTED-REV,-116.45,-52.78,-63.67,NEGATIVE
2025-11-15 04:00:00,BLU.Flow-In.Ave.15Minutes.3Hours.MIXED-COMPUTED-REV,-127.85,-52.78,-75.06,NEGATIVE
2025-11-15 05:00:00,BLU.Flow-In.Ave.15Minutes.3Hours.MIXED-COMPUTED-REV,-88.36,-52.78,-35.58,NEGATIVE
2025-11-15 06:00:00,BLU.Flow-In.Ave.15Minutes.3Hours.MIXED-COMPUTED-REV,-7.41,-52.78,45.37,NEGATIVE
2025-11-15 11:00:00,BLU.Flow-In.Ave.15Minutes.3Hours.MIXED-COMPUTED-REV,-52.78,-52.78,0.00,NEGATIVE
2025-11-15 12:00:00,BLU.Flow-In.Ave.15Minutes.3Hours.MIXED-COMPUTED-REV,-115.53,-52.78,-62.74,NEGATIVE
2025-11-15 13:00:00,BLU.Flow-In.Ave.15Minutes.3Hours.MIXED-COMPUTED-REV,-124.58,-52.78,-71.80,NEGATIVE
2025-11-15 14:00:00,BLU.Flow-In.Ave.15Minutes.3Hours.MIXED-COMPUTED-REV,-120.43,-52.78,-67.65,NEGATIVE
2025-11-15 15:00:00,BLU.Flow-In.Ave.15Minutes.3Hours.MIXED-COMPUTED-REV,-121.44,-84.40,-37.04,NEGATIVE
2025-11-15 16:00:00,BLU.Flow-In.Ave.15Minutes.3Hours.MIXED-COMPUTED-REV,-127.91,-84.40,-43.50,NEGATIVE
2025-11-15 17:00:00,BLU.Flow-In.Ave.15Minutes.3Hours.MIXED-COMPUTED-REV,-130.93,-84.40,-46.53,NEGATIVE
2025-11-15 18:00:00,BLU.Flow-In.Ave.15Minutes.3Hours.MIXED-COMPUTED-REV,-133.51,-84.40,-49.11,NEGATIVE
2025-11-15 19:00:00,BLU.Flow-In.Ave.15Minutes.3Hours.MIXED-COMPUTED-REV,-131.52,-84.40,-47.12,NEGATIVE
2025-11-15 20:00:00,BLU.Flow-In.Ave.15Minutes.3Hours.MIXED-COMPUTED-REV,-93.50,-84.40,-9.10,NEGATIVE
2025-11-15 21:00:00,BLU.Flow-In.Ave.15Minutes.3Hours.MIXED-COMPUTED-REV,-21.70,-84.40,62.71,NEGATIVE
2025-11-16 02:00:00,BLU.Flow-In.Ave.15Minutes.3Hours.MIXED-COMPUTED-REV,-16.79,-24.73,7.94,NEGATIVE
2025-11-16 03:00:00,BLU.Flow-In.Ave.15Minutes.3Hours.MIXED-COMPUTED-REV,-84.40,-21.70,-62.71,NEGATIVE
2025-11-16 04:00:00,BLU.Flow-In.Ave.15Minutes.3Hours.MIXED-COMPUTED-REV,-117.19,-16.79,-100.39,NEGATIVE
2025-11-16 05:00:00,BLU.Flow-In.Ave.15Minutes.3Hours.MIXED-COMPUTED-REV,-108.54,31.95,-140.49,NEGATIVE
2025-11-16 06:00:00,BLU.Flow-In.Ave.15Minutes.3Hours.MIXED-COMPUTED-REV,-100.70,50.29,-150.99,NEGATIVE
2025-11-16 07:00:00,BLU.Flow-In.Ave.15Minutes.3Hours.MIXED-COMPUTED-REV,-78.38,55.77,-134.16,NEGATIVE
2025-11-16 08:00:00,BLU.Flow-In.Ave.15Minutes.3Hours.MIXED-COMPUTED-REV,-24.73,55.77,-80.50,NEGATIVE
2025-11-16 21:00:00,BLU.Flow-In.Ave.15Minutes.3Hours.MIXED-COMPUTED-REV,-15.94,59.30,-75.24,NEGATIVE
2025-11-16 22:00:00,BLU.Flow-In.Ave.15Minutes.3Hours.MIXED-COMPUTED-REV,-81.66,59.30,-140.96,NEGATIVE
2025-11-16 23:00:00,BLU.Flow-In.Ave.15Minutes.3Hours.MIXED-COMPUTED-REV,-124.91,57.49,-182.40,NEGATIVE
2025-11-17 00:00:00,BLU.Flow-In.Ave.15Minutes.3Hours.MIXED-COMPUTED-REV,-125.79,43.51,-169.29,NEGATIVE
2025-11-17 01:00:00,BLU.Flow-In.Ave.15Minutes.3Hours.MIXED-COMPUTED-REV,-118.45,40.85,-159.31,NEGATIVE
2025-11-17 02:00:00,BLU.Flow-In.Ave.15Minutes.3Hours.MIXED-COMPUTED-REV,-109.05,36.00,-145.04,NEGATIVE
2025-11-17 03:00:00,BLU.Flow-In.Ave.15Minutes.3Hours.MIXED-COMPUTED-REV,-68.09,-10.15,-57.94,NEGATIVE
2025-11-17 04:00:00,BLU.Flow-In.Ave.15Minutes.3Hours.MIXED-COMPUTED-REV,-10.91,-10.91,0.00,NEGATIVE
2025-11-17 11:00:00,BLU.Flow-In.Ave.15Minutes.3Hours.MIXED-COMPUTED-REV,-10.15,-39.69,29.54,NEGATIVE
2025-11-17 12:00:00,BLU.Flow-In.Ave.15Minutes.3Hours.MIXED-COMPUTED-REV,-48.59,-10.91,-37.67,NEGATIVE
2025-11-17 13:00:00,BLU.Flow-In.Ave.15Minutes.3Hours.MIXED-COMPUTED-REV,-63.91,-10.15,-53.76,NEGATIVE
2025-11-17 14:00:00,BLU.Flow-In.Ave.15Minutes.3Hours.MIXED-COMPUTED-REV,-64.98,2.70,-67.68,NEGATIVE
2025-11-17 15:00:00,BLU.Flow-In.Ave.15Minutes.3Hours.MIXED-COMPUTED-REV,-65.72,36.00,-101.72,NEGATIVE
2025-11-17 16:00:00,BLU.Flow-In.Ave.15Minutes.3Hours.MIXED-COMPUTED-REV,-70.87,40.85,-111.73,NEGATIVE
2025-11-17 17:00:00,BLU.Flow-In.Ave.15Minutes.3Hours.MIXED-COMPUTED-REV,-73.34,41.01,-114.36,NEGATIVE
2025-11-17 18:00:00,BLU.Flow-In.Ave.15Minutes.3Hours.MIXED-COMPUTED-REV,-72.68,51.28,-123.96,NEGATIVE
2025-11-17 19:00:00,BLU.Flow-In.Ave.15Minutes.3Hours.MIXED-COMPUTED-REV,-39.69,51.28,-90.97,NEGATIVE
2025-11-18 20:00:00,BLU.Flow-In.Ave.15Minutes.3Hours.MIXED-COMPUTED-REV,-0.82,61.90,-62.72,NEGATIVE
2025-11-18 21:00:00,BLU.Flow-In.Ave.15Minutes.3Hours.MIXED-COMPUTED-REV,-24.82,61.90,-86.72,NEGATIVE
2025-11-18 22:00:00,BLU.Flow-In.Ave.15Minutes.3Hours.MIXED-COMPUTED-REV,-32.31,61.90,-94.21,NEGATIVE
2025-11-18 23:00:00,BLU.Flow-In.Ave.15Minutes.3Hours.MIXED-COMPUTED-REV,-33.35,61.90,-95.25,NEGATIVE
2025-11-19 00:00:00,BLU.Flow-In.Ave.15Minutes.3Hours.MIXED-COMPUTED-REV,-34.33,61.90,-96.23,NEGATIVE
2025-11-19 01:00:00,BLU.Flow-In.Ave.15Minutes.3Hours.MIXED-COMPUTED-REV,-33.02,61.90,-94.92,NEGATIVE
2025-11-19 02:00:00,BLU.Flow-In.Ave.15Minutes.3Hours.MIXED-COMPUTED-REV,-19.63,61.90,-81.53,NEGATIVE
2025-12-06 01:00:00,BLU.Flow-In.Ave.15Minutes.3Hours.MIXED-COMPUTED-REV,2311.16,1671.98,639.18,SPIKE
2025-12-06 02:00:00,BLU.Flow-In.Ave.15Minutes.3Hours.MIXED-COMPUTED-REV,2608.86,1671.98,936.88,SPIKE
2025-12-06 03:00:00,BLU.Flow-In.Ave.15Minutes.3Hours.MIXED-COMPUTED-REV,2836.47,1671.98,1164.49,SPIKE
2025-12-06 04:00:00,BLU.Flow-In.Ave.15Minutes.3Hours.MIXED-COMPUTED-REV,2914.12,1671.98,1242.14,SPIKE
2025-12-06 05:00:00,BLU.Flow-In.Ave.15Minutes.3Hours.MIXED-COMPUTED-REV,3059.70,1671.98,1387.72,SPIKE
2025-12-06 06:00:00,BLU.Flow-In.Ave.15Minutes.3Hours.MIXED-COMPUTED-REV,2946.17,1671.98,1274.19,SPIKE
2025-12-06 07:00:00,BLU.Flow-In.Ave.15Minutes.3Hours.MIXED-COMPUTED-REV,2663.03,1671.98,991.05,SPIKE
2025-12-06 08:00:00,BLU.Flow-In.Ave.15Minutes.3Hours.MIXED-COMPUTED-REV,2212.17,1671.98,540.19,SPIKE
2025-12-09 04:00:00,BLU.Flow-In.Ave.15Minutes.3Hours.MIXED-COMPUTED-REV,2395.80,1744.95,650.85,SPIKE
2025-12-10 06:00:00,BLU.Flow-In.Ave.15Minutes.3Hours.MIXED-COMPUTED-REV,4803.71,3746.58,1057.13,SPIKE
2025-12-10 07:00:00,BLU.Flow-In.Ave.15Minutes.3Hours.MIXED-COMPUTED-REV,4836.41,3746.58,1089.82,SPIKE
2025-12-14 23:00:00,BLU.Flow-In.Ave.15Minutes.3Hours.MIXED-COMPUTED-REV,131.82,388.17,-256.35,SPIKE
2025-12-16 08:00:00,BLU.Flow-In.Ave.15Minutes.3Hours.MIXED-COMPUTED-REV,975.09,628.89,346.20,SPIKE
2025-12-16 09:00:00,BLU.Flow-In.Ave.15Minutes.3Hours.MIXED-COMPUTED-REV,991.31,628.97,362.34,SPIKE
2025-12-18 15:00:00,BLU.Flow-In.Ave.15Minutes.3Hours.MIXED-COMPUTED-REV,943.88,1317.55,-373.67,SPIKE
2025-12-18 16:00:00,BLU.Flow-In.Ave.15Minutes.3Hours.MIXED-COMPUTED-REV,890.93,1317.55,-426.62,SPIKE
2025-12-19 07:00:00,BLU.Flow-In.Ave.15Minutes.3Hours.MIXED-COMPUTED-REV,10711.02,8288.57,2422.46,SPIKE
2025-12-19 08:00:00,BLU.Flow-In.Ave.15Minutes.3Hours.MIXED-COMPUTED-REV,11598.82,8288.57,3310.25,SPIKE
2025-12-19 09:00:00,BLU.Flow-In.Ave.15Minutes.3Hours.MIXED-COMPUTED-REV,12212.35,8288.57,3923.78,SPIKE
2025-12-19 10:00:00,BLU.Flow-In.Ave.15Minutes.3Hours.MIXED-COMPUTED-REV,12469.82,8288.57,4181.25,SPIKE
2025-12-19 11:00:00,BLU.Flow-In.Ave.15Minutes.3Hours.MIXED-COMPUTED-REV,12503.83,8288.57,4215.26,SPIKE
2025-12-19 12:00:00,BLU.Flow-In.Ave.15Minutes.3Hours.MIXED-COMPUTED-REV,12456.46,8288.57,4167.90,SPIKE
2025-12-19 13:00:00,BLU.Flow-In.Ave.15Minutes.3Hours.MIXED-COMPUTED-REV,12003.76,8288.57,3715.19,SPIKE
2025-12-19 14:00:00,BLU.Flow-In.Ave.15Minutes.3Hours.MIXED-COMPUTED-REV,10986.42,8288.57,2697.86,SPIKE
2025-12-28 05:00:00,BLU.Flow-In.Ave.15Minutes.3Hours.MIXED-COMPUTED-REV,196.81,457.70,-260.89,SPIKE
2025-12-30 01:00:00,BLU.Flow-In.Ave.15Minutes.3Hours.MIXED-COMPUTED-REV,563.01,288.19,274.81,SPIKE
2025-12-31 22:00:00,BLU.Flow-In.Ave.15Minutes.3Hours.MIXED-COMPUTED-REV,-22.12,200.51,-222.63,NEGATIVE
2025-12-31 23:00:00,BLU.Flow-In.Ave.15Minutes.3Hours.MIXED-COMPUTED-REV,-27.55,200.51,-228.06,NEGATIVE
2026-01-04 23:00:00,BLU.Flow-In.Ave.15Minutes.3Hours.MIXED-COMPUTED-REV,1296.60,1014.04,282.56,SPIKE
2026-03-08 17:00:00,BLU.Flow-In.Ave.15Minutes.3Hours.MIXED-COMPUTED-REV,1060.19,581.29,478.90,SPIKE
2026-03-08 18:00:00,BLU.Flow-In.Ave.15Minutes.3Hours.MIXED-COMPUTED-REV,1698.82,579.31,1119.52,SPIKE
2026-03-08 19:00:00,BLU.Flow-In.Ave.15Minutes.3Hours.MIXED-COMPUTED-REV,1745.65,578.77,1166.88,SPIKE
2026-03-08 20:00:00,BLU.Flow-In.Ave.15Minutes.3Hours.MIXED-COMPUTED-REV,1259.77,577.75,682.01,SPIKE
2026-04-15 21:00:00,BLU.Flow-In.Ave.15Minutes.3Hours.MIXED-COMPUTED-REV,1642.38,1310.14,332.24,SPIKE
2026-04-15 22:00:00,BLU.Flow-In.Ave.15Minutes.3Hours.MIXED-COMPUTED-REV,1657.65,1312.30,345.34,SPIKE
2026-04-15 23:00:00,BLU.Flow-In.Ave.15Minutes.3Hours.MIXED-COMPUTED-REV,1663.81,1312.30,351.50,SPIKE
2026-05-22 18:00:00,BLU.Flow-In.Ave.15Minutes.3Hours.MIXED-COMPUTED-REV,-0.19,34.91,-35.10,NEGATIVE
2026-06-21 20:00:00,BLU.Flow-In.Ave.15Minutes.3Hours.MIXED-COMPUTED-REV,-4.79,26.70,-31.49,NEGATIVE
2026-06-24 17:00:00,BLU.Flow-In.Ave.15Minutes.3Hours.MIXED-COMPUTED-REV,-27.94,51.10,-79.04,NEGATIVE
2026-06-24 18:00:00,BLU.Flow-In.Ave.15Minutes.3Hours.MIXED-COMPUTED-REV,-22.09,48.77,-70.86,NEGATIVE
2026-07-08 00:00:00,BLU.Flow-In.Ave.15Minutes.3Hours.MIXED-COMPUTED-REV,-11.62,6.31,-17.93,NEGATIVE
2026-07-08 01:00:00,BLU.Flow-In.Ave.15Minutes.3Hours.MIXED-COMPUTED-REV,-14.24,5.09,-19.33,NEGATIVE
2026-07-08 02:00:00,BLU.Flow-In.Ave.15Minutes.3Hours.MIXED-COMPUTED-REV,-3.20,5.04,-8.24,NEGATIVE
2026-07-08 08:00:00,BLU.Flow-In.Ave.15Minutes.3Hours.MIXED-COMPUTED-REV,-4.46,-7.23,2.77,NEGATIVE
2026-07-08 09:00:00,BLU.Flow-In.Ave.15Minutes.3Hours.MIXED-COMPUTED-REV,-13.52,-7.53,-5.98,NEGATIVE
2026-07-08 10:00:00,BLU.Flow-In.Ave.15Minutes.3Hours.MIXED-COMPUTED-REV,-8.85,-7.93,-0.93,NEGATIVE
2026-07-08 11:00:00,BLU.Flow-In.Ave.15Minutes.3Hours.MIXED-COMPUTED-REV,-7.23,-8.03,0.80,NEGATIVE
2026-07-08 12:00:00,BLU.Flow-In.Ave.15Minutes.3Hours.MIXED-COMPUTED-REV,-5.81,-8.03,2.22,NEGATIVE
2026-07-08 13:00:00,BLU.Flow-In.Ave.15Minutes.3Hours.MIXED-COMPUTED-REV,-15.22,-8.03,-7.19,NEGATIVE
2026-07-08 14:00:00,BLU.Flow-In.Ave.15Minutes.3Hours.MIXED-COMPUTED-REV,-13.93,-8.03,-5.90,NEGATIVE
2026-07-08 15:00:00,BLU.Flow-In.Ave.15Minutes.3Hours.MIXED-COMPUTED-REV,-8.03,-8.85,0.82,NEGATIVE
2026-07-08 16:00:00,BLU.Flow-In.Ave.15Minutes.3Hours.MIXED-COMPUTED-REV,-7.93,-8.85,0.93,NEGATIVE
2026-07-08 17:00:00,BLU.Flow-In.Ave.15Minutes.3Hours.MIXED-COMPUTED-REV,-7.53,-8.85,1.32,NEGATIVE
2026-07-08 18:00:00,BLU.Flow-In.Ave.15Minutes.3Hours.MIXED-COMPUTED-REV,-19.09,-8.85,-10.23,NEGATIVE
2026-07-08 19:00:00,BLU.Flow-In.Ave.15Minutes.3Hours.MIXED-COMPUTED-REV,-26.02,-8.85,-17.17,NEGATIVE
2026-07-08 20:00:00,BLU.Flow-In.Ave.15Minutes.3Hours.MIXED-COMPUTED-REV,-28.60,-8.85,-19.75,NEGATIVE
2026-07-08 21:00:00,BLU.Flow-In.Ave.15Minutes.3Hours.MIXED-COMPUTED-REV,-23.43,-8.85,-14.57,NEGATIVE
2026-07-08 22:00:00,BLU.Flow-In.Ave.15Minutes.3Hours.MIXED-COMPUTED-REV,-15.22,-8.85,-6.36,NEGATIVE
2026-07-08 23:00:00,BLU.Flow-In.Ave.15Minutes.3Hours.MIXED-COMPUTED-REV,-10.25,-9.26,-0.99,NEGATIVE
2026-07-09 00:00:00,BLU.Flow-In.Ave.15Minutes.3Hours.MIXED-COMPUTED-REV,-7.22,-9.26,2.04,NEGATIVE
2026-07-09 01:00:00,BLU.Flow-In.Ave.15Minutes.3Hours.MIXED-COMPUTED-REV,-15.19,-9.26,-5.93,NEGATIVE
2026-07-09 02:00:00,BLU.Flow-In.Ave.15Minutes.3Hours.MIXED-COMPUTED-REV,-15.64,-9.26,-6.38,NEGATIVE
2026-07-09 03:00:00,BLU.Flow-In.Ave.15Minutes.3Hours.MIXED-COMPUTED-REV,-11.43,-9.26,-2.18,NEGATIVE
2026-07-09 07:00:00,BLU.Flow-In.Ave.15Minutes.3Hours.MIXED-COMPUTED-REV,-2.77,-10.25,7.48,NEGATIVE
2026-07-09 08:00:00,BLU.Flow-In.Ave.15Minutes.3Hours.MIXED-COMPUTED-REV,-8.65,-9.62,0.96,NEGATIVE
2026-07-09 09:00:00,BLU.Flow-In.Ave.15Minutes.3Hours.MIXED-COMPUTED-REV,-8.68,-9.26,0.58,NEGATIVE
2026-07-09 10:00:00,BLU.Flow-In.Ave.15Minutes.3Hours.MIXED-COMPUTED-REV,-11.91,-8.68,-3.23,NEGATIVE
2026-07-09 11:00:00,BLU.Flow-In.Ave.15Minutes.3Hours.MIXED-COMPUTED-REV,-9.26,-8.65,-0.60,NEGATIVE
2026-07-09 12:00:00,BLU.Flow-In.Ave.15Minutes.3Hours.MIXED-COMPUTED-REV,-8.19,-8.19,0.00,NEGATIVE
2026-07-09 13:00:00,BLU.Flow-In.Ave.15Minutes.3Hours.MIXED-COMPUTED-REV,-6.68,-8.19,1.51,NEGATIVE
2026-07-09 14:00:00,BLU.Flow-In.Ave.15Minutes.3Hours.MIXED-COMPUTED-REV,-9.62,-6.68,-2.94,NEGATIVE
2026-07-09 15:00:00,BLU.Flow-In.Ave.15Minutes.3Hours.MIXED-COMPUTED-REV,-15.47,-2.77,-12.70,NEGATIVE
2026-07-09 16:00:00,BLU.Flow-In.Ave.15Minutes.3Hours.MIXED-COMPUTED-REV,-21.33,0.32,-21.65,NEGATIVE
2026-07-09 17:00:00,BLU.Flow-In.Ave.15Minutes.3Hours.MIXED-COMPUTED-REV,-25.37,3.18,-28.55,NEGATIVE
2026-07-09 18:00:00,BLU.Flow-In.Ave.15Minutes.3Hours.MIXED-COMPUTED-REV,-17.53,3.18,-20.71,NEGATIVE
2026-07-18 19:00:00,BLU.Flow-In.Ave.15Minutes.3Hours.MIXED-COMPUTED-REV,-3.19,21.52,-24.70,NEGATIVE
2026-07-19 16:00:00,BLU.Flow-In.Ave.15Minutes.3Hours.MIXED-COMPUTED-REV,-2.82,20.50,-23.32,NEGATIVE
2026-07-19 17:00:00,BLU.Flow-In.Ave.15Minutes.3Hours.MIXED-COMPUTED-REV,-9.68,20.50,-30.18,NEGATIVE
2026-07-19 18:00:00,BLU.Flow-In.Ave.15Minutes.3Hours.MIXED-COMPUTED-REV,-5.65,20.50,-26.15,NEGATIVE
2026-07-22 18:00:00,BLU.Flow-In.Ave.15Minutes.3Hours.MIXED-COMPUTED-REV,-4.28,13.75,-18.04,NEGATIVE
2026-07-22 19:00:00,BLU.Flow-In.Ave.15Minutes.3Hours.MIXED-COMPUTED-REV,-7.23,13.75,-20.99,NEGATIVE
2026-07-28 13:00:00,BLU.Flow-In.Ave.15Minutes.3Hours.MIXED-COMPUTED-REV,-1.46,3.57,-5.03,NEGATIVE
2026-07-28 14:00:00,BLU.Flow-In.Ave.15Minutes.3Hours.MIXED-COMPUTED-REV,-7.50,3.27,-10.77,NEGATIVE
2026-07-28 15:00:00,BLU.Flow-In.Ave.15Minutes.3Hours.MIXED-COMPUTED-REV,-6.31,1.55,-7.86,NEGATIVE
2026-07-28 16:00:00,BLU.Flow-In.Ave.15Minutes.3Hours.MIXED-COMPUTED-REV,-5.08,1.55,-6.63,NEGATIVE
2026-07-28 17:00:00,BLU.Flow-In.Ave.15Minutes.3Hours.MIXED-COMPUTED-REV,-5.00,1.55,-6.55,NEGATIVE
2026-07-28 18:00:00,BLU.Flow-In.Ave.15Minutes.3Hours.MIXED-COMPUTED-REV,-17.56,1.55,-19.11,NEGATIVE
2026-07-28 19:00:00,BLU.Flow-In.Ave.15Minutes.3Hours.MIXED-COMPUTED-REV,-14.67,1.55,-16.22,NEGATIVE
2026-07-28 20:00:00,BLU.Flow-In.Ave.15Minutes.3Hours.MIXED-COMPUTED-REV,-9.28,1.55,-10.83,NEGATIVE
2026-07-28 21:00:00,BLU.Flow-In.Ave.15Minutes.3Hours.MIXED-COMPUTED-REV,-5.14,1.55,-6.69,NEGATIVE
2026-07-29 01:00:00,BLU.Flow-In.Ave.15Minutes.3Hours.MIXED-COMPUTED-REV,-12.45,-0.89,-11.56,NEGATIVE
2026-07-29 02:00:00,BLU.Flow-In.Ave.15Minutes.3Hours.MIXED-COMPUTED-REV,-12.75,-0.89,-11.86,NEGATIVE
2026-07-29 12:00:00,BLU.Flow-In.Ave.15Minutes.3Hours.MIXED-COMPUTED-REV,-0.89,-0.89,0.00,NEGATIVE
2026-07-29 13:00:00,BLU.Flow-In.Ave.15Minutes.3Hours.MIXED-COMPUTED-REV,-7.86,-0.89,-6.97,NEGATIVE
2026-07-29 14:00:00,BLU.Flow-In.Ave.15Minutes.3Hours.MIXED-COMPUTED-REV,-5.57,1.11,-6.68,NEGATIVE
2026-07-29 15:00:00,BLU.Flow-In.Ave.15Minutes.3Hours.MIXED-COMPUTED-REV,-10.21,2.07,-12.29,NEGATIVE
2026-07-29 16:00:00,BLU.Flow-In.Ave.15Minutes.3Hours.MIXED-COMPUTED-REV,-12.66,3.27,-15.94,NEGATIVE
2026-07-29 17:00:00,BLU.Flow-In.Ave.15Minutes.3Hours.MIXED-COMPUTED-REV,-20.71,3.27,-23.99,NEGATIVE
2026-07-29 18:00:00,BLU.Flow-In.Ave.15Minutes.3Hours.MIXED-COMPUTED-REV,-16.81,3.27,-20.08,NEGATIVE
2026-07-29 19:00:00,BLU.Flow-In.Ave.15Minutes.3Hours.MIXED-COMPUTED-REV,-9.23,3.27,-12.50,NEGATIVE
2026-07-29 20:00:00,BLU.Flow-In.Ave.15Minutes.3Hours.MIXED-COMPUTED-REV,-1.65,3.65,-5.30,NEGATIVE
2026-07-29 21:00:00,BLU.Flow-In.Ave.15Minutes.3Hours.MIXED-COMPUTED-REV,-4.13,4.59,-8.71,NEGATIVE
2026-07-29 22:00:00,BLU.Flow-In.Ave.15Minutes.3Hours.MIXED-COMPUTED-REV,-4.17,7.11,-11.28,NEGATIVE
2026-08-04 19:00:00,BLU.Flow-In.Ave.15Minutes.3Hours.MIXED-COMPUTED-REV,-0.12,21.65,-21.77,NEGATIVE
2026-08-06 18:00:00,BLU.Flow-In.Ave.15Minutes.3Hours.MIXED-COMPUTED-REV,-0.19,13.76,-13.95,NEGATIVE
2026-08-06 19:00:00,BLU.Flow-In.Ave.15Minutes.3Hours.MIXED-COMPUTED-REV,-0.33,13.76,-14.09,NEGATIVE
2026-08-06 20:00:00,BLU.Flow-In.Ave.15Minutes.3Hours.MIXED-COMPUTED-REV,-4.52,13.76,-18.28,NEGATIVE
2026-08-07 20:00:00,BLU.Flow-In.Ave.15Minutes.3Hours.MIXED-COMPUTED-REV,-1.99,10.82,-12.81,NEGATIVE
2026-08-07 21:00:00,BLU.Flow-In.Ave.15Minutes.3Hours.MIXED-COMPUTED-REV,-2.20,10.82,-13.02,NEGATIVE
2026-08-08 00:00:00,BLU.Flow-In.Ave.15Minutes.3Hours.MIXED-COMPUTED-REV,-0.59,8.07,-8.66,NEGATIVE
2026-08-08 17:00:00,BLU.Flow-In.Ave.15Minutes.3Hours.MIXED-COMPUTED-REV,-0.08,9.24,-9.33,NEGATIVE
2026-08-08 18:00:00,BLU.Flow-In.Ave.15Minutes.3Hours.MIXED-COMPUTED-REV,-4.63,9.24,-13.88,NEGATIVE
2026-08-08 19:00:00,BLU.Flow-In.Ave.15Minutes.3Hours.MIXED-COMPUTED-REV,-3.63,9.24,-12.88,NEGATIVE
2026-08-08 21:00:00,BLU.Flow-In.Ave.15Minutes.3Hours.MIXED-COMPUTED-REV,-1.24,9.24,-10.49,NEGATIVE
2026-08-10 19:00:00,BLU.Flow-In.Ave.15Minutes.3Hours.MIXED-COMPUTED-REV,-3.60,17.01,-20.61,NEGATIVE
2026-08-10 20:00:00,BLU.Flow-In.Ave.15Minutes.3Hours.MIXED-COMPUTED-REV,-4.86,15.95,-20.81,NEGATIVE
2026-08-10 21:00:00,BLU.Flow-In.Ave.15Minutes.3Hours.MIXED-COMPUTED-REV,-0.87,10.72,-11.59,NEGATIVE
2026-08-10 22:00:00,BLU.Flow-In.Ave.15Minutes.3Hours.MIXED-COMPUTED-REV,-2.71,9.87,-12.58,NEGATIVE
2026-08-10 23:00:00,BLU.Flow-In.Ave.15Minutes.3Hours.MIXED-COMPUTED-REV,-7.83,8.66,-16.49,NEGATIVE
2026-08-11 00:00:00,BLU.Flow-In.Ave.15Minutes.3Hours.MIXED-COMPUTED-REV,-3.70,7.02,-10.72,NEGATIVE
2026-08-11 14:00:00,BLU.Flow-In.Ave.15Minutes.3Hours.MIXED-COMPUTED-REV,-2.65,2.13,-4.79,NEGATIVE
2026-08-11 15:00:00,BLU.Flow-In.Ave.15Minutes.3Hours.MIXED-COMPUTED-REV,-7.56,2.13,-9.69,NEGATIVE
2026-08-11 16:00:00,BLU.Flow-In.Ave.15Minutes.3Hours.MIXED-COMPUTED-REV,-11.41,2.13,-13.54,NEGATIVE
2026-08-11 17:00:00,BLU.Flow-In.Ave.15Minutes.3Hours.MIXED-COMPUTED-REV,-10.22,2.13,-12.36,NEGATIVE
2026-08-11 18:00:00,BLU.Flow-In.Ave.15Minutes.3Hours.MIXED-COMPUTED-REV,-11.85,2.13,-13.99,NEGATIVE
2026-08-11 19:00:00,BLU.Flow-In.Ave.15Minutes.3Hours.MIXED-COMPUTED-REV,-10.31,2.13,-12.45,NEGATIVE
2026-08-11 20:00:00,BLU.Flow-In.Ave.15Minutes.3Hours.MIXED-COMPUTED-REV,-5.56,2.13,-7.69,NEGATIVE
2026-08-11 21:00:00,BLU.Flow-In.Ave.15Minutes.3Hours.MIXED-COMPUTED-REV,-1.71,2.13,-3.84,NEGATIVE
2026-08-11 22:00:00,BLU.Flow-In.Ave.15Minutes.3Hours.MIXED-COMPUTED-REV,-0.13,2.13,-2.27,NEGATIVE
2026-08-11 23:00:00,BLU.Flow-In.Ave.15Minutes.3Hours.MIXED-COMPUTED-REV,-2.03,2.77,-4.80,NEGATIVE
2026-08-12 01:00:00,BLU.Flow-In.Ave.15Minutes.3Hours.MIXED-COMPUTED-REV,-0.02,5.58,-5.60,NEGATIVE
2026-08-13 15:00:00,BLU.Flow-In.Ave.15Minutes.3Hours.MIXED-COMPUTED-REV,-4.22,5.74,-9.96,NEGATIVE
2026-08-13 16:00:00,BLU.Flow-In.Ave.15Minutes.3Hours.MIXED-COMPUTED-REV,-13.87,4.51,-18.38,NEGATIVE
2026-08-13 17:00:00,BLU.Flow-In.Ave.15Minutes.3Hours.MIXED-COMPUTED-REV,-15.77,3.91,-19.68,NEGATIVE
2026-08-13 18:00:00,BLU.Flow-In.Ave.15Minutes.3Hours.MIXED-COMPUTED-REV,-18.66,2.47,-21.13,NEGATIVE
2026-08-13 19:00:00,BLU.Flow-In.Ave.15Minutes.3Hours.MIXED-COMPUTED-REV,-16.11,2.47,-18.58,NEGATIVE
2026-08-13 20:00:00,BLU.Flow-In.Ave.15Minutes.3Hours.MIXED-COMPUTED-REV,-13.20,2.47,-15.67,NEGATIVE
2026-08-13 21:00:00,BLU.Flow-In.Ave.15Minutes.3Hours.MIXED-COMPUTED-REV,-13.23,2.47,-15.70,NEGATIVE
2026-08-13 22:00:00,BLU.Flow-In.Ave.15Minutes.3Hours.MIXED-COMPUTED-REV,-12.34,1.90,-14.23,NEGATIVE
2026-08-13 23:00:00,BLU.Flow-In.Ave.15Minutes.3Hours.MIXED-COMPUTED-REV,-7.00,-0.69,-6.31,NEGATIVE
2026-08-14 00:00:00,BLU.Flow-In.Ave.15Minutes.3Hours.MIXED-COMPUTED-REV,-1.91,-0.81,-1.10,NEGATIVE
2026-08-14 05:00:00,BLU.Flow-In.Ave.15Minutes.3Hours.MIXED-COMPUTED-REV,-0.81,-3.48,2.68,NEGATIVE
2026-08-14 10:00:00,BLU.Flow-In.Ave.15Minutes.3Hours.MIXED-COMPUTED-REV,-0.69,-1.58,0.89,NEGATIVE
2026-08-14 11:00:00,BLU.Flow-In.Ave.15Minutes.3Hours.MIXED-COMPUTED-REV,-1.58,-0.81,-0.78,NEGATIVE
2026-08-14 12:00:00,BLU.Flow-In.Ave.15Minutes.3Hours.MIXED-COMPUTED-REV,-3.48,-0.69,-2.79,NEGATIVE
2026-08-14 13:00:00,BLU.Flow-In.Ave.15Minutes.3Hours.MIXED-COMPUTED-REV,-6.39,0.19,-6.58,NEGATIVE
2026-08-14 14:00:00,BLU.Flow-In.Ave.15Minutes.3Hours.MIXED-COMPUTED-REV,-6.32,0.19,-6.51,NEGATIVE
2026-08-14 15:00:00,BLU.Flow-In.Ave.15Minutes.3Hours.MIXED-COMPUTED-REV,-10.34,0.19,-10.53,NEGATIVE
2026-08-14 16:00:00,BLU.Flow-In.Ave.15Minutes.3Hours.MIXED-COMPUTED-REV,-16.26,0.19,-16.46,NEGATIVE
2026-08-14 17:00:00,BLU.Flow-In.Ave.15Minutes.3Hours.MIXED-COMPUTED-REV,-16.11,0.19,-16.31,NEGATIVE
2026-08-14 18:00:00,BLU.Flow-In.Ave.15Minutes.3Hours.MIXED-COMPUTED-REV,-16.87,1.90,-18.76,NEGATIVE
2026-08-14 19:00:00,BLU.Flow-In.Ave.15Minutes.3Hours.MIXED-COMPUTED-REV,-13.61,3.23,-16.84,NEGATIVE
2026-08-14 20:00:00,BLU.Flow-In.Ave.15Minutes.3Hours.MIXED-COMPUTED-REV,-13.46,3.23,-16.69,NEGATIVE
2026-08-19 00:00:00,BLU.Flow-In.Ave.15Minutes.3Hours.MIXED-COMPUTED-REV,-10.38,-1.92,-8.45,NEGATIVE
2026-08-19 01:00:00,BLU.Flow-In.Ave.15Minutes.3Hours.MIXED-COMPUTED-REV,-12.11,-1.99,-10.13,NEGATIVE
2026-08-19 02:00:00,BLU.Flow-In.Ave.15Minutes.3Hours.MIXED-COMPUTED-REV,-9.72,-2.99,-6.73,NEGATIVE
2026-08-19 03:00:00,BLU.Flow-In.Ave.15Minutes.3Hours.MIXED-COMPUTED-REV,-3.80,-3.80,0.00,NEGATIVE
2026-08-19 04:00:00,BLU.Flow-In.Ave.15Minutes.3Hours.MIXED-COMPUTED-REV,-1.92,-6.98,5.06,NEGATIVE
2026-08-19 05:00:00,BLU.Flow-In.Ave.15Minutes.3Hours.MIXED-COMPUTED-REV,-2.99,-7.13,4.15,NEGATIVE
2026-08-19 06:00:00,BLU.Flow-In.Ave.15Minutes.3Hours.MIXED-COMPUTED-REV,-7.13,-7.90,0.77,NEGATIVE
2026-08-19 07:00:00,BLU.Flow-In.Ave.15Minutes.3Hours.MIXED-COMPUTED-REV,-12.31,-9.72,-2.59,NEGATIVE
2026-08-19 08:00:00,BLU.Flow-In.Ave.15Minutes.3Hours.MIXED-COMPUTED-REV,-12.54,-9.73,-2.81,NEGATIVE
2026-08-19 09:00:00,BLU.Flow-In.Ave.15Minutes.3Hours.MIXED-COMPUTED-REV,-9.73,-10.38,0.64,NEGATIVE
2026-08-19 10:00:00,BLU.Flow-In.Ave.15Minutes.3Hours.MIXED-COMPUTED-REV,-7.90,-10.83,2.93,NEGATIVE
2026-08-19 11:00:00,BLU.Flow-In.Ave.15Minutes.3Hours.MIXED-COMPUTED-REV,-1.99,-10.87,8.88,NEGATIVE
2026-08-19 12:00:00,BLU.Flow-In.Ave.15Minutes.3Hours.MIXED-COMPUTED-REV,-6.98,-12.11,5.13,NEGATIVE
2026-08-19 13:00:00,BLU.Flow-In.Ave.15Minutes.3Hours.MIXED-COMPUTED-REV,-10.87,-12.31,1.44,NEGATIVE
2026-08-19 14:00:00,BLU.Flow-In.Ave.15Minutes.3Hours.MIXED-COMPUTED-REV,-10.83,-12.54,1.71,NEGATIVE
2026-08-19 15:00:00,BLU.Flow-In.Ave.15Minutes.3Hours.MIXED-COMPUTED-REV,-12.90,-12.54,-0.36,NEGATIVE
2026-08-19 16:00:00,BLU.Flow-In.Ave.15Minutes.3Hours.MIXED-COMPUTED-REV,-17.92,-12.54,-5.38,NEGATIVE
2026-08-19 17:00:00,BLU.Flow-In.Ave.15Minutes.3Hours.MIXED-COMPUTED-REV,-31.85,-12.54,-19.31,NEGATIVE
2026-08-19 18:00:00,BLU.Flow-In.Ave.15Minutes.3Hours.MIXED-COMPUTED-REV,-29.49,-12.54,-16.95,NEGATIVE
2026-08-19 19:00:00,BLU.Flow-In.Ave.15Minutes.3Hours.MIXED-COMPUTED-REV,-23.78,-12.54,-11.23,NEGATIVE
2026-08-19 20:00:00,BLU.Flow-In.Ave.15Minutes.3Hours.MIXED-COMPUTED-REV,-19.83,-12.54,-7.29,NEGATIVE
2026-08-19 21:00:00,BLU.Flow-In.Ave.15Minutes.3Hours.MIXED-COMPUTED-REV,-24.97,-10.87,-14.10,NEGATIVE
2026-08-19 22:00:00,BLU.Flow-In.Ave.15Minutes.3Hours.MIXED-COMPUTED-REV,-23.43,-10.87,-12.57,NEGATIVE
2026-08-19 23:00:00,BLU.Flow-In.Ave.15Minutes.3Hours.MIXED-COMPUTED-REV,-19.25,-10.87,-8.38,NEGATIVE
2026-08-20 00:00:00,BLU.Flow-In.Ave.15Minutes.3Hours.MIXED-COMPUTED-REV,-17.09,-10.87,-6.23,NEGATIVE
2026-08-20 01:00:00,BLU.Flow-In.Ave.15Minutes.3Hours.MIXED-COMPUTED-REV,-18.97,-10.87,-8.10,NEGATIVE
2026-08-20 02:00:00,BLU.Flow-In.Ave.15Minutes.3Hours.MIXED-COMPUTED-REV,-17.86,-10.83,-7.03,NEGATIVE
2026-08-20 03:00:00,BLU.Flow-In.Ave.15Minutes.3Hours.MIXED-COMPUTED-REV,-3.06,-3.90,0.84,NEGATIVE
2026-08-20 05:00:00,BLU.Flow-In.Ave.15Minutes.3Hours.MIXED-COMPUTED-REV,-1.14,-1.14,0.00,NEGATIVE
2026-08-20 06:00:00,BLU.Flow-In.Ave.15Minutes.3Hours.MIXED-COMPUTED-REV,-3.90,3.52,-7.42,NEGATIVE
2026-08-24 19:00:00,BLU.Flow-In.Ave.15Minutes.3Hours.MIXED-COMPUTED-REV,-3.92,11.53,-15.45,NEGATIVE
2026-08-24 20:00:00,BLU.Flow-In.Ave.15Minutes.3Hours.MIXED-COMPUTED-REV,-1.52,11.53,-13.05,NEGATIVE
2026-08-25 17:00:00,BLU.Flow-In.Ave.15Minutes.3Hours.MIXED-COMPUTED-REV,-4.13,9.28,-13.41,NEGATIVE
2026-08-25 18:00:00,BLU.Flow-In.Ave.15Minutes.3Hours.MIXED-COMPUTED-REV,-0.50,9.28,-9.78,NEGATIVE
2026-08-25 21:00:00,BLU.Flow-In.Ave.15Minutes.3Hours.MIXED-COMPUTED-REV,-4.51,9.28,-13.79,NEGATIVE
2026-08-25 22:00:00,BLU.Flow-In.Ave.15Minutes.3Hours.MIXED-COMPUTED-REV,-0.60,8.68,-9.28,NEGATIVE
2026-08-26 17:00:00,BLU.Flow-In.Ave.15Minutes.3Hours.MIXED-COMPUTED-REV,-0.22,7.92,-8.14,NEGATIVE
2026-08-26 19:00:00,BLU.Flow-In.Ave.15Minutes.3Hours.MIXED-COMPUTED-REV,-2.85,7.92,-10.77,NEGATIVE
2026-08-26 20:00:00,BLU.Flow-In.Ave.15Minutes.3Hours.MIXED-COMPUTED-REV,-3.81,7.92,-11.72,NEGATIVE
2026-08-26 21:00:00,BLU.Flow-In.Ave.15Minutes.3Hours.MIXED-COMPUTED-REV,-2.15,7.92,-10.07,NEGATIVE
2026-08-27 12:00:00,BLU.Flow-In.Ave.15Minutes.3Hours.MIXED-COMPUTED-REV,-0.64,6.89,-7.53,NEGATIVE
2026-08-27 13:00:00,BLU.Flow-In.Ave.15Minutes.3Hours.MIXED-COMPUTED-REV,-1.32,6.89,-8.20,NEGATIVE
2026-08-29 07:00:00,BLU.Flow-In.Ave.15Minutes.3Hours.MIXED-COMPUTED-REV,-2.02,7.52,-9.54,NEGATIVE
2026-08-29 08:00:00,BLU.Flow-In.Ave.15Minutes.3Hours.MIXED-COMPUTED-REV,-4.74,7.52,-12.26,NEGATIVE
2026-08-29 09:00:00,BLU.Flow-In.Ave.15Minutes.3Hours.MIXED-COMPUTED-REV,-2.04,6.76,-8.80,NEGATIVE
2026-08-29 13:00:00,BLU.Flow-In.Ave.15Minutes.3Hours.MIXED-COMPUTED-REV,-2.98,2.89,-5.87,NEGATIVE
2026-08-29 14:00:00,BLU.Flow-In.Ave.15Minutes.3Hours.MIXED-COMPUTED-REV,-3.62,0.63,-4.25,NEGATIVE
2026-08-29 22:00:00,BLU.Flow-In.Ave.15Minutes.3Hours.MIXED-COMPUTED-REV,-9.65,3.32,-12.96,NEGATIVE
2026-08-29 23:00:00,BLU.Flow-In.Ave.15Minutes.3Hours.MIXED-COMPUTED-REV,-11.49,3.32,-14.81,NEGATIVE
2026-08-30 00:00:00,BLU.Flow-In.Ave.15Minutes.3Hours.MIXED-COMPUTED-REV,-2.75,3.32,-6.07,NEGATIVE
2026-08-30 03:00:00,BLU.Flow-In.Ave.15Minutes.3Hours.MIXED-COMPUTED-REV,-0.73,4.79,-5.52,NEGATIVE
2026-08-31 17:00:00,BLU.Flow-In.Ave.15Minutes.3Hours.MIXED-COMPUTED-REV,-12.43,1.07,-13.50,NEGATIVE
2026-08-31 18:00:00,BLU.Flow-In.Ave.15Minutes.3Hours.MIXED-COMPUTED-REV,-10.17,1.07,-11.24,NEGATIVE
2026-08-31 19:00:00,BLU.Flow-In.Ave.15Minutes.3Hours.MIXED-COMPUTED-REV,-15.50,0.58,-16.08,NEGATIVE
2026-08-31 20:00:00,BLU.Flow-In.Ave.15Minutes.3Hours.MIXED-COMPUTED-REV,-23.12,0.46,-23.59,NEGATIVE
2026-08-31 21:00:00,BLU.Flow-In.Ave.15Minutes.3Hours.MIXED-COMPUTED-REV,-24.77,-0.82,-23.96,NEGATIVE
2026-08-31 22:00:00,BLU.Flow-In.Ave.15Minutes.3Hours.MIXED-COMPUTED-REV,-14.94,-0.82,-14.12,NEGATIVE
2026-08-31 23:00:00,BLU.Flow-In.Ave.15Minutes.3Hours.MIXED-COMPUTED-REV,-9.49,-0.82,-8.68,NEGATIVE
2026-09-01 00:00:00,BLU.Flow-In.Ave.15Minutes.3Hours.MIXED-COMPUTED-REV,-2.71,-0.82,-1.89,NEGATIVE
2026-09-01 03:00:00,BLU.Flow-In.Ave.15Minutes.3Hours.MIXED-COMPUTED-REV,-0.88,-1.30,0.43,NEGATIVE
2026-09-01 04:00:00,BLU.Flow-In.Ave.15Minutes.3Hours.MIXED-COMPUTED-REV,-3.48,-2.45,-1.02,NEGATIVE
2026-09-01 07:00:00,BLU.Flow-In.Ave.15Minutes.3Hours.MIXED-COMPUTED-REV,-2.45,-1.30,-1.15,NEGATIVE
2026-09-01 08:00:00,BLU.Flow-In.Ave.15Minutes.3Hours.MIXED-COMPUTED-REV,-2.49,-1.09,-1.40,NEGATIVE
2026-09-01 09:00:00,BLU.Flow-In.Ave.15Minutes.3Hours.MIXED-COMPUTED-REV,-0.82,-0.88,0.06,NEGATIVE
2026-09-01 14:00:00,BLU.Flow-In.Ave.15Minutes.3Hours.MIXED-COMPUTED-REV,-1.30,1.97,-3.27,NEGATIVE
2026-09-01 15:00:00,BLU.Flow-In.Ave.15Minutes.3Hours.MIXED-COMPUTED-REV,-5.65,3.25,-8.90,NEGATIVE
2026-09-01 16:00:00,BLU.Flow-In.Ave.15Minutes.3Hours.MIXED-COMPUTED-REV,-7.33,3.29,-10.62,NEGATIVE
2026-09-01 17:00:00,BLU.Flow-In.Ave.15Minutes.3Hours.MIXED-COMPUTED-REV,-3.80,4.06,-7.85,NEGATIVE
2026-09-01 18:00:00,BLU.Flow-In.Ave.15Minutes.3Hours.MIXED-COMPUTED-REV,-1.09,4.26,-5.36,NEGATIVE
2026-09-28 17:00:00,BLU.Flow-In.Ave.15Minutes.3Hours.MIXED-COMPUTED-REV,-0.23,10.35,-10.58,NEGATIVE
2026-09-28 21:00:00,BLU.Flow-In.Ave.15Minutes.3Hours.MIXED-COMPUTED-REV,-1.19,10.35,-11.54,NEGATIVE
2025-12-06 05:00:00,CGR.Flow-In.Ave.15Minutes.3Hours.MIXED-COMPUTED-REV,1281.35,985.63,295.72,SPIKE
2025-12-06 06:00:00,CGR.Flow-In.Ave.15Minutes.3Hours.MIXED-COMPUTED-REV,1305.13,985.63,319.50,SPIKE
2025-12-06 07:00:00,CGR.Flow-In.Ave.15Minutes.3Hours.MIXED-COMPUTED-REV,1284.03,985.63,298.39,SPIKE
2025-12-06 08:00:00,CGR.Flow-In.Ave.15Minutes.3Hours.MIXED-COMPUTED-REV,1242.50,985.63,256.87,SPIKE
2025-12-19 13:00:00,CGR.Flow-In.Ave.15Minutes.3Hours.MIXED-COMPUTED-REV,8652.00,6671.04,1980.97,SPIKE
2025-12-19 14:00:00,CGR.Flow-In.Ave.15Minutes.3Hours.MIXED-COMPUTED-REV,8878.97,6671.04,2207.93,SPIKE
2025-12-19 15:00:00,CGR.Flow-In.Ave.15Minutes.3Hours.MIXED-COMPUTED-REV,8959.13,6671.04,2288.09,SPIKE
2025-12-19 16:00:00,CGR.Flow-In.Ave.15Minutes.3Hours.MIXED-COMPUTED-REV,8978.13,6671.04,2307.09,SPIKE
2025-12-19 17:00:00,CGR.Flow-In.Ave.15Minutes.3Hours.MIXED-COMPUTED-REV,8844.45,6671.04,2173.41,SPIKE
2025-12-19 18:00:00,CGR.Flow-In.Ave.15Minutes.3Hours.MIXED-COMPUTED-REV,8396.48,6671.04,1725.45,SPIKE
2026-03-04 17:00:00,CGR.Flow-In.Ave.15Minutes.3Hours.MIXED-COMPUTED-REV,591.32,868.45,-277.14,SPIKE
2026-03-04 18:00:00,CGR.Flow-In.Ave.15Minutes.3Hours.MIXED-COMPUTED-REV,391.30,893.05,-501.75,SPIKE
2026-03-04 20:00:00,CGR.Flow-In.Ave.15Minutes.3Hours.MIXED-COMPUTED-REV,1283.56,1005.50,278.06,SPIKE
2026-03-04 21:00:00,CGR.Flow-In.Ave.15Minutes.3Hours.MIXED-COMPUTED-REV,1512.56,1014.60,497.96,SPIKE
2026-03-08 02:00:00,CGR.Flow-In.Ave.15Minutes.3Hours.MIXED-COMPUTED-REV,1885.44,1489.64,395.80,SPIKE
2026-09-08 03:00:00,CGR.Flow-In.Ave.15Minutes.3Hours.MIXED-COMPUTED-REV,421.54,166.27,255.27,SPIKE
2026-09-08 16:00:00,CGR.Flow-In.Ave.15Minutes.3Hours.MIXED-COMPUTED-REV,-31.72,171.93,-203.66,NEGATIVE
2026-09-08 17:00:00,CGR.Flow-In.Ave.15Minutes.3Hours.MIXED-COMPUTED-REV,-22.26,171.93,-194.19,NEGATIVE
2025-10-01 00:00:00,COT.Flow-In.Ave.15Minutes.3Hours.MIXED-COMPUTED-REV,-0.89,39.48,-40.36,NEGATIVE
2025-10-01 14:00:00,COT.Flow-In.Ave.15Minutes.3Hours.MIXED-COMPUTED-REV,-6.49,16.99,-23.48,NEGATIVE
2025-10-01 15:00:00,COT.Flow-In.Ave.15Minutes.3Hours.MIXED-COMPUTED-REV,-29.92,16.99,-46.92,NEGATIVE
2025-10-01 16:00:00,COT.Flow-In.Ave.15Minutes.3Hours.MIXED-COMPUTED-REV,-11.20,16.99,-28.19,NEGATIVE
2025-10-01 20:00:00,COT.Flow-In.Ave.15Minutes.3Hours.MIXED-COMPUTED-REV,-27.57,16.83,-44.40,NEGATIVE
2025-10-01 21:00:00,COT.Flow-In.Ave.15Minutes.3Hours.MIXED-COMPUTED-REV,-106.98,16.99,-123.97,NEGATIVE
2025-10-01 22:00:00,COT.Flow-In.Ave.15Minutes.3Hours.MIXED-COMPUTED-REV,-110.42,16.99,-127.41,NEGATIVE
2025-10-01 23:00:00,COT.Flow-In.Ave.15Minutes.3Hours.MIXED-COMPUTED-REV,-80.00,16.99,-96.99,NEGATIVE
2025-10-02 00:00:00,COT.Flow-In.Ave.15Minutes.3Hours.MIXED-COMPUTED-REV,-13.31,16.99,-30.30,NEGATIVE
2025-10-02 01:00:00,COT.Flow-In.Ave.15Minutes.3Hours.MIXED-COMPUTED-REV,-0.41,16.83,-17.24,NEGATIVE
2025-10-02 06:00:00,COT.Flow-In.Ave.15Minutes.3Hours.MIXED-COMPUTED-REV,-6.52,23.11,-29.64,NEGATIVE
2025-10-02 14:00:00,COT.Flow-In.Ave.15Minutes.3Hours.MIXED-COMPUTED-REV,-30.91,23.11,-54.02,NEGATIVE
2025-10-02 15:00:00,COT.Flow-In.Ave.15Minutes.3Hours.MIXED-COMPUTED-REV,-40.16,23.11,-63.27,NEGATIVE
2025-10-02 23:00:00,COT.Flow-In.Ave.15Minutes.3Hours.MIXED-COMPUTED-REV,-25.72,12.76,-38.48,NEGATIVE
2025-10-03 00:00:00,COT.Flow-In.Ave.15Minutes.3Hours.MIXED-COMPUTED-REV,-46.88,12.76,-59.64,NEGATIVE
2025-10-03 05:00:00,COT.Flow-In.Ave.15Minutes.3Hours.MIXED-COMPUTED-REV,-1.32,11.64,-12.95,NEGATIVE
2025-10-03 06:00:00,COT.Flow-In.Ave.15Minutes.3Hours.MIXED-COMPUTED-REV,-12.72,8.19,-20.90,NEGATIVE
2025-10-03 07:00:00,COT.Flow-In.Ave.15Minutes.3Hours.MIXED-COMPUTED-REV,-10.36,8.19,-18.55,NEGATIVE
2025-10-03 16:00:00,COT.Flow-In.Ave.15Minutes.3Hours.MIXED-COMPUTED-REV,-13.05,15.02,-28.07,NEGATIVE
2025-10-03 17:00:00,COT.Flow-In.Ave.15Minutes.3Hours.MIXED-COMPUTED-REV,-35.92,5.83,-41.75,NEGATIVE
2025-10-03 18:00:00,COT.Flow-In.Ave.15Minutes.3Hours.MIXED-COMPUTED-REV,-54.21,5.83,-60.04,NEGATIVE
2025-10-03 22:00:00,COT.Flow-In.Ave.15Minutes.3Hours.MIXED-COMPUTED-REV,-19.20,5.67,-24.87,NEGATIVE
2025-10-04 00:00:00,COT.Flow-In.Ave.15Minutes.3Hours.MIXED-COMPUTED-REV,-37.91,5.67,-43.59,NEGATIVE
2025-10-04 05:00:00,COT.Flow-In.Ave.15Minutes.3Hours.MIXED-COMPUTED-REV,-57.53,15.72,-73.25,NEGATIVE
2025-10-04 06:00:00,COT.Flow-In.Ave.15Minutes.3Hours.MIXED-COMPUTED-REV,-48.23,15.72,-63.95,NEGATIVE
2025-10-04 07:00:00,COT.Flow-In.Ave.15Minutes.3Hours.MIXED-COMPUTED-REV,-28.53,15.72,-44.25,NEGATIVE
2025-10-04 08:00:00,COT.Flow-In.Ave.15Minutes.3Hours.MIXED-COMPUTED-REV,-16.90,14.31,-31.21,NEGATIVE
2025-10-04 10:00:00,COT.Flow-In.Ave.15Minutes.3Hours.MIXED-COMPUTED-REV,-17.00,14.31,-31.31,NEGATIVE
2025-10-05 04:00:00,COT.Flow-In.Ave.15Minutes.3Hours.MIXED-COMPUTED-REV,-7.18,13.58,-20.76,NEGATIVE
2025-10-05 05:00:00,COT.Flow-In.Ave.15Minutes.3Hours.MIXED-COMPUTED-REV,-50.69,12.22,-62.90,NEGATIVE
2025-10-05 06:00:00,COT.Flow-In.Ave.15Minutes.3Hours.MIXED-COMPUTED-REV,-24.37,10.19,-34.56,NEGATIVE
2025-10-05 18:00:00,COT.Flow-In.Ave.15Minutes.3Hours.MIXED-COMPUTED-REV,-6.75,9.02,-15.77,NEGATIVE
2025-10-05 19:00:00,COT.Flow-In.Ave.15Minutes.3Hours.MIXED-COMPUTED-REV,-12.30,9.02,-21.32,NEGATIVE
2025-10-05 20:00:00,COT.Flow-In.Ave.15Minutes.3Hours.MIXED-COMPUTED-REV,-30.54,9.02,-39.56,NEGATIVE
2025-10-05 21:00:00,COT.Flow-In.Ave.15Minutes.3Hours.MIXED-COMPUTED-REV,-58.36,9.02,-67.38,NEGATIVE
2025-10-05 22:00:00,COT.Flow-In.Ave.15Minutes.3Hours.MIXED-COMPUTED-REV,-64.70,7.96,-72.65,NEGATIVE
2025-10-05 23:00:00,COT.Flow-In.Ave.15Minutes.3Hours.MIXED-COMPUTED-REV,-28.04,7.84,-35.88,NEGATIVE
2025-10-06 05:00:00,COT.Flow-In.Ave.15Minutes.3Hours.MIXED-COMPUTED-REV,-66.02,-0.95,-65.07,NEGATIVE
2025-10-06 06:00:00,COT.Flow-In.Ave.15Minutes.3Hours.MIXED-COMPUTED-REV,-69.55,-0.95,-68.60,NEGATIVE
2025-10-06 07:00:00,COT.Flow-In.Ave.15Minutes.3Hours.MIXED-COMPUTED-REV,-0.95,0.41,-1.36,NEGATIVE
2025-10-06 10:00:00,COT.Flow-In.Ave.15Minutes.3Hours.MIXED-COMPUTED-REV,-49.49,3.84,-53.33,NEGATIVE
2025-10-06 11:00:00,COT.Flow-In.Ave.15Minutes.3Hours.MIXED-COMPUTED-REV,-39.04,3.84,-42.88,NEGATIVE
2025-10-06 15:00:00,COT.Flow-In.Ave.15Minutes.3Hours.MIXED-COMPUTED-REV,-78.38,2.58,-80.96,NEGATIVE
2025-10-06 16:00:00,COT.Flow-In.Ave.15Minutes.3Hours.MIXED-COMPUTED-REV,-12.35,0.41,-12.76,NEGATIVE
2025-10-06 22:00:00,COT.Flow-In.Ave.15Minutes.3Hours.MIXED-COMPUTED-REV,-30.82,3.84,-34.66,NEGATIVE
2025-10-06 23:00:00,COT.Flow-In.Ave.15Minutes.3Hours.MIXED-COMPUTED-REV,-58.55,3.84,-62.39,NEGATIVE
2025-10-07 00:00:00,COT.Flow-In.Ave.15Minutes.3Hours.MIXED-COMPUTED-REV,-21.47,3.84,-25.31,NEGATIVE
2025-10-07 03:00:00,COT.Flow-In.Ave.15Minutes.3Hours.MIXED-COMPUTED-REV,-64.08,8.46,-72.54,NEGATIVE
2025-10-07 04:00:00,COT.Flow-In.Ave.15Minutes.3Hours.MIXED-COMPUTED-REV,-105.62,15.64,-121.26,NEGATIVE
2025-10-07 05:00:00,COT.Flow-In.Ave.15Minutes.3Hours.MIXED-COMPUTED-REV,-28.19,17.98,-46.17,NEGATIVE
2025-10-07 11:00:00,COT.Flow-In.Ave.15Minutes.3Hours.MIXED-COMPUTED-REV,-29.31,15.64,-44.95,NEGATIVE
2025-10-07 12:00:00,COT.Flow-In.Ave.15Minutes.3Hours.MIXED-COMPUTED-REV,-50.04,15.64,-65.68,NEGATIVE
2025-10-07 13:00:00,COT.Flow-In.Ave.15Minutes.3Hours.MIXED-COMPUTED-REV,-29.36,17.98,-47.33,NEGATIVE
2025-10-07 21:00:00,COT.Flow-In.Ave.15Minutes.3Hours.MIXED-COMPUTED-REV,-3.89,10.20,-14.08,NEGATIVE
2025-10-07 22:00:00,COT.Flow-In.Ave.15Minutes.3Hours.MIXED-COMPUTED-REV,-30.52,7.89,-38.41,NEGATIVE
2025-10-07 23:00:00,COT.Flow-In.Ave.15Minutes.3Hours.MIXED-COMPUTED-REV,-84.55,7.89,-92.44,NEGATIVE
2025-10-08 00:00:00,COT.Flow-In.Ave.15Minutes.3Hours.MIXED-COMPUTED-REV,-37.48,10.20,-47.68,NEGATIVE
2025-10-08 08:00:00,COT.Flow-In.Ave.15Minutes.3Hours.MIXED-COMPUTED-REV,-4.68,4.67,-9.36,NEGATIVE
2025-10-08 09:00:00,COT.Flow-In.Ave.15Minutes.3Hours.MIXED-COMPUTED-REV,-28.73,4.67,-33.41,NEGATIVE
2025-10-08 10:00:00,COT.Flow-In.Ave.15Minutes.3Hours.MIXED-COMPUTED-REV,-27.64,4.67,-32.32,NEGATIVE
2025-10-08 19:00:00,COT.Flow-In.Ave.15Minutes.3Hours.MIXED-COMPUTED-REV,-2.22,10.20,-12.42,NEGATIVE
2025-10-08 20:00:00,COT.Flow-In.Ave.15Minutes.3Hours.MIXED-COMPUTED-REV,-2.11,10.40,-12.51,NEGATIVE
2025-10-08 21:00:00,COT.Flow-In.Ave.15Minutes.3Hours.MIXED-COMPUTED-REV,-76.08,12.83,-88.91,NEGATIVE
2025-10-08 22:00:00,COT.Flow-In.Ave.15Minutes.3Hours.MIXED-COMPUTED-REV,-109.13,12.83,-121.96,NEGATIVE
2025-10-08 23:00:00,COT.Flow-In.Ave.15Minutes.3Hours.MIXED-COMPUTED-REV,-35.14,12.83,-47.98,NEGATIVE
2025-10-09 02:00:00,COT.Flow-In.Ave.15Minutes.3Hours.MIXED-COMPUTED-REV,-5.48,10.40,-15.88,NEGATIVE
2025-10-09 10:00:00,COT.Flow-In.Ave.15Minutes.3Hours.MIXED-COMPUTED-REV,-21.29,11.76,-33.04,NEGATIVE
2025-10-09 11:00:00,COT.Flow-In.Ave.15Minutes.3Hours.MIXED-COMPUTED-REV,-56.43,11.76,-68.19,NEGATIVE
2025-10-09 12:00:00,COT.Flow-In.Ave.15Minutes.3Hours.MIXED-COMPUTED-REV,-49.54,11.76,-61.29,NEGATIVE
2025-10-09 16:00:00,COT.Flow-In.Ave.15Minutes.3Hours.MIXED-COMPUTED-REV,-4.06,11.76,-15.82,NEGATIVE
2025-10-10 00:00:00,COT.Flow-In.Ave.15Minutes.3Hours.MIXED-COMPUTED-REV,-1.80,10.89,-12.69,NEGATIVE
2025-10-10 01:00:00,COT.Flow-In.Ave.15Minutes.3Hours.MIXED-COMPUTED-REV,-1.75,10.89,-12.64,NEGATIVE
2025-10-10 07:00:00,COT.Flow-In.Ave.15Minutes.3Hours.MIXED-COMPUTED-REV,-38.56,11.91,-50.47,NEGATIVE
2025-10-10 08:00:00,COT.Flow-In.Ave.15Minutes.3Hours.MIXED-COMPUTED-REV,-58.78,10.89,-69.67,NEGATIVE
2025-10-10 12:00:00,COT.Flow-In.Ave.15Minutes.3Hours.MIXED-COMPUTED-REV,-47.73,13.19,-60.93,NEGATIVE
2025-10-10 13:00:00,COT.Flow-In.Ave.15Minutes.3Hours.MIXED-COMPUTED-REV,-3.80,13.19,-16.99,NEGATIVE
2025-10-10 20:00:00,COT.Flow-In.Ave.15Minutes.3Hours.MIXED-COMPUTED-REV,-5.83,18.98,-24.81,NEGATIVE
2025-10-10 21:00:00,COT.Flow-In.Ave.15Minutes.3Hours.MIXED-COMPUTED-REV,-33.94,26.74,-60.68,NEGATIVE
2025-10-11 01:00:00,COT.Flow-In.Ave.15Minutes.3Hours.MIXED-COMPUTED-REV,-11.31,13.19,-24.50,NEGATIVE
2025-10-11 02:00:00,COT.Flow-In.Ave.15Minutes.3Hours.MIXED-COMPUTED-REV,-80.67,18.98,-99.65,NEGATIVE
2025-10-11 03:00:00,COT.Flow-In.Ave.15Minutes.3Hours.MIXED-COMPUTED-REV,-63.76,18.98,-82.74,NEGATIVE
2025-10-11 10:00:00,COT.Flow-In.Ave.15Minutes.3Hours.MIXED-COMPUTED-REV,-36.69,7.55,-44.24,NEGATIVE
2025-10-11 11:00:00,COT.Flow-In.Ave.15Minutes.3Hours.MIXED-COMPUTED-REV,-77.07,18.98,-96.05,NEGATIVE
2025-10-11 12:00:00,COT.Flow-In.Ave.15Minutes.3Hours.MIXED-COMPUTED-REV,-41.36,18.98,-60.34,NEGATIVE
2025-10-11 19:00:00,COT.Flow-In.Ave.15Minutes.3Hours.MIXED-COMPUTED-REV,-65.23,30.52,-95.75,NEGATIVE
2025-10-11 20:00:00,COT.Flow-In.Ave.15Minutes.3Hours.MIXED-COMPUTED-REV,-121.01,34.90,-155.91,NEGATIVE
2025-10-11 21:00:00,COT.Flow-In.Ave.15Minutes.3Hours.MIXED-COMPUTED-REV,-112.24,30.52,-142.76,NEGATIVE
2025-10-11 22:00:00,COT.Flow-In.Ave.15Minutes.3Hours.MIXED-COMPUTED-REV,-23.18,26.04,-49.22,NEGATIVE
2025-10-12 04:00:00,COT.Flow-In.Ave.15Minutes.3Hours.MIXED-COMPUTED-REV,-69.74,-1.73,-68.02,NEGATIVE
2025-10-12 05:00:00,COT.Flow-In.Ave.15Minutes.3Hours.MIXED-COMPUTED-REV,-25.18,-1.73,-23.45,NEGATIVE
2025-10-12 09:00:00,COT.Flow-In.Ave.15Minutes.3Hours.MIXED-COMPUTED-REV,-5.17,0.59,-5.76,NEGATIVE
2025-10-12 10:00:00,COT.Flow-In.Ave.15Minutes.3Hours.MIXED-COMPUTED-REV,-4.08,0.59,-4.67,NEGATIVE
2025-10-12 11:00:00,COT.Flow-In.Ave.15Minutes.3Hours.MIXED-COMPUTED-REV,-7.37,0.59,-7.96,NEGATIVE
2025-10-12 12:00:00,COT.Flow-In.Ave.15Minutes.3Hours.MIXED-COMPUTED-REV,-24.10,0.59,-24.69,NEGATIVE
2025-10-12 13:00:00,COT.Flow-In.Ave.15Minutes.3Hours.MIXED-COMPUTED-REV,-61.95,0.59,-62.54,NEGATIVE
2025-10-12 14:00:00,COT.Flow-In.Ave.15Minutes.3Hours.MIXED-COMPUTED-REV,-69.73,0.59,-70.32,NEGATIVE
2025-10-12 15:00:00,COT.Flow-In.Ave.15Minutes.3Hours.MIXED-COMPUTED-REV,-1.73,0.59,-2.32,NEGATIVE
2025-10-12 18:00:00,COT.Flow-In.Ave.15Minutes.3Hours.MIXED-COMPUTED-REV,-21.72,0.59,-22.31,NEGATIVE
2025-10-12 22:00:00,COT.Flow-In.Ave.15Minutes.3Hours.MIXED-COMPUTED-REV,-8.09,3.99,-12.08,NEGATIVE
2025-10-12 23:00:00,COT.Flow-In.Ave.15Minutes.3Hours.MIXED-COMPUTED-REV,-10.35,7.11,-17.46,NEGATIVE
2025-10-13 05:00:00,COT.Flow-In.Ave.15Minutes.3Hours.MIXED-COMPUTED-REV,-7.16,29.56,-36.72,NEGATIVE
2025-10-13 06:00:00,COT.Flow-In.Ave.15Minutes.3Hours.MIXED-COMPUTED-REV,-9.48,30.39,-39.87,NEGATIVE
2025-10-14 06:00:00,COT.Flow-In.Ave.15Minutes.3Hours.MIXED-COMPUTED-REV,-2.42,64.49,-66.91,NEGATIVE
2025-10-14 15:00:00,COT.Flow-In.Ave.15Minutes.3Hours.MIXED-COMPUTED-REV,-87.52,21.47,-108.99,NEGATIVE
2025-10-14 16:00:00,COT.Flow-In.Ave.15Minutes.3Hours.MIXED-COMPUTED-REV,-93.08,19.09,-112.17,NEGATIVE
2025-10-14 17:00:00,COT.Flow-In.Ave.15Minutes.3Hours.MIXED-COMPUTED-REV,-36.83,16.31,-53.14,NEGATIVE
2025-10-14 22:00:00,COT.Flow-In.Ave.15Minutes.3Hours.MIXED-COMPUTED-REV,-2.06,25.37,-27.43,NEGATIVE
2025-10-14 23:00:00,COT.Flow-In.Ave.15Minutes.3Hours.MIXED-COMPUTED-REV,-13.33,35.54,-48.87,NEGATIVE
2025-10-15 00:00:00,COT.Flow-In.Ave.15Minutes.3Hours.MIXED-COMPUTED-REV,-1.64,35.54,-37.18,NEGATIVE
2025-10-15 03:00:00,COT.Flow-In.Ave.15Minutes.3Hours.MIXED-COMPUTED-REV,-42.33,25.37,-67.69,NEGATIVE
2025-10-15 04:00:00,COT.Flow-In.Ave.15Minutes.3Hours.MIXED-COMPUTED-REV,-55.93,25.37,-81.30,NEGATIVE
2025-10-15 05:00:00,COT.Flow-In.Ave.15Minutes.3Hours.MIXED-COMPUTED-REV,-2.80,35.54,-38.34,NEGATIVE
2025-10-15 15:00:00,COT.Flow-In.Ave.15Minutes.3Hours.MIXED-COMPUTED-REV,-18.30,35.54,-53.83,NEGATIVE
2025-10-15 16:00:00,COT.Flow-In.Ave.15Minutes.3Hours.MIXED-COMPUTED-REV,-27.25,42.95,-70.20,NEGATIVE
2025-10-15 23:00:00,COT.Flow-In.Ave.15Minutes.3Hours.MIXED-COMPUTED-REV,-56.39,44.07,-100.46,NEGATIVE
2025-10-16 00:00:00,COT.Flow-In.Ave.15Minutes.3Hours.MIXED-COMPUTED-REV,-86.33,42.95,-129.28,NEGATIVE
2025-10-16 01:00:00,COT.Flow-In.Ave.15Minutes.3Hours.MIXED-COMPUTED-REV,-45.03,34.94,-79.97,NEGATIVE
2025-10-16 10:00:00,COT.Flow-In.Ave.15Minutes.3Hours.MIXED-COMPUTED-REV,-2.94,34.94,-37.89,NEGATIVE
2025-10-16 14:00:00,COT.Flow-In.Ave.15Minutes.3Hours.MIXED-COMPUTED-REV,-14.79,41.41,-56.20,NEGATIVE
2025-10-16 15:00:00,COT.Flow-In.Ave.15Minutes.3Hours.MIXED-COMPUTED-REV,-22.04,37.85,-59.89,NEGATIVE
2025-10-17 03:00:00,COT.Flow-In.Ave.15Minutes.3Hours.MIXED-COMPUTED-REV,-3.75,41.41,-45.16,NEGATIVE
2025-10-17 04:00:00,COT.Flow-In.Ave.15Minutes.3Hours.MIXED-COMPUTED-REV,-19.87,41.50,-61.36,NEGATIVE
2025-10-19 09:00:00,COT.Flow-In.Ave.15Minutes.3Hours.MIXED-COMPUTED-REV,-25.43,31.70,-57.13,NEGATIVE
2025-10-19 10:00:00,COT.Flow-In.Ave.15Minutes.3Hours.MIXED-COMPUTED-REV,-25.92,31.70,-57.62,NEGATIVE
2025-10-19 11:00:00,COT.Flow-In.Ave.15Minutes.3Hours.MIXED-COMPUTED-REV,-18.43,31.70,-50.14,NEGATIVE
2025-10-19 17:00:00,COT.Flow-In.Ave.15Minutes.3Hours.MIXED-COMPUTED-REV,-4.82,51.67,-56.49,NEGATIVE
2025-10-19 19:00:00,COT.Flow-In.Ave.15Minutes.3Hours.MIXED-COMPUTED-REV,-33.58,39.14,-72.71,NEGATIVE
2025-10-19 20:00:00,COT.Flow-In.Ave.15Minutes.3Hours.MIXED-COMPUTED-REV,-26.47,33.45,-59.92,NEGATIVE
2025-10-20 07:00:00,COT.Flow-In.Ave.15Minutes.3Hours.MIXED-COMPUTED-REV,-6.63,54.73,-61.36,NEGATIVE
2025-10-22 22:00:00,COT.Flow-In.Ave.15Minutes.3Hours.MIXED-COMPUTED-REV,-21.56,32.94,-54.50,NEGATIVE
2025-10-23 03:00:00,COT.Flow-In.Ave.15Minutes.3Hours.MIXED-COMPUTED-REV,-0.25,31.86,-32.11,NEGATIVE
2025-10-23 04:00:00,COT.Flow-In.Ave.15Minutes.3Hours.MIXED-COMPUTED-REV,-20.61,30.58,-51.19,NEGATIVE
2025-10-23 05:00:00,COT.Flow-In.Ave.15Minutes.3Hours.MIXED-COMPUTED-REV,-10.33,30.58,-40.90,NEGATIVE
2025-10-23 14:00:00,COT.Flow-In.Ave.15Minutes.3Hours.MIXED-COMPUTED-REV,-12.01,26.33,-38.34,NEGATIVE
2025-10-23 15:00:00,COT.Flow-In.Ave.15Minutes.3Hours.MIXED-COMPUTED-REV,-45.22,26.33,-71.55,NEGATIVE
2025-10-24 01:00:00,COT.Flow-In.Ave.15Minutes.3Hours.MIXED-COMPUTED-REV,-11.22,31.76,-42.98,NEGATIVE
2025-10-24 11:00:00,COT.Flow-In.Ave.15Minutes.3Hours.MIXED-COMPUTED-REV,-9.30,25.75,-35.05,NEGATIVE
2025-10-24 12:00:00,COT.Flow-In.Ave.15Minutes.3Hours.MIXED-COMPUTED-REV,-19.64,25.75,-45.39,NEGATIVE
2025-10-24 17:00:00,COT.Flow-In.Ave.15Minutes.3Hours.MIXED-COMPUTED-REV,-10.53,44.68,-55.22,NEGATIVE
2025-10-24 18:00:00,COT.Flow-In.Ave.15Minutes.3Hours.MIXED-COMPUTED-REV,-54.99,46.15,-101.13,NEGATIVE
2025-10-24 19:00:00,COT.Flow-In.Ave.15Minutes.3Hours.MIXED-COMPUTED-REV,-61.21,46.15,-107.36,NEGATIVE
2025-10-24 20:00:00,COT.Flow-In.Ave.15Minutes.3Hours.MIXED-COMPUTED-REV,-19.11,46.15,-65.25,NEGATIVE
2025-10-31 17:00:00,COT.Flow-In.Ave.15Minutes.3Hours.MIXED-COMPUTED-REV,-40.10,51.56,-91.66,NEGATIVE
2025-10-31 18:00:00,COT.Flow-In.Ave.15Minutes.3Hours.MIXED-COMPUTED-REV,-49.13,46.81,-95.94,NEGATIVE
2025-10-31 19:00:00,COT.Flow-In.Ave.15Minutes.3Hours.MIXED-COMPUTED-REV,-6.50,46.28,-52.78,NEGATIVE
2025-12-03 18:00:00,COT.Flow-In.Ave.15Minutes.3Hours.MIXED-COMPUTED-REV,-5.26,19.58,-24.84,NEGATIVE
2025-12-03 19:00:00,COT.Flow-In.Ave.15Minutes.3Hours.MIXED-COMPUTED-REV,-51.06,19.58,-70.64,NEGATIVE
2025-12-03 20:00:00,COT.Flow-In.Ave.15Minutes.3Hours.MIXED-COMPUTED-REV,-96.73,19.58,-116.32,NEGATIVE
2025-12-03 21:00:00,COT.Flow-In.Ave.15Minutes.3Hours.MIXED-COMPUTED-REV,-3.03,19.05,-22.09,NEGATIVE
2025-12-19 14:00:00,COT.Flow-In.Ave.15Minutes.3Hours.MIXED-COMPUTED-REV,2070.42,1651.80,418.62,SPIKE
2025-12-19 15:00:00,COT.Flow-In.Ave.15Minutes.3Hours.MIXED-COMPUTED-REV,2124.65,1651.80,472.85,SPIKE
2025-12-19 16:00:00,COT.Flow-In.Ave.15Minutes.3Hours.MIXED-COMPUTED-REV,2107.68,1651.80,455.88,SPIKE
2025-12-19 17:00:00,COT.Flow-In.Ave.15Minutes.3Hours.MIXED-COMPUTED-REV,2118.82,1651.80,467.03,SPIKE
2026-01-19 10:00:00,COT.Flow-In.Ave.15Minutes.3Hours.MIXED-COMPUTED-REV,118.70,118.70,0.00,FLAT
2026-01-19 11:00:00,COT.Flow-In.Ave.15Minutes.3Hours.MIXED-COMPUTED-REV,118.70,118.70,0.00,FLAT
2026-01-19 12:00:00,COT.Flow-In.Ave.15Minutes.3Hours.MIXED-COMPUTED-REV,118.70,118.70,0.00,FLAT
2026-01-19 13:00:00,COT.Flow-In.Ave.15Minutes.3Hours.MIXED-COMPUTED-REV,118.70,118.70,0.00,FLAT
2026-01-19 14:00:00,COT.Flow-In.Ave.15Minutes.3Hours.MIXED-COMPUTED-REV,118.70,118.70,0.00,FLAT
2026-01-19 15:00:00,COT.Flow-In.Ave.15Minutes.3Hours.MIXED-COMPUTED-REV,118.70,118.70,0.00,FLAT
2026-01-19 16:00:00,COT.Flow-In.Ave.15Minutes.3Hours.MIXED-COMPUTED-REV,118.70,118.70,0.00,FLAT
2026-01-19 17:00:00,COT.Flow-In.Ave.15Minutes.3Hours.MIXED-COMPUTED-REV,118.70,118.70,0.00,FLAT
2026-01-19 18:00:00,COT.Flow-In.Ave.15Minutes.3Hours.MIXED-COMPUTED-REV,118.70,118.70,0.00,FLAT
2026-01-19 19:00:00,COT.Flow-In.Ave.15Minutes.3Hours.MIXED-COMPUTED-REV,118.70,118.70,0.00,FLAT
2026-01-19 20:00:00,COT.Flow-In.Ave.15Minutes.3Hours.MIXED-COMPUTED-REV,118.70,118.70,0.00,FLAT
2026-01-19 21:00:00,COT.Flow-In.Ave.15Minutes.3Hours.MIXED-COMPUTED-REV,118.70,118.70,0.00,FLAT
2026-01-19 22:00:00,COT.Flow-In.Ave.15Minutes.3Hours.MIXED-COMPUTED-REV,118.70,118.70,0.00,FLAT
2026-02-27 07:00:00,COT.Flow-In.Ave.15Minutes.3Hours.MIXED-COMPUTED-REV,200.82,669.23,-468.42,SPIKE
2026-02-27 08:00:00,COT.Flow-In.Ave.15Minutes.3Hours.MIXED-COMPUTED-REV,134.65,650.36,-515.72,SPIKE
2026-05-27 19:00:00,COT.Flow-In.Ave.15Minutes.3Hours.MIXED-COMPUTED-REV,-0.99,31.11,-32.09,NEGATIVE
2026-05-27 20:00:00,COT.Flow-In.Ave.15Minutes.3Hours.MIXED-COMPUTED-REV,-8.10,31.11,-39.21,NEGATIVE
2026-05-27 21:00:00,COT.Flow-In.Ave.15Minutes.3Hours.MIXED-COMPUTED-REV,-0.98,31.11,-32.08,NEGATIVE
2026-05-31 04:00:00,COT.Flow-In.Ave.15Minutes.3Hours.MIXED-COMPUTED-REV,-6.33,30.91,-37.24,NEGATIVE
2026-06-02 18:00:00,COT.Flow-In.Ave.15Minutes.3Hours.MIXED-COMPUTED-REV,-1.10,21.58,-22.68,NEGATIVE
2026-06-04 20:00:00,COT.Flow-In.Ave.15Minutes.3Hours.MIXED-COMPUTED-REV,-1.17,24.90,-26.07,NEGATIVE
2026-06-04 21:00:00,COT.Flow-In.Ave.15Minutes.3Hours.MIXED-COMPUTED-REV,-1.17,21.54,-22.71,NEGATIVE
2026-06-05 00:00:00,COT.Flow-In.Ave.15Minutes.3Hours.MIXED-COMPUTED-REV,-6.34,21.54,-27.88,NEGATIVE
2026-06-09 19:00:00,COT.Flow-In.Ave.15Minutes.3Hours.MIXED-COMPUTED-REV,-5.90,39.29,-45.19,NEGATIVE
2026-06-09 20:00:00,COT.Flow-In.Ave.15Minutes.3Hours.MIXED-COMPUTED-REV,-0.97,37.07,-38.04,NEGATIVE
2026-06-11 20:00:00,COT.Flow-In.Ave.15Minutes.3Hours.MIXED-COMPUTED-REV,-20.22,17.97,-38.19,NEGATIVE
2026-06-11 21:00:00,COT.Flow-In.Ave.15Minutes.3Hours.MIXED-COMPUTED-REV,-5.85,17.34,-23.20,NEGATIVE
2026-06-12 01:00:00,COT.Flow-In.Ave.15Minutes.3Hours.MIXED-COMPUTED-REV,-3.59,13.86,-17.45,NEGATIVE
2026-06-12 02:00:00,COT.Flow-In.Ave.15Minutes.3Hours.MIXED-COMPUTED-REV,-8.78,13.86,-22.64,NEGATIVE
2026-06-13 17:00:00,COT.Flow-In.Ave.15Minutes.3Hours.MIXED-COMPUTED-REV,-20.13,9.21,-29.34,NEGATIVE
2026-06-13 18:00:00,COT.Flow-In.Ave.15Minutes.3Hours.MIXED-COMPUTED-REV,-14.94,9.21,-24.15,NEGATIVE
2026-06-14 02:00:00,COT.Flow-In.Ave.15Minutes.3Hours.MIXED-COMPUTED-REV,-4.42,9.21,-13.63,NEGATIVE
2026-06-15 07:00:00,COT.Flow-In.Ave.15Minutes.3Hours.MIXED-COMPUTED-REV,-4.18,11.65,-15.83,NEGATIVE
2026-06-15 08:00:00,COT.Flow-In.Ave.15Minutes.3Hours.MIXED-COMPUTED-REV,-0.79,11.65,-12.44,NEGATIVE
2026-06-15 10:00:00,COT.Flow-In.Ave.15Minutes.3Hours.MIXED-COMPUTED-REV,-3.96,11.65,-15.62,NEGATIVE
2026-06-15 15:00:00,COT.Flow-In.Ave.15Minutes.3Hours.MIXED-COMPUTED-REV,-2.06,10.03,-12.09,NEGATIVE
2026-06-15 16:00:00,COT.Flow-In.Ave.15Minutes.3Hours.MIXED-COMPUTED-REV,-2.04,10.03,-12.07,NEGATIVE
2026-06-16 19:00:00,COT.Flow-In.Ave.15Minutes.3Hours.MIXED-COMPUTED-REV,-4.97,23.54,-28.50,NEGATIVE
2026-06-16 20:00:00,COT.Flow-In.Ave.15Minutes.3Hours.MIXED-COMPUTED-REV,-28.67,23.54,-52.21,NEGATIVE
2026-06-16 21:00:00,COT.Flow-In.Ave.15Minutes.3Hours.MIXED-COMPUTED-REV,-37.13,22.30,-59.43,NEGATIVE
2026-06-16 22:00:00,COT.Flow-In.Ave.15Minutes.3Hours.MIXED-COMPUTED-REV,-23.61,18.91,-42.52,NEGATIVE
2026-06-16 23:00:00,COT.Flow-In.Ave.15Minutes.3Hours.MIXED-COMPUTED-REV,-5.00,22.30,-27.30,NEGATIVE
2026-06-17 03:00:00,COT.Flow-In.Ave.15Minutes.3Hours.MIXED-COMPUTED-REV,-3.13,17.36,-20.49,NEGATIVE
2026-06-18 04:00:00,COT.Flow-In.Ave.15Minutes.3Hours.MIXED-COMPUTED-REV,-18.99,10.80,-29.79,NEGATIVE
2026-06-18 05:00:00,COT.Flow-In.Ave.15Minutes.3Hours.MIXED-COMPUTED-REV,-38.19,10.80,-48.98,NEGATIVE
2026-06-18 06:00:00,COT.Flow-In.Ave.15Minutes.3Hours.MIXED-COMPUTED-REV,-24.86,10.80,-35.66,NEGATIVE
2026-06-18 07:00:00,COT.Flow-In.Ave.15Minutes.3Hours.MIXED-COMPUTED-REV,-5.99,10.80,-16.78,NEGATIVE
2026-06-19 16:00:00,COT.Flow-In.Ave.15Minutes.3Hours.MIXED-COMPUTED-REV,-24.15,18.28,-42.43,NEGATIVE
2026-06-19 17:00:00,COT.Flow-In.Ave.15Minutes.3Hours.MIXED-COMPUTED-REV,-20.66,18.28,-38.94,NEGATIVE
2026-06-19 18:00:00,COT.Flow-In.Ave.15Minutes.3Hours.MIXED-COMPUTED-REV,-1.98,18.28,-20.26,NEGATIVE
2026-06-19 21:00:00,COT.Flow-In.Ave.15Minutes.3Hours.MIXED-COMPUTED-REV,-1.99,15.28,-17.27,NEGATIVE
2026-06-19 22:00:00,COT.Flow-In.Ave.15Minutes.3Hours.MIXED-COMPUTED-REV,-10.45,15.28,-25.73,NEGATIVE
2026-06-19 23:00:00,COT.Flow-In.Ave.15Minutes.3Hours.MIXED-COMPUTED-REV,-8.72,13.65,-22.36,NEGATIVE
2026-06-20 00:00:00,COT.Flow-In.Ave.15Minutes.3Hours.MIXED-COMPUTED-REV,-3.54,10.33,-13.87,NEGATIVE
2026-06-21 02:00:00,COT.Flow-In.Ave.15Minutes.3Hours.MIXED-COMPUTED-REV,-11.42,15.48,-26.90,NEGATIVE
2026-06-21 03:00:00,COT.Flow-In.Ave.15Minutes.3Hours.MIXED-COMPUTED-REV,-26.60,15.80,-42.41,NEGATIVE
2026-06-21 04:00:00,COT.Flow-In.Ave.15Minutes.3Hours.MIXED-COMPUTED-REV,-13.05,15.80,-28.85,NEGATIVE
2026-06-21 05:00:00,COT.Flow-In.Ave.15Minutes.3Hours.MIXED-COMPUTED-REV,-2.81,19.24,-22.05,NEGATIVE
2026-06-22 13:00:00,COT.Flow-In.Ave.15Minutes.3Hours.MIXED-COMPUTED-REV,-13.09,12.95,-26.04,NEGATIVE
2026-06-22 14:00:00,COT.Flow-In.Ave.15Minutes.3Hours.MIXED-COMPUTED-REV,-16.31,16.17,-32.48,NEGATIVE
2026-06-22 15:00:00,COT.Flow-In.Ave.15Minutes.3Hours.MIXED-COMPUTED-REV,-11.33,16.17,-27.50,NEGATIVE
2026-06-22 16:00:00,COT.Flow-In.Ave.15Minutes.3Hours.MIXED-COMPUTED-REV,-8.02,16.17,-24.19,NEGATIVE
2026-06-22 17:00:00,COT.Flow-In.Ave.15Minutes.3Hours.MIXED-COMPUTED-REV,-1.35,16.17,-17.52,NEGATIVE
2026-06-22 18:00:00,COT.Flow-In.Ave.15Minutes.3Hours.MIXED-COMPUTED-REV,-3.12,16.17,-19.29,NEGATIVE
2026-06-22 19:00:00,COT.Flow-In.Ave.15Minutes.3Hours.MIXED-COMPUTED-REV,-1.49,14.15,-15.65,NEGATIVE
2026-06-22 20:00:00,COT.Flow-In.Ave.15Minutes.3Hours.MIXED-COMPUTED-REV,-1.20,14.15,-15.35,NEGATIVE
2026-06-23 23:00:00,COT.Flow-In.Ave.15Minutes.3Hours.MIXED-COMPUTED-REV,-5.53,15.58,-21.10,NEGATIVE
2026-06-24 00:00:00,COT.Flow-In.Ave.15Minutes.3Hours.MIXED-COMPUTED-REV,-27.21,16.99,-44.20,NEGATIVE
2026-06-24 01:00:00,COT.Flow-In.Ave.15Minutes.3Hours.MIXED-COMPUTED-REV,-42.22,17.58,-59.81,NEGATIVE
2026-06-24 02:00:00,COT.Flow-In.Ave.15Minutes.3Hours.MIXED-COMPUTED-REV,-22.15,17.58,-39.74,NEGATIVE
2026-06-24 03:00:00,COT.Flow-In.Ave.15Minutes.3Hours.MIXED-COMPUTED-REV,-2.24,17.58,-19.82,NEGATIVE
2026-06-24 05:00:00,COT.Flow-In.Ave.15Minutes.3Hours.MIXED-COMPUTED-REV,-2.56,17.58,-20.15,NEGATIVE
2026-06-24 06:00:00,COT.Flow-In.Ave.15Minutes.3Hours.MIXED-COMPUTED-REV,-2.72,15.58,-18.30,NEGATIVE
2026-06-24 23:00:00,COT.Flow-In.Ave.15Minutes.3Hours.MIXED-COMPUTED-REV,-0.25,14.53,-14.77,NEGATIVE
2026-06-25 00:00:00,COT.Flow-In.Ave.15Minutes.3Hours.MIXED-COMPUTED-REV,-5.11,11.51,-16.62,NEGATIVE
2026-06-25 01:00:00,COT.Flow-In.Ave.15Minutes.3Hours.MIXED-COMPUTED-REV,-3.45,11.20,-14.65,NEGATIVE
2026-06-25 09:00:00,COT.Flow-In.Ave.15Minutes.3Hours.MIXED-COMPUTED-REV,-14.26,9.50,-23.77,NEGATIVE
2026-06-25 10:00:00,COT.Flow-In.Ave.15Minutes.3Hours.MIXED-COMPUTED-REV,-32.12,8.66,-40.78,NEGATIVE
2026-06-25 11:00:00,COT.Flow-In.Ave.15Minutes.3Hours.MIXED-COMPUTED-REV,-28.33,8.66,-36.99,NEGATIVE
2026-06-25 12:00:00,COT.Flow-In.Ave.15Minutes.3Hours.MIXED-COMPUTED-REV,-11.50,10.23,-21.73,NEGATIVE
2026-06-25 13:00:00,COT.Flow-In.Ave.15Minutes.3Hours.MIXED-COMPUTED-REV,-1.83,10.23,-12.05,NEGATIVE
2026-06-25 14:00:00,COT.Flow-In.Ave.15Minutes.3Hours.MIXED-COMPUTED-REV,-15.35,10.23,-25.58,NEGATIVE
2026-06-25 15:00:00,COT.Flow-In.Ave.15Minutes.3Hours.MIXED-COMPUTED-REV,-18.70,8.66,-27.36,NEGATIVE
2026-06-25 16:00:00,COT.Flow-In.Ave.15Minutes.3Hours.MIXED-COMPUTED-REV,-1.88,8.28,-10.16,NEGATIVE
2026-06-26 02:00:00,COT.Flow-In.Ave.15Minutes.3Hours.MIXED-COMPUTED-REV,-9.72,15.10,-24.82,NEGATIVE
2026-06-26 03:00:00,COT.Flow-In.Ave.15Minutes.3Hours.MIXED-COMPUTED-REV,-6.31,15.10,-21.41,NEGATIVE
2026-06-27 04:00:00,COT.Flow-In.Ave.15Minutes.3Hours.MIXED-COMPUTED-REV,-4.04,22.69,-26.73,NEGATIVE
2026-06-27 05:00:00,COT.Flow-In.Ave.15Minutes.3Hours.MIXED-COMPUTED-REV,-2.34,24.58,-26.92,NEGATIVE
2026-06-29 04:00:00,COT.Flow-In.Ave.15Minutes.3Hours.MIXED-COMPUTED-REV,-3.37,26.51,-29.89,NEGATIVE
2026-06-29 05:00:00,COT.Flow-In.Ave.15Minutes.3Hours.MIXED-COMPUTED-REV,-10.00,26.51,-36.51,NEGATIVE
2026-06-30 22:00:00,COT.Flow-In.Ave.15Minutes.3Hours.MIXED-COMPUTED-REV,-10.94,17.13,-28.07,NEGATIVE
2026-06-30 23:00:00,COT.Flow-In.Ave.15Minutes.3Hours.MIXED-COMPUTED-REV,-10.91,17.13,-28.04,NEGATIVE
2026-07-01 00:00:00,COT.Flow-In.Ave.15Minutes.3Hours.MIXED-COMPUTED-REV,-1.00,17.13,-18.13,NEGATIVE
2026-07-03 00:00:00,COT.Flow-In.Ave.15Minutes.3Hours.MIXED-COMPUTED-REV,-4.15,7.28,-11.43,NEGATIVE
2026-07-03 01:00:00,COT.Flow-In.Ave.15Minutes.3Hours.MIXED-COMPUTED-REV,-23.76,5.76,-29.52,NEGATIVE
2026-07-03 02:00:00,COT.Flow-In.Ave.15Minutes.3Hours.MIXED-COMPUTED-REV,-41.74,5.76,-47.50,NEGATIVE
2026-07-03 03:00:00,COT.Flow-In.Ave.15Minutes.3Hours.MIXED-COMPUTED-REV,-31.91,5.76,-37.67,NEGATIVE
2026-07-03 05:00:00,COT.Flow-In.Ave.15Minutes.3Hours.MIXED-COMPUTED-REV,-0.82,5.76,-6.58,NEGATIVE
2026-07-03 10:00:00,COT.Flow-In.Ave.15Minutes.3Hours.MIXED-COMPUTED-REV,-0.79,7.28,-8.08,NEGATIVE
2026-07-03 12:00:00,COT.Flow-In.Ave.15Minutes.3Hours.MIXED-COMPUTED-REV,-12.19,7.28,-19.47,NEGATIVE
2026-07-04 20:00:00,COT.Flow-In.Ave.15Minutes.3Hours.MIXED-COMPUTED-REV,-5.43,12.38,-17.82,NEGATIVE
2026-07-05 01:00:00,COT.Flow-In.Ave.15Minutes.3Hours.MIXED-COMPUTED-REV,-2.14,12.43,-14.57,NEGATIVE
2026-07-05 02:00:00,COT.Flow-In.Ave.15Minutes.3Hours.MIXED-COMPUTED-REV,-2.17,12.43,-14.60,NEGATIVE
2026-07-05 14:00:00,COT.Flow-In.Ave.15Minutes.3Hours.MIXED-COMPUTED-REV,-1.05,9.80,-10.85,NEGATIVE
2026-07-05 15:00:00,COT.Flow-In.Ave.15Minutes.3Hours.MIXED-COMPUTED-REV,-2.21,9.80,-12.02,NEGATIVE
2026-07-05 16:00:00,COT.Flow-In.Ave.15Minutes.3Hours.MIXED-COMPUTED-REV,-19.87,7.77,-27.64,NEGATIVE
2026-07-05 17:00:00,COT.Flow-In.Ave.15Minutes.3Hours.MIXED-COMPUTED-REV,-8.51,7.77,-16.28,NEGATIVE
2026-07-05 18:00:00,COT.Flow-In.Ave.15Minutes.3Hours.MIXED-COMPUTED-REV,-6.87,7.77,-14.64,NEGATIVE
2026-07-05 22:00:00,COT.Flow-In.Ave.15Minutes.3Hours.MIXED-COMPUTED-REV,-10.06,5.55,-15.62,NEGATIVE
2026-07-05 23:00:00,COT.Flow-In.Ave.15Minutes.3Hours.MIXED-COMPUTED-REV,-21.39,5.55,-26.95,NEGATIVE
2026-07-06 00:00:00,COT.Flow-In.Ave.15Minutes.3Hours.MIXED-COMPUTED-REV,-0.34,5.55,-5.89,NEGATIVE
2026-07-06 03:00:00,COT.Flow-In.Ave.15Minutes.3Hours.MIXED-COMPUTED-REV,-11.70,6.15,-17.85,NEGATIVE
2026-07-06 08:00:00,COT.Flow-In.Ave.15Minutes.3Hours.MIXED-COMPUTED-REV,-10.50,10.98,-21.48,NEGATIVE
2026-07-07 01:00:00,COT.Flow-In.Ave.15Minutes.3Hours.MIXED-COMPUTED-REV,-5.00,10.44,-15.44,NEGATIVE
2026-07-07 02:00:00,COT.Flow-In.Ave.15Minutes.3Hours.MIXED-COMPUTED-REV,-16.64,10.44,-27.08,NEGATIVE
2026-07-07 04:00:00,COT.Flow-In.Ave.15Minutes.3Hours.MIXED-COMPUTED-REV,-1.61,6.78,-8.39,NEGATIVE
2026-07-07 06:00:00,COT.Flow-In.Ave.15Minutes.3Hours.MIXED-COMPUTED-REV,-18.30,5.65,-23.94,NEGATIVE
2026-07-07 11:00:00,COT.Flow-In.Ave.15Minutes.3Hours.MIXED-COMPUTED-REV,-14.09,2.69,-16.78,NEGATIVE
2026-07-07 16:00:00,COT.Flow-In.Ave.15Minutes.3Hours.MIXED-COMPUTED-REV,-9.05,1.09,-10.15,NEGATIVE
2026-07-07 18:00:00,COT.Flow-In.Ave.15Minutes.3Hours.MIXED-COMPUTED-REV,-0.76,1.09,-1.85,NEGATIVE
2026-07-07 23:00:00,COT.Flow-In.Ave.15Minutes.3Hours.MIXED-COMPUTED-REV,-23.94,2.69,-26.64,NEGATIVE
2026-07-08 00:00:00,COT.Flow-In.Ave.15Minutes.3Hours.MIXED-COMPUTED-REV,-41.99,4.00,-45.98,NEGATIVE
2026-07-08 01:00:00,COT.Flow-In.Ave.15Minutes.3Hours.MIXED-COMPUTED-REV,-25.57,4.00,-29.57,NEGATIVE
2026-07-08 05:00:00,COT.Flow-In.Ave.15Minutes.3Hours.MIXED-COMPUTED-REV,-18.96,0.79,-19.75,NEGATIVE
2026-07-08 10:00:00,COT.Flow-In.Ave.15Minutes.3Hours.MIXED-COMPUTED-REV,-7.44,0.71,-8.15,NEGATIVE
2026-07-08 15:00:00,COT.Flow-In.Ave.15Minutes.3Hours.MIXED-COMPUTED-REV,-7.40,0.71,-8.11,NEGATIVE
2026-07-08 17:00:00,COT.Flow-In.Ave.15Minutes.3Hours.MIXED-COMPUTED-REV,-4.10,0.74,-4.84,NEGATIVE
2026-07-08 18:00:00,COT.Flow-In.Ave.15Minutes.3Hours.MIXED-COMPUTED-REV,-4.10,0.79,-4.89,NEGATIVE
2026-07-08 20:00:00,COT.Flow-In.Ave.15Minutes.3Hours.MIXED-COMPUTED-REV,-7.34,0.82,-8.16,NEGATIVE
2026-07-08 22:00:00,COT.Flow-In.Ave.15Minutes.3Hours.MIXED-COMPUTED-REV,-8.96,2.49,-11.45,NEGATIVE
2026-07-09 00:00:00,COT.Flow-In.Ave.15Minutes.3Hours.MIXED-COMPUTED-REV,-7.30,4.09,-11.39,NEGATIVE
2026-07-09 01:00:00,COT.Flow-In.Ave.15Minutes.3Hours.MIXED-COMPUTED-REV,-2.39,4.09,-6.48,NEGATIVE
2026-07-09 02:00:00,COT.Flow-In.Ave.15Minutes.3Hours.MIXED-COMPUTED-REV,-15.44,4.09,-19.53,NEGATIVE
2026-07-09 03:00:00,COT.Flow-In.Ave.15Minutes.3Hours.MIXED-COMPUTED-REV,-5.64,4.09,-9.72,NEGATIVE
2026-07-09 17:00:00,COT.Flow-In.Ave.15Minutes.3Hours.MIXED-COMPUTED-REV,-17.13,4.10,-21.24,NEGATIVE
2026-07-09 18:00:00,COT.Flow-In.Ave.15Minutes.3Hours.MIXED-COMPUTED-REV,-5.74,4.09,-9.83,NEGATIVE
2026-07-09 21:00:00,COT.Flow-In.Ave.15Minutes.3Hours.MIXED-COMPUTED-REV,-12.13,-4.63,-7.50,NEGATIVE
2026-07-09 22:00:00,COT.Flow-In.Ave.15Minutes.3Hours.MIXED-COMPUTED-REV,-20.25,-4.63,-15.62,NEGATIVE
2026-07-09 23:00:00,COT.Flow-In.Ave.15Minutes.3Hours.MIXED-COMPUTED-REV,-15.37,-4.63,-10.73,NEGATIVE
2026-07-10 00:00:00,COT.Flow-In.Ave.15Minutes.3Hours.MIXED-COMPUTED-REV,-15.44,-4.63,-10.81,NEGATIVE
2026-07-10 01:00:00,COT.Flow-In.Ave.15Minutes.3Hours.MIXED-COMPUTED-REV,-26.93,-4.63,-22.30,NEGATIVE
2026-07-10 02:00:00,COT.Flow-In.Ave.15Minutes.3Hours.MIXED-COMPUTED-REV,-35.34,-4.63,-30.70,NEGATIVE
2026-07-10 03:00:00,COT.Flow-In.Ave.15Minutes.3Hours.MIXED-COMPUTED-REV,-28.95,-4.63,-24.31,NEGATIVE
2026-07-10 04:00:00,COT.Flow-In.Ave.15Minutes.3Hours.MIXED-COMPUTED-REV,-24.16,-5.74,-18.42,NEGATIVE
2026-07-10 05:00:00,COT.Flow-In.Ave.15Minutes.3Hours.MIXED-COMPUTED-REV,-4.63,-5.74,1.11,NEGATIVE
2026-07-10 06:00:00,COT.Flow-In.Ave.15Minutes.3Hours.MIXED-COMPUTED-REV,-9.31,-5.74,-3.57,NEGATIVE
2026-07-10 08:00:00,COT.Flow-In.Ave.15Minutes.3Hours.MIXED-COMPUTED-REV,-14.04,-4.63,-9.41,NEGATIVE
2026-07-10 16:00:00,COT.Flow-In.Ave.15Minutes.3Hours.MIXED-COMPUTED-REV,-14.71,-1.62,-13.10,NEGATIVE
2026-07-10 17:00:00,COT.Flow-In.Ave.15Minutes.3Hours.MIXED-COMPUTED-REV,-1.62,0.17,-1.79,NEGATIVE
2026-07-10 18:00:00,COT.Flow-In.Ave.15Minutes.3Hours.MIXED-COMPUTED-REV,-8.03,0.48,-8.51,NEGATIVE
2026-07-10 22:00:00,COT.Flow-In.Ave.15Minutes.3Hours.MIXED-COMPUTED-REV,-6.25,4.74,-10.99,NEGATIVE
2026-07-10 23:00:00,COT.Flow-In.Ave.15Minutes.3Hours.MIXED-COMPUTED-REV,-20.89,4.74,-25.63,NEGATIVE
2026-07-11 00:00:00,COT.Flow-In.Ave.15Minutes.3Hours.MIXED-COMPUTED-REV,-17.74,4.62,-22.36,NEGATIVE
2026-07-11 01:00:00,COT.Flow-In.Ave.15Minutes.3Hours.MIXED-COMPUTED-REV,-16.04,3.35,-19.39,NEGATIVE
2026-07-11 02:00:00,COT.Flow-In.Ave.15Minutes.3Hours.MIXED-COMPUTED-REV,-20.89,3.03,-23.92,NEGATIVE
2026-07-11 03:00:00,COT.Flow-In.Ave.15Minutes.3Hours.MIXED-COMPUTED-REV,-12.80,0.17,-12.97,NEGATIVE
2026-07-11 13:00:00,COT.Flow-In.Ave.15Minutes.3Hours.MIXED-COMPUTED-REV,-14.77,-4.79,-9.98,NEGATIVE
2026-07-11 14:00:00,COT.Flow-In.Ave.15Minutes.3Hours.MIXED-COMPUTED-REV,-0.22,-4.79,4.57,NEGATIVE
2026-07-11 15:00:00,COT.Flow-In.Ave.15Minutes.3Hours.MIXED-COMPUTED-REV,-1.82,-4.79,2.97,NEGATIVE
2026-07-11 16:00:00,COT.Flow-In.Ave.15Minutes.3Hours.MIXED-COMPUTED-REV,-8.17,-4.79,-3.38,NEGATIVE
2026-07-11 17:00:00,COT.Flow-In.Ave.15Minutes.3Hours.MIXED-COMPUTED-REV,-24.18,-6.49,-17.69,NEGATIVE
2026-07-11 18:00:00,COT.Flow-In.Ave.15Minutes.3Hours.MIXED-COMPUTED-REV,-28.99,-6.49,-22.50,NEGATIVE
2026-07-11 19:00:00,COT.Flow-In.Ave.15Minutes.3Hours.MIXED-COMPUTED-REV,-24.18,-6.49,-17.69,NEGATIVE
2026-07-11 20:00:00,COT.Flow-In.Ave.15Minutes.3Hours.MIXED-COMPUTED-REV,-24.22,-6.49,-17.74,NEGATIVE
2026-07-11 21:00:00,COT.Flow-In.Ave.15Minutes.3Hours.MIXED-COMPUTED-REV,-17.76,-7.52,-10.25,NEGATIVE
2026-07-11 22:00:00,COT.Flow-In.Ave.15Minutes.3Hours.MIXED-COMPUTED-REV,-16.09,-7.52,-8.57,NEGATIVE
2026-07-11 23:00:00,COT.Flow-In.Ave.15Minutes.3Hours.MIXED-COMPUTED-REV,-4.79,-7.52,2.73,NEGATIVE
2026-07-12 00:00:00,COT.Flow-In.Ave.15Minutes.3Hours.MIXED-COMPUTED-REV,-14.39,-7.52,-6.87,NEGATIVE
2026-07-12 01:00:00,COT.Flow-In.Ave.15Minutes.3Hours.MIXED-COMPUTED-REV,-1.18,-7.52,6.34,NEGATIVE
2026-07-12 02:00:00,COT.Flow-In.Ave.15Minutes.3Hours.MIXED-COMPUTED-REV,-7.52,-6.49,-1.03,NEGATIVE
2026-07-12 03:00:00,COT.Flow-In.Ave.15Minutes.3Hours.MIXED-COMPUTED-REV,-9.18,-6.49,-2.69,NEGATIVE
2026-07-12 04:00:00,COT.Flow-In.Ave.15Minutes.3Hours.MIXED-COMPUTED-REV,-22.36,-7.52,-14.84,NEGATIVE
2026-07-12 05:00:00,COT.Flow-In.Ave.15Minutes.3Hours.MIXED-COMPUTED-REV,-6.49,-6.49,0.00,NEGATIVE
2026-07-12 08:00:00,COT.Flow-In.Ave.15Minutes.3Hours.MIXED-COMPUTED-REV,-6.20,-1.60,-4.60,NEGATIVE
2026-07-12 09:00:00,COT.Flow-In.Ave.15Minutes.3Hours.MIXED-COMPUTED-REV,-10.94,-1.60,-9.35,NEGATIVE
2026-07-12 14:00:00,COT.Flow-In.Ave.15Minutes.3Hours.MIXED-COMPUTED-REV,-1.60,2.30,-3.89,NEGATIVE
2026-07-12 16:00:00,COT.Flow-In.Ave.15Minutes.3Hours.MIXED-COMPUTED-REV,-9.47,3.33,-12.80,NEGATIVE
2026-07-12 18:00:00,COT.Flow-In.Ave.15Minutes.3Hours.MIXED-COMPUTED-REV,-0.95,3.33,-4.28,NEGATIVE
2026-07-12 21:00:00,COT.Flow-In.Ave.15Minutes.3Hours.MIXED-COMPUTED-REV,-7.31,2.30,-9.60,NEGATIVE
2026-07-13 05:00:00,COT.Flow-In.Ave.15Minutes.3Hours.MIXED-COMPUTED-REV,-17.15,-7.31,-9.84,NEGATIVE
2026-07-13 06:00:00,COT.Flow-In.Ave.15Minutes.3Hours.MIXED-COMPUTED-REV,-10.81,-7.31,-3.50,NEGATIVE
2026-07-13 07:00:00,COT.Flow-In.Ave.15Minutes.3Hours.MIXED-COMPUTED-REV,-14.16,-7.31,-6.86,NEGATIVE
2026-07-13 08:00:00,COT.Flow-In.Ave.15Minutes.3Hours.MIXED-COMPUTED-REV,-15.71,-7.31,-8.40,NEGATIVE
2026-07-13 09:00:00,COT.Flow-In.Ave.15Minutes.3Hours.MIXED-COMPUTED-REV,-22.03,-7.68,-14.35,NEGATIVE
2026-07-13 10:00:00,COT.Flow-In.Ave.15Minutes.3Hours.MIXED-COMPUTED-REV,-15.61,-7.68,-7.94,NEGATIVE
2026-07-13 11:00:00,COT.Flow-In.Ave.15Minutes.3Hours.MIXED-COMPUTED-REV,-10.85,-7.68,-3.17,NEGATIVE
2026-07-13 12:00:00,COT.Flow-In.Ave.15Minutes.3Hours.MIXED-COMPUTED-REV,-1.27,-7.68,6.41,NEGATIVE
2026-07-13 13:00:00,COT.Flow-In.Ave.15Minutes.3Hours.MIXED-COMPUTED-REV,-7.68,-7.68,0.00,NEGATIVE
2026-07-13 14:00:00,COT.Flow-In.Ave.15Minutes.3Hours.MIXED-COMPUTED-REV,-7.69,-7.68,-0.02,NEGATIVE
2026-07-13 15:00:00,COT.Flow-In.Ave.15Minutes.3Hours.MIXED-COMPUTED-REV,-18.96,-7.68,-11.29,NEGATIVE
2026-07-13 16:00:00,COT.Flow-In.Ave.15Minutes.3Hours.MIXED-COMPUTED-REV,-17.25,-7.68,-9.57,NEGATIVE
2026-07-13 17:00:00,COT.Flow-In.Ave.15Minutes.3Hours.MIXED-COMPUTED-REV,-12.16,-7.68,-4.49,NEGATIVE
2026-07-13 19:00:00,COT.Flow-In.Ave.15Minutes.3Hours.MIXED-COMPUTED-REV,-0.58,-1.27,0.69,NEGATIVE
2026-07-13 21:00:00,COT.Flow-In.Ave.15Minutes.3Hours.MIXED-COMPUTED-REV,-8.72,-0.58,-8.14,NEGATIVE
2026-07-14 05:00:00,COT.Flow-In.Ave.15Minutes.3Hours.MIXED-COMPUTED-REV,-2.68,3.75,-6.42,NEGATIVE
2026-07-14 07:00:00,COT.Flow-In.Ave.15Minutes.3Hours.MIXED-COMPUTED-REV,-1.11,3.75,-4.86,NEGATIVE
2026-07-14 10:00:00,COT.Flow-In.Ave.15Minutes.3Hours.MIXED-COMPUTED-REV,-2.81,3.79,-6.60,NEGATIVE
2026-07-14 12:00:00,COT.Flow-In.Ave.15Minutes.3Hours.MIXED-COMPUTED-REV,-1.20,3.79,-4.99,NEGATIVE
2026-07-14 15:00:00,COT.Flow-In.Ave.15Minutes.3Hours.MIXED-COMPUTED-REV,-2.70,3.75,-6.44,NEGATIVE
2026-07-14 17:00:00,COT.Flow-In.Ave.15Minutes.3Hours.MIXED-COMPUTED-REV,-13.71,2.00,-15.71,NEGATIVE
2026-07-14 18:00:00,COT.Flow-In.Ave.15Minutes.3Hours.MIXED-COMPUTED-REV,-0.95,2.00,-2.95,NEGATIVE
2026-07-14 19:00:00,COT.Flow-In.Ave.15Minutes.3Hours.MIXED-COMPUTED-REV,-7.38,0.59,-7.97,NEGATIVE
2026-07-15 03:00:00,COT.Flow-In.Ave.15Minutes.3Hours.MIXED-COMPUTED-REV,-4.08,-5.73,1.65,NEGATIVE
2026-07-15 04:00:00,COT.Flow-In.Ave.15Minutes.3Hours.MIXED-COMPUTED-REV,-5.73,-5.73,0.00,NEGATIVE
2026-07-15 05:00:00,COT.Flow-In.Ave.15Minutes.3Hours.MIXED-COMPUTED-REV,-12.16,-5.73,-6.43,NEGATIVE
2026-07-15 06:00:00,COT.Flow-In.Ave.15Minutes.3Hours.MIXED-COMPUTED-REV,-28.08,-5.71,-22.37,NEGATIVE
2026-07-15 07:00:00,COT.Flow-In.Ave.15Minutes.3Hours.MIXED-COMPUTED-REV,-28.06,-5.73,-22.33,NEGATIVE
2026-07-15 08:00:00,COT.Flow-In.Ave.15Minutes.3Hours.MIXED-COMPUTED-REV,-28.04,-5.71,-22.33,NEGATIVE
2026-07-15 09:00:00,COT.Flow-In.Ave.15Minutes.3Hours.MIXED-COMPUTED-REV,-16.87,-5.73,-11.13,NEGATIVE
2026-07-15 10:00:00,COT.Flow-In.Ave.15Minutes.3Hours.MIXED-COMPUTED-REV,-18.36,-5.73,-12.63,NEGATIVE
2026-07-15 11:00:00,COT.Flow-In.Ave.15Minutes.3Hours.MIXED-COMPUTED-REV,-7.22,-6.91,-0.30,NEGATIVE
2026-07-15 12:00:00,COT.Flow-In.Ave.15Minutes.3Hours.MIXED-COMPUTED-REV,-7.22,-6.91,-0.30,NEGATIVE
2026-07-15 13:00:00,COT.Flow-In.Ave.15Minutes.3Hours.MIXED-COMPUTED-REV,-8.87,-6.91,-1.96,NEGATIVE
2026-07-15 14:00:00,COT.Flow-In.Ave.15Minutes.3Hours.MIXED-COMPUTED-REV,-21.59,-6.91,-14.67,NEGATIVE
2026-07-15 15:00:00,COT.Flow-In.Ave.15Minutes.3Hours.MIXED-COMPUTED-REV,-5.71,-6.91,1.20,NEGATIVE
2026-07-15 19:00:00,COT.Flow-In.Ave.15Minutes.3Hours.MIXED-COMPUTED-REV,-6.91,-5.71,-1.20,NEGATIVE
2026-07-15 21:00:00,COT.Flow-In.Ave.15Minutes.3Hours.MIXED-COMPUTED-REV,-8.70,-5.71,-2.99,NEGATIVE
2026-07-15 22:00:00,COT.Flow-In.Ave.15Minutes.3Hours.MIXED-COMPUTED-REV,-3.97,-3.97,0.00,NEGATIVE
2026-07-15 23:00:00,COT.Flow-In.Ave.15Minutes.3Hours.MIXED-COMPUTED-REV,-18.17,-0.17,-18.00,NEGATIVE
2026-07-16 07:00:00,COT.Flow-In.Ave.15Minutes.3Hours.MIXED-COMPUTED-REV,-17.95,-0.00,-17.95,NEGATIVE
2026-07-16 08:00:00,COT.Flow-In.Ave.15Minutes.3Hours.MIXED-COMPUTED-REV,-16.34,0.93,-17.27,NEGATIVE
2026-07-16 09:00:00,COT.Flow-In.Ave.15Minutes.3Hours.MIXED-COMPUTED-REV,-19.55,0.93,-20.48,NEGATIVE
2026-07-16 10:00:00,COT.Flow-In.Ave.15Minutes.3Hours.MIXED-COMPUTED-REV,-0.17,1.96,-2.13,NEGATIVE
2026-07-16 13:00:00,COT.Flow-In.Ave.15Minutes.3Hours.MIXED-COMPUTED-REV,-0.14,1.96,-2.10,NEGATIVE
2026-07-16 14:00:00,COT.Flow-In.Ave.15Minutes.3Hours.MIXED-COMPUTED-REV,-14.58,-0.00,-14.58,NEGATIVE
2026-07-16 15:00:00,COT.Flow-In.Ave.15Minutes.3Hours.MIXED-COMPUTED-REV,-0.00,-0.14,0.13,NEGATIVE
2026-07-16 16:00:00,COT.Flow-In.Ave.15Minutes.3Hours.MIXED-COMPUTED-REV,-9.66,-0.17,-9.49,NEGATIVE
2026-07-16 18:00:00,COT.Flow-In.Ave.15Minutes.3Hours.MIXED-COMPUTED-REV,-1.45,-1.45,0.00,NEGATIVE
2026-07-16 23:00:00,COT.Flow-In.Ave.15Minutes.3Hours.MIXED-COMPUTED-REV,-22.26,-1.54,-20.72,NEGATIVE
2026-07-17 00:00:00,COT.Flow-In.Ave.15Minutes.3Hours.MIXED-COMPUTED-REV,-57.73,-1.54,-56.19,NEGATIVE
2026-07-17 01:00:00,COT.Flow-In.Ave.15Minutes.3Hours.MIXED-COMPUTED-REV,-60.93,-2.80,-58.13,NEGATIVE
2026-07-17 02:00:00,COT.Flow-In.Ave.15Minutes.3Hours.MIXED-COMPUTED-REV,-44.83,-3.13,-41.70,NEGATIVE
2026-07-17 03:00:00,COT.Flow-In.Ave.15Minutes.3Hours.MIXED-COMPUTED-REV,-23.88,-2.80,-21.08,NEGATIVE
2026-07-17 04:00:00,COT.Flow-In.Ave.15Minutes.3Hours.MIXED-COMPUTED-REV,-15.87,-2.80,-13.07,NEGATIVE
2026-07-17 05:00:00,COT.Flow-In.Ave.15Minutes.3Hours.MIXED-COMPUTED-REV,-17.48,-2.80,-14.69,NEGATIVE
2026-07-17 07:00:00,COT.Flow-In.Ave.15Minutes.3Hours.MIXED-COMPUTED-REV,-2.80,-4.58,1.79,NEGATIVE
2026-07-17 08:00:00,COT.Flow-In.Ave.15Minutes.3Hours.MIXED-COMPUTED-REV,-1.25,-4.58,3.33,NEGATIVE
2026-07-17 09:00:00,COT.Flow-In.Ave.15Minutes.3Hours.MIXED-COMPUTED-REV,-19.12,-4.58,-14.54,NEGATIVE
2026-07-17 10:00:00,COT.Flow-In.Ave.15Minutes.3Hours.MIXED-COMPUTED-REV,-1.54,-4.61,3.07,NEGATIVE
2026-07-17 11:00:00,COT.Flow-In.Ave.15Minutes.3Hours.MIXED-COMPUTED-REV,-3.13,-6.15,3.02,NEGATIVE
2026-07-17 13:00:00,COT.Flow-In.Ave.15Minutes.3Hours.MIXED-COMPUTED-REV,-4.61,-6.15,1.54,NEGATIVE
2026-07-17 14:00:00,COT.Flow-In.Ave.15Minutes.3Hours.MIXED-COMPUTED-REV,-4.58,-6.15,1.57,NEGATIVE
2026-07-17 17:00:00,COT.Flow-In.Ave.15Minutes.3Hours.MIXED-COMPUTED-REV,-6.15,-3.13,-3.02,NEGATIVE
2026-07-17 18:00:00,COT.Flow-In.Ave.15Minutes.3Hours.MIXED-COMPUTED-REV,-26.96,-3.13,-23.83,NEGATIVE
2026-07-17 19:00:00,COT.Flow-In.Ave.15Minutes.3Hours.MIXED-COMPUTED-REV,-14.13,-3.13,-11.01,NEGATIVE
2026-07-17 22:00:00,COT.Flow-In.Ave.15Minutes.3Hours.MIXED-COMPUTED-REV,-18.81,-2.20,-16.61,NEGATIVE
2026-07-17 23:00:00,COT.Flow-In.Ave.15Minutes.3Hours.MIXED-COMPUTED-REV,-21.76,-2.20,-19.56,NEGATIVE
2026-07-18 00:00:00,COT.Flow-In.Ave.15Minutes.3Hours.MIXED-COMPUTED-REV,-24.23,0.97,-25.20,NEGATIVE
2026-07-18 01:00:00,COT.Flow-In.Ave.15Minutes.3Hours.MIXED-COMPUTED-REV,-24.79,0.97,-25.76,NEGATIVE
2026-07-18 02:00:00,COT.Flow-In.Ave.15Minutes.3Hours.MIXED-COMPUTED-REV,-9.20,1.89,-11.09,NEGATIVE
2026-07-18 05:00:00,COT.Flow-In.Ave.15Minutes.3Hours.MIXED-COMPUTED-REV,-2.20,-2.20,0.00,NEGATIVE
2026-07-18 06:00:00,COT.Flow-In.Ave.15Minutes.3Hours.MIXED-COMPUTED-REV,-13.42,-2.20,-11.22,NEGATIVE
2026-07-18 15:00:00,COT.Flow-In.Ave.15Minutes.3Hours.MIXED-COMPUTED-REV,-8.99,-8.99,0.00,NEGATIVE
2026-07-18 16:00:00,COT.Flow-In.Ave.15Minutes.3Hours.MIXED-COMPUTED-REV,-32.82,-8.99,-23.83,NEGATIVE
2026-07-18 17:00:00,COT.Flow-In.Ave.15Minutes.3Hours.MIXED-COMPUTED-REV,-39.11,-8.99,-30.12,NEGATIVE
2026-07-18 18:00:00,COT.Flow-In.Ave.15Minutes.3Hours.MIXED-COMPUTED-REV,-30.97,-8.99,-21.99,NEGATIVE
2026-07-18 19:00:00,COT.Flow-In.Ave.15Minutes.3Hours.MIXED-COMPUTED-REV,-19.73,-7.30,-12.43,NEGATIVE
2026-07-18 20:00:00,COT.Flow-In.Ave.15Minutes.3Hours.MIXED-COMPUTED-REV,-16.56,-7.30,-9.25,NEGATIVE
2026-07-18 21:00:00,COT.Flow-In.Ave.15Minutes.3Hours.MIXED-COMPUTED-REV,-18.10,-7.30,-10.80,NEGATIVE
2026-07-18 22:00:00,COT.Flow-In.Ave.15Minutes.3Hours.MIXED-COMPUTED-REV,-30.88,-7.30,-23.58,NEGATIVE
2026-07-18 23:00:00,COT.Flow-In.Ave.15Minutes.3Hours.MIXED-COMPUTED-REV,-27.64,-7.30,-20.34,NEGATIVE
2026-07-19 00:00:00,COT.Flow-In.Ave.15Minutes.3Hours.MIXED-COMPUTED-REV,-24.51,-7.30,-17.21,NEGATIVE
2026-07-19 01:00:00,COT.Flow-In.Ave.15Minutes.3Hours.MIXED-COMPUTED-REV,-23.05,-7.30,-15.75,NEGATIVE
2026-07-19 02:00:00,COT.Flow-In.Ave.15Minutes.3Hours.MIXED-COMPUTED-REV,-24.71,-7.32,-17.40,NEGATIVE
2026-07-19 03:00:00,COT.Flow-In.Ave.15Minutes.3Hours.MIXED-COMPUTED-REV,-7.30,-7.32,0.01,NEGATIVE
2026-07-19 04:00:00,COT.Flow-In.Ave.15Minutes.3Hours.MIXED-COMPUTED-REV,-5.73,-7.30,1.57,NEGATIVE
2026-07-19 09:00:00,COT.Flow-In.Ave.15Minutes.3Hours.MIXED-COMPUTED-REV,-5.60,-4.12,-1.48,NEGATIVE
2026-07-19 13:00:00,COT.Flow-In.Ave.15Minutes.3Hours.MIXED-COMPUTED-REV,-2.56,-2.56,0.00,NEGATIVE
2026-07-19 14:00:00,COT.Flow-In.Ave.15Minutes.3Hours.MIXED-COMPUTED-REV,-7.32,2.31,-9.63,NEGATIVE
2026-07-19 15:00:00,COT.Flow-In.Ave.15Minutes.3Hours.MIXED-COMPUTED-REV,-4.12,2.64,-6.76,NEGATIVE
2026-07-19 16:00:00,COT.Flow-In.Ave.15Minutes.3Hours.MIXED-COMPUTED-REV,-7.17,2.77,-9.94,NEGATIVE
2026-07-19 18:00:00,COT.Flow-In.Ave.15Minutes.3Hours.MIXED-COMPUTED-REV,-3.47,2.96,-6.43,NEGATIVE
2026-07-19 20:00:00,COT.Flow-In.Ave.15Minutes.3Hours.MIXED-COMPUTED-REV,-9.87,2.77,-12.63,NEGATIVE
2026-07-19 22:00:00,COT.Flow-In.Ave.15Minutes.3Hours.MIXED-COMPUTED-REV,-5.02,2.64,-7.65,NEGATIVE
2026-07-20 00:00:00,COT.Flow-In.Ave.15Minutes.3Hours.MIXED-COMPUTED-REV,-3.27,-2.56,-0.71,NEGATIVE
2026-07-20 08:00:00,COT.Flow-In.Ave.15Minutes.3Hours.MIXED-COMPUTED-REV,-10.01,-8.65,-1.37,NEGATIVE
2026-07-20 09:00:00,COT.Flow-In.Ave.15Minutes.3Hours.MIXED-COMPUTED-REV,-11.59,-8.65,-2.94,NEGATIVE
2026-07-20 10:00:00,COT.Flow-In.Ave.15Minutes.3Hours.MIXED-COMPUTED-REV,-27.28,-8.70,-18.59,NEGATIVE
2026-07-20 11:00:00,COT.Flow-In.Ave.15Minutes.3Hours.MIXED-COMPUTED-REV,-28.87,-10.01,-18.86,NEGATIVE
2026-07-20 12:00:00,COT.Flow-In.Ave.15Minutes.3Hours.MIXED-COMPUTED-REV,-17.88,-10.33,-7.55,NEGATIVE
2026-07-20 13:00:00,COT.Flow-In.Ave.15Minutes.3Hours.MIXED-COMPUTED-REV,-16.41,-10.48,-5.93,NEGATIVE
2026-07-20 14:00:00,COT.Flow-In.Ave.15Minutes.3Hours.MIXED-COMPUTED-REV,-19.62,-11.03,-8.58,NEGATIVE
2026-07-20 15:00:00,COT.Flow-In.Ave.15Minutes.3Hours.MIXED-COMPUTED-REV,-19.40,-11.59,-7.82,NEGATIVE
2026-07-20 16:00:00,COT.Flow-In.Ave.15Minutes.3Hours.MIXED-COMPUTED-REV,-14.29,-12.94,-1.35,NEGATIVE
2026-07-20 17:00:00,COT.Flow-In.Ave.15Minutes.3Hours.MIXED-COMPUTED-REV,-7.58,-14.29,6.71,NEGATIVE
2026-07-20 18:00:00,COT.Flow-In.Ave.15Minutes.3Hours.MIXED-COMPUTED-REV,-10.48,-15.35,4.88,NEGATIVE
2026-07-20 19:00:00,COT.Flow-In.Ave.15Minutes.3Hours.MIXED-COMPUTED-REV,-10.33,-16.41,6.08,NEGATIVE
2026-07-20 20:00:00,COT.Flow-In.Ave.15Minutes.3Hours.MIXED-COMPUTED-REV,-8.65,-17.15,8.50,NEGATIVE
2026-07-20 21:00:00,COT.Flow-In.Ave.15Minutes.3Hours.MIXED-COMPUTED-REV,-8.70,-17.88,9.18,NEGATIVE
2026-07-20 22:00:00,COT.Flow-In.Ave.15Minutes.3Hours.MIXED-COMPUTED-REV,-19.46,-18.64,-0.82,NEGATIVE
2026-07-20 23:00:00,COT.Flow-In.Ave.15Minutes.3Hours.MIXED-COMPUTED-REV,-60.88,-17.88,-43.00,NEGATIVE
2026-07-21 00:00:00,COT.Flow-In.Ave.15Minutes.3Hours.MIXED-COMPUTED-REV,-115.55,-17.15,-98.40,NEGATIVE
2026-07-21 01:00:00,COT.Flow-In.Ave.15Minutes.3Hours.MIXED-COMPUTED-REV,-136.47,-16.41,-120.06,NEGATIVE
2026-07-22 02:00:00,COT.Flow-In.Ave.15Minutes.3Hours.MIXED-COMPUTED-REV,-8.53,-8.11,-0.42,NEGATIVE
2026-07-22 03:00:00,COT.Flow-In.Ave.15Minutes.3Hours.MIXED-COMPUTED-REV,-17.89,-7.02,-10.87,NEGATIVE
2026-07-22 04:00:00,COT.Flow-In.Ave.15Minutes.3Hours.MIXED-COMPUTED-REV,-27.22,-5.93,-21.29,NEGATIVE
2026-07-22 05:00:00,COT.Flow-In.Ave.15Minutes.3Hours.MIXED-COMPUTED-REV,-25.45,-5.72,-19.74,NEGATIVE
2026-07-22 06:00:00,COT.Flow-In.Ave.15Minutes.3Hours.MIXED-COMPUTED-REV,-9.65,-5.93,-3.71,NEGATIVE
2026-07-22 07:00:00,COT.Flow-In.Ave.15Minutes.3Hours.MIXED-COMPUTED-REV,-8.11,-7.02,-1.09,NEGATIVE
2026-07-22 09:00:00,COT.Flow-In.Ave.15Minutes.3Hours.MIXED-COMPUTED-REV,-8.37,-5.93,-2.44,NEGATIVE
2026-07-22 10:00:00,COT.Flow-In.Ave.15Minutes.3Hours.MIXED-COMPUTED-REV,-5.50,-5.93,0.43,NEGATIVE
2026-07-22 11:00:00,COT.Flow-In.Ave.15Minutes.3Hours.MIXED-COMPUTED-REV,-21.36,-5.93,-15.43,NEGATIVE
2026-07-22 12:00:00,COT.Flow-In.Ave.15Minutes.3Hours.MIXED-COMPUTED-REV,-23.15,-8.11,-15.04,NEGATIVE
2026-07-22 13:00:00,COT.Flow-In.Ave.15Minutes.3Hours.MIXED-COMPUTED-REV,-12.28,-8.37,-3.91,NEGATIVE
2026-07-22 14:00:00,COT.Flow-In.Ave.15Minutes.3Hours.MIXED-COMPUTED-REV,-5.93,-8.37,2.44,NEGATIVE
2026-07-22 18:00:00,COT.Flow-In.Ave.15Minutes.3Hours.MIXED-COMPUTED-REV,-13.42,-8.11,-5.31,NEGATIVE
2026-07-22 19:00:00,COT.Flow-In.Ave.15Minutes.3Hours.MIXED-COMPUTED-REV,-13.25,-7.76,-5.50,NEGATIVE
2026-07-22 20:00:00,COT.Flow-In.Ave.15Minutes.3Hours.MIXED-COMPUTED-REV,-0.90,-5.93,5.04,NEGATIVE
2026-07-22 23:00:00,COT.Flow-In.Ave.15Minutes.3Hours.MIXED-COMPUTED-REV,-1.31,-1.31,0.00,NEGATIVE
2026-07-23 00:00:00,COT.Flow-In.Ave.15Minutes.3Hours.MIXED-COMPUTED-REV,-9.17,-0.90,-8.28,NEGATIVE
2026-07-23 01:00:00,COT.Flow-In.Ave.15Minutes.3Hours.MIXED-COMPUTED-REV,-10.81,0.07,-10.88,NEGATIVE
2026-07-23 02:00:00,COT.Flow-In.Ave.15Minutes.3Hours.MIXED-COMPUTED-REV,-7.76,0.09,-7.85,NEGATIVE
2026-07-23 03:00:00,COT.Flow-In.Ave.15Minutes.3Hours.MIXED-COMPUTED-REV,-9.31,0.10,-9.41,NEGATIVE
2026-07-23 04:00:00,COT.Flow-In.Ave.15Minutes.3Hours.MIXED-COMPUTED-REV,-18.65,0.10,-18.75,NEGATIVE
2026-07-23 05:00:00,COT.Flow-In.Ave.15Minutes.3Hours.MIXED-COMPUTED-REV,-9.29,0.10,-9.39,NEGATIVE
2026-07-23 18:00:00,COT.Flow-In.Ave.15Minutes.3Hours.MIXED-COMPUTED-REV,-7.59,0.09,-7.68,NEGATIVE
2026-07-23 19:00:00,COT.Flow-In.Ave.15Minutes.3Hours.MIXED-COMPUTED-REV,-30.90,0.09,-30.99,NEGATIVE
2026-07-23 20:00:00,COT.Flow-In.Ave.15Minutes.3Hours.MIXED-COMPUTED-REV,-41.75,-2.29,-39.46,NEGATIVE
2026-07-23 21:00:00,COT.Flow-In.Ave.15Minutes.3Hours.MIXED-COMPUTED-REV,-35.50,-2.29,-33.21,NEGATIVE
2026-07-23 22:00:00,COT.Flow-In.Ave.15Minutes.3Hours.MIXED-COMPUTED-REV,-35.48,-2.29,-33.19,NEGATIVE
2026-07-23 23:00:00,COT.Flow-In.Ave.15Minutes.3Hours.MIXED-COMPUTED-REV,-33.90,-2.29,-31.60,NEGATIVE
2026-07-24 00:00:00,COT.Flow-In.Ave.15Minutes.3Hours.MIXED-COMPUTED-REV,-26.11,-3.60,-22.52,NEGATIVE
2026-07-24 01:00:00,COT.Flow-In.Ave.15Minutes.3Hours.MIXED-COMPUTED-REV,-22.99,-3.60,-19.39,NEGATIVE
2026-07-24 02:00:00,COT.Flow-In.Ave.15Minutes.3Hours.MIXED-COMPUTED-REV,-16.96,-5.39,-11.57,NEGATIVE
2026-07-24 03:00:00,COT.Flow-In.Ave.15Minutes.3Hours.MIXED-COMPUTED-REV,-18.98,-5.39,-13.59,NEGATIVE
2026-07-24 04:00:00,COT.Flow-In.Ave.15Minutes.3Hours.MIXED-COMPUTED-REV,-3.60,-5.39,1.79,NEGATIVE
2026-07-24 07:00:00,COT.Flow-In.Ave.15Minutes.3Hours.MIXED-COMPUTED-REV,-7.04,-6.91,-0.14,NEGATIVE
2026-07-24 08:00:00,COT.Flow-In.Ave.15Minutes.3Hours.MIXED-COMPUTED-REV,-2.29,-6.91,4.62,NEGATIVE
2026-07-24 12:00:00,COT.Flow-In.Ave.15Minutes.3Hours.MIXED-COMPUTED-REV,-10.15,-6.88,-3.27,NEGATIVE
2026-07-24 14:00:00,COT.Flow-In.Ave.15Minutes.3Hours.MIXED-COMPUTED-REV,-5.39,-6.81,1.43,NEGATIVE
2026-07-24 16:00:00,COT.Flow-In.Ave.15Minutes.3Hours.MIXED-COMPUTED-REV,-3.79,-3.79,0.00,NEGATIVE
2026-07-24 18:00:00,COT.Flow-In.Ave.15Minutes.3Hours.MIXED-COMPUTED-REV,-6.92,-3.79,-3.13,NEGATIVE
2026-07-24 19:00:00,COT.Flow-In.Ave.15Minutes.3Hours.MIXED-COMPUTED-REV,-6.91,-3.79,-3.12,NEGATIVE
2026-07-24 20:00:00,COT.Flow-In.Ave.15Minutes.3Hours.MIXED-COMPUTED-REV,-13.20,-2.29,-10.91,NEGATIVE
2026-07-24 21:00:00,COT.Flow-In.Ave.15Minutes.3Hours.MIXED-COMPUTED-REV,-6.88,-3.79,-3.10,NEGATIVE
2026-07-24 22:00:00,COT.Flow-In.Ave.15Minutes.3Hours.MIXED-COMPUTED-REV,-10.02,-5.39,-4.63,NEGATIVE
2026-07-24 23:00:00,COT.Flow-In.Ave.15Minutes.3Hours.MIXED-COMPUTED-REV,-11.58,-6.81,-4.77,NEGATIVE
2026-07-25 00:00:00,COT.Flow-In.Ave.15Minutes.3Hours.MIXED-COMPUTED-REV,-22.60,-6.88,-15.71,NEGATIVE
2026-07-25 01:00:00,COT.Flow-In.Ave.15Minutes.3Hours.MIXED-COMPUTED-REV,-16.28,-6.88,-9.39,NEGATIVE
2026-07-25 02:00:00,COT.Flow-In.Ave.15Minutes.3Hours.MIXED-COMPUTED-REV,-6.81,-6.91,0.09,NEGATIVE
2026-07-25 09:00:00,COT.Flow-In.Ave.15Minutes.3Hours.MIXED-COMPUTED-REV,-16.18,-11.58,-4.60,NEGATIVE
2026-07-25 10:00:00,COT.Flow-In.Ave.15Minutes.3Hours.MIXED-COMPUTED-REV,-39.75,-14.38,-25.37,NEGATIVE
2026-07-25 11:00:00,COT.Flow-In.Ave.15Minutes.3Hours.MIXED-COMPUTED-REV,-50.73,-14.38,-36.35,NEGATIVE
2026-07-25 12:00:00,COT.Flow-In.Ave.15Minutes.3Hours.MIXED-COMPUTED-REV,-39.71,-14.38,-25.32,NEGATIVE
2026-07-25 13:00:00,COT.Flow-In.Ave.15Minutes.3Hours.MIXED-COMPUTED-REV,-23.95,-8.12,-15.84,NEGATIVE
2026-07-25 14:00:00,COT.Flow-In.Ave.15Minutes.3Hours.MIXED-COMPUTED-REV,-23.93,-8.12,-15.81,NEGATIVE
2026-07-25 15:00:00,COT.Flow-In.Ave.15Minutes.3Hours.MIXED-COMPUTED-REV,-23.91,-8.12,-15.80,NEGATIVE
2026-07-25 16:00:00,COT.Flow-In.Ave.15Minutes.3Hours.MIXED-COMPUTED-REV,-20.75,-9.60,-11.15,NEGATIVE
2026-07-25 17:00:00,COT.Flow-In.Ave.15Minutes.3Hours.MIXED-COMPUTED-REV,-17.59,-9.60,-7.99,NEGATIVE
2026-07-25 18:00:00,COT.Flow-In.Ave.15Minutes.3Hours.MIXED-COMPUTED-REV,-14.44,-9.60,-4.84,NEGATIVE
2026-07-25 21:00:00,COT.Flow-In.Ave.15Minutes.3Hours.MIXED-COMPUTED-REV,-8.12,-9.60,1.49,NEGATIVE
2026-07-25 22:00:00,COT.Flow-In.Ave.15Minutes.3Hours.MIXED-COMPUTED-REV,-14.38,-9.58,-4.81,NEGATIVE
2026-07-26 02:00:00,COT.Flow-In.Ave.15Minutes.3Hours.MIXED-COMPUTED-REV,-9.63,-6.35,-3.28,NEGATIVE
2026-07-26 03:00:00,COT.Flow-In.Ave.15Minutes.3Hours.MIXED-COMPUTED-REV,-0.22,-3.25,3.03,NEGATIVE
2026-07-26 04:00:00,COT.Flow-In.Ave.15Minutes.3Hours.MIXED-COMPUTED-REV,-9.60,-3.25,-6.36,NEGATIVE
2026-07-26 05:00:00,COT.Flow-In.Ave.15Minutes.3Hours.MIXED-COMPUTED-REV,-0.20,-3.22,3.02,NEGATIVE
2026-07-26 06:00:00,COT.Flow-In.Ave.15Minutes.3Hours.MIXED-COMPUTED-REV,-9.58,-1.63,-7.95,NEGATIVE
2026-07-26 07:00:00,COT.Flow-In.Ave.15Minutes.3Hours.MIXED-COMPUTED-REV,-0.18,-0.22,0.04,NEGATIVE
2026-07-26 08:00:00,COT.Flow-In.Ave.15Minutes.3Hours.MIXED-COMPUTED-REV,-9.55,-0.22,-9.33,NEGATIVE
2026-07-26 09:00:00,COT.Flow-In.Ave.15Minutes.3Hours.MIXED-COMPUTED-REV,-0.15,-0.22,0.07,NEGATIVE
2026-07-26 10:00:00,COT.Flow-In.Ave.15Minutes.3Hours.MIXED-COMPUTED-REV,-9.53,-0.22,-9.31,NEGATIVE
2026-07-26 12:00:00,COT.Flow-In.Ave.15Minutes.3Hours.MIXED-COMPUTED-REV,-3.25,-1.63,-1.62,NEGATIVE
2026-07-26 14:00:00,COT.Flow-In.Ave.15Minutes.3Hours.MIXED-COMPUTED-REV,-6.35,-3.25,-3.10,NEGATIVE
2026-07-26 15:00:00,COT.Flow-In.Ave.15Minutes.3Hours.MIXED-COMPUTED-REV,-3.22,-3.25,0.03,NEGATIVE
2026-07-26 16:00:00,COT.Flow-In.Ave.15Minutes.3Hours.MIXED-COMPUTED-REV,-6.33,-6.33,0.00,NEGATIVE
2026-07-26 17:00:00,COT.Flow-In.Ave.15Minutes.3Hours.MIXED-COMPUTED-REV,-1.63,-6.33,4.69,NEGATIVE
2026-07-26 18:00:00,COT.Flow-In.Ave.15Minutes.3Hours.MIXED-COMPUTED-REV,-0.06,-6.35,6.29,NEGATIVE
2026-07-26 19:00:00,COT.Flow-In.Ave.15Minutes.3Hours.MIXED-COMPUTED-REV,-0.05,-6.35,6.30,NEGATIVE
2026-07-26 22:00:00,COT.Flow-In.Ave.15Minutes.3Hours.MIXED-COMPUTED-REV,-9.37,-6.35,-3.02,NEGATIVE
2026-07-26 23:00:00,COT.Flow-In.Ave.15Minutes.3Hours.MIXED-COMPUTED-REV,-31.20,-6.33,-24.88,NEGATIVE
2026-07-27 00:00:00,COT.Flow-In.Ave.15Minutes.3Hours.MIXED-COMPUTED-REV,-32.74,-6.33,-26.42,NEGATIVE
2026-07-27 01:00:00,COT.Flow-In.Ave.15Minutes.3Hours.MIXED-COMPUTED-REV,-18.68,-6.33,-12.36,NEGATIVE
2026-07-27 02:00:00,COT.Flow-In.Ave.15Minutes.3Hours.MIXED-COMPUTED-REV,-34.24,-6.33,-27.91,NEGATIVE
2026-07-27 03:00:00,COT.Flow-In.Ave.15Minutes.3Hours.MIXED-COMPUTED-REV,-29.55,-4.53,-25.01,NEGATIVE
2026-07-27 04:00:00,COT.Flow-In.Ave.15Minutes.3Hours.MIXED-COMPUTED-REV,-27.97,-4.53,-23.44,NEGATIVE
2026-07-27 05:00:00,COT.Flow-In.Ave.15Minutes.3Hours.MIXED-COMPUTED-REV,-7.70,-4.53,-3.17,NEGATIVE
2026-07-27 06:00:00,COT.Flow-In.Ave.15Minutes.3Hours.MIXED-COMPUTED-REV,-12.35,-4.53,-7.82,NEGATIVE
2026-07-27 07:00:00,COT.Flow-In.Ave.15Minutes.3Hours.MIXED-COMPUTED-REV,-17.01,-4.53,-12.47,NEGATIVE
2026-07-27 08:00:00,COT.Flow-In.Ave.15Minutes.3Hours.MIXED-COMPUTED-REV,-16.99,-6.00,-10.99,NEGATIVE
2026-07-27 09:00:00,COT.Flow-In.Ave.15Minutes.3Hours.MIXED-COMPUTED-REV,-4.53,-7.70,3.17,NEGATIVE
2026-07-27 10:00:00,COT.Flow-In.Ave.15Minutes.3Hours.MIXED-COMPUTED-REV,-2.96,-9.19,6.22,NEGATIVE
2026-07-27 16:00:00,COT.Flow-In.Ave.15Minutes.3Hours.MIXED-COMPUTED-REV,-1.35,-7.70,6.35,NEGATIVE
2026-07-27 17:00:00,COT.Flow-In.Ave.15Minutes.3Hours.MIXED-COMPUTED-REV,-6.00,-6.00,0.00,NEGATIVE
2026-07-27 19:00:00,COT.Flow-In.Ave.15Minutes.3Hours.MIXED-COMPUTED-REV,-4.52,-4.53,0.02,NEGATIVE
2026-07-27 20:00:00,COT.Flow-In.Ave.15Minutes.3Hours.MIXED-COMPUTED-REV,-9.19,-4.53,-4.65,NEGATIVE
2026-07-27 21:00:00,COT.Flow-In.Ave.15Minutes.3Hours.MIXED-COMPUTED-REV,-15.38,-4.52,-10.87,NEGATIVE
2026-07-27 22:00:00,COT.Flow-In.Ave.15Minutes.3Hours.MIXED-COMPUTED-REV,-10.70,-2.96,-7.73,NEGATIVE
2026-07-27 23:00:00,COT.Flow-In.Ave.15Minutes.3Hours.MIXED-COMPUTED-REV,-10.79,-1.35,-9.45,NEGATIVE
2026-07-28 00:00:00,COT.Flow-In.Ave.15Minutes.3Hours.MIXED-COMPUTED-REV,-17.15,-1.35,-15.81,NEGATIVE
2026-07-28 01:00:00,COT.Flow-In.Ave.15Minutes.3Hours.MIXED-COMPUTED-REV,-11.07,-1.35,-9.72,NEGATIVE
2026-07-28 02:00:00,COT.Flow-In.Ave.15Minutes.3Hours.MIXED-COMPUTED-REV,-9.44,-4.52,-4.92,NEGATIVE
2026-07-28 03:00:00,COT.Flow-In.Ave.15Minutes.3Hours.MIXED-COMPUTED-REV,-0.03,-4.84,4.81,NEGATIVE
2026-07-28 04:00:00,COT.Flow-In.Ave.15Minutes.3Hours.MIXED-COMPUTED-REV,-9.25,-5.13,-4.12,NEGATIVE
2026-07-28 05:00:00,COT.Flow-In.Ave.15Minutes.3Hours.MIXED-COMPUTED-REV,-0.05,-6.00,5.95,NEGATIVE
2026-07-28 06:00:00,COT.Flow-In.Ave.15Minutes.3Hours.MIXED-COMPUTED-REV,-9.44,-9.19,-0.26,NEGATIVE
2026-07-28 08:00:00,COT.Flow-In.Ave.15Minutes.3Hours.MIXED-COMPUTED-REV,-4.84,-9.44,4.60,NEGATIVE
2026-07-28 13:00:00,COT.Flow-In.Ave.15Minutes.3Hours.MIXED-COMPUTED-REV,-0.37,-9.44,9.07,NEGATIVE
2026-07-28 14:00:00,COT.Flow-In.Ave.15Minutes.3Hours.MIXED-COMPUTED-REV,-5.13,-9.25,4.12,NEGATIVE
2026-07-28 15:00:00,COT.Flow-In.Ave.15Minutes.3Hours.MIXED-COMPUTED-REV,-16.17,-7.19,-8.98,NEGATIVE
2026-07-28 16:00:00,COT.Flow-In.Ave.15Minutes.3Hours.MIXED-COMPUTED-REV,-31.69,-7.19,-24.51,NEGATIVE
2026-07-28 17:00:00,COT.Flow-In.Ave.15Minutes.3Hours.MIXED-COMPUTED-REV,-42.27,-5.13,-37.14,NEGATIVE
2026-07-28 18:00:00,COT.Flow-In.Ave.15Minutes.3Hours.MIXED-COMPUTED-REV,-35.79,-7.19,-28.60,NEGATIVE
2026-07-28 19:00:00,COT.Flow-In.Ave.15Minutes.3Hours.MIXED-COMPUTED-REV,-27.83,-5.13,-22.70,NEGATIVE
2026-07-28 20:00:00,COT.Flow-In.Ave.15Minutes.3Hours.MIXED-COMPUTED-REV,-17.05,-5.13,-11.93,NEGATIVE
2026-07-28 21:00:00,COT.Flow-In.Ave.15Minutes.3Hours.MIXED-COMPUTED-REV,-21.91,-5.13,-16.79,NEGATIVE
2026-07-28 22:00:00,COT.Flow-In.Ave.15Minutes.3Hours.MIXED-COMPUTED-REV,-23.74,-7.08,-16.66,NEGATIVE
2026-07-28 23:00:00,COT.Flow-In.Ave.15Minutes.3Hours.MIXED-COMPUTED-REV,-24.01,-7.08,-16.93,NEGATIVE
2026-07-29 00:00:00,COT.Flow-In.Ave.15Minutes.3Hours.MIXED-COMPUTED-REV,-19.48,-7.08,-12.40,NEGATIVE
2026-07-29 01:00:00,COT.Flow-In.Ave.15Minutes.3Hours.MIXED-COMPUTED-REV,-7.19,-7.08,-0.11,NEGATIVE
2026-07-29 02:00:00,COT.Flow-In.Ave.15Minutes.3Hours.MIXED-COMPUTED-REV,-2.55,-7.19,4.64,NEGATIVE
2026-07-29 06:00:00,COT.Flow-In.Ave.15Minutes.3Hours.MIXED-COMPUTED-REV,-13.29,-7.08,-6.21,NEGATIVE
2026-07-29 07:00:00,COT.Flow-In.Ave.15Minutes.3Hours.MIXED-COMPUTED-REV,-4.04,-7.08,3.04,NEGATIVE
2026-07-29 08:00:00,COT.Flow-In.Ave.15Minutes.3Hours.MIXED-COMPUTED-REV,-4.02,-5.51,1.48,NEGATIVE
2026-07-29 10:00:00,COT.Flow-In.Ave.15Minutes.3Hours.MIXED-COMPUTED-REV,-7.08,-4.02,-3.06,NEGATIVE
2026-07-29 11:00:00,COT.Flow-In.Ave.15Minutes.3Hours.MIXED-COMPUTED-REV,-2.46,-2.55,0.09,NEGATIVE
2026-07-29 12:00:00,COT.Flow-In.Ave.15Minutes.3Hours.MIXED-COMPUTED-REV,-0.90,-2.46,1.55,NEGATIVE
2026-07-29 13:00:00,COT.Flow-In.Ave.15Minutes.3Hours.MIXED-COMPUTED-REV,-5.51,-0.90,-4.60,NEGATIVE
2026-07-29 14:00:00,COT.Flow-In.Ave.15Minutes.3Hours.MIXED-COMPUTED-REV,-14.72,0.71,-15.43,NEGATIVE
2026-07-29 15:00:00,COT.Flow-In.Ave.15Minutes.3Hours.MIXED-COMPUTED-REV,-8.56,0.74,-9.30,NEGATIVE
2026-07-29 18:00:00,COT.Flow-In.Ave.15Minutes.3Hours.MIXED-COMPUTED-REV,-7.94,-2.46,-5.49,NEGATIVE
2026-07-29 19:00:00,COT.Flow-In.Ave.15Minutes.3Hours.MIXED-COMPUTED-REV,-7.80,-2.46,-5.34,NEGATIVE
2026-07-30 04:00:00,COT.Flow-In.Ave.15Minutes.3Hours.MIXED-COMPUTED-REV,-25.27,-7.80,-17.47,NEGATIVE
2026-07-30 05:00:00,COT.Flow-In.Ave.15Minutes.3Hours.MIXED-COMPUTED-REV,-31.39,-7.80,-23.59,NEGATIVE
2026-07-30 06:00:00,COT.Flow-In.Ave.15Minutes.3Hours.MIXED-COMPUTED-REV,-42.10,-7.80,-34.30,NEGATIVE
2026-07-30 07:00:00,COT.Flow-In.Ave.15Minutes.3Hours.MIXED-COMPUTED-REV,-28.28,-6.71,-21.57,NEGATIVE
2026-07-30 08:00:00,COT.Flow-In.Ave.15Minutes.3Hours.MIXED-COMPUTED-REV,-19.06,-5.01,-14.05,NEGATIVE
2026-07-30 09:00:00,COT.Flow-In.Ave.15Minutes.3Hours.MIXED-COMPUTED-REV,-11.39,-6.71,-4.68,NEGATIVE
2026-07-30 10:00:00,COT.Flow-In.Ave.15Minutes.3Hours.MIXED-COMPUTED-REV,-11.37,-11.21,-0.17,NEGATIVE
2026-07-30 11:00:00,COT.Flow-In.Ave.15Minutes.3Hours.MIXED-COMPUTED-REV,-15.95,-11.31,-4.64,NEGATIVE
2026-07-30 12:00:00,COT.Flow-In.Ave.15Minutes.3Hours.MIXED-COMPUTED-REV,-23.58,-11.37,-12.21,NEGATIVE
2026-07-30 13:00:00,COT.Flow-In.Ave.15Minutes.3Hours.MIXED-COMPUTED-REV,-18.98,-11.37,-7.60,NEGATIVE
2026-07-30 14:00:00,COT.Flow-In.Ave.15Minutes.3Hours.MIXED-COMPUTED-REV,-11.31,-11.37,0.06,NEGATIVE
2026-07-30 15:00:00,COT.Flow-In.Ave.15Minutes.3Hours.MIXED-COMPUTED-REV,-6.71,-11.37,4.66,NEGATIVE
2026-07-30 17:00:00,COT.Flow-In.Ave.15Minutes.3Hours.MIXED-COMPUTED-REV,-3.58,-11.37,7.79,NEGATIVE
2026-07-30 19:00:00,COT.Flow-In.Ave.15Minutes.3Hours.MIXED-COMPUTED-REV,-5.01,-11.21,6.19,NEGATIVE
2026-07-30 20:00:00,COT.Flow-In.Ave.15Minutes.3Hours.MIXED-COMPUTED-REV,-0.45,-9.39,8.94,NEGATIVE
2026-07-30 21:00:00,COT.Flow-In.Ave.15Minutes.3Hours.MIXED-COMPUTED-REV,-14.26,-7.90,-6.36,NEGATIVE
2026-07-30 22:00:00,COT.Flow-In.Ave.15Minutes.3Hours.MIXED-COMPUTED-REV,-11.21,-6.71,-4.50,NEGATIVE
2026-07-30 23:00:00,COT.Flow-In.Ave.15Minutes.3Hours.MIXED-COMPUTED-REV,-14.16,-6.52,-7.65,NEGATIVE
2026-07-31 00:00:00,COT.Flow-In.Ave.15Minutes.3Hours.MIXED-COMPUTED-REV,-12.48,-5.01,-7.46,NEGATIVE
2026-07-31 01:00:00,COT.Flow-In.Ave.15Minutes.3Hours.MIXED-COMPUTED-REV,-9.39,-3.58,-5.81,NEGATIVE
2026-07-31 02:00:00,COT.Flow-In.Ave.15Minutes.3Hours.MIXED-COMPUTED-REV,-7.90,-3.49,-4.41,NEGATIVE
2026-07-31 03:00:00,COT.Flow-In.Ave.15Minutes.3Hours.MIXED-COMPUTED-REV,-6.52,-3.48,-3.04,NEGATIVE
2026-07-31 04:00:00,COT.Flow-In.Ave.15Minutes.3Hours.MIXED-COMPUTED-REV,-12.64,-0.45,-12.20,NEGATIVE
2026-07-31 05:00:00,COT.Flow-In.Ave.15Minutes.3Hours.MIXED-COMPUTED-REV,-3.49,-0.45,-3.04,NEGATIVE
2026-07-31 06:00:00,COT.Flow-In.Ave.15Minutes.3Hours.MIXED-COMPUTED-REV,-3.48,-0.41,-3.07,NEGATIVE
2026-07-31 08:00:00,COT.Flow-In.Ave.15Minutes.3Hours.MIXED-COMPUTED-REV,-0.41,-0.45,0.04,NEGATIVE
2026-07-31 09:00:00,COT.Flow-In.Ave.15Minutes.3Hours.MIXED-COMPUTED-REV,-0.40,-1.61,1.21,NEGATIVE
2026-07-31 19:00:00,COT.Flow-In.Ave.15Minutes.3Hours.MIXED-COMPUTED-REV,-1.61,-0.41,-1.20,NEGATIVE
2026-07-31 20:00:00,COT.Flow-In.Ave.15Minutes.3Hours.MIXED-COMPUTED-REV,-21.24,-1.61,-19.63,NEGATIVE
2026-07-31 21:00:00,COT.Flow-In.Ave.15Minutes.3Hours.MIXED-COMPUTED-REV,-37.90,-3.90,-34.00,NEGATIVE
2026-07-31 22:00:00,COT.Flow-In.Ave.15Minutes.3Hours.MIXED-COMPUTED-REV,-42.50,-4.05,-38.46,NEGATIVE
2026-07-31 23:00:00,COT.Flow-In.Ave.15Minutes.3Hours.MIXED-COMPUTED-REV,-24.26,-4.13,-20.12,NEGATIVE
2026-08-01 00:00:00,COT.Flow-In.Ave.15Minutes.3Hours.MIXED-COMPUTED-REV,-22.74,-5.50,-17.23,NEGATIVE
2026-08-01 01:00:00,COT.Flow-In.Ave.15Minutes.3Hours.MIXED-COMPUTED-REV,-21.25,-6.84,-14.41,NEGATIVE
2026-08-01 02:00:00,COT.Flow-In.Ave.15Minutes.3Hours.MIXED-COMPUTED-REV,-10.60,-6.84,-3.76,NEGATIVE
2026-08-01 03:00:00,COT.Flow-In.Ave.15Minutes.3Hours.MIXED-COMPUTED-REV,-12.18,-6.84,-5.34,NEGATIVE
2026-08-01 04:00:00,COT.Flow-In.Ave.15Minutes.3Hours.MIXED-COMPUTED-REV,-20.07,-9.94,-10.13,NEGATIVE
2026-08-01 05:00:00,COT.Flow-In.Ave.15Minutes.3Hours.MIXED-COMPUTED-REV,-15.65,-9.94,-5.71,NEGATIVE
2026-08-01 06:00:00,COT.Flow-In.Ave.15Minutes.3Hours.MIXED-COMPUTED-REV,-3.90,-9.94,6.04,NEGATIVE
2026-08-01 08:00:00,COT.Flow-In.Ave.15Minutes.3Hours.MIXED-COMPUTED-REV,-13.45,-10.60,-2.85,NEGATIVE
2026-08-01 09:00:00,COT.Flow-In.Ave.15Minutes.3Hours.MIXED-COMPUTED-REV,-4.13,-10.60,6.47,NEGATIVE
2026-08-01 10:00:00,COT.Flow-In.Ave.15Minutes.3Hours.MIXED-COMPUTED-REV,-4.05,-10.60,6.56,NEGATIVE
2026-08-01 11:00:00,COT.Flow-In.Ave.15Minutes.3Hours.MIXED-COMPUTED-REV,-5.50,-10.60,5.10,NEGATIVE
2026-08-01 12:00:00,COT.Flow-In.Ave.15Minutes.3Hours.MIXED-COMPUTED-REV,-17.76,-9.94,-7.82,NEGATIVE
2026-08-01 13:00:00,COT.Flow-In.Ave.15Minutes.3Hours.MIXED-COMPUTED-REV,-6.84,-8.23,1.39,NEGATIVE
2026-08-01 14:00:00,COT.Flow-In.Ave.15Minutes.3Hours.MIXED-COMPUTED-REV,-5.17,-6.84,1.67,NEGATIVE
2026-08-01 16:00:00,COT.Flow-In.Ave.15Minutes.3Hours.MIXED-COMPUTED-REV,-9.94,-5.17,-4.77,NEGATIVE
2026-08-01 18:00:00,COT.Flow-In.Ave.15Minutes.3Hours.MIXED-COMPUTED-REV,-3.41,-4.13,0.72,NEGATIVE
2026-08-01 19:00:00,COT.Flow-In.Ave.15Minutes.3Hours.MIXED-COMPUTED-REV,-4.59,-4.13,-0.46,NEGATIVE
2026-08-01 20:00:00,COT.Flow-In.Ave.15Minutes.3Hours.MIXED-COMPUTED-REV,-16.89,-4.59,-12.30,NEGATIVE
2026-08-01 21:00:00,COT.Flow-In.Ave.15Minutes.3Hours.MIXED-COMPUTED-REV,-17.08,-4.59,-12.49,NEGATIVE
2026-08-01 22:00:00,COT.Flow-In.Ave.15Minutes.3Hours.MIXED-COMPUTED-REV,-17.33,-5.17,-12.16,NEGATIVE
2026-08-01 23:00:00,COT.Flow-In.Ave.15Minutes.3Hours.MIXED-COMPUTED-REV,-19.00,-5.50,-13.50,NEGATIVE
2026-08-02 00:00:00,COT.Flow-In.Ave.15Minutes.3Hours.MIXED-COMPUTED-REV,-8.23,-6.84,-1.39,NEGATIVE
2026-08-02 08:00:00,COT.Flow-In.Ave.15Minutes.3Hours.MIXED-COMPUTED-REV,-19.08,-16.20,-2.88,NEGATIVE
2026-08-02 09:00:00,COT.Flow-In.Ave.15Minutes.3Hours.MIXED-COMPUTED-REV,-37.41,-16.02,-21.39,NEGATIVE
2026-08-02 10:00:00,COT.Flow-In.Ave.15Minutes.3Hours.MIXED-COMPUTED-REV,-32.52,-15.14,-17.38,NEGATIVE
2026-08-02 11:00:00,COT.Flow-In.Ave.15Minutes.3Hours.MIXED-COMPUTED-REV,-18.46,-11.48,-6.98,NEGATIVE
2026-08-02 12:00:00,COT.Flow-In.Ave.15Minutes.3Hours.MIXED-COMPUTED-REV,-16.72,-11.48,-5.25,NEGATIVE
2026-08-02 13:00:00,COT.Flow-In.Ave.15Minutes.3Hours.MIXED-COMPUTED-REV,-15.14,-15.14,0.00,NEGATIVE
2026-08-02 14:00:00,COT.Flow-In.Ave.15Minutes.3Hours.MIXED-COMPUTED-REV,-10.48,-15.89,5.41,NEGATIVE
2026-08-02 15:00:00,COT.Flow-In.Ave.15Minutes.3Hours.MIXED-COMPUTED-REV,-21.11,-15.89,-5.21,NEGATIVE
2026-08-02 16:00:00,COT.Flow-In.Ave.15Minutes.3Hours.MIXED-COMPUTED-REV,-22.51,-15.89,-6.61,NEGATIVE
2026-08-02 17:00:00,COT.Flow-In.Ave.15Minutes.3Hours.MIXED-COMPUTED-REV,-16.20,-15.89,-0.31,NEGATIVE
2026-08-02 18:00:00,COT.Flow-In.Ave.15Minutes.3Hours.MIXED-COMPUTED-REV,-11.48,-15.89,4.42,NEGATIVE
2026-08-02 19:00:00,COT.Flow-In.Ave.15Minutes.3Hours.MIXED-COMPUTED-REV,-11.38,-15.89,4.52,NEGATIVE
2026-08-02 20:00:00,COT.Flow-In.Ave.15Minutes.3Hours.MIXED-COMPUTED-REV,-17.54,-15.89,-1.65,NEGATIVE
2026-08-02 21:00:00,COT.Flow-In.Ave.15Minutes.3Hours.MIXED-COMPUTED-REV,-16.02,-15.14,-0.88,NEGATIVE
2026-08-02 22:00:00,COT.Flow-In.Ave.15Minutes.3Hours.MIXED-COMPUTED-REV,-6.82,-13.57,6.75,NEGATIVE
2026-08-02 23:00:00,COT.Flow-In.Ave.15Minutes.3Hours.MIXED-COMPUTED-REV,-8.26,-12.05,3.79,NEGATIVE
2026-08-03 00:00:00,COT.Flow-In.Ave.15Minutes.3Hours.MIXED-COMPUTED-REV,-15.89,-11.77,-4.12,NEGATIVE
2026-08-03 01:00:00,COT.Flow-In.Ave.15Minutes.3Hours.MIXED-COMPUTED-REV,-17.49,-11.48,-6.02,NEGATIVE
2026-08-03 02:00:00,COT.Flow-In.Ave.15Minutes.3Hours.MIXED-COMPUTED-REV,-16.08,-11.38,-4.70,NEGATIVE
2026-08-03 03:00:00,COT.Flow-In.Ave.15Minutes.3Hours.MIXED-COMPUTED-REV,-5.63,-11.38,5.74,NEGATIVE
2026-08-03 04:00:00,COT.Flow-In.Ave.15Minutes.3Hours.MIXED-COMPUTED-REV,-12.05,-10.68,-1.37,NEGATIVE
2026-08-03 05:00:00,COT.Flow-In.Ave.15Minutes.3Hours.MIXED-COMPUTED-REV,-10.68,-10.28,-0.40,NEGATIVE
2026-08-03 06:00:00,COT.Flow-In.Ave.15Minutes.3Hours.MIXED-COMPUTED-REV,-13.57,-8.63,-4.94,NEGATIVE
2026-08-03 07:00:00,COT.Flow-In.Ave.15Minutes.3Hours.MIXED-COMPUTED-REV,-10.28,-8.26,-2.02,NEGATIVE
2026-08-03 08:00:00,COT.Flow-In.Ave.15Minutes.3Hours.MIXED-COMPUTED-REV,-11.77,-8.26,-3.51,NEGATIVE
2026-08-03 12:00:00,COT.Flow-In.Ave.15Minutes.3Hours.MIXED-COMPUTED-REV,-8.63,-10.28,1.66,NEGATIVE
2026-08-03 19:00:00,COT.Flow-In.Ave.15Minutes.3Hours.MIXED-COMPUTED-REV,-6.46,-8.63,2.17,NEGATIVE
2026-08-03 20:00:00,COT.Flow-In.Ave.15Minutes.3Hours.MIXED-COMPUTED-REV,-21.64,-6.46,-15.18,NEGATIVE
2026-08-03 21:00:00,COT.Flow-In.Ave.15Minutes.3Hours.MIXED-COMPUTED-REV,-29.28,-6.46,-22.82,NEGATIVE
2026-08-03 22:00:00,COT.Flow-In.Ave.15Minutes.3Hours.MIXED-COMPUTED-REV,-40.06,-6.46,-33.60,NEGATIVE
2026-08-03 23:00:00,COT.Flow-In.Ave.15Minutes.3Hours.MIXED-COMPUTED-REV,-32.60,-6.46,-26.14,NEGATIVE
2026-08-04 00:00:00,COT.Flow-In.Ave.15Minutes.3Hours.MIXED-COMPUTED-REV,-28.12,-6.46,-21.66,NEGATIVE
2026-08-04 01:00:00,COT.Flow-In.Ave.15Minutes.3Hours.MIXED-COMPUTED-REV,-25.00,-5.38,-19.62,NEGATIVE
2026-08-04 02:00:00,COT.Flow-In.Ave.15Minutes.3Hours.MIXED-COMPUTED-REV,-26.57,-5.38,-21.19,NEGATIVE
2026-08-04 03:00:00,COT.Flow-In.Ave.15Minutes.3Hours.MIXED-COMPUTED-REV,-34.33,-6.46,-27.87,NEGATIVE
2026-08-04 04:00:00,COT.Flow-In.Ave.15Minutes.3Hours.MIXED-COMPUTED-REV,-23.87,-6.46,-17.41,NEGATIVE
2026-08-04 05:00:00,COT.Flow-In.Ave.15Minutes.3Hours.MIXED-COMPUTED-REV,-17.73,-7.68,-10.05,NEGATIVE
2026-08-04 07:00:00,COT.Flow-In.Ave.15Minutes.3Hours.MIXED-COMPUTED-REV,-3.87,-7.73,3.86,NEGATIVE
2026-08-04 08:00:00,COT.Flow-In.Ave.15Minutes.3Hours.MIXED-COMPUTED-REV,-5.38,-9.28,3.90,NEGATIVE
2026-08-04 09:00:00,COT.Flow-In.Ave.15Minutes.3Hours.MIXED-COMPUTED-REV,-16.00,-9.28,-6.72,NEGATIVE
2026-08-04 13:00:00,COT.Flow-In.Ave.15Minutes.3Hours.MIXED-COMPUTED-REV,-5.23,-6.27,1.04,NEGATIVE
2026-08-04 14:00:00,COT.Flow-In.Ave.15Minutes.3Hours.MIXED-COMPUTED-REV,-5.08,-5.38,0.30,NEGATIVE
2026-08-04 15:00:00,COT.Flow-In.Ave.15Minutes.3Hours.MIXED-COMPUTED-REV,-10.96,-5.23,-5.74,NEGATIVE
2026-08-04 16:00:00,COT.Flow-In.Ave.15Minutes.3Hours.MIXED-COMPUTED-REV,-4.73,-5.08,0.35,NEGATIVE
2026-08-04 17:00:00,COT.Flow-In.Ave.15Minutes.3Hours.MIXED-COMPUTED-REV,-7.68,-4.74,-2.94,NEGATIVE
2026-08-04 19:00:00,COT.Flow-In.Ave.15Minutes.3Hours.MIXED-COMPUTED-REV,-7.73,-4.73,-3.00,NEGATIVE
2026-08-04 20:00:00,COT.Flow-In.Ave.15Minutes.3Hours.MIXED-COMPUTED-REV,-9.28,-4.73,-4.55,NEGATIVE
2026-08-04 21:00:00,COT.Flow-In.Ave.15Minutes.3Hours.MIXED-COMPUTED-REV,-18.37,-2.05,-16.32,NEGATIVE
2026-08-04 22:00:00,COT.Flow-In.Ave.15Minutes.3Hours.MIXED-COMPUTED-REV,-15.36,-2.05,-13.31,NEGATIVE
2026-08-04 23:00:00,COT.Flow-In.Ave.15Minutes.3Hours.MIXED-COMPUTED-REV,-6.27,-4.73,-1.54,NEGATIVE
2026-08-05 00:00:00,COT.Flow-In.Ave.15Minutes.3Hours.MIXED-COMPUTED-REV,-4.74,-4.74,0.00,NEGATIVE
2026-08-05 01:00:00,COT.Flow-In.Ave.15Minutes.3Hours.MIXED-COMPUTED-REV,-0.38,-5.08,4.70,NEGATIVE
2026-08-05 05:00:00,COT.Flow-In.Ave.15Minutes.3Hours.MIXED-COMPUTED-REV,-2.05,-7.68,5.63,NEGATIVE
2026-08-05 10:00:00,COT.Flow-In.Ave.15Minutes.3Hours.MIXED-COMPUTED-REV,-21.14,-15.36,-5.78,NEGATIVE
2026-08-05 11:00:00,COT.Flow-In.Ave.15Minutes.3Hours.MIXED-COMPUTED-REV,-27.07,-18.11,-8.96,NEGATIVE
2026-08-05 12:00:00,COT.Flow-In.Ave.15Minutes.3Hours.MIXED-COMPUTED-REV,-22.59,-20.13,-2.46,NEGATIVE
2026-08-05 13:00:00,COT.Flow-In.Ave.15Minutes.3Hours.MIXED-COMPUTED-REV,-21.18,-21.14,-0.05,NEGATIVE
2026-08-05 14:00:00,COT.Flow-In.Ave.15Minutes.3Hours.MIXED-COMPUTED-REV,-21.26,-21.14,-0.12,NEGATIVE
2026-08-05 15:00:00,COT.Flow-In.Ave.15Minutes.3Hours.MIXED-COMPUTED-REV,-15.15,-21.14,5.98,NEGATIVE
2026-08-05 16:00:00,COT.Flow-In.Ave.15Minutes.3Hours.MIXED-COMPUTED-REV,-18.11,-21.14,3.03,NEGATIVE
2026-08-05 17:00:00,COT.Flow-In.Ave.15Minutes.3Hours.MIXED-COMPUTED-REV,-22.55,-21.14,-1.41,NEGATIVE
2026-08-05 18:00:00,COT.Flow-In.Ave.15Minutes.3Hours.MIXED-COMPUTED-REV,-33.26,-21.14,-12.13,NEGATIVE
2026-08-05 19:00:00,COT.Flow-In.Ave.15Minutes.3Hours.MIXED-COMPUTED-REV,-25.95,-21.14,-4.81,NEGATIVE
2026-08-05 20:00:00,COT.Flow-In.Ave.15Minutes.3Hours.MIXED-COMPUTED-REV,-20.13,-21.14,1.01,NEGATIVE
2026-08-05 21:00:00,COT.Flow-In.Ave.15Minutes.3Hours.MIXED-COMPUTED-REV,-45.85,-21.14,-24.71,NEGATIVE
2026-08-05 22:00:00,COT.Flow-In.Ave.15Minutes.3Hours.MIXED-COMPUTED-REV,-157.13,-21.14,-136.00,NEGATIVE
2026-08-05 23:00:00,COT.Flow-In.Ave.15Minutes.3Hours.MIXED-COMPUTED-REV,-184.28,-20.13,-164.15,NEGATIVE
2026-08-06 00:00:00,COT.Flow-In.Ave.15Minutes.3Hours.MIXED-COMPUTED-REV,-148.27,-18.11,-130.16,NEGATIVE
2026-08-06 01:00:00,COT.Flow-In.Ave.15Minutes.3Hours.MIXED-COMPUTED-REV,-34.11,-15.15,-18.96,NEGATIVE
2026-08-06 02:00:00,COT.Flow-In.Ave.15Minutes.3Hours.MIXED-COMPUTED-REV,-10.12,-11.56,1.43,NEGATIVE
2026-08-06 04:00:00,COT.Flow-In.Ave.15Minutes.3Hours.MIXED-COMPUTED-REV,-2.62,-10.12,7.51,NEGATIVE
2026-08-06 06:00:00,COT.Flow-In.Ave.15Minutes.3Hours.MIXED-COMPUTED-REV,-5.59,-5.59,0.00,NEGATIVE
2026-08-06 07:00:00,COT.Flow-In.Ave.15Minutes.3Hours.MIXED-COMPUTED-REV,-5.58,-5.59,0.01,NEGATIVE
2026-08-06 08:00:00,COT.Flow-In.Ave.15Minutes.3Hours.MIXED-COMPUTED-REV,-11.56,-5.59,-5.97,NEGATIVE
2026-08-06 09:00:00,COT.Flow-In.Ave.15Minutes.3Hours.MIXED-COMPUTED-REV,-2.56,-5.59,3.03,NEGATIVE
2026-08-06 10:00:00,COT.Flow-In.Ave.15Minutes.3Hours.MIXED-COMPUTED-REV,-2.55,-5.58,3.03,NEGATIVE
2026-08-06 12:00:00,COT.Flow-In.Ave.15Minutes.3Hours.MIXED-COMPUTED-REV,-5.52,-5.52,0.00,NEGATIVE
2026-08-06 13:00:00,COT.Flow-In.Ave.15Minutes.3Hours.MIXED-COMPUTED-REV,-2.52,-5.50,2.98,NEGATIVE
2026-08-06 14:00:00,COT.Flow-In.Ave.15Minutes.3Hours.MIXED-COMPUTED-REV,-5.50,-5.50,0.00,NEGATIVE
2026-08-06 15:00:00,COT.Flow-In.Ave.15Minutes.3Hours.MIXED-COMPUTED-REV,-5.49,-5.50,0.01,NEGATIVE
2026-08-06 16:00:00,COT.Flow-In.Ave.15Minutes.3Hours.MIXED-COMPUTED-REV,-11.45,-5.50,-5.96,NEGATIVE
2026-08-06 17:00:00,COT.Flow-In.Ave.15Minutes.3Hours.MIXED-COMPUTED-REV,-2.47,-5.50,3.02,NEGATIVE
2026-08-06 18:00:00,COT.Flow-In.Ave.15Minutes.3Hours.MIXED-COMPUTED-REV,-11.42,-5.52,-5.90,NEGATIVE
2026-08-06 19:00:00,COT.Flow-In.Ave.15Minutes.3Hours.MIXED-COMPUTED-REV,-26.34,-5.52,-20.82,NEGATIVE
2026-08-06 20:00:00,COT.Flow-In.Ave.15Minutes.3Hours.MIXED-COMPUTED-REV,-24.84,-5.50,-19.34,NEGATIVE
2026-08-06 21:00:00,COT.Flow-In.Ave.15Minutes.3Hours.MIXED-COMPUTED-REV,-18.85,-5.49,-13.36,NEGATIVE
2026-08-06 22:00:00,COT.Flow-In.Ave.15Minutes.3Hours.MIXED-COMPUTED-REV,-5.38,-5.50,0.12,NEGATIVE
2026-08-06 23:00:00,COT.Flow-In.Ave.15Minutes.3Hours.MIXED-COMPUTED-REV,-15.82,-5.52,-10.30,NEGATIVE
2026-08-07 00:00:00,COT.Flow-In.Ave.15Minutes.3Hours.MIXED-COMPUTED-REV,-3.87,-6.70,2.83,NEGATIVE
2026-08-07 01:00:00,COT.Flow-In.Ave.15Minutes.3Hours.MIXED-COMPUTED-REV,-3.85,-6.72,2.87,NEGATIVE
2026-08-07 02:00:00,COT.Flow-In.Ave.15Minutes.3Hours.MIXED-COMPUTED-REV,-8.31,-6.76,-1.55,NEGATIVE
2026-08-07 03:00:00,COT.Flow-In.Ave.15Minutes.3Hours.MIXED-COMPUTED-REV,-12.78,-6.76,-6.02,NEGATIVE
2026-08-07 04:00:00,COT.Flow-In.Ave.15Minutes.3Hours.MIXED-COMPUTED-REV,-3.82,-6.76,2.95,NEGATIVE
2026-08-07 05:00:00,COT.Flow-In.Ave.15Minutes.3Hours.MIXED-COMPUTED-REV,-3.80,-6.72,2.92,NEGATIVE
2026-08-07 06:00:00,COT.Flow-In.Ave.15Minutes.3Hours.MIXED-COMPUTED-REV,-12.73,-6.76,-5.97,NEGATIVE
2026-08-07 07:00:00,COT.Flow-In.Ave.15Minutes.3Hours.MIXED-COMPUTED-REV,-6.76,-6.76,0.00,NEGATIVE
2026-08-07 10:00:00,COT.Flow-In.Ave.15Minutes.3Hours.MIXED-COMPUTED-REV,-6.72,-6.72,0.00,NEGATIVE
2026-08-07 11:00:00,COT.Flow-In.Ave.15Minutes.3Hours.MIXED-COMPUTED-REV,-8.20,-6.72,-1.48,NEGATIVE
2026-08-07 12:00:00,COT.Flow-In.Ave.15Minutes.3Hours.MIXED-COMPUTED-REV,-6.70,-6.72,0.02,NEGATIVE
2026-08-07 13:00:00,COT.Flow-In.Ave.15Minutes.3Hours.MIXED-COMPUTED-REV,-9.66,-6.72,-2.94,NEGATIVE
2026-08-07 14:00:00,COT.Flow-In.Ave.15Minutes.3Hours.MIXED-COMPUTED-REV,-15.59,-6.72,-8.87,NEGATIVE
2026-08-07 15:00:00,COT.Flow-In.Ave.15Minutes.3Hours.MIXED-COMPUTED-REV,-2.20,-6.70,4.50,NEGATIVE
2026-08-07 18:00:00,COT.Flow-In.Ave.15Minutes.3Hours.MIXED-COMPUTED-REV,-19.89,-6.76,-13.13,NEGATIVE
2026-08-07 19:00:00,COT.Flow-In.Ave.15Minutes.3Hours.MIXED-COMPUTED-REV,-32.24,-6.76,-25.48,NEGATIVE
2026-08-07 20:00:00,COT.Flow-In.Ave.15Minutes.3Hours.MIXED-COMPUTED-REV,-34.70,-7.30,-27.40,NEGATIVE
2026-08-07 21:00:00,COT.Flow-In.Ave.15Minutes.3Hours.MIXED-COMPUTED-REV,-17.77,-7.31,-10.46,NEGATIVE
2026-08-07 22:00:00,COT.Flow-In.Ave.15Minutes.3Hours.MIXED-COMPUTED-REV,-3.06,-7.31,4.25,NEGATIVE
2026-08-07 23:00:00,COT.Flow-In.Ave.15Minutes.3Hours.MIXED-COMPUTED-REV,-2.84,-7.31,4.47,NEGATIVE
2026-08-08 00:00:00,COT.Flow-In.Ave.15Minutes.3Hours.MIXED-COMPUTED-REV,-8.77,-7.30,-1.47,NEGATIVE
2026-08-08 01:00:00,COT.Flow-In.Ave.15Minutes.3Hours.MIXED-COMPUTED-REV,-2.79,-7.30,4.51,NEGATIVE
2026-08-08 02:00:00,COT.Flow-In.Ave.15Minutes.3Hours.MIXED-COMPUTED-REV,-2.77,-7.30,4.53,NEGATIVE
2026-08-08 03:00:00,COT.Flow-In.Ave.15Minutes.3Hours.MIXED-COMPUTED-REV,-4.29,-7.30,3.01,NEGATIVE
2026-08-08 04:00:00,COT.Flow-In.Ave.15Minutes.3Hours.MIXED-COMPUTED-REV,-7.31,-7.31,0.00,NEGATIVE
2026-08-08 05:00:00,COT.Flow-In.Ave.15Minutes.3Hours.MIXED-COMPUTED-REV,-7.30,-8.77,1.47,NEGATIVE
2026-08-08 06:00:00,COT.Flow-In.Ave.15Minutes.3Hours.MIXED-COMPUTED-REV,-20.61,-9.08,-11.53,NEGATIVE
2026-08-08 07:00:00,COT.Flow-In.Ave.15Minutes.3Hours.MIXED-COMPUTED-REV,-27.99,-9.08,-18.91,NEGATIVE
2026-08-08 08:00:00,COT.Flow-In.Ave.15Minutes.3Hours.MIXED-COMPUTED-REV,-25.04,-9.08,-15.96,NEGATIVE
2026-08-08 09:00:00,COT.Flow-In.Ave.15Minutes.3Hours.MIXED-COMPUTED-REV,-9.08,-9.08,0.00,NEGATIVE
2026-08-08 10:00:00,COT.Flow-In.Ave.15Minutes.3Hours.MIXED-COMPUTED-REV,-0.46,-9.08,8.62,NEGATIVE
2026-08-08 13:00:00,COT.Flow-In.Ave.15Minutes.3Hours.MIXED-COMPUTED-REV,-6.81,-15.58,8.77,NEGATIVE
2026-08-08 14:00:00,COT.Flow-In.Ave.15Minutes.3Hours.MIXED-COMPUTED-REV,-15.83,-15.74,-0.09,NEGATIVE
2026-08-08 15:00:00,COT.Flow-In.Ave.15Minutes.3Hours.MIXED-COMPUTED-REV,-15.81,-15.76,-0.04,NEGATIVE
2026-08-08 16:00:00,COT.Flow-In.Ave.15Minutes.3Hours.MIXED-COMPUTED-REV,-15.79,-15.76,-0.02,NEGATIVE
2026-08-08 17:00:00,COT.Flow-In.Ave.15Minutes.3Hours.MIXED-COMPUTED-REV,-15.76,-15.76,0.00,NEGATIVE
2026-08-08 18:00:00,COT.Flow-In.Ave.15Minutes.3Hours.MIXED-COMPUTED-REV,-15.74,-15.76,0.02,NEGATIVE
2026-08-08 19:00:00,COT.Flow-In.Ave.15Minutes.3Hours.MIXED-COMPUTED-REV,-20.23,-15.74,-4.48,NEGATIVE
2026-08-08 20:00:00,COT.Flow-In.Ave.15Minutes.3Hours.MIXED-COMPUTED-REV,-27.71,-15.58,-12.13,NEGATIVE
2026-08-08 21:00:00,COT.Flow-In.Ave.15Minutes.3Hours.MIXED-COMPUTED-REV,-27.69,-14.03,-13.66,NEGATIVE
2026-08-08 22:00:00,COT.Flow-In.Ave.15Minutes.3Hours.MIXED-COMPUTED-REV,-20.16,-14.03,-6.13,NEGATIVE
2026-08-08 23:00:00,COT.Flow-In.Ave.15Minutes.3Hours.MIXED-COMPUTED-REV,-9.62,-14.03,4.40,NEGATIVE
2026-08-09 00:00:00,COT.Flow-In.Ave.15Minutes.3Hours.MIXED-COMPUTED-REV,-9.61,-14.03,4.42,NEGATIVE
2026-08-09 01:00:00,COT.Flow-In.Ave.15Minutes.3Hours.MIXED-COMPUTED-REV,-15.58,-14.03,-1.56,NEGATIVE
2026-08-09 02:00:00,COT.Flow-In.Ave.15Minutes.3Hours.MIXED-COMPUTED-REV,-21.56,-15.58,-5.98,NEGATIVE
2026-08-09 03:00:00,COT.Flow-In.Ave.15Minutes.3Hours.MIXED-COMPUTED-REV,-21.54,-15.58,-5.96,NEGATIVE
2026-08-09 04:00:00,COT.Flow-In.Ave.15Minutes.3Hours.MIXED-COMPUTED-REV,-14.03,-15.58,1.56,NEGATIVE
2026-08-09 08:00:00,COT.Flow-In.Ave.15Minutes.3Hours.MIXED-COMPUTED-REV,-4.97,-10.88,5.90,NEGATIVE
2026-08-09 10:00:00,COT.Flow-In.Ave.15Minutes.3Hours.MIXED-COMPUTED-REV,-0.45,-10.75,10.29,NEGATIVE
2026-08-09 11:00:00,COT.Flow-In.Ave.15Minutes.3Hours.MIXED-COMPUTED-REV,-1.93,-10.75,8.82,NEGATIVE
2026-08-09 12:00:00,COT.Flow-In.Ave.15Minutes.3Hours.MIXED-COMPUTED-REV,-4.92,-10.88,5.96,NEGATIVE
2026-08-09 13:00:00,COT.Flow-In.Ave.15Minutes.3Hours.MIXED-COMPUTED-REV,-10.88,-10.88,0.00,NEGATIVE
2026-08-09 14:00:00,COT.Flow-In.Ave.15Minutes.3Hours.MIXED-COMPUTED-REV,-21.32,-10.75,-10.57,NEGATIVE
2026-08-09 15:00:00,COT.Flow-In.Ave.15Minutes.3Hours.MIXED-COMPUTED-REV,-25.78,-9.25,-16.54,NEGATIVE
2026-08-09 16:00:00,COT.Flow-In.Ave.15Minutes.3Hours.MIXED-COMPUTED-REV,-33.22,-9.25,-23.98,NEGATIVE
2026-08-09 17:00:00,COT.Flow-In.Ave.15Minutes.3Hours.MIXED-COMPUTED-REV,-27.22,-9.25,-17.97,NEGATIVE
2026-08-09 18:00:00,COT.Flow-In.Ave.15Minutes.3Hours.MIXED-COMPUTED-REV,-27.19,-10.75,-16.45,NEGATIVE
2026-08-09 19:00:00,COT.Flow-In.Ave.15Minutes.3Hours.MIXED-COMPUTED-REV,-10.75,-10.75,0.00,NEGATIVE
2026-08-09 20:00:00,COT.Flow-In.Ave.15Minutes.3Hours.MIXED-COMPUTED-REV,-9.23,-10.75,1.51,NEGATIVE
2026-08-09 21:00:00,COT.Flow-In.Ave.15Minutes.3Hours.MIXED-COMPUTED-REV,-9.25,-10.75,1.50,NEGATIVE
2026-08-09 22:00:00,COT.Flow-In.Ave.15Minutes.3Hours.MIXED-COMPUTED-REV,-21.24,-10.75,-10.49,NEGATIVE
2026-08-09 23:00:00,COT.Flow-In.Ave.15Minutes.3Hours.MIXED-COMPUTED-REV,-21.23,-10.75,-10.48,NEGATIVE
2026-08-10 00:00:00,COT.Flow-In.Ave.15Minutes.3Hours.MIXED-COMPUTED-REV,-21.19,-10.88,-10.32,NEGATIVE
2026-08-10 01:00:00,COT.Flow-In.Ave.15Minutes.3Hours.MIXED-COMPUTED-REV,-9.17,-10.88,1.71,NEGATIVE
2026-08-10 02:00:00,COT.Flow-In.Ave.15Minutes.3Hours.MIXED-COMPUTED-REV,-9.12,-10.75,1.63,NEGATIVE
2026-08-10 03:00:00,COT.Flow-In.Ave.15Minutes.3Hours.MIXED-COMPUTED-REV,-9.10,-9.25,0.15,NEGATIVE
2026-08-10 04:00:00,COT.Flow-In.Ave.15Minutes.3Hours.MIXED-COMPUTED-REV,-20.99,-9.23,-11.75,NEGATIVE
2026-08-10 05:00:00,COT.Flow-In.Ave.15Minutes.3Hours.MIXED-COMPUTED-REV,-17.99,-9.17,-8.82,NEGATIVE
2026-08-10 06:00:00,COT.Flow-In.Ave.15Minutes.3Hours.MIXED-COMPUTED-REV,-14.99,-9.12,-5.88,NEGATIVE
2026-08-10 07:00:00,COT.Flow-In.Ave.15Minutes.3Hours.MIXED-COMPUTED-REV,-1.59,-9.12,7.53,NEGATIVE
2026-08-10 08:00:00,COT.Flow-In.Ave.15Minutes.3Hours.MIXED-COMPUTED-REV,-0.09,-9.12,9.03,NEGATIVE
2026-08-10 11:00:00,COT.Flow-In.Ave.15Minutes.3Hours.MIXED-COMPUTED-REV,-9.07,-9.12,0.05,NEGATIVE
2026-08-10 12:00:00,COT.Flow-In.Ave.15Minutes.3Hours.MIXED-COMPUTED-REV,-12.04,-9.12,-2.92,NEGATIVE
2026-08-10 13:00:00,COT.Flow-In.Ave.15Minutes.3Hours.MIXED-COMPUTED-REV,-3.10,-9.12,6.02,NEGATIVE
2026-08-10 16:00:00,COT.Flow-In.Ave.15Minutes.3Hours.MIXED-COMPUTED-REV,-5.99,-13.07,7.08,NEGATIVE
2026-08-10 17:00:00,COT.Flow-In.Ave.15Minutes.3Hours.MIXED-COMPUTED-REV,-4.54,-12.04,7.50,NEGATIVE
2026-08-10 18:00:00,COT.Flow-In.Ave.15Minutes.3Hours.MIXED-COMPUTED-REV,-8.98,-12.04,3.07,NEGATIVE
2026-08-10 19:00:00,COT.Flow-In.Ave.15Minutes.3Hours.MIXED-COMPUTED-REV,-14.83,-12.04,-2.79,NEGATIVE
2026-08-10 20:00:00,COT.Flow-In.Ave.15Minutes.3Hours.MIXED-COMPUTED-REV,-20.73,-12.04,-8.68,NEGATIVE
2026-08-10 21:00:00,COT.Flow-In.Ave.15Minutes.3Hours.MIXED-COMPUTED-REV,-20.78,-12.04,-8.74,NEGATIVE
2026-08-10 22:00:00,COT.Flow-In.Ave.15Minutes.3Hours.MIXED-COMPUTED-REV,-22.32,-12.04,-10.28,NEGATIVE
2026-08-10 23:00:00,COT.Flow-In.Ave.15Minutes.3Hours.MIXED-COMPUTED-REV,-34.14,-12.04,-22.09,NEGATIVE
2026-08-11 00:00:00,COT.Flow-In.Ave.15Minutes.3Hours.MIXED-COMPUTED-REV,-38.47,-12.04,-26.42,NEGATIVE
2026-08-11 01:00:00,COT.Flow-In.Ave.15Minutes.3Hours.MIXED-COMPUTED-REV,-35.39,-8.98,-26.41,NEGATIVE
2026-08-11 02:00:00,COT.Flow-In.Ave.15Minutes.3Hours.MIXED-COMPUTED-REV,-24.95,-8.98,-15.97,NEGATIVE
2026-08-11 03:00:00,COT.Flow-In.Ave.15Minutes.3Hours.MIXED-COMPUTED-REV,-16.05,-8.98,-7.07,NEGATIVE
2026-08-11 04:00:00,COT.Flow-In.Ave.15Minutes.3Hours.MIXED-COMPUTED-REV,-13.07,-13.06,-0.01,NEGATIVE
2026-08-11 05:00:00,COT.Flow-In.Ave.15Minutes.3Hours.MIXED-COMPUTED-REV,-8.61,-13.06,4.45,NEGATIVE
2026-08-11 06:00:00,COT.Flow-In.Ave.15Minutes.3Hours.MIXED-COMPUTED-REV,-13.06,-13.07,0.01,NEGATIVE
2026-08-11 07:00:00,COT.Flow-In.Ave.15Minutes.3Hours.MIXED-COMPUTED-REV,-14.63,-13.07,-1.56,NEGATIVE
2026-08-11 08:00:00,COT.Flow-In.Ave.15Minutes.3Hours.MIXED-COMPUTED-REV,-4.37,-13.06,8.69,NEGATIVE
2026-08-11 09:00:00,COT.Flow-In.Ave.15Minutes.3Hours.MIXED-COMPUTED-REV,-2.88,-13.06,10.18,NEGATIVE
2026-08-11 11:00:00,COT.Flow-In.Ave.15Minutes.3Hours.MIXED-COMPUTED-REV,-7.07,-8.76,1.69,NEGATIVE
2026-08-11 12:00:00,COT.Flow-In.Ave.15Minutes.3Hours.MIXED-COMPUTED-REV,-8.54,-8.76,0.21,NEGATIVE
2026-08-11 13:00:00,COT.Flow-In.Ave.15Minutes.3Hours.MIXED-COMPUTED-REV,-7.13,-8.61,1.49,NEGATIVE
2026-08-11 14:00:00,COT.Flow-In.Ave.15Minutes.3Hours.MIXED-COMPUTED-REV,-2.74,-8.54,5.80,NEGATIVE
2026-08-11 15:00:00,COT.Flow-In.Ave.15Minutes.3Hours.MIXED-COMPUTED-REV,-2.77,-8.48,5.71,NEGATIVE
2026-08-11 16:00:00,COT.Flow-In.Ave.15Minutes.3Hours.MIXED-COMPUTED-REV,-13.06,-8.48,-4.58,NEGATIVE
2026-08-11 17:00:00,COT.Flow-In.Ave.15Minutes.3Hours.MIXED-COMPUTED-REV,-20.42,-8.48,-11.94,NEGATIVE
2026-08-11 18:00:00,COT.Flow-In.Ave.15Minutes.3Hours.MIXED-COMPUTED-REV,-20.33,-8.48,-11.85,NEGATIVE
2026-08-11 19:00:00,COT.Flow-In.Ave.15Minutes.3Hours.MIXED-COMPUTED-REV,-12.96,-8.48,-4.48,NEGATIVE
2026-08-11 23:00:00,COT.Flow-In.Ave.15Minutes.3Hours.MIXED-COMPUTED-REV,-8.76,-8.54,-0.21,NEGATIVE
2026-08-12 00:00:00,COT.Flow-In.Ave.15Minutes.3Hours.MIXED-COMPUTED-REV,-10.13,-8.54,-1.58,NEGATIVE
2026-08-12 01:00:00,COT.Flow-In.Ave.15Minutes.3Hours.MIXED-COMPUTED-REV,-8.48,-8.49,0.02,NEGATIVE
2026-08-12 02:00:00,COT.Flow-In.Ave.15Minutes.3Hours.MIXED-COMPUTED-REV,-6.88,-8.59,1.70,NEGATIVE
2026-08-12 03:00:00,COT.Flow-In.Ave.15Minutes.3Hours.MIXED-COMPUTED-REV,-2.56,-8.69,6.13,NEGATIVE
2026-08-12 04:00:00,COT.Flow-In.Ave.15Minutes.3Hours.MIXED-COMPUTED-REV,-8.49,-8.69,0.19,NEGATIVE
2026-08-12 05:00:00,COT.Flow-In.Ave.15Minutes.3Hours.MIXED-COMPUTED-REV,-10.05,-8.69,-1.36,NEGATIVE
2026-08-12 06:00:00,COT.Flow-In.Ave.15Minutes.3Hours.MIXED-COMPUTED-REV,-14.46,-8.65,-5.82,NEGATIVE
2026-08-12 07:00:00,COT.Flow-In.Ave.15Minutes.3Hours.MIXED-COMPUTED-REV,-26.17,-8.65,-17.52,NEGATIVE
2026-08-12 08:00:00,COT.Flow-In.Ave.15Minutes.3Hours.MIXED-COMPUTED-REV,-42.30,-8.65,-33.65,NEGATIVE
2026-08-12 09:00:00,COT.Flow-In.Ave.15Minutes.3Hours.MIXED-COMPUTED-REV,-36.32,-8.69,-27.63,NEGATIVE
2026-08-12 10:00:00,COT.Flow-In.Ave.15Minutes.3Hours.MIXED-COMPUTED-REV,-20.08,-8.69,-11.39,NEGATIVE
2026-08-12 13:00:00,COT.Flow-In.Ave.15Minutes.3Hours.MIXED-COMPUTED-REV,-2.50,-8.65,6.14,NEGATIVE
2026-08-12 14:00:00,COT.Flow-In.Ave.15Minutes.3Hours.MIXED-COMPUTED-REV,-8.59,-8.69,0.10,NEGATIVE
2026-08-12 15:00:00,COT.Flow-In.Ave.15Minutes.3Hours.MIXED-COMPUTED-REV,-8.69,-9.87,1.18,NEGATIVE
2026-08-12 16:00:00,COT.Flow-In.Ave.15Minutes.3Hours.MIXED-COMPUTED-REV,-8.65,-10.00,1.35,NEGATIVE
2026-08-12 17:00:00,COT.Flow-In.Ave.15Minutes.3Hours.MIXED-COMPUTED-REV,-10.00,-10.00,0.00,NEGATIVE
2026-08-12 18:00:00,COT.Flow-In.Ave.15Minutes.3Hours.MIXED-COMPUTED-REV,-8.51,-9.87,1.36,NEGATIVE
2026-08-12 19:00:00,COT.Flow-In.Ave.15Minutes.3Hours.MIXED-COMPUTED-REV,-11.40,-8.69,-2.71,NEGATIVE
2026-08-12 20:00:00,COT.Flow-In.Ave.15Minutes.3Hours.MIXED-COMPUTED-REV,-14.25,-8.69,-5.56,NEGATIVE
2026-08-12 21:00:00,COT.Flow-In.Ave.15Minutes.3Hours.MIXED-COMPUTED-REV,-11.19,-8.69,-2.50,NEGATIVE
2026-08-12 22:00:00,COT.Flow-In.Ave.15Minutes.3Hours.MIXED-COMPUTED-REV,-3.77,-8.69,4.92,NEGATIVE
2026-08-13 00:00:00,COT.Flow-In.Ave.15Minutes.3Hours.MIXED-COMPUTED-REV,-1.12,-8.65,7.53,NEGATIVE
2026-08-13 01:00:00,COT.Flow-In.Ave.15Minutes.3Hours.MIXED-COMPUTED-REV,-9.87,-8.65,-1.22,NEGATIVE
2026-08-13 02:00:00,COT.Flow-In.Ave.15Minutes.3Hours.MIXED-COMPUTED-REV,-24.44,-8.68,-15.75,NEGATIVE
2026-08-13 03:00:00,COT.Flow-In.Ave.15Minutes.3Hours.MIXED-COMPUTED-REV,-21.47,-8.69,-12.78,NEGATIVE
2026-08-13 04:00:00,COT.Flow-In.Ave.15Minutes.3Hours.MIXED-COMPUTED-REV,-14.24,-9.52,-4.72,NEGATIVE
2026-08-13 05:00:00,COT.Flow-In.Ave.15Minutes.3Hours.MIXED-COMPUTED-REV,-4.04,-9.52,5.49,NEGATIVE
2026-08-13 06:00:00,COT.Flow-In.Ave.15Minutes.3Hours.MIXED-COMPUTED-REV,-5.38,-8.68,3.31,NEGATIVE
2026-08-13 07:00:00,COT.Flow-In.Ave.15Minutes.3Hours.MIXED-COMPUTED-REV,-2.30,-8.68,6.39,NEGATIVE
2026-08-13 08:00:00,COT.Flow-In.Ave.15Minutes.3Hours.MIXED-COMPUTED-REV,-9.52,-8.68,-0.84,NEGATIVE
2026-08-13 09:00:00,COT.Flow-In.Ave.15Minutes.3Hours.MIXED-COMPUTED-REV,-14.05,-8.68,-5.36,NEGATIVE
2026-08-13 10:00:00,COT.Flow-In.Ave.15Minutes.3Hours.MIXED-COMPUTED-REV,-9.84,-8.68,-1.16,NEGATIVE
2026-08-13 11:00:00,COT.Flow-In.Ave.15Minutes.3Hours.MIXED-COMPUTED-REV,-5.57,-9.52,3.96,NEGATIVE
2026-08-13 13:00:00,COT.Flow-In.Ave.15Minutes.3Hours.MIXED-COMPUTED-REV,-7.15,-9.84,2.69,NEGATIVE
2026-08-13 14:00:00,COT.Flow-In.Ave.15Minutes.3Hours.MIXED-COMPUTED-REV,-8.68,-9.52,0.84,NEGATIVE
2026-08-13 15:00:00,COT.Flow-In.Ave.15Minutes.3Hours.MIXED-COMPUTED-REV,-20.42,-8.68,-11.74,NEGATIVE
2026-08-13 16:00:00,COT.Flow-In.Ave.15Minutes.3Hours.MIXED-COMPUTED-REV,-15.97,-8.68,-7.28,NEGATIVE
2026-08-13 17:00:00,COT.Flow-In.Ave.15Minutes.3Hours.MIXED-COMPUTED-REV,-2.71,-8.68,5.97,NEGATIVE
2026-08-13 19:00:00,COT.Flow-In.Ave.15Minutes.3Hours.MIXED-COMPUTED-REV,-6.66,-8.68,2.03,NEGATIVE
2026-08-13 20:00:00,COT.Flow-In.Ave.15Minutes.3Hours.MIXED-COMPUTED-REV,-14.00,-9.50,-4.51,NEGATIVE
2026-08-13 21:00:00,COT.Flow-In.Ave.15Minutes.3Hours.MIXED-COMPUTED-REV,-14.15,-8.68,-5.46,NEGATIVE
2026-08-13 22:00:00,COT.Flow-In.Ave.15Minutes.3Hours.MIXED-COMPUTED-REV,-14.34,-7.80,-6.54,NEGATIVE
2026-08-13 23:00:00,COT.Flow-In.Ave.15Minutes.3Hours.MIXED-COMPUTED-REV,-20.21,-7.15,-13.06,NEGATIVE
2026-08-14 00:00:00,COT.Flow-In.Ave.15Minutes.3Hours.MIXED-COMPUTED-REV,-12.82,-7.15,-5.67,NEGATIVE
2026-08-14 01:00:00,COT.Flow-In.Ave.15Minutes.3Hours.MIXED-COMPUTED-REV,-2.63,-7.15,4.52,NEGATIVE
2026-08-14 02:00:00,COT.Flow-In.Ave.15Minutes.3Hours.MIXED-COMPUTED-REV,-2.70,-7.05,4.36,NEGATIVE
2026-08-14 03:00:00,COT.Flow-In.Ave.15Minutes.3Hours.MIXED-COMPUTED-REV,-7.05,-6.66,-0.40,NEGATIVE
2026-08-14 04:00:00,COT.Flow-In.Ave.15Minutes.3Hours.MIXED-COMPUTED-REV,-14.17,-6.43,-7.74,NEGATIVE
2026-08-14 05:00:00,COT.Flow-In.Ave.15Minutes.3Hours.MIXED-COMPUTED-REV,-9.50,-3.71,-5.79,NEGATIVE
2026-08-14 06:00:00,COT.Flow-In.Ave.15Minutes.3Hours.MIXED-COMPUTED-REV,-2.13,-3.71,1.58,NEGATIVE
2026-08-14 07:00:00,COT.Flow-In.Ave.15Minutes.3Hours.MIXED-COMPUTED-REV,-6.43,-6.43,0.00,NEGATIVE
2026-08-14 08:00:00,COT.Flow-In.Ave.15Minutes.3Hours.MIXED-COMPUTED-REV,-10.80,-6.43,-4.36,NEGATIVE
2026-08-14 09:00:00,COT.Flow-In.Ave.15Minutes.3Hours.MIXED-COMPUTED-REV,-7.80,-6.43,-1.37,NEGATIVE
2026-08-14 10:00:00,COT.Flow-In.Ave.15Minutes.3Hours.MIXED-COMPUTED-REV,-1.92,-6.43,4.51,NEGATIVE
2026-08-14 12:00:00,COT.Flow-In.Ave.15Minutes.3Hours.MIXED-COMPUTED-REV,-3.71,-6.43,2.72,NEGATIVE
2026-08-14 16:00:00,COT.Flow-In.Ave.15Minutes.3Hours.MIXED-COMPUTED-REV,-0.85,-7.94,7.09,NEGATIVE
2026-08-14 18:00:00,COT.Flow-In.Ave.15Minutes.3Hours.MIXED-COMPUTED-REV,-2.39,-7.80,5.41,NEGATIVE
2026-08-14 19:00:00,COT.Flow-In.Ave.15Minutes.3Hours.MIXED-COMPUTED-REV,-8.07,-7.80,-0.27,NEGATIVE
2026-08-14 20:00:00,COT.Flow-In.Ave.15Minutes.3Hours.MIXED-COMPUTED-REV,-13.92,-7.80,-6.12,NEGATIVE
2026-08-14 21:00:00,COT.Flow-In.Ave.15Minutes.3Hours.MIXED-COMPUTED-REV,-12.38,-6.42,-5.96,NEGATIVE
2026-08-14 22:00:00,COT.Flow-In.Ave.15Minutes.3Hours.MIXED-COMPUTED-REV,-7.94,-6.38,-1.56,NEGATIVE
2026-08-14 23:00:00,COT.Flow-In.Ave.15Minutes.3Hours.MIXED-COMPUTED-REV,-16.56,-6.42,-10.14,NEGATIVE
2026-08-15 00:00:00,COT.Flow-In.Ave.15Minutes.3Hours.MIXED-COMPUTED-REV,-22.68,-7.94,-14.73,NEGATIVE
2026-08-15 01:00:00,COT.Flow-In.Ave.15Minutes.3Hours.MIXED-COMPUTED-REV,-27.71,-8.07,-19.64,NEGATIVE
2026-08-15 02:00:00,COT.Flow-In.Ave.15Minutes.3Hours.MIXED-COMPUTED-REV,-28.28,-9.56,-18.72,NEGATIVE
2026-08-15 03:00:00,COT.Flow-In.Ave.15Minutes.3Hours.MIXED-COMPUTED-REV,-30.18,-9.56,-20.62,NEGATIVE
2026-08-15 04:00:00,COT.Flow-In.Ave.15Minutes.3Hours.MIXED-COMPUTED-REV,-22.81,-9.56,-13.25,NEGATIVE
2026-08-15 05:00:00,COT.Flow-In.Ave.15Minutes.3Hours.MIXED-COMPUTED-REV,-15.37,-11.16,-4.22,NEGATIVE
2026-08-15 06:00:00,COT.Flow-In.Ave.15Minutes.3Hours.MIXED-COMPUTED-REV,-4.99,-11.16,6.16,NEGATIVE
2026-08-15 07:00:00,COT.Flow-In.Ave.15Minutes.3Hours.MIXED-COMPUTED-REV,-6.42,-11.16,4.74,NEGATIVE
2026-08-15 08:00:00,COT.Flow-In.Ave.15Minutes.3Hours.MIXED-COMPUTED-REV,-3.44,-11.16,7.72,NEGATIVE
2026-08-15 09:00:00,COT.Flow-In.Ave.15Minutes.3Hours.MIXED-COMPUTED-REV,-6.38,-10.88,4.49,NEGATIVE
2026-08-15 10:00:00,COT.Flow-In.Ave.15Minutes.3Hours.MIXED-COMPUTED-REV,-3.49,-9.68,6.19,NEGATIVE
2026-08-15 11:00:00,COT.Flow-In.Ave.15Minutes.3Hours.MIXED-COMPUTED-REV,-9.56,-9.68,0.12,NEGATIVE
2026-08-15 12:00:00,COT.Flow-In.Ave.15Minutes.3Hours.MIXED-COMPUTED-REV,-12.60,-9.56,-3.05,NEGATIVE
2026-08-15 13:00:00,COT.Flow-In.Ave.15Minutes.3Hours.MIXED-COMPUTED-REV,-21.37,-9.44,-11.94,NEGATIVE
2026-08-15 14:00:00,COT.Flow-In.Ave.15Minutes.3Hours.MIXED-COMPUTED-REV,-12.55,-8.10,-4.45,NEGATIVE
2026-08-15 15:00:00,COT.Flow-In.Ave.15Minutes.3Hours.MIXED-COMPUTED-REV,-2.31,-7.96,5.65,NEGATIVE
2026-08-15 16:00:00,COT.Flow-In.Ave.15Minutes.3Hours.MIXED-COMPUTED-REV,-2.37,-6.58,4.21,NEGATIVE
2026-08-15 17:00:00,COT.Flow-In.Ave.15Minutes.3Hours.MIXED-COMPUTED-REV,-11.16,-6.45,-4.71,NEGATIVE
2026-08-15 18:00:00,COT.Flow-In.Ave.15Minutes.3Hours.MIXED-COMPUTED-REV,-9.68,-6.42,-3.26,NEGATIVE
2026-08-15 19:00:00,COT.Flow-In.Ave.15Minutes.3Hours.MIXED-COMPUTED-REV,-8.10,-6.42,-1.68,NEGATIVE
2026-08-15 20:00:00,COT.Flow-In.Ave.15Minutes.3Hours.MIXED-COMPUTED-REV,-10.88,-6.45,-4.43,NEGATIVE
2026-08-15 21:00:00,COT.Flow-In.Ave.15Minutes.3Hours.MIXED-COMPUTED-REV,-6.45,-6.58,0.13,NEGATIVE
2026-08-16 00:00:00,COT.Flow-In.Ave.15Minutes.3Hours.MIXED-COMPUTED-REV,-6.58,-8.10,1.53,NEGATIVE
2026-08-16 01:00:00,COT.Flow-In.Ave.15Minutes.3Hours.MIXED-COMPUTED-REV,-9.44,-8.10,-1.33,NEGATIVE
2026-08-16 02:00:00,COT.Flow-In.Ave.15Minutes.3Hours.MIXED-COMPUTED-REV,-7.96,-8.10,0.15,NEGATIVE
2026-08-16 03:00:00,COT.Flow-In.Ave.15Minutes.3Hours.MIXED-COMPUTED-REV,-3.60,-8.10,4.50,NEGATIVE
2026-08-16 04:00:00,COT.Flow-In.Ave.15Minutes.3Hours.MIXED-COMPUTED-REV,-5.02,-9.03,4.01,NEGATIVE
2026-08-16 08:00:00,COT.Flow-In.Ave.15Minutes.3Hours.MIXED-COMPUTED-REV,-24.00,-8.71,-15.29,NEGATIVE
2026-08-16 09:00:00,COT.Flow-In.Ave.15Minutes.3Hours.MIXED-COMPUTED-REV,-37.14,-7.96,-29.19,NEGATIVE
2026-08-16 10:00:00,COT.Flow-In.Ave.15Minutes.3Hours.MIXED-COMPUTED-REV,-35.66,-8.71,-26.95,NEGATIVE
2026-08-16 11:00:00,COT.Flow-In.Ave.15Minutes.3Hours.MIXED-COMPUTED-REV,-23.96,-9.03,-14.94,NEGATIVE
2026-08-16 12:00:00,COT.Flow-In.Ave.15Minutes.3Hours.MIXED-COMPUTED-REV,-22.47,-9.17,-13.30,NEGATIVE
2026-08-16 13:00:00,COT.Flow-In.Ave.15Minutes.3Hours.MIXED-COMPUTED-REV,-19.54,-9.44,-10.10,NEGATIVE
2026-08-16 14:00:00,COT.Flow-In.Ave.15Minutes.3Hours.MIXED-COMPUTED-REV,-19.50,-10.35,-9.15,NEGATIVE
2026-08-16 15:00:00,COT.Flow-In.Ave.15Minutes.3Hours.MIXED-COMPUTED-REV,-9.17,-10.46,1.29,NEGATIVE
2026-08-16 16:00:00,COT.Flow-In.Ave.15Minutes.3Hours.MIXED-COMPUTED-REV,-9.03,-10.46,1.44,NEGATIVE
2026-08-16 17:00:00,COT.Flow-In.Ave.15Minutes.3Hours.MIXED-COMPUTED-REV,-3.08,-10.46,7.38,NEGATIVE
2026-08-16 18:00:00,COT.Flow-In.Ave.15Minutes.3Hours.MIXED-COMPUTED-REV,-7.32,-10.46,3.15,NEGATIVE
2026-08-16 19:00:00,COT.Flow-In.Ave.15Minutes.3Hours.MIXED-COMPUTED-REV,-11.61,-10.46,-1.15,NEGATIVE
2026-08-16 20:00:00,COT.Flow-In.Ave.15Minutes.3Hours.MIXED-COMPUTED-REV,-8.71,-10.46,1.75,NEGATIVE
2026-08-16 21:00:00,COT.Flow-In.Ave.15Minutes.3Hours.MIXED-COMPUTED-REV,-7.33,-10.35,3.02,NEGATIVE
2026-08-16 22:00:00,COT.Flow-In.Ave.15Minutes.3Hours.MIXED-COMPUTED-REV,-10.35,-9.17,-1.18,NEGATIVE
2026-08-16 23:00:00,COT.Flow-In.Ave.15Minutes.3Hours.MIXED-COMPUTED-REV,-14.77,-9.03,-5.74,NEGATIVE
2026-08-17 00:00:00,COT.Flow-In.Ave.15Minutes.3Hours.MIXED-COMPUTED-REV,-14.82,-8.71,-6.11,NEGATIVE
2026-08-17 01:00:00,COT.Flow-In.Ave.15Minutes.3Hours.MIXED-COMPUTED-REV,-14.87,-8.71,-6.16,NEGATIVE
2026-08-17 02:00:00,COT.Flow-In.Ave.15Minutes.3Hours.MIXED-COMPUTED-REV,-14.91,-8.71,-6.20,NEGATIVE
2026-08-17 03:00:00,COT.Flow-In.Ave.15Minutes.3Hours.MIXED-COMPUTED-REV,-10.46,-8.71,-1.75,NEGATIVE
2026-08-17 12:00:00,COT.Flow-In.Ave.15Minutes.3Hours.MIXED-COMPUTED-REV,-1.56,-10.18,8.62,NEGATIVE
2026-08-17 13:00:00,COT.Flow-In.Ave.15Minutes.3Hours.MIXED-COMPUTED-REV,-10.18,-10.11,-0.07,NEGATIVE
2026-08-17 14:00:00,COT.Flow-In.Ave.15Minutes.3Hours.MIXED-COMPUTED-REV,-14.46,-10.02,-4.44,NEGATIVE
2026-08-17 15:00:00,COT.Flow-In.Ave.15Minutes.3Hours.MIXED-COMPUTED-REV,-10.11,-9.85,-0.26,NEGATIVE
2026-08-17 16:00:00,COT.Flow-In.Ave.15Minutes.3Hours.MIXED-COMPUTED-REV,-10.02,-8.50,-1.52,NEGATIVE
2026-08-17 17:00:00,COT.Flow-In.Ave.15Minutes.3Hours.MIXED-COMPUTED-REV,-14.26,-8.50,-5.76,NEGATIVE
2026-08-17 18:00:00,COT.Flow-In.Ave.15Minutes.3Hours.MIXED-COMPUTED-REV,-24.28,-8.50,-15.77,NEGATIVE
2026-08-17 19:00:00,COT.Flow-In.Ave.15Minutes.3Hours.MIXED-COMPUTED-REV,-25.74,-8.60,-17.13,NEGATIVE
2026-08-17 20:00:00,COT.Flow-In.Ave.15Minutes.3Hours.MIXED-COMPUTED-REV,-27.29,-9.85,-17.45,NEGATIVE
2026-08-17 21:00:00,COT.Flow-In.Ave.15Minutes.3Hours.MIXED-COMPUTED-REV,-21.58,-9.85,-11.74,NEGATIVE
2026-08-17 22:00:00,COT.Flow-In.Ave.15Minutes.3Hours.MIXED-COMPUTED-REV,-15.81,-9.85,-5.97,NEGATIVE
2026-08-17 23:00:00,COT.Flow-In.Ave.15Minutes.3Hours.MIXED-COMPUTED-REV,-12.85,-9.85,-3.00,NEGATIVE
2026-08-18 00:00:00,COT.Flow-In.Ave.15Minutes.3Hours.MIXED-COMPUTED-REV,-8.41,-9.85,1.43,NEGATIVE
2026-08-18 01:00:00,COT.Flow-In.Ave.15Minutes.3Hours.MIXED-COMPUTED-REV,-9.85,-9.85,0.00,NEGATIVE
2026-08-18 02:00:00,COT.Flow-In.Ave.15Minutes.3Hours.MIXED-COMPUTED-REV,-8.50,-8.60,0.10,NEGATIVE
2026-08-18 03:00:00,COT.Flow-In.Ave.15Minutes.3Hours.MIXED-COMPUTED-REV,-1.37,-8.57,7.20,NEGATIVE
2026-08-18 06:00:00,COT.Flow-In.Ave.15Minutes.3Hours.MIXED-COMPUTED-REV,-4.30,-5.66,1.36,NEGATIVE
2026-08-18 07:00:00,COT.Flow-In.Ave.15Minutes.3Hours.MIXED-COMPUTED-REV,-8.60,-5.66,-2.95,NEGATIVE
2026-08-18 08:00:00,COT.Flow-In.Ave.15Minutes.3Hours.MIXED-COMPUTED-REV,-10.03,-5.63,-4.40,NEGATIVE
2026-08-18 09:00:00,COT.Flow-In.Ave.15Minutes.3Hours.MIXED-COMPUTED-REV,-8.57,-4.30,-4.27,NEGATIVE
2026-08-18 10:00:00,COT.Flow-In.Ave.15Minutes.3Hours.MIXED-COMPUTED-REV,-4.24,-4.24,0.00,NEGATIVE
2026-08-18 11:00:00,COT.Flow-In.Ave.15Minutes.3Hours.MIXED-COMPUTED-REV,-5.66,-4.24,-1.42,NEGATIVE
2026-08-18 12:00:00,COT.Flow-In.Ave.15Minutes.3Hours.MIXED-COMPUTED-REV,-2.77,-4.24,1.47,NEGATIVE
2026-08-18 13:00:00,COT.Flow-In.Ave.15Minutes.3Hours.MIXED-COMPUTED-REV,-5.63,-4.24,-1.39,NEGATIVE
2026-08-18 15:00:00,COT.Flow-In.Ave.15Minutes.3Hours.MIXED-COMPUTED-REV,-1.29,-4.24,2.95,NEGATIVE
2026-08-18 19:00:00,COT.Flow-In.Ave.15Minutes.3Hours.MIXED-COMPUTED-REV,-7.00,-7.00,0.00,NEGATIVE
2026-08-18 21:00:00,COT.Flow-In.Ave.15Minutes.3Hours.MIXED-COMPUTED-REV,-0.07,-6.73,6.66,NEGATIVE
2026-08-18 23:00:00,COT.Flow-In.Ave.15Minutes.3Hours.MIXED-COMPUTED-REV,-15.56,-5.66,-9.90,NEGATIVE
2026-08-19 00:00:00,COT.Flow-In.Ave.15Minutes.3Hours.MIXED-COMPUTED-REV,-21.25,-5.63,-15.62,NEGATIVE
2026-08-19 01:00:00,COT.Flow-In.Ave.15Minutes.3Hours.MIXED-COMPUTED-REV,-19.78,-5.63,-14.16,NEGATIVE
2026-08-19 02:00:00,COT.Flow-In.Ave.15Minutes.3Hours.MIXED-COMPUTED-REV,-15.46,-6.65,-8.82,NEGATIVE
2026-08-19 03:00:00,COT.Flow-In.Ave.15Minutes.3Hours.MIXED-COMPUTED-REV,-14.01,-6.73,-7.28,NEGATIVE
2026-08-19 04:00:00,COT.Flow-In.Ave.15Minutes.3Hours.MIXED-COMPUTED-REV,-13.99,-7.00,-6.98,NEGATIVE
2026-08-19 05:00:00,COT.Flow-In.Ave.15Minutes.3Hours.MIXED-COMPUTED-REV,-23.98,-8.03,-15.96,NEGATIVE
2026-08-19 06:00:00,COT.Flow-In.Ave.15Minutes.3Hours.MIXED-COMPUTED-REV,-23.96,-8.04,-15.92,NEGATIVE
2026-08-19 07:00:00,COT.Flow-In.Ave.15Minutes.3Hours.MIXED-COMPUTED-REV,-19.64,-8.06,-11.58,NEGATIVE
2026-08-19 08:00:00,COT.Flow-In.Ave.15Minutes.3Hours.MIXED-COMPUTED-REV,-8.18,-8.18,0.00,NEGATIVE
2026-08-19 09:00:00,COT.Flow-In.Ave.15Minutes.3Hours.MIXED-COMPUTED-REV,-6.73,-13.99,7.26,NEGATIVE
2026-08-19 10:00:00,COT.Flow-In.Ave.15Minutes.3Hours.MIXED-COMPUTED-REV,-2.42,-14.01,11.59,NEGATIVE
2026-08-19 11:00:00,COT.Flow-In.Ave.15Minutes.3Hours.MIXED-COMPUTED-REV,-3.84,-14.01,10.17,NEGATIVE
2026-08-19 13:00:00,COT.Flow-In.Ave.15Minutes.3Hours.MIXED-COMPUTED-REV,-2.38,-12.18,9.80,NEGATIVE
2026-08-19 14:00:00,COT.Flow-In.Ave.15Minutes.3Hours.MIXED-COMPUTED-REV,-6.65,-8.18,1.53,NEGATIVE
2026-08-19 15:00:00,COT.Flow-In.Ave.15Minutes.3Hours.MIXED-COMPUTED-REV,-8.06,-8.06,0.00,NEGATIVE
2026-08-19 16:00:00,COT.Flow-In.Ave.15Minutes.3Hours.MIXED-COMPUTED-REV,-8.04,-8.04,0.00,NEGATIVE
2026-08-19 17:00:00,COT.Flow-In.Ave.15Minutes.3Hours.MIXED-COMPUTED-REV,-8.03,-8.03,0.00,NEGATIVE
2026-08-19 18:00:00,COT.Flow-In.Ave.15Minutes.3Hours.MIXED-COMPUTED-REV,-19.42,-6.73,-12.69,NEGATIVE
2026-08-19 19:00:00,COT.Flow-In.Ave.15Minutes.3Hours.MIXED-COMPUTED-REV,-23.67,-6.65,-17.02,NEGATIVE
2026-08-19 20:00:00,COT.Flow-In.Ave.15Minutes.3Hours.MIXED-COMPUTED-REV,-25.07,-3.84,-21.23,NEGATIVE
2026-08-19 21:00:00,COT.Flow-In.Ave.15Minutes.3Hours.MIXED-COMPUTED-REV,-19.35,-3.52,-15.82,NEGATIVE
2026-08-19 22:00:00,COT.Flow-In.Ave.15Minutes.3Hours.MIXED-COMPUTED-REV,-15.05,-3.52,-11.53,NEGATIVE
2026-08-19 23:00:00,COT.Flow-In.Ave.15Minutes.3Hours.MIXED-COMPUTED-REV,-12.18,-3.84,-8.34,NEGATIVE
2026-08-20 08:00:00,COT.Flow-In.Ave.15Minutes.3Hours.MIXED-COMPUTED-REV,-3.52,-9.17,5.65,NEGATIVE
2026-08-20 10:00:00,COT.Flow-In.Ave.15Minutes.3Hours.MIXED-COMPUTED-REV,-9.17,-7.55,-1.62,NEGATIVE
2026-08-20 11:00:00,COT.Flow-In.Ave.15Minutes.3Hours.MIXED-COMPUTED-REV,-21.93,-7.55,-14.38,NEGATIVE
2026-08-20 12:00:00,COT.Flow-In.Ave.15Minutes.3Hours.MIXED-COMPUTED-REV,-38.95,-7.55,-31.40,NEGATIVE
2026-08-20 13:00:00,COT.Flow-In.Ave.15Minutes.3Hours.MIXED-COMPUTED-REV,-33.23,-7.60,-25.63,NEGATIVE
2026-08-20 14:00:00,COT.Flow-In.Ave.15Minutes.3Hours.MIXED-COMPUTED-REV,-31.78,-9.17,-22.61,NEGATIVE
2026-08-20 15:00:00,COT.Flow-In.Ave.15Minutes.3Hours.MIXED-COMPUTED-REV,-27.50,-9.17,-18.33,NEGATIVE
2026-08-20 16:00:00,COT.Flow-In.Ave.15Minutes.3Hours.MIXED-COMPUTED-REV,-17.55,-9.17,-8.38,NEGATIVE
2026-08-20 17:00:00,COT.Flow-In.Ave.15Minutes.3Hours.MIXED-COMPUTED-REV,-7.60,-9.17,1.57,NEGATIVE
2026-08-20 18:00:00,COT.Flow-In.Ave.15Minutes.3Hours.MIXED-COMPUTED-REV,-13.24,-9.17,-4.08,NEGATIVE
2026-08-20 19:00:00,COT.Flow-In.Ave.15Minutes.3Hours.MIXED-COMPUTED-REV,-11.81,-9.17,-2.64,NEGATIVE
2026-08-20 20:00:00,COT.Flow-In.Ave.15Minutes.3Hours.MIXED-COMPUTED-REV,-7.55,-9.17,1.62,NEGATIVE
2026-08-20 22:00:00,COT.Flow-In.Ave.15Minutes.3Hours.MIXED-COMPUTED-REV,-0.43,-9.17,8.74,NEGATIVE
2026-08-20 23:00:00,COT.Flow-In.Ave.15Minutes.3Hours.MIXED-COMPUTED-REV,-13.15,-8.83,-4.32,NEGATIVE
2026-08-21 00:00:00,COT.Flow-In.Ave.15Minutes.3Hours.MIXED-COMPUTED-REV,-20.20,-8.81,-11.39,NEGATIVE
2026-08-21 01:00:00,COT.Flow-In.Ave.15Minutes.3Hours.MIXED-COMPUTED-REV,-23.01,-7.60,-15.41,NEGATIVE
2026-08-21 02:00:00,COT.Flow-In.Ave.15Minutes.3Hours.MIXED-COMPUTED-REV,-13.09,-7.60,-5.49,NEGATIVE
2026-08-21 03:00:00,COT.Flow-In.Ave.15Minutes.3Hours.MIXED-COMPUTED-REV,-8.83,-7.60,-1.23,NEGATIVE
2026-08-21 04:00:00,COT.Flow-In.Ave.15Minutes.3Hours.MIXED-COMPUTED-REV,-8.81,-7.55,-1.26,NEGATIVE
2026-08-21 05:00:00,COT.Flow-In.Ave.15Minutes.3Hours.MIXED-COMPUTED-REV,-0.32,-7.34,7.01,NEGATIVE
2026-08-21 08:00:00,COT.Flow-In.Ave.15Minutes.3Hours.MIXED-COMPUTED-REV,-7.34,-7.26,-0.07,NEGATIVE
2026-08-21 13:00:00,COT.Flow-In.Ave.15Minutes.3Hours.MIXED-COMPUTED-REV,-7.26,-8.81,1.54,NEGATIVE
2026-08-21 14:00:00,COT.Flow-In.Ave.15Minutes.3Hours.MIXED-COMPUTED-REV,-14.29,-8.25,-6.04,NEGATIVE
2026-08-21 15:00:00,COT.Flow-In.Ave.15Minutes.3Hours.MIXED-COMPUTED-REV,-18.50,-7.34,-11.17,NEGATIVE
2026-08-21 16:00:00,COT.Flow-In.Ave.15Minutes.3Hours.MIXED-COMPUTED-REV,-2.99,-7.26,4.27,NEGATIVE
2026-08-21 17:00:00,COT.Flow-In.Ave.15Minutes.3Hours.MIXED-COMPUTED-REV,-2.97,-7.18,4.20,NEGATIVE
2026-08-21 18:00:00,COT.Flow-In.Ave.15Minutes.3Hours.MIXED-COMPUTED-REV,-7.18,-7.18,0.00,NEGATIVE
2026-08-21 19:00:00,COT.Flow-In.Ave.15Minutes.3Hours.MIXED-COMPUTED-REV,-17.01,-7.26,-9.75,NEGATIVE
2026-08-21 20:00:00,COT.Flow-In.Ave.15Minutes.3Hours.MIXED-COMPUTED-REV,-24.19,-7.34,-16.85,NEGATIVE
2026-08-21 21:00:00,COT.Flow-In.Ave.15Minutes.3Hours.MIXED-COMPUTED-REV,-27.48,-8.25,-19.23,NEGATIVE
2026-08-21 22:00:00,COT.Flow-In.Ave.15Minutes.3Hours.MIXED-COMPUTED-REV,-30.77,-8.25,-22.52,NEGATIVE
2026-08-21 23:00:00,COT.Flow-In.Ave.15Minutes.3Hours.MIXED-COMPUTED-REV,-24.00,-8.25,-15.74,NEGATIVE
2026-08-22 00:00:00,COT.Flow-In.Ave.15Minutes.3Hours.MIXED-COMPUTED-REV,-21.19,-8.25,-12.93,NEGATIVE
2026-08-22 01:00:00,COT.Flow-In.Ave.15Minutes.3Hours.MIXED-COMPUTED-REV,-18.30,-9.49,-8.81,NEGATIVE
2026-08-22 02:00:00,COT.Flow-In.Ave.15Minutes.3Hours.MIXED-COMPUTED-REV,-8.25,-13.75,5.50,NEGATIVE
2026-08-22 03:00:00,COT.Flow-In.Ave.15Minutes.3Hours.MIXED-COMPUTED-REV,-2.51,-9.49,6.98,NEGATIVE
2026-08-22 05:00:00,COT.Flow-In.Ave.15Minutes.3Hours.MIXED-COMPUTED-REV,-5.34,-9.45,4.11,NEGATIVE
2026-08-22 06:00:00,COT.Flow-In.Ave.15Minutes.3Hours.MIXED-COMPUTED-REV,-3.89,-9.45,5.56,NEGATIVE
2026-08-22 07:00:00,COT.Flow-In.Ave.15Minutes.3Hours.MIXED-COMPUTED-REV,-13.88,-9.45,-4.43,NEGATIVE
2026-08-22 08:00:00,COT.Flow-In.Ave.15Minutes.3Hours.MIXED-COMPUTED-REV,-13.87,-8.25,-5.61,NEGATIVE
2026-08-22 09:00:00,COT.Flow-In.Ave.15Minutes.3Hours.MIXED-COMPUTED-REV,-13.85,-8.01,-5.84,NEGATIVE
2026-08-22 10:00:00,COT.Flow-In.Ave.15Minutes.3Hours.MIXED-COMPUTED-REV,-0.97,-8.01,7.04,NEGATIVE
2026-08-22 12:00:00,COT.Flow-In.Ave.15Minutes.3Hours.MIXED-COMPUTED-REV,-2.36,-8.01,5.64,NEGATIVE
2026-08-22 13:00:00,COT.Flow-In.Ave.15Minutes.3Hours.MIXED-COMPUTED-REV,-9.49,-8.01,-1.48,NEGATIVE
2026-08-22 14:00:00,COT.Flow-In.Ave.15Minutes.3Hours.MIXED-COMPUTED-REV,-13.75,-8.01,-5.75,NEGATIVE
2026-08-22 15:00:00,COT.Flow-In.Ave.15Minutes.3Hours.MIXED-COMPUTED-REV,-9.45,-8.01,-1.45,NEGATIVE
2026-08-22 16:00:00,COT.Flow-In.Ave.15Minutes.3Hours.MIXED-COMPUTED-REV,-8.01,-9.45,1.45,NEGATIVE
2026-08-22 20:00:00,COT.Flow-In.Ave.15Minutes.3Hours.MIXED-COMPUTED-REV,-5.09,-9.45,4.36,NEGATIVE
2026-08-22 21:00:00,COT.Flow-In.Ave.15Minutes.3Hours.MIXED-COMPUTED-REV,-7.93,-9.17,1.23,NEGATIVE
2026-08-22 22:00:00,COT.Flow-In.Ave.15Minutes.3Hours.MIXED-COMPUTED-REV,-15.03,-8.01,-7.03,NEGATIVE
2026-08-22 23:00:00,COT.Flow-In.Ave.15Minutes.3Hours.MIXED-COMPUTED-REV,-19.28,-8.01,-11.27,NEGATIVE
2026-08-23 00:00:00,COT.Flow-In.Ave.15Minutes.3Hours.MIXED-COMPUTED-REV,-29.22,-8.01,-21.21,NEGATIVE
2026-08-23 01:00:00,COT.Flow-In.Ave.15Minutes.3Hours.MIXED-COMPUTED-REV,-34.88,-8.01,-26.87,NEGATIVE
2026-08-23 02:00:00,COT.Flow-In.Ave.15Minutes.3Hours.MIXED-COMPUTED-REV,-20.63,-7.93,-12.69,NEGATIVE
2026-08-23 03:00:00,COT.Flow-In.Ave.15Minutes.3Hours.MIXED-COMPUTED-REV,-19.18,-7.93,-11.25,NEGATIVE
2026-08-23 04:00:00,COT.Flow-In.Ave.15Minutes.3Hours.MIXED-COMPUTED-REV,-13.46,-7.93,-5.53,NEGATIVE
2026-08-23 05:00:00,COT.Flow-In.Ave.15Minutes.3Hours.MIXED-COMPUTED-REV,-13.45,-7.71,-5.74,NEGATIVE
2026-08-23 06:00:00,COT.Flow-In.Ave.15Minutes.3Hours.MIXED-COMPUTED-REV,-9.17,-7.93,-1.23,NEGATIVE
2026-08-23 07:00:00,COT.Flow-In.Ave.15Minutes.3Hours.MIXED-COMPUTED-REV,-2.04,-9.17,7.12,NEGATIVE
2026-08-23 08:00:00,COT.Flow-In.Ave.15Minutes.3Hours.MIXED-COMPUTED-REV,-7.71,-10.37,2.66,NEGATIVE
2026-08-23 09:00:00,COT.Flow-In.Ave.15Minutes.3Hours.MIXED-COMPUTED-REV,-2.02,-11.73,9.71,NEGATIVE
2026-08-23 10:00:00,COT.Flow-In.Ave.15Minutes.3Hours.MIXED-COMPUTED-REV,-2.00,-11.73,9.73,NEGATIVE
2026-08-23 11:00:00,COT.Flow-In.Ave.15Minutes.3Hours.MIXED-COMPUTED-REV,-6.24,-11.68,5.45,NEGATIVE
2026-08-23 12:00:00,COT.Flow-In.Ave.15Minutes.3Hours.MIXED-COMPUTED-REV,-0.56,-11.68,11.13,NEGATIVE
2026-08-23 14:00:00,COT.Flow-In.Ave.15Minutes.3Hours.MIXED-COMPUTED-REV,-1.94,-9.17,7.23,NEGATIVE
2026-08-23 15:00:00,COT.Flow-In.Ave.15Minutes.3Hours.MIXED-COMPUTED-REV,-11.85,-7.71,-4.14,NEGATIVE
2026-08-23 16:00:00,COT.Flow-In.Ave.15Minutes.3Hours.MIXED-COMPUTED-REV,-13.24,-7.56,-5.69,NEGATIVE
2026-08-23 17:00:00,COT.Flow-In.Ave.15Minutes.3Hours.MIXED-COMPUTED-REV,-7.56,-7.46,-0.09,NEGATIVE
2026-08-23 18:00:00,COT.Flow-In.Ave.15Minutes.3Hours.MIXED-COMPUTED-REV,-10.37,-6.24,-4.13,NEGATIVE
2026-08-23 19:00:00,COT.Flow-In.Ave.15Minutes.3Hours.MIXED-COMPUTED-REV,-13.18,-3.18,-10.01,NEGATIVE
2026-08-23 20:00:00,COT.Flow-In.Ave.15Minutes.3Hours.MIXED-COMPUTED-REV,-13.16,-6.24,-6.92,NEGATIVE
2026-08-23 21:00:00,COT.Flow-In.Ave.15Minutes.3Hours.MIXED-COMPUTED-REV,-11.73,-3.18,-8.55,NEGATIVE
2026-08-23 22:00:00,COT.Flow-In.Ave.15Minutes.3Hours.MIXED-COMPUTED-REV,-7.46,-3.18,-4.29,NEGATIVE
2026-08-23 23:00:00,COT.Flow-In.Ave.15Minutes.3Hours.MIXED-COMPUTED-REV,-11.68,-3.18,-8.51,NEGATIVE
2026-08-24 00:00:00,COT.Flow-In.Ave.15Minutes.3Hours.MIXED-COMPUTED-REV,-13.08,-3.18,-9.90,NEGATIVE
2026-08-24 01:00:00,COT.Flow-In.Ave.15Minutes.3Hours.MIXED-COMPUTED-REV,-3.18,-7.31,4.13,NEGATIVE
2026-08-24 07:00:00,COT.Flow-In.Ave.15Minutes.3Hours.MIXED-COMPUTED-REV,-1.68,-11.30,9.62,NEGATIVE
2026-08-24 08:00:00,COT.Flow-In.Ave.15Minutes.3Hours.MIXED-COMPUTED-REV,-7.31,-7.46,0.16,NEGATIVE
2026-08-24 09:00:00,COT.Flow-In.Ave.15Minutes.3Hours.MIXED-COMPUTED-REV,-1.65,-7.31,5.65,NEGATIVE
2026-08-24 10:00:00,COT.Flow-In.Ave.15Minutes.3Hours.MIXED-COMPUTED-REV,-0.23,-7.09,6.87,NEGATIVE
2026-08-24 12:00:00,COT.Flow-In.Ave.15Minutes.3Hours.MIXED-COMPUTED-REV,-11.47,-3.18,-8.29,NEGATIVE
2026-08-24 13:00:00,COT.Flow-In.Ave.15Minutes.3Hours.MIXED-COMPUTED-REV,-26.93,-3.18,-23.76,NEGATIVE
2026-08-24 14:00:00,COT.Flow-In.Ave.15Minutes.3Hours.MIXED-COMPUTED-REV,-39.58,-6.76,-32.83,NEGATIVE
2026-08-24 15:00:00,COT.Flow-In.Ave.15Minutes.3Hours.MIXED-COMPUTED-REV,-43.77,-6.76,-37.01,NEGATIVE
2026-08-24 16:00:00,COT.Flow-In.Ave.15Minutes.3Hours.MIXED-COMPUTED-REV,-33.88,-6.76,-27.12,NEGATIVE
2026-08-24 17:00:00,COT.Flow-In.Ave.15Minutes.3Hours.MIXED-COMPUTED-REV,-25.41,-6.76,-18.65,NEGATIVE
2026-08-24 18:00:00,COT.Flow-In.Ave.15Minutes.3Hours.MIXED-COMPUTED-REV,-16.94,-6.76,-10.19,NEGATIVE
2026-08-24 19:00:00,COT.Flow-In.Ave.15Minutes.3Hours.MIXED-COMPUTED-REV,-11.30,-6.76,-4.54,NEGATIVE
2026-08-24 20:00:00,COT.Flow-In.Ave.15Minutes.3Hours.MIXED-COMPUTED-REV,-7.09,-6.76,-0.34,NEGATIVE
2026-08-24 21:00:00,COT.Flow-In.Ave.15Minutes.3Hours.MIXED-COMPUTED-REV,-2.96,-2.96,0.00,NEGATIVE
2026-08-24 23:00:00,COT.Flow-In.Ave.15Minutes.3Hours.MIXED-COMPUTED-REV,-1.58,-2.96,1.38,NEGATIVE
2026-08-25 00:00:00,COT.Flow-In.Ave.15Minutes.3Hours.MIXED-COMPUTED-REV,-6.76,-2.96,-3.80,NEGATIVE
2026-08-25 01:00:00,COT.Flow-In.Ave.15Minutes.3Hours.MIXED-COMPUTED-REV,-17.36,-2.44,-14.92,NEGATIVE
2026-08-25 02:00:00,COT.Flow-In.Ave.15Minutes.3Hours.MIXED-COMPUTED-REV,-8.38,-1.58,-6.80,NEGATIVE
2026-08-25 05:00:00,COT.Flow-In.Ave.15Minutes.3Hours.MIXED-COMPUTED-REV,-2.44,-1.58,-0.86,NEGATIVE
2026-08-25 06:00:00,COT.Flow-In.Ave.15Minutes.3Hours.MIXED-COMPUTED-REV,-1.03,-1.58,0.55,NEGATIVE
2026-08-25 15:00:00,COT.Flow-In.Ave.15Minutes.3Hours.MIXED-COMPUTED-REV,-2.31,-2.31,0.00,NEGATIVE
2026-08-25 16:00:00,COT.Flow-In.Ave.15Minutes.3Hours.MIXED-COMPUTED-REV,-10.68,-2.44,-8.24,NEGATIVE
2026-08-25 17:00:00,COT.Flow-In.Ave.15Minutes.3Hours.MIXED-COMPUTED-REV,-10.66,-4.83,-5.83,NEGATIVE
2026-08-25 18:00:00,COT.Flow-In.Ave.15Minutes.3Hours.MIXED-COMPUTED-REV,-12.04,-4.90,-7.14,NEGATIVE
2026-08-25 19:00:00,COT.Flow-In.Ave.15Minutes.3Hours.MIXED-COMPUTED-REV,-20.39,-6.27,-14.12,NEGATIVE
2026-08-25 20:00:00,COT.Flow-In.Ave.15Minutes.3Hours.MIXED-COMPUTED-REV,-37.11,-7.63,-29.48,NEGATIVE
2026-08-25 21:00:00,COT.Flow-In.Ave.15Minutes.3Hours.MIXED-COMPUTED-REV,-42.66,-7.63,-35.03,NEGATIVE
2026-08-25 22:00:00,COT.Flow-In.Ave.15Minutes.3Hours.MIXED-COMPUTED-REV,-28.68,-7.63,-21.05,NEGATIVE
2026-08-25 23:00:00,COT.Flow-In.Ave.15Minutes.3Hours.MIXED-COMPUTED-REV,-10.51,-7.63,-2.88,NEGATIVE
2026-08-26 01:00:00,COT.Flow-In.Ave.15Minutes.3Hours.MIXED-COMPUTED-REV,-4.90,-7.63,2.73,NEGATIVE
2026-08-26 02:00:00,COT.Flow-In.Ave.15Minutes.3Hours.MIXED-COMPUTED-REV,-6.27,-7.63,1.36,NEGATIVE
2026-08-26 03:00:00,COT.Flow-In.Ave.15Minutes.3Hours.MIXED-COMPUTED-REV,-10.43,-10.32,-0.11,NEGATIVE
2026-08-26 04:00:00,COT.Flow-In.Ave.15Minutes.3Hours.MIXED-COMPUTED-REV,-7.63,-10.37,2.74,NEGATIVE
2026-08-26 05:00:00,COT.Flow-In.Ave.15Minutes.3Hours.MIXED-COMPUTED-REV,-4.83,-10.32,5.50,NEGATIVE
2026-08-26 06:00:00,COT.Flow-In.Ave.15Minutes.3Hours.MIXED-COMPUTED-REV,-10.37,-10.18,-0.19,NEGATIVE
2026-08-26 07:00:00,COT.Flow-In.Ave.15Minutes.3Hours.MIXED-COMPUTED-REV,-13.13,-7.63,-5.50,NEGATIVE
2026-08-26 08:00:00,COT.Flow-In.Ave.15Minutes.3Hours.MIXED-COMPUTED-REV,-15.89,-6.27,-9.62,NEGATIVE
2026-08-26 09:00:00,COT.Flow-In.Ave.15Minutes.3Hours.MIXED-COMPUTED-REV,-4.75,-4.90,0.15,NEGATIVE
2026-08-26 10:00:00,COT.Flow-In.Ave.15Minutes.3Hours.MIXED-COMPUTED-REV,-3.34,-4.90,1.55,NEGATIVE
2026-08-26 12:00:00,COT.Flow-In.Ave.15Minutes.3Hours.MIXED-COMPUTED-REV,-1.92,-4.90,2.98,NEGATIVE
2026-08-26 13:00:00,COT.Flow-In.Ave.15Minutes.3Hours.MIXED-COMPUTED-REV,-0.57,-5.30,4.73,NEGATIVE
2026-08-26 14:00:00,COT.Flow-In.Ave.15Minutes.3Hours.MIXED-COMPUTED-REV,-0.63,-5.38,4.75,NEGATIVE
2026-08-26 15:00:00,COT.Flow-In.Ave.15Minutes.3Hours.MIXED-COMPUTED-REV,-10.32,-5.38,-4.94,NEGATIVE
2026-08-26 16:00:00,COT.Flow-In.Ave.15Minutes.3Hours.MIXED-COMPUTED-REV,-19.98,-5.38,-14.60,NEGATIVE
2026-08-26 17:00:00,COT.Flow-In.Ave.15Minutes.3Hours.MIXED-COMPUTED-REV,-10.18,-5.38,-4.80,NEGATIVE
2026-08-26 18:00:00,COT.Flow-In.Ave.15Minutes.3Hours.MIXED-COMPUTED-REV,-1.87,-5.45,3.58,NEGATIVE
2026-08-26 20:00:00,COT.Flow-In.Ave.15Minutes.3Hours.MIXED-COMPUTED-REV,-3.43,-5.38,1.95,NEGATIVE
2026-08-26 21:00:00,COT.Flow-In.Ave.15Minutes.3Hours.MIXED-COMPUTED-REV,-4.80,-5.30,0.50,NEGATIVE
2026-08-26 22:00:00,COT.Flow-In.Ave.15Minutes.3Hours.MIXED-COMPUTED-REV,-15.90,-5.30,-10.60,NEGATIVE
2026-08-26 23:00:00,COT.Flow-In.Ave.15Minutes.3Hours.MIXED-COMPUTED-REV,-16.08,-5.30,-10.78,NEGATIVE
2026-08-27 00:00:00,COT.Flow-In.Ave.15Minutes.3Hours.MIXED-COMPUTED-REV,-16.24,-5.30,-10.94,NEGATIVE
2026-08-27 01:00:00,COT.Flow-In.Ave.15Minutes.3Hours.MIXED-COMPUTED-REV,-5.30,-5.30,0.00,NEGATIVE
2026-08-27 02:00:00,COT.Flow-In.Ave.15Minutes.3Hours.MIXED-COMPUTED-REV,-5.38,-5.30,-0.08,NEGATIVE
2026-08-27 03:00:00,COT.Flow-In.Ave.15Minutes.3Hours.MIXED-COMPUTED-REV,-5.45,-5.38,-0.07,NEGATIVE
2026-08-27 04:00:00,COT.Flow-In.Ave.15Minutes.3Hours.MIXED-COMPUTED-REV,-16.44,-5.38,-11.06,NEGATIVE
2026-08-27 05:00:00,COT.Flow-In.Ave.15Minutes.3Hours.MIXED-COMPUTED-REV,-25.78,-5.38,-20.40,NEGATIVE
2026-08-27 06:00:00,COT.Flow-In.Ave.15Minutes.3Hours.MIXED-COMPUTED-REV,-27.02,-5.38,-21.64,NEGATIVE
2026-08-27 07:00:00,COT.Flow-In.Ave.15Minutes.3Hours.MIXED-COMPUTED-REV,-21.52,-5.38,-16.14,NEGATIVE
2026-08-27 08:00:00,COT.Flow-In.Ave.15Minutes.3Hours.MIXED-COMPUTED-REV,-2.39,-5.38,2.99,NEGATIVE
2026-08-27 11:00:00,COT.Flow-In.Ave.15Minutes.3Hours.MIXED-COMPUTED-REV,-2.89,-9.77,6.88,NEGATIVE
2026-08-27 15:00:00,COT.Flow-In.Ave.15Minutes.3Hours.MIXED-COMPUTED-REV,-9.96,-5.45,-4.50,NEGATIVE
2026-08-27 16:00:00,COT.Flow-In.Ave.15Minutes.3Hours.MIXED-COMPUTED-REV,-19.51,-2.96,-16.55,NEGATIVE
2026-08-27 17:00:00,COT.Flow-In.Ave.15Minutes.3Hours.MIXED-COMPUTED-REV,-26.37,-2.96,-23.41,NEGATIVE
2026-08-27 18:00:00,COT.Flow-In.Ave.15Minutes.3Hours.MIXED-COMPUTED-REV,-12.61,-2.96,-9.65,NEGATIVE
2026-08-27 19:00:00,COT.Flow-In.Ave.15Minutes.3Hours.MIXED-COMPUTED-REV,-2.96,-2.96,0.00,NEGATIVE
2026-08-27 21:00:00,COT.Flow-In.Ave.15Minutes.3Hours.MIXED-COMPUTED-REV,-9.77,-6.92,-2.84,NEGATIVE
2026-08-27 22:00:00,COT.Flow-In.Ave.15Minutes.3Hours.MIXED-COMPUTED-REV,-19.42,-6.94,-12.48,NEGATIVE
2026-08-27 23:00:00,COT.Flow-In.Ave.15Minutes.3Hours.MIXED-COMPUTED-REV,-26.34,-7.00,-19.34,NEGATIVE
2026-08-28 00:00:00,COT.Flow-In.Ave.15Minutes.3Hours.MIXED-COMPUTED-REV,-12.58,-9.77,-2.82,NEGATIVE
2026-08-28 01:00:00,COT.Flow-In.Ave.15Minutes.3Hours.MIXED-COMPUTED-REV,-2.94,-9.96,7.01,NEGATIVE
2026-08-28 03:00:00,COT.Flow-In.Ave.15Minutes.3Hours.MIXED-COMPUTED-REV,-2.91,-11.09,8.18,NEGATIVE
2026-08-28 05:00:00,COT.Flow-In.Ave.15Minutes.3Hours.MIXED-COMPUTED-REV,-7.00,-11.09,4.10,NEGATIVE
2026-08-28 06:00:00,COT.Flow-In.Ave.15Minutes.3Hours.MIXED-COMPUTED-REV,-11.09,-11.08,-0.01,NEGATIVE
2026-08-28 07:00:00,COT.Flow-In.Ave.15Minutes.3Hours.MIXED-COMPUTED-REV,-11.08,-9.77,-1.32,NEGATIVE
2026-08-28 08:00:00,COT.Flow-In.Ave.15Minutes.3Hours.MIXED-COMPUTED-REV,-6.94,-11.08,4.14,NEGATIVE
2026-08-28 09:00:00,COT.Flow-In.Ave.15Minutes.3Hours.MIXED-COMPUTED-REV,-6.92,-11.09,4.17,NEGATIVE
2026-08-28 10:00:00,COT.Flow-In.Ave.15Minutes.3Hours.MIXED-COMPUTED-REV,-16.50,-12.58,-3.92,NEGATIVE
2026-08-28 11:00:00,COT.Flow-In.Ave.15Minutes.3Hours.MIXED-COMPUTED-REV,-18.01,-12.58,-5.43,NEGATIVE
2026-08-28 12:00:00,COT.Flow-In.Ave.15Minutes.3Hours.MIXED-COMPUTED-REV,-17.06,-11.09,-5.97,NEGATIVE
2026-08-28 13:00:00,COT.Flow-In.Ave.15Minutes.3Hours.MIXED-COMPUTED-REV,-17.49,-11.08,-6.41,NEGATIVE
2026-08-28 14:00:00,COT.Flow-In.Ave.15Minutes.3Hours.MIXED-COMPUTED-REV,-19.22,-11.08,-8.14,NEGATIVE
2026-08-28 15:00:00,COT.Flow-In.Ave.15Minutes.3Hours.MIXED-COMPUTED-REV,-17.83,-11.08,-6.75,NEGATIVE
2026-08-28 16:00:00,COT.Flow-In.Ave.15Minutes.3Hours.MIXED-COMPUTED-REV,-17.80,-11.08,-6.72,NEGATIVE
2026-08-28 17:00:00,COT.Flow-In.Ave.15Minutes.3Hours.MIXED-COMPUTED-REV,-6.62,-11.09,4.47,NEGATIVE
2026-08-28 18:00:00,COT.Flow-In.Ave.15Minutes.3Hours.MIXED-COMPUTED-REV,-6.60,-11.09,4.49,NEGATIVE
2026-08-28 19:00:00,COT.Flow-In.Ave.15Minutes.3Hours.MIXED-COMPUTED-REV,-7.97,-11.08,3.11,NEGATIVE
2026-08-28 20:00:00,COT.Flow-In.Ave.15Minutes.3Hours.MIXED-COMPUTED-REV,-24.68,-10.57,-14.11,NEGATIVE
2026-08-28 21:00:00,COT.Flow-In.Ave.15Minutes.3Hours.MIXED-COMPUTED-REV,-34.40,-10.57,-23.83,NEGATIVE
2026-08-28 22:00:00,COT.Flow-In.Ave.15Minutes.3Hours.MIXED-COMPUTED-REV,-30.19,-10.57,-19.63,NEGATIVE
2026-08-28 23:00:00,COT.Flow-In.Ave.15Minutes.3Hours.MIXED-COMPUTED-REV,-14.85,-7.97,-6.87,NEGATIVE
2026-08-29 00:00:00,COT.Flow-In.Ave.15Minutes.3Hours.MIXED-COMPUTED-REV,-6.47,-7.83,1.36,NEGATIVE
2026-08-29 01:00:00,COT.Flow-In.Ave.15Minutes.3Hours.MIXED-COMPUTED-REV,-6.45,-7.81,1.35,NEGATIVE
2026-08-29 02:00:00,COT.Flow-In.Ave.15Minutes.3Hours.MIXED-COMPUTED-REV,-7.83,-7.70,-0.13,NEGATIVE
2026-08-29 03:00:00,COT.Flow-In.Ave.15Minutes.3Hours.MIXED-COMPUTED-REV,-7.81,-7.66,-0.15,NEGATIVE
2026-08-29 04:00:00,COT.Flow-In.Ave.15Minutes.3Hours.MIXED-COMPUTED-REV,-10.57,-7.66,-2.91,NEGATIVE
2026-08-29 05:00:00,COT.Flow-In.Ave.15Minutes.3Hours.MIXED-COMPUTED-REV,-17.50,-7.66,-9.84,NEGATIVE
2026-08-29 06:00:00,COT.Flow-In.Ave.15Minutes.3Hours.MIXED-COMPUTED-REV,-2.20,-7.70,5.50,NEGATIVE
2026-08-29 10:00:00,COT.Flow-In.Ave.15Minutes.3Hours.MIXED-COMPUTED-REV,-7.70,-7.81,0.11,NEGATIVE
2026-08-29 13:00:00,COT.Flow-In.Ave.15Minutes.3Hours.MIXED-COMPUTED-REV,-7.66,-7.83,0.17,NEGATIVE
2026-08-29 14:00:00,COT.Flow-In.Ave.15Minutes.3Hours.MIXED-COMPUTED-REV,-6.34,-8.92,2.58,NEGATIVE
2026-08-29 15:00:00,COT.Flow-In.Ave.15Minutes.3Hours.MIXED-COMPUTED-REV,-4.96,-9.09,4.13,NEGATIVE
2026-08-29 16:00:00,COT.Flow-In.Ave.15Minutes.3Hours.MIXED-COMPUTED-REV,-9.09,-9.09,0.00,NEGATIVE
2026-08-29 17:00:00,COT.Flow-In.Ave.15Minutes.3Hours.MIXED-COMPUTED-REV,-22.89,-9.09,-13.80,NEGATIVE
2026-08-29 18:00:00,COT.Flow-In.Ave.15Minutes.3Hours.MIXED-COMPUTED-REV,-25.66,-9.09,-16.56,NEGATIVE
2026-08-29 19:00:00,COT.Flow-In.Ave.15Minutes.3Hours.MIXED-COMPUTED-REV,-25.64,-9.09,-16.55,NEGATIVE
2026-08-29 20:00:00,COT.Flow-In.Ave.15Minutes.3Hours.MIXED-COMPUTED-REV,-29.74,-9.09,-20.65,NEGATIVE
2026-08-29 21:00:00,COT.Flow-In.Ave.15Minutes.3Hours.MIXED-COMPUTED-REV,-26.87,-9.09,-17.78,NEGATIVE
2026-08-29 22:00:00,COT.Flow-In.Ave.15Minutes.3Hours.MIXED-COMPUTED-REV,-18.52,-9.09,-9.43,NEGATIVE
2026-08-29 23:00:00,COT.Flow-In.Ave.15Minutes.3Hours.MIXED-COMPUTED-REV,-10.27,-9.09,-1.18,NEGATIVE
2026-08-30 00:00:00,COT.Flow-In.Ave.15Minutes.3Hours.MIXED-COMPUTED-REV,-8.92,-9.09,0.18,NEGATIVE
2026-08-30 01:00:00,COT.Flow-In.Ave.15Minutes.3Hours.MIXED-COMPUTED-REV,-17.18,-9.09,-8.09,NEGATIVE
2026-08-30 02:00:00,COT.Flow-In.Ave.15Minutes.3Hours.MIXED-COMPUTED-REV,-12.97,-9.09,-3.88,NEGATIVE
2026-08-30 03:00:00,COT.Flow-In.Ave.15Minutes.3Hours.MIXED-COMPUTED-REV,-10.12,-9.09,-1.03,NEGATIVE
2026-08-30 04:00:00,COT.Flow-In.Ave.15Minutes.3Hours.MIXED-COMPUTED-REV,-5.95,-9.09,3.14,NEGATIVE
2026-08-30 05:00:00,COT.Flow-In.Ave.15Minutes.3Hours.MIXED-COMPUTED-REV,-14.21,-8.92,-5.29,NEGATIVE
2026-08-30 06:00:00,COT.Flow-In.Ave.15Minutes.3Hours.MIXED-COMPUTED-REV,-15.57,-7.55,-8.02,NEGATIVE
2026-08-30 07:00:00,COT.Flow-In.Ave.15Minutes.3Hours.MIXED-COMPUTED-REV,-5.90,-6.25,0.36,NEGATIVE
2026-08-30 08:00:00,COT.Flow-In.Ave.15Minutes.3Hours.MIXED-COMPUTED-REV,-0.38,-5.95,5.57,NEGATIVE
2026-08-30 10:00:00,COT.Flow-In.Ave.15Minutes.3Hours.MIXED-COMPUTED-REV,-3.22,-5.95,2.73,NEGATIVE
2026-08-30 11:00:00,COT.Flow-In.Ave.15Minutes.3Hours.MIXED-COMPUTED-REV,-1.82,-5.95,4.13,NEGATIVE
2026-08-30 12:00:00,COT.Flow-In.Ave.15Minutes.3Hours.MIXED-COMPUTED-REV,-1.75,-5.95,4.20,NEGATIVE
2026-08-30 13:00:00,COT.Flow-In.Ave.15Minutes.3Hours.MIXED-COMPUTED-REV,-3.17,-5.95,2.78,NEGATIVE
2026-08-30 17:00:00,COT.Flow-In.Ave.15Minutes.3Hours.MIXED-COMPUTED-REV,-7.55,-6.25,-1.30,NEGATIVE
2026-08-30 18:00:00,COT.Flow-In.Ave.15Minutes.3Hours.MIXED-COMPUTED-REV,-6.25,-5.90,-0.36,NEGATIVE
2026-08-30 19:00:00,COT.Flow-In.Ave.15Minutes.3Hours.MIXED-COMPUTED-REV,-2.16,-5.90,3.73,NEGATIVE
2026-08-30 20:00:00,COT.Flow-In.Ave.15Minutes.3Hours.MIXED-COMPUTED-REV,-2.19,-3.22,1.03,NEGATIVE
2026-08-30 21:00:00,COT.Flow-In.Ave.15Minutes.3Hours.MIXED-COMPUTED-REV,-17.27,-3.22,-14.05,NEGATIVE
2026-08-30 22:00:00,COT.Flow-In.Ave.15Minutes.3Hours.MIXED-COMPUTED-REV,-21.41,-3.22,-18.19,NEGATIVE
2026-08-30 23:00:00,COT.Flow-In.Ave.15Minutes.3Hours.MIXED-COMPUTED-REV,-29.82,-3.17,-26.65,NEGATIVE
2026-08-31 00:00:00,COT.Flow-In.Ave.15Minutes.3Hours.MIXED-COMPUTED-REV,-31.12,-4.59,-26.53,NEGATIVE
2026-08-31 01:00:00,COT.Flow-In.Ave.15Minutes.3Hours.MIXED-COMPUTED-REV,-33.93,-6.25,-27.67,NEGATIVE
2026-08-31 02:00:00,COT.Flow-In.Ave.15Minutes.3Hours.MIXED-COMPUTED-REV,-36.67,-6.76,-29.91,NEGATIVE
2026-08-31 03:00:00,COT.Flow-In.Ave.15Minutes.3Hours.MIXED-COMPUTED-REV,-36.84,-6.76,-30.08,NEGATIVE
2026-08-31 04:00:00,COT.Flow-In.Ave.15Minutes.3Hours.MIXED-COMPUTED-REV,-20.43,-6.76,-13.66,NEGATIVE
2026-08-31 05:00:00,COT.Flow-In.Ave.15Minutes.3Hours.MIXED-COMPUTED-REV,-8.02,-7.55,-0.47,NEGATIVE
2026-08-31 06:00:00,COT.Flow-In.Ave.15Minutes.3Hours.MIXED-COMPUTED-REV,-1.15,-8.02,6.87,NEGATIVE
2026-08-31 07:00:00,COT.Flow-In.Ave.15Minutes.3Hours.MIXED-COMPUTED-REV,-6.76,-8.02,1.26,NEGATIVE
2026-08-31 08:00:00,COT.Flow-In.Ave.15Minutes.3Hours.MIXED-COMPUTED-REV,-1.48,-8.02,6.54,NEGATIVE
2026-08-31 11:00:00,COT.Flow-In.Ave.15Minutes.3Hours.MIXED-COMPUTED-REV,-2.10,-6.76,4.67,NEGATIVE
2026-08-31 12:00:00,COT.Flow-In.Ave.15Minutes.3Hours.MIXED-COMPUTED-REV,-4.59,-6.76,2.17,NEGATIVE
2026-08-31 13:00:00,COT.Flow-In.Ave.15Minutes.3Hours.MIXED-COMPUTED-REV,-11.48,-6.76,-4.72,NEGATIVE
2026-08-31 14:00:00,COT.Flow-In.Ave.15Minutes.3Hours.MIXED-COMPUTED-REV,-8.92,-6.76,-2.15,NEGATIVE
2026-08-31 15:00:00,COT.Flow-In.Ave.15Minutes.3Hours.MIXED-COMPUTED-REV,-5.02,-6.59,1.56,NEGATIVE
2026-08-31 16:00:00,COT.Flow-In.Ave.15Minutes.3Hours.MIXED-COMPUTED-REV,-6.59,-6.59,0.00,NEGATIVE
2026-08-31 17:00:00,COT.Flow-In.Ave.15Minutes.3Hours.MIXED-COMPUTED-REV,-17.68,-6.59,-11.10,NEGATIVE
2026-08-31 18:00:00,COT.Flow-In.Ave.15Minutes.3Hours.MIXED-COMPUTED-REV,-21.90,-6.59,-15.31,NEGATIVE
2026-08-31 19:00:00,COT.Flow-In.Ave.15Minutes.3Hours.MIXED-COMPUTED-REV,-6.89,-6.73,-0.16,NEGATIVE
2026-08-31 20:00:00,COT.Flow-In.Ave.15Minutes.3Hours.MIXED-COMPUTED-REV,-1.42,-6.73,5.31,NEGATIVE
2026-08-31 22:00:00,COT.Flow-In.Ave.15Minutes.3Hours.MIXED-COMPUTED-REV,-5.48,-8.92,3.44,NEGATIVE
2026-08-31 23:00:00,COT.Flow-In.Ave.15Minutes.3Hours.MIXED-COMPUTED-REV,-4.09,-8.92,4.82,NEGATIVE
2026-09-01 00:00:00,COT.Flow-In.Ave.15Minutes.3Hours.MIXED-COMPUTED-REV,-16.33,-9.27,-7.06,NEGATIVE
2026-09-01 01:00:00,COT.Flow-In.Ave.15Minutes.3Hours.MIXED-COMPUTED-REV,-16.31,-9.49,-6.82,NEGATIVE
2026-09-01 02:00:00,COT.Flow-In.Ave.15Minutes.3Hours.MIXED-COMPUTED-REV,-9.49,-9.27,-0.22,NEGATIVE
2026-09-01 04:00:00,COT.Flow-In.Ave.15Minutes.3Hours.MIXED-COMPUTED-REV,-6.73,-9.27,2.54,NEGATIVE
2026-09-01 05:00:00,COT.Flow-In.Ave.15Minutes.3Hours.MIXED-COMPUTED-REV,-18.95,-9.27,-9.68,NEGATIVE
2026-09-01 06:00:00,COT.Flow-In.Ave.15Minutes.3Hours.MIXED-COMPUTED-REV,-24.36,-7.88,-16.48,NEGATIVE
2026-09-01 07:00:00,COT.Flow-In.Ave.15Minutes.3Hours.MIXED-COMPUTED-REV,-35.19,-6.89,-28.30,NEGATIVE
2026-09-01 08:00:00,COT.Flow-In.Ave.15Minutes.3Hours.MIXED-COMPUTED-REV,-33.80,-7.88,-25.92,NEGATIVE
2026-09-01 09:00:00,COT.Flow-In.Ave.15Minutes.3Hours.MIXED-COMPUTED-REV,-29.70,-9.27,-20.43,NEGATIVE
2026-09-01 10:00:00,COT.Flow-In.Ave.15Minutes.3Hours.MIXED-COMPUTED-REV,-13.38,-9.27,-4.11,NEGATIVE
2026-09-01 11:00:00,COT.Flow-In.Ave.15Minutes.3Hours.MIXED-COMPUTED-REV,-6.58,-9.27,2.69,NEGATIVE
2026-09-01 12:00:00,COT.Flow-In.Ave.15Minutes.3Hours.MIXED-COMPUTED-REV,-9.27,-9.27,0.00,NEGATIVE
2026-09-01 13:00:00,COT.Flow-In.Ave.15Minutes.3Hours.MIXED-COMPUTED-REV,-11.96,-7.88,-4.08,NEGATIVE
2026-09-01 14:00:00,COT.Flow-In.Ave.15Minutes.3Hours.MIXED-COMPUTED-REV,-7.88,-7.75,-0.13,NEGATIVE
2026-09-01 15:00:00,COT.Flow-In.Ave.15Minutes.3Hours.MIXED-COMPUTED-REV,-3.80,-7.75,3.95,NEGATIVE
2026-09-01 19:00:00,COT.Flow-In.Ave.15Minutes.3Hours.MIXED-COMPUTED-REV,-3.74,-6.36,2.62,NEGATIVE
2026-09-01 20:00:00,COT.Flow-In.Ave.15Minutes.3Hours.MIXED-COMPUTED-REV,-11.84,-4.97,-6.86,NEGATIVE
2026-09-01 21:00:00,COT.Flow-In.Ave.15Minutes.3Hours.MIXED-COMPUTED-REV,-11.82,-4.97,-6.85,NEGATIVE
2026-09-01 22:00:00,COT.Flow-In.Ave.15Minutes.3Hours.MIXED-COMPUTED-REV,-7.75,-4.97,-2.78,NEGATIVE
2026-09-01 23:00:00,COT.Flow-In.Ave.15Minutes.3Hours.MIXED-COMPUTED-REV,-0.96,-4.97,4.01,NEGATIVE
2026-09-02 00:00:00,COT.Flow-In.Ave.15Minutes.3Hours.MIXED-COMPUTED-REV,-6.36,-4.97,-1.39,NEGATIVE
2026-09-02 01:00:00,COT.Flow-In.Ave.15Minutes.3Hours.MIXED-COMPUTED-REV,-0.94,-4.97,4.03,NEGATIVE
2026-09-02 02:00:00,COT.Flow-In.Ave.15Minutes.3Hours.MIXED-COMPUTED-REV,-4.97,-4.97,0.00,NEGATIVE
2026-09-02 03:00:00,COT.Flow-In.Ave.15Minutes.3Hours.MIXED-COMPUTED-REV,-9.01,-4.97,-4.03,NEGATIVE
2026-09-02 04:00:00,COT.Flow-In.Ave.15Minutes.3Hours.MIXED-COMPUTED-REV,-2.25,-6.14,3.89,NEGATIVE
2026-09-02 07:00:00,COT.Flow-In.Ave.15Minutes.3Hours.MIXED-COMPUTED-REV,-3.55,-6.14,2.59,NEGATIVE
2026-09-02 08:00:00,COT.Flow-In.Ave.15Minutes.3Hours.MIXED-COMPUTED-REV,-0.84,-6.14,5.30,NEGATIVE
2026-09-02 09:00:00,COT.Flow-In.Ave.15Minutes.3Hours.MIXED-COMPUTED-REV,-10.26,-4.97,-5.28,NEGATIVE
2026-09-02 10:00:00,COT.Flow-In.Ave.15Minutes.3Hours.MIXED-COMPUTED-REV,-12.93,-3.55,-9.38,NEGATIVE
2026-09-02 11:00:00,COT.Flow-In.Ave.15Minutes.3Hours.MIXED-COMPUTED-REV,-16.96,-2.25,-14.71,NEGATIVE
2026-09-02 12:00:00,COT.Flow-In.Ave.15Minutes.3Hours.MIXED-COMPUTED-REV,-8.85,-2.25,-6.61,NEGATIVE
2026-09-02 13:00:00,COT.Flow-In.Ave.15Minutes.3Hours.MIXED-COMPUTED-REV,-6.14,-2.25,-3.89,NEGATIVE
2026-09-02 14:00:00,COT.Flow-In.Ave.15Minutes.3Hours.MIXED-COMPUTED-REV,-10.16,-2.25,-7.91,NEGATIVE
2026-09-02 15:00:00,COT.Flow-In.Ave.15Minutes.3Hours.MIXED-COMPUTED-REV,-28.97,-0.84,-28.13,NEGATIVE
2026-09-02 16:00:00,COT.Flow-In.Ave.15Minutes.3Hours.MIXED-COMPUTED-REV,-18.19,-0.64,-17.55,NEGATIVE
2026-09-03 00:00:00,COT.Flow-In.Ave.15Minutes.3Hours.MIXED-COMPUTED-REV,-0.64,10.16,-10.80,NEGATIVE
2026-09-03 01:00:00,COT.Flow-In.Ave.15Minutes.3Hours.MIXED-COMPUTED-REV,-5.96,12.86,-18.81,NEGATIVE
2026-09-03 06:00:00,COT.Flow-In.Ave.15Minutes.3Hours.MIXED-COMPUTED-REV,-3.28,15.61,-18.89,NEGATIVE
2026-09-03 16:00:00,COT.Flow-In.Ave.15Minutes.3Hours.MIXED-COMPUTED-REV,-0.49,15.61,-16.10,NEGATIVE
2026-09-03 22:00:00,COT.Flow-In.Ave.15Minutes.3Hours.MIXED-COMPUTED-REV,-5.77,17.02,-22.79,NEGATIVE
2026-09-03 23:00:00,COT.Flow-In.Ave.15Minutes.3Hours.MIXED-COMPUTED-REV,-9.78,17.02,-26.80,NEGATIVE
2026-09-04 12:00:00,COT.Flow-In.Ave.15Minutes.3Hours.MIXED-COMPUTED-REV,-6.97,22.35,-29.32,NEGATIVE
2026-09-06 12:00:00,COT.Flow-In.Ave.15Minutes.3Hours.MIXED-COMPUTED-REV,-2.37,16.54,-18.92,NEGATIVE
2026-09-07 14:00:00,COT.Flow-In.Ave.15Minutes.3Hours.MIXED-COMPUTED-REV,-6.38,7.17,-13.55,NEGATIVE
2026-09-07 18:00:00,COT.Flow-In.Ave.15Minutes.3Hours.MIXED-COMPUTED-REV,-7.72,4.39,-12.11,NEGATIVE
2026-09-07 19:00:00,COT.Flow-In.Ave.15Minutes.3Hours.MIXED-COMPUTED-REV,-6.37,4.39,-10.76,NEGATIVE
2026-09-07 20:00:00,COT.Flow-In.Ave.15Minutes.3Hours.MIXED-COMPUTED-REV,-6.40,4.39,-10.79,NEGATIVE
2026-09-07 21:00:00,COT.Flow-In.Ave.15Minutes.3Hours.MIXED-COMPUTED-REV,-7.72,4.34,-12.07,NEGATIVE
2026-09-07 22:00:00,COT.Flow-In.Ave.15Minutes.3Hours.MIXED-COMPUTED-REV,-6.31,4.34,-10.65,NEGATIVE
2026-09-07 23:00:00,COT.Flow-In.Ave.15Minutes.3Hours.MIXED-COMPUTED-REV,-6.16,4.34,-10.50,NEGATIVE
2026-09-08 00:00:00,COT.Flow-In.Ave.15Minutes.3Hours.MIXED-COMPUTED-REV,-7.44,4.34,-11.78,NEGATIVE
2026-09-08 13:00:00,COT.Flow-In.Ave.15Minutes.3Hours.MIXED-COMPUTED-REV,-3.80,5.53,-9.33,NEGATIVE
2026-09-08 14:00:00,COT.Flow-In.Ave.15Minutes.3Hours.MIXED-COMPUTED-REV,-2.57,2.71,-5.28,NEGATIVE
2026-09-08 15:00:00,COT.Flow-In.Ave.15Minutes.3Hours.MIXED-COMPUTED-REV,-6.75,2.47,-9.22,NEGATIVE
2026-09-08 16:00:00,COT.Flow-In.Ave.15Minutes.3Hours.MIXED-COMPUTED-REV,-8.27,1.88,-10.15,NEGATIVE
2026-09-08 17:00:00,COT.Flow-In.Ave.15Minutes.3Hours.MIXED-COMPUTED-REV,-1.69,1.72,-3.41,NEGATIVE
2026-09-08 18:00:00,COT.Flow-In.Ave.15Minutes.3Hours.MIXED-COMPUTED-REV,-0.30,1.60,-1.89,NEGATIVE
2026-09-08 20:00:00,COT.Flow-In.Ave.15Minutes.3Hours.MIXED-COMPUTED-REV,-2.74,-0.01,-2.73,NEGATIVE
2026-09-09 00:00:00,COT.Flow-In.Ave.15Minutes.3Hours.MIXED-COMPUTED-REV,-0.01,-1.50,1.49,NEGATIVE
2026-09-09 02:00:00,COT.Flow-In.Ave.15Minutes.3Hours.MIXED-COMPUTED-REV,-0.15,-1.69,1.54,NEGATIVE
2026-09-09 03:00:00,COT.Flow-In.Ave.15Minutes.3Hours.MIXED-COMPUTED-REV,-1.50,-1.69,0.19,NEGATIVE
2026-09-09 04:00:00,COT.Flow-In.Ave.15Minutes.3Hours.MIXED-COMPUTED-REV,-6.75,-1.69,-5.06,NEGATIVE
2026-09-09 05:00:00,COT.Flow-In.Ave.15Minutes.3Hours.MIXED-COMPUTED-REV,-1.31,-1.69,0.38,NEGATIVE
2026-09-09 08:00:00,COT.Flow-In.Ave.15Minutes.3Hours.MIXED-COMPUTED-REV,-6.07,-2.74,-3.32,NEGATIVE
2026-09-09 09:00:00,COT.Flow-In.Ave.15Minutes.3Hours.MIXED-COMPUTED-REV,-8.67,-6.07,-2.60,NEGATIVE
2026-09-09 10:00:00,COT.Flow-In.Ave.15Minutes.3Hours.MIXED-COMPUTED-REV,-11.42,-6.07,-5.36,NEGATIVE
2026-09-09 11:00:00,COT.Flow-In.Ave.15Minutes.3Hours.MIXED-COMPUTED-REV,-16.92,-6.07,-10.85,NEGATIVE
2026-09-09 12:00:00,COT.Flow-In.Ave.15Minutes.3Hours.MIXED-COMPUTED-REV,-21.13,-6.07,-15.06,NEGATIVE
2026-09-09 13:00:00,COT.Flow-In.Ave.15Minutes.3Hours.MIXED-COMPUTED-REV,-21.12,-6.07,-15.05,NEGATIVE
2026-09-09 14:00:00,COT.Flow-In.Ave.15Minutes.3Hours.MIXED-COMPUTED-REV,-6.33,-6.07,-0.26,NEGATIVE
2026-09-09 15:00:00,COT.Flow-In.Ave.15Minutes.3Hours.MIXED-COMPUTED-REV,-2.21,-6.33,4.12,NEGATIVE
2026-09-09 16:00:00,COT.Flow-In.Ave.15Minutes.3Hours.MIXED-COMPUTED-REV,-2.28,-6.33,4.05,NEGATIVE
2026-09-09 17:00:00,COT.Flow-In.Ave.15Minutes.3Hours.MIXED-COMPUTED-REV,-7.70,-6.07,-1.63,NEGATIVE
2026-09-09 18:00:00,COT.Flow-In.Ave.15Minutes.3Hours.MIXED-COMPUTED-REV,-7.73,-6.07,-1.67,NEGATIVE
2026-09-09 19:00:00,COT.Flow-In.Ave.15Minutes.3Hours.MIXED-COMPUTED-REV,-11.69,-6.33,-5.36,NEGATIVE
2026-09-09 20:00:00,COT.Flow-In.Ave.15Minutes.3Hours.MIXED-COMPUTED-REV,-11.66,-6.33,-5.33,NEGATIVE
2026-09-09 21:00:00,COT.Flow-In.Ave.15Minutes.3Hours.MIXED-COMPUTED-REV,-10.28,-6.33,-3.95,NEGATIVE
2026-09-10 03:00:00,COT.Flow-In.Ave.15Minutes.3Hours.MIXED-COMPUTED-REV,-6.46,-1.34,-5.12,NEGATIVE
2026-09-10 07:00:00,COT.Flow-In.Ave.15Minutes.3Hours.MIXED-COMPUTED-REV,-6.58,0.34,-6.92,NEGATIVE
2026-09-10 12:00:00,COT.Flow-In.Ave.15Minutes.3Hours.MIXED-COMPUTED-REV,-10.63,-1.34,-9.29,NEGATIVE
2026-09-10 13:00:00,COT.Flow-In.Ave.15Minutes.3Hours.MIXED-COMPUTED-REV,-13.26,-1.34,-11.92,NEGATIVE
2026-09-10 14:00:00,COT.Flow-In.Ave.15Minutes.3Hours.MIXED-COMPUTED-REV,-17.20,-2.51,-14.69,NEGATIVE
2026-09-10 15:00:00,COT.Flow-In.Ave.15Minutes.3Hours.MIXED-COMPUTED-REV,-1.34,-5.14,3.80,NEGATIVE
2026-09-10 17:00:00,COT.Flow-In.Ave.15Minutes.3Hours.MIXED-COMPUTED-REV,-1.25,-5.14,3.88,NEGATIVE
2026-09-10 18:00:00,COT.Flow-In.Ave.15Minutes.3Hours.MIXED-COMPUTED-REV,-10.40,-5.14,-5.27,NEGATIVE
2026-09-10 19:00:00,COT.Flow-In.Ave.15Minutes.3Hours.MIXED-COMPUTED-REV,-24.88,-6.24,-18.64,NEGATIVE
2026-09-10 20:00:00,COT.Flow-In.Ave.15Minutes.3Hours.MIXED-COMPUTED-REV,-31.47,-5.14,-26.34,NEGATIVE
2026-09-10 21:00:00,COT.Flow-In.Ave.15Minutes.3Hours.MIXED-COMPUTED-REV,-19.67,-5.14,-14.53,NEGATIVE
2026-09-10 22:00:00,COT.Flow-In.Ave.15Minutes.3Hours.MIXED-COMPUTED-REV,-9.12,-5.14,-3.99,NEGATIVE
2026-09-10 23:00:00,COT.Flow-In.Ave.15Minutes.3Hours.MIXED-COMPUTED-REV,-2.51,-5.14,2.62,NEGATIVE
2026-09-11 00:00:00,COT.Flow-In.Ave.15Minutes.3Hours.MIXED-COMPUTED-REV,-5.14,-5.14,0.00,NEGATIVE
2026-09-11 01:00:00,COT.Flow-In.Ave.15Minutes.3Hours.MIXED-COMPUTED-REV,-1.17,-4.99,3.82,NEGATIVE
2026-09-11 02:00:00,COT.Flow-In.Ave.15Minutes.3Hours.MIXED-COMPUTED-REV,-6.41,-4.91,-1.51,NEGATIVE
2026-09-11 03:00:00,COT.Flow-In.Ave.15Minutes.3Hours.MIXED-COMPUTED-REV,-9.03,-2.51,-6.52,NEGATIVE
2026-09-11 04:00:00,COT.Flow-In.Ave.15Minutes.3Hours.MIXED-COMPUTED-REV,-6.33,-2.51,-3.82,NEGATIVE
2026-09-11 05:00:00,COT.Flow-In.Ave.15Minutes.3Hours.MIXED-COMPUTED-REV,-0.99,-2.51,1.53,NEGATIVE
2026-09-11 06:00:00,COT.Flow-In.Ave.15Minutes.3Hours.MIXED-COMPUTED-REV,-4.91,-2.51,-2.39,NEGATIVE
2026-09-11 07:00:00,COT.Flow-In.Ave.15Minutes.3Hours.MIXED-COMPUTED-REV,-6.24,-2.35,-3.89,NEGATIVE
2026-09-11 08:00:00,COT.Flow-In.Ave.15Minutes.3Hours.MIXED-COMPUTED-REV,-4.99,-2.24,-2.74,NEGATIVE
2026-09-11 09:00:00,COT.Flow-In.Ave.15Minutes.3Hours.MIXED-COMPUTED-REV,-1.05,-1.17,0.12,NEGATIVE
2026-09-11 10:00:00,COT.Flow-In.Ave.15Minutes.3Hours.MIXED-COMPUTED-REV,-2.35,-1.17,-1.18,NEGATIVE
2026-09-11 18:00:00,COT.Flow-In.Ave.15Minutes.3Hours.MIXED-COMPUTED-REV,-2.24,-2.24,0.00,NEGATIVE
2026-09-11 22:00:00,COT.Flow-In.Ave.15Minutes.3Hours.MIXED-COMPUTED-REV,-3.50,-2.35,-1.15,NEGATIVE
2026-09-11 23:00:00,COT.Flow-In.Ave.15Minutes.3Hours.MIXED-COMPUTED-REV,-2.17,-3.50,1.33,NEGATIVE
2026-09-12 00:00:00,COT.Flow-In.Ave.15Minutes.3Hours.MIXED-COMPUTED-REV,-6.08,-5.77,-0.32,NEGATIVE
2026-09-12 01:00:00,COT.Flow-In.Ave.15Minutes.3Hours.MIXED-COMPUTED-REV,-7.37,-5.82,-1.56,NEGATIVE
2026-09-12 02:00:00,COT.Flow-In.Ave.15Minutes.3Hours.MIXED-COMPUTED-REV,-6.05,-5.82,-0.23,NEGATIVE
2026-09-12 03:00:00,COT.Flow-In.Ave.15Minutes.3Hours.MIXED-COMPUTED-REV,-9.95,-5.82,-4.13,NEGATIVE
2026-09-12 04:00:00,COT.Flow-In.Ave.15Minutes.3Hours.MIXED-COMPUTED-REV,-15.14,-5.82,-9.32,NEGATIVE
2026-09-12 05:00:00,COT.Flow-In.Ave.15Minutes.3Hours.MIXED-COMPUTED-REV,-22.87,-5.82,-17.06,NEGATIVE
2026-09-12 06:00:00,COT.Flow-In.Ave.15Minutes.3Hours.MIXED-COMPUTED-REV,-22.81,-5.82,-17.00,NEGATIVE
2026-09-12 07:00:00,COT.Flow-In.Ave.15Minutes.3Hours.MIXED-COMPUTED-REV,-18.88,-5.82,-13.06,NEGATIVE
2026-09-12 08:00:00,COT.Flow-In.Ave.15Minutes.3Hours.MIXED-COMPUTED-REV,-13.69,-6.05,-7.64,NEGATIVE
2026-09-12 09:00:00,COT.Flow-In.Ave.15Minutes.3Hours.MIXED-COMPUTED-REV,-5.82,-6.08,0.27,NEGATIVE
2026-09-12 10:00:00,COT.Flow-In.Ave.15Minutes.3Hours.MIXED-COMPUTED-REV,-5.77,-6.08,0.32,NEGATIVE
2026-09-12 11:00:00,COT.Flow-In.Ave.15Minutes.3Hours.MIXED-COMPUTED-REV,-7.06,-6.08,-0.97,NEGATIVE
2026-09-12 12:00:00,COT.Flow-In.Ave.15Minutes.3Hours.MIXED-COMPUTED-REV,-11.02,-6.08,-4.93,NEGATIVE
2026-09-12 13:00:00,COT.Flow-In.Ave.15Minutes.3Hours.MIXED-COMPUTED-REV,-7.14,-7.06,-0.09,NEGATIVE
2026-09-12 17:00:00,COT.Flow-In.Ave.15Minutes.3Hours.MIXED-COMPUTED-REV,-4.48,-5.77,1.28,NEGATIVE
2026-09-12 18:00:00,COT.Flow-In.Ave.15Minutes.3Hours.MIXED-COMPUTED-REV,-0.56,-5.74,5.18,NEGATIVE
2026-09-12 19:00:00,COT.Flow-In.Ave.15Minutes.3Hours.MIXED-COMPUTED-REV,-5.74,-5.68,-0.07,NEGATIVE
2026-09-12 20:00:00,COT.Flow-In.Ave.15Minutes.3Hours.MIXED-COMPUTED-REV,-10.93,-4.48,-6.45,NEGATIVE
2026-09-12 21:00:00,COT.Flow-In.Ave.15Minutes.3Hours.MIXED-COMPUTED-REV,-10.91,-4.40,-6.52,NEGATIVE
2026-09-12 22:00:00,COT.Flow-In.Ave.15Minutes.3Hours.MIXED-COMPUTED-REV,-4.40,-2.67,-1.73,NEGATIVE
2026-09-12 23:00:00,COT.Flow-In.Ave.15Minutes.3Hours.MIXED-COMPUTED-REV,-5.68,-1.36,-4.32,NEGATIVE
2026-09-13 00:00:00,COT.Flow-In.Ave.15Minutes.3Hours.MIXED-COMPUTED-REV,-0.47,-0.56,0.09,NEGATIVE
2026-09-13 01:00:00,COT.Flow-In.Ave.15Minutes.3Hours.MIXED-COMPUTED-REV,-8.24,-0.47,-7.77,NEGATIVE
2026-09-13 02:00:00,COT.Flow-In.Ave.15Minutes.3Hours.MIXED-COMPUTED-REV,-10.71,0.72,-11.43,NEGATIVE
2026-09-13 03:00:00,COT.Flow-In.Ave.15Minutes.3Hours.MIXED-COMPUTED-REV,-2.67,0.72,-3.38,NEGATIVE
2026-09-13 11:00:00,COT.Flow-In.Ave.15Minutes.3Hours.MIXED-COMPUTED-REV,-1.36,3.56,-4.92,NEGATIVE
2026-09-13 16:00:00,COT.Flow-In.Ave.15Minutes.3Hours.MIXED-COMPUTED-REV,-1.63,5.71,-7.34,NEGATIVE
2026-09-13 20:00:00,COT.Flow-In.Ave.15Minutes.3Hours.MIXED-COMPUTED-REV,-0.15,5.60,-5.76,NEGATIVE
2026-09-13 21:00:00,COT.Flow-In.Ave.15Minutes.3Hours.MIXED-COMPUTED-REV,-6.62,5.60,-12.23,NEGATIVE
2026-09-13 22:00:00,COT.Flow-In.Ave.15Minutes.3Hours.MIXED-COMPUTED-REV,-24.99,3.56,-28.55,NEGATIVE
2026-09-13 23:00:00,COT.Flow-In.Ave.15Minutes.3Hours.MIXED-COMPUTED-REV,-18.74,3.56,-22.30,NEGATIVE
2026-09-14 00:00:00,COT.Flow-In.Ave.15Minutes.3Hours.MIXED-COMPUTED-REV,-9.86,5.60,-15.46,NEGATIVE
2026-09-14 02:00:00,COT.Flow-In.Ave.15Minutes.3Hours.MIXED-COMPUTED-REV,-2.18,5.60,-7.79,NEGATIVE
2026-09-14 06:00:00,COT.Flow-In.Ave.15Minutes.3Hours.MIXED-COMPUTED-REV,-2.27,5.67,-7.95,NEGATIVE
2026-09-14 10:00:00,COT.Flow-In.Ave.15Minutes.3Hours.MIXED-COMPUTED-REV,-2.14,5.60,-7.74,NEGATIVE
2026-09-14 19:00:00,COT.Flow-In.Ave.15Minutes.3Hours.MIXED-COMPUTED-REV,-6.07,7.10,-13.17,NEGATIVE
2026-09-14 20:00:00,COT.Flow-In.Ave.15Minutes.3Hours.MIXED-COMPUTED-REV,-6.05,7.10,-13.15,NEGATIVE
2026-09-14 21:00:00,COT.Flow-In.Ave.15Minutes.3Hours.MIXED-COMPUTED-REV,-9.95,7.10,-17.05,NEGATIVE
2026-09-14 22:00:00,COT.Flow-In.Ave.15Minutes.3Hours.MIXED-COMPUTED-REV,-11.24,6.96,-18.20,NEGATIVE
2026-09-15 07:00:00,COT.Flow-In.Ave.15Minutes.3Hours.MIXED-COMPUTED-REV,-3.29,-6.05,2.76,NEGATIVE
2026-09-15 08:00:00,COT.Flow-In.Ave.15Minutes.3Hours.MIXED-COMPUTED-REV,-0.67,-6.05,5.39,NEGATIVE
2026-09-15 09:00:00,COT.Flow-In.Ave.15Minutes.3Hours.MIXED-COMPUTED-REV,-3.26,-9.95,6.69,NEGATIVE
2026-09-15 10:00:00,COT.Flow-In.Ave.15Minutes.3Hours.MIXED-COMPUTED-REV,-1.94,-9.46,7.53,NEGATIVE
2026-09-15 11:00:00,COT.Flow-In.Ave.15Minutes.3Hours.MIXED-COMPUTED-REV,-11.04,-9.46,-1.57,NEGATIVE
2026-09-15 12:00:00,COT.Flow-In.Ave.15Minutes.3Hours.MIXED-COMPUTED-REV,-17.52,-10.91,-6.61,NEGATIVE
2026-09-15 13:00:00,COT.Flow-In.Ave.15Minutes.3Hours.MIXED-COMPUTED-REV,-21.41,-10.91,-10.50,NEGATIVE
2026-09-15 14:00:00,COT.Flow-In.Ave.15Minutes.3Hours.MIXED-COMPUTED-REV,-16.18,-10.91,-5.27,NEGATIVE
2026-09-15 15:00:00,COT.Flow-In.Ave.15Minutes.3Hours.MIXED-COMPUTED-REV,-12.25,-10.91,-1.34,NEGATIVE
2026-09-15 16:00:00,COT.Flow-In.Ave.15Minutes.3Hours.MIXED-COMPUTED-REV,-10.93,-10.91,-0.02,NEGATIVE
2026-09-15 17:00:00,COT.Flow-In.Ave.15Minutes.3Hours.MIXED-COMPUTED-REV,-10.91,-10.91,0.00,NEGATIVE
2026-09-15 18:00:00,COT.Flow-In.Ave.15Minutes.3Hours.MIXED-COMPUTED-REV,-26.46,-10.91,-15.55,NEGATIVE
2026-09-15 19:00:00,COT.Flow-In.Ave.15Minutes.3Hours.MIXED-COMPUTED-REV,-64.06,-10.91,-53.15,NEGATIVE
2026-09-15 20:00:00,COT.Flow-In.Ave.15Minutes.3Hours.MIXED-COMPUTED-REV,-67.92,-10.93,-56.99,NEGATIVE
2026-09-15 21:00:00,COT.Flow-In.Ave.15Minutes.3Hours.MIXED-COMPUTED-REV,-49.72,-11.04,-38.68,NEGATIVE
2026-09-15 22:00:00,COT.Flow-In.Ave.15Minutes.3Hours.MIXED-COMPUTED-REV,-9.46,-11.04,1.57,NEGATIVE
2026-09-15 23:00:00,COT.Flow-In.Ave.15Minutes.3Hours.MIXED-COMPUTED-REV,-34.03,-11.04,-22.99,NEGATIVE
2026-09-16 00:00:00,COT.Flow-In.Ave.15Minutes.3Hours.MIXED-COMPUTED-REV,-36.59,-10.93,-25.66,NEGATIVE
2026-09-16 04:00:00,COT.Flow-In.Ave.15Minutes.3Hours.MIXED-COMPUTED-REV,-1.60,-6.60,5.00,NEGATIVE
2026-09-16 08:00:00,COT.Flow-In.Ave.15Minutes.3Hours.MIXED-COMPUTED-REV,-32.54,-0.72,-31.81,NEGATIVE
2026-09-16 09:00:00,COT.Flow-In.Ave.15Minutes.3Hours.MIXED-COMPUTED-REV,-32.54,-0.72,-31.82,NEGATIVE
2026-09-16 10:00:00,COT.Flow-In.Ave.15Minutes.3Hours.MIXED-COMPUTED-REV,-2.81,-0.72,-2.09,NEGATIVE
2026-09-16 13:00:00,COT.Flow-In.Ave.15Minutes.3Hours.MIXED-COMPUTED-REV,-0.18,1.13,-1.31,NEGATIVE
2026-09-16 15:00:00,COT.Flow-In.Ave.15Minutes.3Hours.MIXED-COMPUTED-REV,-6.60,0.85,-7.46,NEGATIVE
2026-09-16 16:00:00,COT.Flow-In.Ave.15Minutes.3Hours.MIXED-COMPUTED-REV,-10.46,-0.18,-10.27,NEGATIVE
2026-09-16 17:00:00,COT.Flow-In.Ave.15Minutes.3Hours.MIXED-COMPUTED-REV,-6.57,-0.18,-6.39,NEGATIVE
2026-09-16 20:00:00,COT.Flow-In.Ave.15Minutes.3Hours.MIXED-COMPUTED-REV,-0.72,-0.72,0.00,NEGATIVE
2026-09-16 21:00:00,COT.Flow-In.Ave.15Minutes.3Hours.MIXED-COMPUTED-REV,-34.08,-0.18,-33.90,NEGATIVE
2026-09-16 22:00:00,COT.Flow-In.Ave.15Minutes.3Hours.MIXED-COMPUTED-REV,-37.33,0.85,-38.19,NEGATIVE
2026-09-16 23:00:00,COT.Flow-In.Ave.15Minutes.3Hours.MIXED-COMPUTED-REV,-24.51,1.13,-25.63,NEGATIVE
2026-09-17 04:00:00,COT.Flow-In.Ave.15Minutes.3Hours.MIXED-COMPUTED-REV,-26.00,3.76,-29.77,NEGATIVE
2026-09-17 05:00:00,COT.Flow-In.Ave.15Minutes.3Hours.MIXED-COMPUTED-REV,-20.84,3.76,-24.60,NEGATIVE
2026-09-17 06:00:00,COT.Flow-In.Ave.15Minutes.3Hours.MIXED-COMPUTED-REV,-6.83,3.76,-10.59,NEGATIVE
2026-09-17 15:00:00,COT.Flow-In.Ave.15Minutes.3Hours.MIXED-COMPUTED-REV,-11.98,9.58,-21.55,NEGATIVE
2026-09-17 16:00:00,COT.Flow-In.Ave.15Minutes.3Hours.MIXED-COMPUTED-REV,-15.54,9.58,-25.11,NEGATIVE
2026-09-17 17:00:00,COT.Flow-In.Ave.15Minutes.3Hours.MIXED-COMPUTED-REV,-11.80,9.58,-21.38,NEGATIVE
2026-09-17 18:00:00,COT.Flow-In.Ave.15Minutes.3Hours.MIXED-COMPUTED-REV,-1.76,9.84,-11.60,NEGATIVE
2026-09-18 03:00:00,COT.Flow-In.Ave.15Minutes.3Hours.MIXED-COMPUTED-REV,-6.25,8.91,-15.15,NEGATIVE
2026-09-18 04:00:00,COT.Flow-In.Ave.15Minutes.3Hours.MIXED-COMPUTED-REV,-10.91,8.91,-19.82,NEGATIVE
2026-09-18 14:00:00,COT.Flow-In.Ave.15Minutes.3Hours.MIXED-COMPUTED-REV,-4.54,6.96,-11.49,NEGATIVE
2026-09-18 15:00:00,COT.Flow-In.Ave.15Minutes.3Hours.MIXED-COMPUTED-REV,-24.72,6.08,-30.80,NEGATIVE
2026-09-18 16:00:00,COT.Flow-In.Ave.15Minutes.3Hours.MIXED-COMPUTED-REV,-29.71,6.08,-35.79,NEGATIVE
2026-09-18 17:00:00,COT.Flow-In.Ave.15Minutes.3Hours.MIXED-COMPUTED-REV,-11.86,6.96,-18.81,NEGATIVE
2026-09-18 18:00:00,COT.Flow-In.Ave.15Minutes.3Hours.MIXED-COMPUTED-REV,-0.30,8.91,-9.21,NEGATIVE
2026-09-19 02:00:00,COT.Flow-In.Ave.15Minutes.3Hours.MIXED-COMPUTED-REV,-23.18,6.08,-29.26,NEGATIVE
2026-09-19 03:00:00,COT.Flow-In.Ave.15Minutes.3Hours.MIXED-COMPUTED-REV,-36.79,6.08,-42.87,NEGATIVE
2026-09-19 04:00:00,COT.Flow-In.Ave.15Minutes.3Hours.MIXED-COMPUTED-REV,-17.79,6.08,-23.87,NEGATIVE
2026-09-19 13:00:00,COT.Flow-In.Ave.15Minutes.3Hours.MIXED-COMPUTED-REV,-11.47,10.33,-21.80,NEGATIVE
2026-09-19 14:00:00,COT.Flow-In.Ave.15Minutes.3Hours.MIXED-COMPUTED-REV,-34.91,10.33,-45.24,NEGATIVE
2026-09-19 15:00:00,COT.Flow-In.Ave.15Minutes.3Hours.MIXED-COMPUTED-REV,-34.70,10.33,-45.02,NEGATIVE
2026-09-19 16:00:00,COT.Flow-In.Ave.15Minutes.3Hours.MIXED-COMPUTED-REV,-20.92,12.83,-33.75,NEGATIVE
2026-09-19 17:00:00,COT.Flow-In.Ave.15Minutes.3Hours.MIXED-COMPUTED-REV,-9.70,13.24,-22.94,NEGATIVE
2026-09-20 00:00:00,COT.Flow-In.Ave.15Minutes.3Hours.MIXED-COMPUTED-REV,-5.28,13.24,-18.52,NEGATIVE
2026-09-20 01:00:00,COT.Flow-In.Ave.15Minutes.3Hours.MIXED-COMPUTED-REV,-8.72,6.40,-15.13,NEGATIVE
2026-09-20 02:00:00,COT.Flow-In.Ave.15Minutes.3Hours.MIXED-COMPUTED-REV,-7.22,6.40,-13.63,NEGATIVE
2026-09-20 12:00:00,COT.Flow-In.Ave.15Minutes.3Hours.MIXED-COMPUTED-REV,-12.71,7.97,-20.68,NEGATIVE
2026-09-20 13:00:00,COT.Flow-In.Ave.15Minutes.3Hours.MIXED-COMPUTED-REV,-10.14,7.97,-18.10,NEGATIVE
2026-09-20 14:00:00,COT.Flow-In.Ave.15Minutes.3Hours.MIXED-COMPUTED-REV,-2.79,7.97,-10.76,NEGATIVE
2026-09-20 22:00:00,COT.Flow-In.Ave.15Minutes.3Hours.MIXED-COMPUTED-REV,-3.61,8.24,-11.84,NEGATIVE
2026-09-20 23:00:00,COT.Flow-In.Ave.15Minutes.3Hours.MIXED-COMPUTED-REV,-12.09,7.97,-20.05,NEGATIVE
2026-09-21 00:00:00,COT.Flow-In.Ave.15Minutes.3Hours.MIXED-COMPUTED-REV,-10.85,7.97,-18.81,NEGATIVE
2026-09-21 10:00:00,COT.Flow-In.Ave.15Minutes.3Hours.MIXED-COMPUTED-REV,-18.26,8.94,-27.20,NEGATIVE
2026-09-21 11:00:00,COT.Flow-In.Ave.15Minutes.3Hours.MIXED-COMPUTED-REV,-27.83,8.94,-36.77,NEGATIVE
2026-09-21 12:00:00,COT.Flow-In.Ave.15Minutes.3Hours.MIXED-COMPUTED-REV,-21.58,8.94,-30.52,NEGATIVE
2026-09-21 21:00:00,COT.Flow-In.Ave.15Minutes.3Hours.MIXED-COMPUTED-REV,-17.61,6.40,-24.00,NEGATIVE
2026-09-21 22:00:00,COT.Flow-In.Ave.15Minutes.3Hours.MIXED-COMPUTED-REV,-39.46,5.22,-44.68,NEGATIVE
2026-09-21 23:00:00,COT.Flow-In.Ave.15Minutes.3Hours.MIXED-COMPUTED-REV,-31.09,5.22,-36.30,NEGATIVE
2026-09-22 00:00:00,COT.Flow-In.Ave.15Minutes.3Hours.MIXED-COMPUTED-REV,-3.38,6.40,-9.78,NEGATIVE
2026-09-22 08:00:00,COT.Flow-In.Ave.15Minutes.3Hours.MIXED-COMPUTED-REV,-11.96,6.40,-18.36,NEGATIVE
2026-09-22 09:00:00,COT.Flow-In.Ave.15Minutes.3Hours.MIXED-COMPUTED-REV,-17.52,5.22,-22.74,NEGATIVE
2026-09-22 10:00:00,COT.Flow-In.Ave.15Minutes.3Hours.MIXED-COMPUTED-REV,-10.14,5.22,-15.36,NEGATIVE
2026-09-22 19:00:00,COT.Flow-In.Ave.15Minutes.3Hours.MIXED-COMPUTED-REV,-9.91,4.13,-14.04,NEGATIVE
2026-09-22 20:00:00,COT.Flow-In.Ave.15Minutes.3Hours.MIXED-COMPUTED-REV,-30.91,3.04,-33.96,NEGATIVE
2026-09-22 21:00:00,COT.Flow-In.Ave.15Minutes.3Hours.MIXED-COMPUTED-REV,-31.89,3.90,-35.79,NEGATIVE
2026-09-22 22:00:00,COT.Flow-In.Ave.15Minutes.3Hours.MIXED-COMPUTED-REV,-11.72,4.13,-15.84,NEGATIVE
2026-09-23 01:00:00,COT.Flow-In.Ave.15Minutes.3Hours.MIXED-COMPUTED-REV,-5.15,4.34,-9.49,NEGATIVE
2026-09-23 06:00:00,COT.Flow-In.Ave.15Minutes.3Hours.MIXED-COMPUTED-REV,-28.67,2.72,-31.39,NEGATIVE
2026-09-23 07:00:00,COT.Flow-In.Ave.15Minutes.3Hours.MIXED-COMPUTED-REV,-39.37,2.03,-41.40,NEGATIVE
2026-09-23 08:00:00,COT.Flow-In.Ave.15Minutes.3Hours.MIXED-COMPUTED-REV,-23.77,2.03,-25.80,NEGATIVE
2026-09-23 17:00:00,COT.Flow-In.Ave.15Minutes.3Hours.MIXED-COMPUTED-REV,-40.90,5.91,-46.81,NEGATIVE
2026-09-23 18:00:00,COT.Flow-In.Ave.15Minutes.3Hours.MIXED-COMPUTED-REV,-74.90,4.34,-79.24,NEGATIVE
2026-09-23 19:00:00,COT.Flow-In.Ave.15Minutes.3Hours.MIXED-COMPUTED-REV,-68.83,4.34,-73.17,NEGATIVE
2026-09-23 20:00:00,COT.Flow-In.Ave.15Minutes.3Hours.MIXED-COMPUTED-REV,-26.21,4.34,-30.56,NEGATIVE
2026-09-24 05:00:00,COT.Flow-In.Ave.15Minutes.3Hours.MIXED-COMPUTED-REV,-17.10,5.34,-22.44,NEGATIVE
2026-09-24 06:00:00,COT.Flow-In.Ave.15Minutes.3Hours.MIXED-COMPUTED-REV,-30.62,5.34,-35.96,NEGATIVE
2026-09-24 07:00:00,COT.Flow-In.Ave.15Minutes.3Hours.MIXED-COMPUTED-REV,-21.11,5.34,-26.46,NEGATIVE
2026-09-24 08:00:00,COT.Flow-In.Ave.15Minutes.3Hours.MIXED-COMPUTED-REV,-1.11,5.34,-6.46,NEGATIVE
2026-09-24 16:00:00,COT.Flow-In.Ave.15Minutes.3Hours.MIXED-COMPUTED-REV,-14.18,-1.11,-13.07,NEGATIVE
2026-09-24 17:00:00,COT.Flow-In.Ave.15Minutes.3Hours.MIXED-COMPUTED-REV,-14.20,-1.11,-13.08,NEGATIVE
2026-09-24 18:00:00,COT.Flow-In.Ave.15Minutes.3Hours.MIXED-COMPUTED-REV,-9.40,0.21,-9.61,NEGATIVE
2026-09-24 20:00:00,COT.Flow-In.Ave.15Minutes.3Hours.MIXED-COMPUTED-REV,-4.33,3.95,-8.29,NEGATIVE
2026-09-24 21:00:00,COT.Flow-In.Ave.15Minutes.3Hours.MIXED-COMPUTED-REV,-11.37,5.34,-16.72,NEGATIVE
2026-09-24 22:00:00,COT.Flow-In.Ave.15Minutes.3Hours.MIXED-COMPUTED-REV,-7.05,6.70,-13.75,NEGATIVE
2026-09-25 02:00:00,COT.Flow-In.Ave.15Minutes.3Hours.MIXED-COMPUTED-REV,-8.77,12.69,-21.47,NEGATIVE
2026-09-25 03:00:00,COT.Flow-In.Ave.15Minutes.3Hours.MIXED-COMPUTED-REV,-25.24,12.69,-37.93,NEGATIVE
2026-09-25 04:00:00,COT.Flow-In.Ave.15Minutes.3Hours.MIXED-COMPUTED-REV,-24.92,12.69,-37.61,NEGATIVE
2026-09-25 16:00:00,COT.Flow-In.Ave.15Minutes.3Hours.MIXED-COMPUTED-REV,-9.04,19.87,-28.91,NEGATIVE
2026-09-25 17:00:00,COT.Flow-In.Ave.15Minutes.3Hours.MIXED-COMPUTED-REV,-35.59,19.87,-55.46,NEGATIVE
2026-09-25 18:00:00,COT.Flow-In.Ave.15Minutes.3Hours.MIXED-COMPUTED-REV,-34.33,19.87,-54.20,NEGATIVE
2026-09-25 19:00:00,COT.Flow-In.Ave.15Minutes.3Hours.MIXED-COMPUTED-REV,-20.26,19.87,-40.13,NEGATIVE
2026-09-25 20:00:00,COT.Flow-In.Ave.15Minutes.3Hours.MIXED-COMPUTED-REV,-17.75,19.87,-37.62,NEGATIVE
2026-09-26 04:00:00,COT.Flow-In.Ave.15Minutes.3Hours.MIXED-COMPUTED-REV,-5.33,17.58,-22.90,NEGATIVE
2026-09-26 15:00:00,COT.Flow-In.Ave.15Minutes.3Hours.MIXED-COMPUTED-REV,-5.03,35.17,-40.19,NEGATIVE
2026-09-26 16:00:00,COT.Flow-In.Ave.15Minutes.3Hours.MIXED-COMPUTED-REV,-3.76,35.17,-38.92,NEGATIVE
2026-09-27 03:00:00,COT.Flow-In.Ave.15Minutes.3Hours.MIXED-COMPUTED-REV,-20.65,34.53,-55.19,NEGATIVE
2026-09-27 04:00:00,COT.Flow-In.Ave.15Minutes.3Hours.MIXED-COMPUTED-REV,-9.32,34.53,-43.85,NEGATIVE
2026-09-27 14:00:00,COT.Flow-In.Ave.15Minutes.3Hours.MIXED-COMPUTED-REV,-4.18,24.00,-28.18,NEGATIVE
2026-09-27 15:00:00,COT.Flow-In.Ave.15Minutes.3Hours.MIXED-COMPUTED-REV,-13.84,24.00,-37.84,NEGATIVE
2026-09-28 01:00:00,COT.Flow-In.Ave.15Minutes.3Hours.MIXED-COMPUTED-REV,-13.00,23.98,-36.98,NEGATIVE
2026-09-28 02:00:00,COT.Flow-In.Ave.15Minutes.3Hours.MIXED-COMPUTED-REV,-13.83,23.98,-37.81,NEGATIVE
2026-09-28 12:00:00,COT.Flow-In.Ave.15Minutes.3Hours.MIXED-COMPUTED-REV,-12.05,18.98,-31.04,NEGATIVE
2026-09-28 13:00:00,COT.Flow-In.Ave.15Minutes.3Hours.MIXED-COMPUTED-REV,-15.31,18.98,-34.29,NEGATIVE
2026-09-28 14:00:00,COT.Flow-In.Ave.15Minutes.3Hours.MIXED-COMPUTED-REV,-1.66,21.84,-23.50,NEGATIVE
2026-09-28 23:00:00,COT.Flow-In.Ave.15Minutes.3Hours.MIXED-COMPUTED-REV,-11.44,18.98,-30.42,NEGATIVE
2026-09-29 00:00:00,COT.Flow-In.Ave.15Minutes.3Hours.MIXED-COMPUTED-REV,-18.13,18.98,-37.11,NEGATIVE
2026-09-29 10:00:00,COT.Flow-In.Ave.15Minutes.3Hours.MIXED-COMPUTED-REV,-20.55,17.49,-38.04,NEGATIVE
2026-09-29 11:00:00,COT.Flow-In.Ave.15Minutes.3Hours.MIXED-COMPUTED-REV,-18.19,21.84,-40.04,NEGATIVE
2026-09-29 20:00:00,COT.Flow-In.Ave.15Minutes.3Hours.MIXED-COMPUTED-REV,-11.15,23.99,-35.14,NEGATIVE
2026-09-29 21:00:00,COT.Flow-In.Ave.15Minutes.3Hours.MIXED-COMPUTED-REV,-16.22,17.49,-33.71,NEGATIVE
2026-09-30 07:00:00,COT.Flow-In.Ave.15Minutes.3Hours.MIXED-COMPUTED-REV,-19.96,16.88,-36.84,NEGATIVE
2026-09-30 08:00:00,COT.Flow-In.Ave.15Minutes.3Hours.MIXED-COMPUTED-REV,-29.85,16.88,-46.73,NEGATIVE
2026-09-30 18:00:00,COT.Flow-In.Ave.15Minutes.3Hours.MIXED-COMPUTED-REV,-16.60,14.35,-30.95,NEGATIVE
2026-09-30 19:00:00,COT.Flow-In.Ave.15Minutes.3Hours.MIXED-COMPUTED-REV,-9.88,14.51,-24.39,NEGATIVE
2025-10-01 04:00:00,DET.Flow-In.Ave.1Hour.3Hours.CBT-COMPUTED-REV,-20.47,504.70,-525.17,NEGATIVE
2025-10-03 03:00:00,DET.Flow-In.Ave.1Hour.3Hours.CBT-COMPUTED-REV,-27.84,465.68,-493.52,"SPIKE,NEGATIVE"
2025-10-03 06:00:00,DET.Flow-In.Ave.1Hour.3Hours.CBT-COMPUTED-REV,890.86,444.42,446.44,SPIKE
2025-10-03 07:00:00,DET.Flow-In.Ave.1Hour.3Hours.CBT-COMPUTED-REV,1000.06,424.81,575.25,SPIKE
2025-10-03 08:00:00,DET.Flow-In.Ave.1Hour.3Hours.CBT-COMPUTED-REV,903.67,424.81,478.86,SPIKE
2025-10-11 02:00:00,DET.Flow-In.Ave.1Hour.3Hours.CBT-COMPUTED-REV,-39.08,446.17,-485.25,"SPIKE,NEGATIVE"
2025-10-11 03:00:00,DET.Flow-In.Ave.1Hour.3Hours.CBT-COMPUTED-REV,10.44,452.82,-442.37,SPIKE
2025-10-11 07:00:00,DET.Flow-In.Ave.1Hour.3Hours.CBT-COMPUTED-REV,919.87,470.31,449.56,SPIKE
2025-10-12 06:00:00,DET.Flow-In.Ave.1Hour.3Hours.CBT-COMPUTED-REV,954.44,558.74,395.71,SPIKE
2025-10-15 06:00:00,DET.Flow-In.Ave.1Hour.3Hours.CBT-COMPUTED-REV,912.43,476.91,435.52,SPIKE
2025-10-16 06:00:00,DET.Flow-In.Ave.1Hour.3Hours.CBT-COMPUTED-REV,864.66,421.38,443.28,SPIKE
2025-10-16 07:00:00,DET.Flow-In.Ave.1Hour.3Hours.CBT-COMPUTED-REV,786.53,425.47,361.07,SPIKE
2025-10-18 07:00:00,DET.Flow-In.Ave.1Hour.3Hours.CBT-COMPUTED-REV,656.82,406.60,250.23,SPIKE
2025-10-26 02:00:00,DET.Flow-In.Ave.1Hour.3Hours.CBT-COMPUTED-REV,-703.59,1336.06,-2039.65,"SPIKE,NEGATIVE"
2025-10-26 03:00:00,DET.Flow-In.Ave.1Hour.3Hours.CBT-COMPUTED-REV,-462.37,1360.43,-1822.81,"SPIKE,NEGATIVE"
2025-10-26 04:00:00,DET.Flow-In.Ave.1Hour.3Hours.CBT-COMPUTED-REV,-372.00,1378.86,-1750.85,"SPIKE,NEGATIVE"
2025-10-26 06:00:00,DET.Flow-In.Ave.1Hour.3Hours.CBT-COMPUTED-REV,4080.86,1624.76,2456.10,SPIKE
2025-10-26 07:00:00,DET.Flow-In.Ave.1Hour.3Hours.CBT-COMPUTED-REV,3931.97,1624.76,2307.21,SPIKE
2025-10-26 08:00:00,DET.Flow-In.Ave.1Hour.3Hours.CBT-COMPUTED-REV,3891.73,1624.76,2266.97,SPIKE
2025-11-02 07:00:00,DET.Flow-In.Ave.1Hour.3Hours.CBT-COMPUTED-REV,2746.24,2106.45,639.79,SPIKE
2025-11-02 08:00:00,DET.Flow-In.Ave.1Hour.3Hours.CBT-COMPUTED-REV,2768.71,2106.45,662.26,SPIKE
2025-11-17 05:00:00,DET.Flow-In.Ave.1Hour.3Hours.CBT-COMPUTED-REV,-15.65,958.91,-974.56,NEGATIVE
2025-11-29 16:00:00,DET.Flow-In.Ave.1Hour.3Hours.CBT-COMPUTED-REV,2051.11,1532.15,518.96,SPIKE
2025-11-30 08:00:00,DET.Flow-In.Ave.1Hour.3Hours.CBT-COMPUTED-REV,2120.71,1472.12,648.59,SPIKE
2025-11-30 09:00:00,DET.Flow-In.Ave.1Hour.3Hours.CBT-COMPUTED-REV,2413.32,1472.12,941.19,SPIKE
2025-11-30 10:00:00,DET.Flow-In.Ave.1Hour.3Hours.CBT-COMPUTED-REV,2349.13,1470.70,878.43,SPIKE
2025-12-17 18:00:00,DET.Flow-In.Ave.1Hour.3Hours.CBT-COMPUTED-REV,6542.56,5214.62,1327.94,SPIKE
2025-12-17 19:00:00,DET.Flow-In.Ave.1Hour.3Hours.CBT-COMPUTED-REV,6699.26,5214.62,1484.64,SPIKE
2025-12-17 20:00:00,DET.Flow-In.Ave.1Hour.3Hours.CBT-COMPUTED-REV,6570.58,5214.62,1355.97,SPIKE
2025-12-19 09:00:00,DET.Flow-In.Ave.1Hour.3Hours.CBT-COMPUTED-REV,33302.29,26354.04,6948.25,SPIKE
2025-12-19 10:00:00,DET.Flow-In.Ave.1Hour.3Hours.CBT-COMPUTED-REV,35177.28,26354.04,8823.24,SPIKE
2025-12-19 11:00:00,DET.Flow-In.Ave.1Hour.3Hours.CBT-COMPUTED-REV,36318.09,26354.04,9964.05,SPIKE
2025-12-19 12:00:00,DET.Flow-In.Ave.1Hour.3Hours.CBT-COMPUTED-REV,36760.61,26354.04,10406.57,SPIKE
2025-12-19 13:00:00,DET.Flow-In.Ave.1Hour.3Hours.CBT-COMPUTED-REV,36526.37,26354.04,10172.33,SPIKE
2025-12-19 14:00:00,DET.Flow-In.Ave.1Hour.3Hours.CBT-COMPUTED-REV,36202.91,26354.04,9848.87,SPIKE
2025-12-19 15:00:00,DET.Flow-In.Ave.1Hour.3Hours.CBT-COMPUTED-REV,35148.81,26354.04,8794.77,SPIKE
2025-12-19 16:00:00,DET.Flow-In.Ave.1Hour.3Hours.CBT-COMPUTED-REV,33519.56,26354.04,7165.52,SPIKE
2026-02-05 08:00:00,DET.Flow-In.Ave.1Hour.3Hours.CBT-COMPUTED-REV,1508.44,1198.42,310.02,SPIKE
2026-03-05 05:00:00,DET.Flow-In.Ave.1Hour.3Hours.CBT-COMPUTED-REV,1277.98,2451.42,-1173.44,SPIKE
2026-03-05 06:00:00,DET.Flow-In.Ave.1Hour.3Hours.CBT-COMPUTED-REV,928.22,2603.08,-1674.86,SPIKE
2026-03-05 07:00:00,DET.Flow-In.Ave.1Hour.3Hours.CBT-COMPUTED-REV,1277.27,2637.85,-1360.58,SPIKE
2026-03-08 02:00:00,DET.Flow-In.Ave.1Hour.3Hours.CBT-COMPUTED-REV,1414.36,2366.00,-951.64,SPIKE
2026-03-08 03:00:00,DET.Flow-In.Ave.1Hour.3Hours.CBT-COMPUTED-REV,1364.66,2366.00,-1001.34,SPIKE
2026-03-08 04:00:00,DET.Flow-In.Ave.1Hour.3Hours.CBT-COMPUTED-REV,1383.34,2366.00,-982.66,SPIKE
2026-03-08 06:00:00,DET.Flow-In.Ave.1Hour.3Hours.CBT-COMPUTED-REV,3197.01,2366.00,831.01,SPIKE
2026-03-08 07:00:00,DET.Flow-In.Ave.1Hour.3Hours.CBT-COMPUTED-REV,3175.39,2366.00,809.39,SPIKE
2026-03-08 08:00:00,DET.Flow-In.Ave.1Hour.3Hours.CBT-COMPUTED-REV,3271.45,2366.00,905.45,SPIKE
2026-03-14 18:00:00,DET.Flow-In.Ave.1Hour.3Hours.CBT-COMPUTED-REV,13480.96,10328.45,3152.51,SPIKE
2026-03-14 19:00:00,DET.Flow-In.Ave.1Hour.3Hours.CBT-COMPUTED-REV,13456.49,10328.45,3128.04,SPIKE
2026-03-14 20:00:00,DET.Flow-In.Ave.1Hour.3Hours.CBT-COMPUTED-REV,13103.60,10328.45,2775.15,SPIKE
2026-03-31 04:00:00,DET.Flow-In.Ave.1Hour.3Hours.CBT-COMPUTED-REV,-41.61,1559.75,-1601.36,"SPIKE,JUMP,NEGATIVE"
2026-05-01 23:00:00,DET.Flow-In.Ave.1Hour.3Hours.CBT-COMPUTED-REV,923.31,1269.29,-345.97,SPIKE
2026-05-14 23:00:00,DET.Flow-In.Ave.1Hour.3Hours.CBT-COMPUTED-REV,535.59,928.32,-392.73,SPIKE
2026-05-15 00:00:00,DET.Flow-In.Ave.1Hour.3Hours.CBT-COMPUTED-REV,582.42,928.32,-345.90,SPIKE
2026-05-15 01:00:00,DET.Flow-In.Ave.1Hour.3Hours.CBT-COMPUTED-REV,665.58,930.21,-264.63,SPIKE
2026-05-17 23:00:00,DET.Flow-In.Ave.1Hour.3Hours.CBT-COMPUTED-REV,748.53,1104.34,-355.81,SPIKE
2026-05-24 09:00:00,DET.Flow-In.Ave.1Hour.3Hours.CBT-COMPUTED-REV,1116.98,784.12,332.87,SPIKE
2026-05-26 08:00:00,DET.Flow-In.Ave.1Hour.3Hours.CBT-COMPUTED-REV,1072.34,732.45,339.89,SPIKE
2026-05-26 09:00:00,DET.Flow-In.Ave.1Hour.3Hours.CBT-COMPUTED-REV,1132.91,732.45,400.47,SPIKE
2026-05-26 10:00:00,DET.Flow-In.Ave.1Hour.3Hours.CBT-COMPUTED-REV,1074.25,732.45,341.80,SPIKE
2026-05-27 08:00:00,DET.Flow-In.Ave.1Hour.3Hours.CBT-COMPUTED-REV,1031.11,726.23,304.88,SPIKE
2026-06-01 09:00:00,DET.Flow-In.Ave.1Hour.3Hours.CBT-COMPUTED-REV,1144.17,773.99,370.18,SPIKE
2026-06-04 06:00:00,DET.Flow-In.Ave.1Hour.3Hours.CBT-COMPUTED-REV,294.80,731.88,-437.08,SPIKE
2026-06-04 07:00:00,DET.Flow-In.Ave.1Hour.3Hours.CBT-COMPUTED-REV,339.64,731.88,-392.23,SPIKE
2026-06-05 04:00:00,DET.Flow-In.Ave.1Hour.3Hours.CBT-COMPUTED-REV,375.86,701.09,-325.23,SPIKE
2026-06-05 05:00:00,DET.Flow-In.Ave.1Hour.3Hours.CBT-COMPUTED-REV,273.45,701.09,-427.64,SPIKE
2026-06-05 06:00:00,DET.Flow-In.Ave.1Hour.3Hours.CBT-COMPUTED-REV,328.00,703.26,-375.26,SPIKE
2026-06-08 05:00:00,DET.Flow-In.Ave.1Hour.3Hours.CBT-COMPUTED-REV,392.09,699.95,-307.86,SPIKE
2026-06-08 09:00:00,DET.Flow-In.Ave.1Hour.3Hours.CBT-COMPUTED-REV,981.02,698.41,282.61,SPIKE
2026-06-15 05:00:00,DET.Flow-In.Ave.1Hour.3Hours.CBT-COMPUTED-REV,349.99,661.73,-311.74,SPIKE
2026-06-29 06:00:00,DET.Flow-In.Ave.1Hour.3Hours.CBT-COMPUTED-REV,1035.87,691.50,344.37,SPIKE
2026-06-29 10:00:00,DET.Flow-In.Ave.1Hour.3Hours.CBT-COMPUTED-REV,349.79,706.74,-356.95,SPIKE
2026-06-29 11:00:00,DET.Flow-In.Ave.1Hour.3Hours.CBT-COMPUTED-REV,434.18,706.74,-272.56,SPIKE
2026-07-27 07:00:00,DET.Flow-In.Ave.1Hour.3Hours.CBT-COMPUTED-REV,1003.35,452.77,550.59,SPIKE
2026-07-29 02:00:00,DET.Flow-In.Ave.1Hour.3Hours.CBT-COMPUTED-REV,94.34,451.15,-356.81,SPIKE
2026-07-29 06:00:00,DET.Flow-In.Ave.1Hour.3Hours.CBT-COMPUTED-REV,809.74,451.28,358.46,SPIKE
2026-07-29 07:00:00,DET.Flow-In.Ave.1Hour.3Hours.CBT-COMPUTED-REV,925.64,451.28,474.36,SPIKE
2026-07-29 08:00:00,DET.Flow-In.Ave.1Hour.3Hours.CBT-COMPUTED-REV,882.39,451.28,431.11,SPIKE
2026-07-29 09:00:00,DET.Flow-In.Ave.1Hour.3Hours.CBT-COMPUTED-REV,824.20,451.28,372.93,SPIKE
2026-07-31 07:00:00,DET.Flow-In.Ave.1Hour.3Hours.CBT-COMPUTED-REV,1054.75,449.30,605.45,SPIKE
2026-08-02 03:00:00,DET.Flow-In.Ave.1Hour.3Hours.CBT-COMPUTED-REV,-60.09,477.10,-537.19,"SPIKE,NEGATIVE"
2026-08-02 04:00:00,DET.Flow-In.Ave.1Hour.3Hours.CBT-COMPUTED-REV,-43.11,464.99,-508.10,"SPIKE,NEGATIVE"
2026-08-02 07:00:00,DET.Flow-In.Ave.1Hour.3Hours.CBT-COMPUTED-REV,835.12,447.37,387.75,SPIKE
2026-08-02 08:00:00,DET.Flow-In.Ave.1Hour.3Hours.CBT-COMPUTED-REV,956.57,447.37,509.20,SPIKE
2026-08-02 09:00:00,DET.Flow-In.Ave.1Hour.3Hours.CBT-COMPUTED-REV,893.18,447.37,445.81,SPIKE
2026-08-03 07:00:00,DET.Flow-In.Ave.1Hour.3Hours.CBT-COMPUTED-REV,928.13,446.34,481.79,SPIKE
2026-08-03 08:00:00,DET.Flow-In.Ave.1Hour.3Hours.CBT-COMPUTED-REV,1004.58,446.39,558.19,SPIKE
2026-08-03 09:00:00,DET.Flow-In.Ave.1Hour.3Hours.CBT-COMPUTED-REV,956.87,446.39,510.48,SPIKE
2026-08-03 10:00:00,DET.Flow-In.Ave.1Hour.3Hours.CBT-COMPUTED-REV,842.93,446.39,396.54,SPIKE
2026-08-04 03:00:00,DET.Flow-In.Ave.1Hour.3Hours.CBT-COMPUTED-REV,-61.10,446.34,-507.44,NEGATIVE
2026-08-04 07:00:00,DET.Flow-In.Ave.1Hour.3Hours.CBT-COMPUTED-REV,1013.64,416.87,596.77,SPIKE
2026-08-04 08:00:00,DET.Flow-In.Ave.1Hour.3Hours.CBT-COMPUTED-REV,1057.45,416.83,640.62,SPIKE
2026-08-05 03:00:00,DET.Flow-In.Ave.1Hour.3Hours.CBT-COMPUTED-REV,-36.31,415.04,-451.35,NEGATIVE
2026-08-05 08:00:00,DET.Flow-In.Ave.1Hour.3Hours.CBT-COMPUTED-REV,1086.65,355.90,730.75,SPIKE
2026-08-06 07:00:00,DET.Flow-In.Ave.1Hour.3Hours.CBT-COMPUTED-REV,956.71,413.93,542.78,SPIKE
2026-08-06 08:00:00,DET.Flow-In.Ave.1Hour.3Hours.CBT-COMPUTED-REV,1056.04,413.93,642.11,SPIKE
2026-08-06 09:00:00,DET.Flow-In.Ave.1Hour.3Hours.CBT-COMPUTED-REV,965.87,413.93,551.94,SPIKE
2026-08-06 10:00:00,DET.Flow-In.Ave.1Hour.3Hours.CBT-COMPUTED-REV,772.78,413.93,358.85,SPIKE
2026-08-08 07:00:00,DET.Flow-In.Ave.1Hour.3Hours.CBT-COMPUTED-REV,1056.49,382.80,673.69,SPIKE
2026-08-08 08:00:00,DET.Flow-In.Ave.1Hour.3Hours.CBT-COMPUTED-REV,1031.38,382.77,648.62,SPIKE
2026-08-09 03:00:00,DET.Flow-In.Ave.1Hour.3Hours.CBT-COMPUTED-REV,-80.10,400.01,-480.11,NEGATIVE
2026-08-09 04:00:00,DET.Flow-In.Ave.1Hour.3Hours.CBT-COMPUTED-REV,-73.63,400.01,-473.64,NEGATIVE
2026-08-09 07:00:00,DET.Flow-In.Ave.1Hour.3Hours.CBT-COMPUTED-REV,988.23,387.14,601.10,SPIKE
2026-08-09 08:00:00,DET.Flow-In.Ave.1Hour.3Hours.CBT-COMPUTED-REV,1128.29,387.14,741.15,SPIKE
2026-08-09 09:00:00,DET.Flow-In.Ave.1Hour.3Hours.CBT-COMPUTED-REV,1046.19,387.14,659.05,SPIKE
2026-08-10 08:00:00,DET.Flow-In.Ave.1Hour.3Hours.CBT-COMPUTED-REV,999.52,388.24,611.29,SPIKE
2026-08-10 09:00:00,DET.Flow-In.Ave.1Hour.3Hours.CBT-COMPUTED-REV,945.44,388.24,557.20,SPIKE
2026-08-11 03:00:00,DET.Flow-In.Ave.1Hour.3Hours.CBT-COMPUTED-REV,13.63,410.29,-396.65,SPIKE
2026-08-11 04:00:00,DET.Flow-In.Ave.1Hour.3Hours.CBT-COMPUTED-REV,19.71,416.15,-396.43,SPIKE
2026-08-11 07:00:00,DET.Flow-In.Ave.1Hour.3Hours.CBT-COMPUTED-REV,817.85,409.59,408.26,SPIKE
2026-08-11 08:00:00,DET.Flow-In.Ave.1Hour.3Hours.CBT-COMPUTED-REV,952.79,409.55,543.24,SPIKE
2026-08-11 09:00:00,DET.Flow-In.Ave.1Hour.3Hours.CBT-COMPUTED-REV,904.87,409.55,495.32,SPIKE
2026-08-11 10:00:00,DET.Flow-In.Ave.1Hour.3Hours.CBT-COMPUTED-REV,794.22,409.55,384.67,SPIKE
2026-08-12 03:00:00,DET.Flow-In.Ave.1Hour.3Hours.CBT-COMPUTED-REV,-97.67,409.70,-507.36,"SPIKE,NEGATIVE"
2026-08-12 04:00:00,DET.Flow-In.Ave.1Hour.3Hours.CBT-COMPUTED-REV,-37.55,409.70,-447.25,"SPIKE,NEGATIVE"
2026-08-12 07:00:00,DET.Flow-In.Ave.1Hour.3Hours.CBT-COMPUTED-REV,845.74,408.53,437.21,SPIKE
2026-08-12 08:00:00,DET.Flow-In.Ave.1Hour.3Hours.CBT-COMPUTED-REV,987.60,408.53,579.07,SPIKE
2026-08-12 09:00:00,DET.Flow-In.Ave.1Hour.3Hours.CBT-COMPUTED-REV,940.92,408.53,532.39,SPIKE
2026-08-12 10:00:00,DET.Flow-In.Ave.1Hour.3Hours.CBT-COMPUTED-REV,797.51,408.53,388.98,SPIKE
2026-08-13 03:00:00,DET.Flow-In.Ave.1Hour.3Hours.CBT-COMPUTED-REV,-14.86,408.63,-423.49,NEGATIVE
2026-08-13 04:00:00,DET.Flow-In.Ave.1Hour.3Hours.CBT-COMPUTED-REV,-19.49,408.63,-428.12,NEGATIVE
2026-08-13 08:00:00,DET.Flow-In.Ave.1Hour.3Hours.CBT-COMPUTED-REV,1088.39,407.27,681.12,SPIKE
2026-08-13 09:00:00,DET.Flow-In.Ave.1Hour.3Hours.CBT-COMPUTED-REV,1033.87,407.27,626.60,SPIKE
2026-08-16 08:00:00,DET.Flow-In.Ave.1Hour.3Hours.CBT-COMPUTED-REV,1095.87,375.83,720.03,SPIKE
2026-08-17 08:00:00,DET.Flow-In.Ave.1Hour.3Hours.CBT-COMPUTED-REV,1038.12,433.23,604.89,SPIKE
2026-08-17 09:00:00,DET.Flow-In.Ave.1Hour.3Hours.CBT-COMPUTED-REV,999.87,433.23,566.63,SPIKE
2026-08-19 08:00:00,DET.Flow-In.Ave.1Hour.3Hours.CBT-COMPUTED-REV,760.44,402.02,358.42,SPIKE
2026-08-19 09:00:00,DET.Flow-In.Ave.1Hour.3Hours.CBT-COMPUTED-REV,767.21,401.80,365.41,SPIKE
2026-08-21 03:00:00,DET.Flow-In.Ave.1Hour.3Hours.CBT-COMPUTED-REV,-71.38,371.74,-443.12,NEGATIVE
2026-08-22 03:00:00,DET.Flow-In.Ave.1Hour.3Hours.CBT-COMPUTED-REV,-50.01,406.66,-456.67,NEGATIVE
2026-08-23 03:00:00,DET.Flow-In.Ave.1Hour.3Hours.CBT-COMPUTED-REV,-90.20,313.84,-404.04,NEGATIVE
2026-08-23 04:00:00,DET.Flow-In.Ave.1Hour.3Hours.CBT-COMPUTED-REV,-101.56,313.84,-415.40,NEGATIVE
2026-08-23 05:00:00,DET.Flow-In.Ave.1Hour.3Hours.CBT-COMPUTED-REV,-21.16,365.68,-386.84,NEGATIVE
2026-08-23 08:00:00,DET.Flow-In.Ave.1Hour.3Hours.CBT-COMPUTED-REV,3897.74,398.77,3498.97,SPIKE
2026-08-23 09:00:00,DET.Flow-In.Ave.1Hour.3Hours.CBT-COMPUTED-REV,3822.88,398.90,3423.99,SPIKE
2026-08-23 10:00:00,DET.Flow-In.Ave.1Hour.3Hours.CBT-COMPUTED-REV,3612.18,398.99,3213.19,SPIKE
2026-08-23 12:00:00,DET.Flow-In.Ave.1Hour.3Hours.CBT-COMPUTED-REV,-2477.81,398.90,-2876.70,"SPIKE,NEGATIVE"
2026-08-23 13:00:00,DET.Flow-In.Ave.1Hour.3Hours.CBT-COMPUTED-REV,-2456.80,398.77,-2855.57,"SPIKE,NEGATIVE"
2026-08-23 14:00:00,DET.Flow-In.Ave.1Hour.3Hours.CBT-COMPUTED-REV,-2428.28,370.37,-2798.65,"SPIKE,NEGATIVE"
2026-08-24 03:00:00,DET.Flow-In.Ave.1Hour.3Hours.CBT-COMPUTED-REV,-33.60,398.99,-432.59,"SPIKE,NEGATIVE"
2026-08-24 07:00:00,DET.Flow-In.Ave.1Hour.3Hours.CBT-COMPUTED-REV,960.24,426.03,534.21,SPIKE
2026-08-24 08:00:00,DET.Flow-In.Ave.1Hour.3Hours.CBT-COMPUTED-REV,1049.76,426.03,623.73,SPIKE
2026-08-24 09:00:00,DET.Flow-In.Ave.1Hour.3Hours.CBT-COMPUTED-REV,953.54,399.04,554.50,SPIKE
2026-08-27 03:00:00,DET.Flow-In.Ave.1Hour.3Hours.CBT-COMPUTED-REV,-11.41,367.78,-379.20,NEGATIVE
2026-08-27 08:00:00,DET.Flow-In.Ave.1Hour.3Hours.CBT-COMPUTED-REV,920.19,360.25,559.94,SPIKE
2026-08-27 09:00:00,DET.Flow-In.Ave.1Hour.3Hours.CBT-COMPUTED-REV,822.72,366.53,456.20,SPIKE
2026-08-28 03:00:00,DET.Flow-In.Ave.1Hour.3Hours.CBT-COMPUTED-REV,-18.39,385.90,-404.29,"SPIKE,NEGATIVE"
2026-08-28 04:00:00,DET.Flow-In.Ave.1Hour.3Hours.CBT-COMPUTED-REV,18.36,394.20,-375.84,SPIKE
2026-08-28 07:00:00,DET.Flow-In.Ave.1Hour.3Hours.CBT-COMPUTED-REV,896.04,394.23,501.81,SPIKE
2026-08-28 08:00:00,DET.Flow-In.Ave.1Hour.3Hours.CBT-COMPUTED-REV,1000.92,394.23,606.69,SPIKE
2026-08-28 09:00:00,DET.Flow-In.Ave.1Hour.3Hours.CBT-COMPUTED-REV,934.48,394.20,540.28,SPIKE
2026-08-28 10:00:00,DET.Flow-In.Ave.1Hour.3Hours.CBT-COMPUTED-REV,791.97,385.90,406.07,SPIKE
2026-08-29 03:00:00,DET.Flow-In.Ave.1Hour.3Hours.CBT-COMPUTED-REV,-86.68,394.23,-480.91,NEGATIVE
2026-08-29 04:00:00,DET.Flow-In.Ave.1Hour.3Hours.CBT-COMPUTED-REV,-38.45,394.23,-432.67,NEGATIVE
2026-08-29 08:00:00,DET.Flow-In.Ave.1Hour.3Hours.CBT-COMPUTED-REV,908.35,392.89,515.46,SPIKE
2026-08-30 03:00:00,DET.Flow-In.Ave.1Hour.3Hours.CBT-COMPUTED-REV,-61.94,392.89,-454.83,"SPIKE,NEGATIVE"
2026-08-30 04:00:00,DET.Flow-In.Ave.1Hour.3Hours.CBT-COMPUTED-REV,-10.03,392.89,-402.92,"SPIKE,NEGATIVE"
2026-08-30 07:00:00,DET.Flow-In.Ave.1Hour.3Hours.CBT-COMPUTED-REV,948.08,392.89,555.19,SPIKE
2026-08-30 08:00:00,DET.Flow-In.Ave.1Hour.3Hours.CBT-COMPUTED-REV,922.57,392.89,529.68,SPIKE
2026-08-30 09:00:00,DET.Flow-In.Ave.1Hour.3Hours.CBT-COMPUTED-REV,860.34,391.85,468.49,SPIKE
2026-08-31 07:00:00,DET.Flow-In.Ave.1Hour.3Hours.CBT-COMPUTED-REV,951.30,335.94,615.36,SPIKE
2026-08-31 08:00:00,DET.Flow-In.Ave.1Hour.3Hours.CBT-COMPUTED-REV,1054.53,335.33,719.19,SPIKE
2026-09-11 20:00:00,DET.Flow-In.Ave.1Hour.3Hours.CBT-COMPUTED-REV,141.98,476.53,-334.55,SPIKE
2026-09-11 21:00:00,DET.Flow-In.Ave.1Hour.3Hours.CBT-COMPUTED-REV,206.37,476.53,-270.16,SPIKE
2026-09-17 19:00:00,DET.Flow-In.Ave.1Hour.3Hours.CBT-COMPUTED-REV,-1510.07,518.74,-2028.80,"SPIKE,NEGATIVE"
2026-09-17 20:00:00,DET.Flow-In.Ave.1Hour.3Hours.CBT-COMPUTED-REV,-1625.45,518.74,-2144.18,"SPIKE,NEGATIVE"
2026-09-17 21:00:00,DET.Flow-In.Ave.1Hour.3Hours.CBT-COMPUTED-REV,-1866.34,518.74,-2385.08,"SPIKE,NEGATIVE"
2026-09-17 23:00:00,DET.Flow-In.Ave.1Hour.3Hours.CBT-COMPUTED-REV,2089.74,518.74,1571.00,SPIKE
2026-09-18 00:00:00,DET.Flow-In.Ave.1Hour.3Hours.CBT-COMPUTED-REV,2225.11,518.74,1706.38,SPIKE
2026-09-18 01:00:00,DET.Flow-In.Ave.1Hour.3Hours.CBT-COMPUTED-REV,2409.72,518.74,1890.99,SPIKE
2026-09-18 21:00:00,DET.Flow-In.Ave.1Hour.3Hours.CBT-COMPUTED-REV,-21.07,521.68,-542.75,NEGATIVE
2026-09-18 22:00:00,DET.Flow-In.Ave.1Hour.3Hours.CBT-COMPUTED-REV,-26.24,521.68,-547.92,NEGATIVE
2026-09-20 22:00:00,DET.Flow-In.Ave.1Hour.3Hours.CBT-COMPUTED-REV,-15.95,501.62,-517.57,NEGATIVE
2026-09-20 23:00:00,DET.Flow-In.Ave.1Hour.3Hours.CBT-COMPUTED-REV,-7.11,501.62,-508.73,NEGATIVE
2026-09-21 22:00:00,DET.Flow-In.Ave.1Hour.3Hours.CBT-COMPUTED-REV,-73.84,480.02,-553.86,NEGATIVE
2026-09-23 22:00:00,DET.Flow-In.Ave.1Hour.3Hours.CBT-COMPUTED-REV,-47.32,513.13,-560.45,NEGATIVE
2026-09-23 23:00:00,DET.Flow-In.Ave.1Hour.3Hours.CBT-COMPUTED-REV,-43.45,513.13,-556.58,NEGATIVE
2026-09-25 10:00:00,DET.Flow-In.Ave.1Hour.3Hours.CBT-COMPUTED-REV,1012.44,450.38,562.06,SPIKE
2026-09-28 22:00:00,DET.Flow-In.Ave.1Hour.3Hours.CBT-COMPUTED-REV,35.57,545.02,-509.45,SPIKE
2025-10-01 01:00:00,DOR.Flow-In.Ave.15Minutes.3Hours.MIXED-COMPUTED-REV,-0.75,27.27,-28.02,NEGATIVE
2025-10-01 06:00:00,DOR.Flow-In.Ave.15Minutes.3Hours.MIXED-COMPUTED-REV,-1.67,26.45,-28.13,NEGATIVE
2025-10-01 14:00:00,DOR.Flow-In.Ave.15Minutes.3Hours.MIXED-COMPUTED-REV,-1.98,28.09,-30.06,NEGATIVE
2025-10-01 15:00:00,DOR.Flow-In.Ave.15Minutes.3Hours.MIXED-COMPUTED-REV,-15.01,31.72,-46.73,NEGATIVE
2025-10-01 22:00:00,DOR.Flow-In.Ave.15Minutes.3Hours.MIXED-COMPUTED-REV,-4.12,38.70,-42.82,NEGATIVE
2025-10-02 13:00:00,DOR.Flow-In.Ave.15Minutes.3Hours.MIXED-COMPUTED-REV,-1.40,35.11,-36.50,NEGATIVE
2025-10-02 21:00:00,DOR.Flow-In.Ave.15Minutes.3Hours.MIXED-COMPUTED-REV,-1.22,33.58,-34.79,NEGATIVE
2025-10-03 01:00:00,DOR.Flow-In.Ave.15Minutes.3Hours.MIXED-COMPUTED-REV,-6.56,33.43,-39.98,NEGATIVE
2025-10-03 09:00:00,DOR.Flow-In.Ave.15Minutes.3Hours.MIXED-COMPUTED-REV,-25.70,26.22,-51.92,NEGATIVE
2025-10-03 17:00:00,DOR.Flow-In.Ave.15Minutes.3Hours.MIXED-COMPUTED-REV,-27.17,26.28,-53.45,NEGATIVE
2025-10-04 01:00:00,DOR.Flow-In.Ave.15Minutes.3Hours.MIXED-COMPUTED-REV,-53.68,28.42,-82.11,NEGATIVE
2025-10-04 02:00:00,DOR.Flow-In.Ave.15Minutes.3Hours.MIXED-COMPUTED-REV,-2.40,28.42,-30.83,NEGATIVE
2025-10-04 06:00:00,DOR.Flow-In.Ave.15Minutes.3Hours.MIXED-COMPUTED-REV,-14.58,27.72,-42.30,NEGATIVE
2025-10-04 21:00:00,DOR.Flow-In.Ave.15Minutes.3Hours.MIXED-COMPUTED-REV,-19.95,22.34,-42.29,NEGATIVE
2025-10-04 22:00:00,DOR.Flow-In.Ave.15Minutes.3Hours.MIXED-COMPUTED-REV,-26.62,22.18,-48.80,NEGATIVE
2025-10-05 19:00:00,DOR.Flow-In.Ave.15Minutes.3Hours.MIXED-COMPUTED-REV,-45.45,14.97,-60.42,NEGATIVE
2025-10-05 20:00:00,DOR.Flow-In.Ave.15Minutes.3Hours.MIXED-COMPUTED-REV,-9.07,14.97,-24.04,NEGATIVE
2025-10-05 23:00:00,DOR.Flow-In.Ave.15Minutes.3Hours.MIXED-COMPUTED-REV,-11.46,13.36,-24.83,NEGATIVE
2025-10-06 02:00:00,DOR.Flow-In.Ave.15Minutes.3Hours.MIXED-COMPUTED-REV,-26.01,11.61,-37.62,NEGATIVE
2025-10-06 03:00:00,DOR.Flow-In.Ave.15Minutes.3Hours.MIXED-COMPUTED-REV,-10.82,13.36,-24.18,NEGATIVE
2025-10-06 09:00:00,DOR.Flow-In.Ave.15Minutes.3Hours.MIXED-COMPUTED-REV,-32.21,11.91,-44.12,NEGATIVE
2025-10-06 10:00:00,DOR.Flow-In.Ave.15Minutes.3Hours.MIXED-COMPUTED-REV,-23.25,15.43,-38.68,NEGATIVE
2025-10-06 17:00:00,DOR.Flow-In.Ave.15Minutes.3Hours.MIXED-COMPUTED-REV,-27.90,11.91,-39.81,NEGATIVE
2025-10-06 18:00:00,DOR.Flow-In.Ave.15Minutes.3Hours.MIXED-COMPUTED-REV,-7.61,11.91,-19.53,NEGATIVE
2025-10-06 19:00:00,DOR.Flow-In.Ave.15Minutes.3Hours.MIXED-COMPUTED-REV,-0.27,11.91,-12.18,NEGATIVE
2025-10-06 23:00:00,DOR.Flow-In.Ave.15Minutes.3Hours.MIXED-COMPUTED-REV,-13.37,14.68,-28.05,NEGATIVE
2025-10-07 00:00:00,DOR.Flow-In.Ave.15Minutes.3Hours.MIXED-COMPUTED-REV,-10.10,13.50,-23.60,NEGATIVE
2025-10-07 01:00:00,DOR.Flow-In.Ave.15Minutes.3Hours.MIXED-COMPUTED-REV,-7.95,11.91,-19.86,NEGATIVE
2025-10-07 02:00:00,DOR.Flow-In.Ave.15Minutes.3Hours.MIXED-COMPUTED-REV,-9.54,11.61,-21.15,NEGATIVE
2025-10-07 03:00:00,DOR.Flow-In.Ave.15Minutes.3Hours.MIXED-COMPUTED-REV,-7.50,11.91,-19.42,NEGATIVE
2025-10-07 12:00:00,DOR.Flow-In.Ave.15Minutes.3Hours.MIXED-COMPUTED-REV,-0.79,9.30,-10.09,NEGATIVE
2025-10-07 13:00:00,DOR.Flow-In.Ave.15Minutes.3Hours.MIXED-COMPUTED-REV,-17.26,9.30,-26.56,NEGATIVE
2025-10-07 14:00:00,DOR.Flow-In.Ave.15Minutes.3Hours.MIXED-COMPUTED-REV,-2.35,9.30,-11.65,NEGATIVE
2025-10-07 17:00:00,DOR.Flow-In.Ave.15Minutes.3Hours.MIXED-COMPUTED-REV,-39.98,7.40,-47.37,NEGATIVE
2025-10-07 18:00:00,DOR.Flow-In.Ave.15Minutes.3Hours.MIXED-COMPUTED-REV,-56.40,5.70,-62.10,NEGATIVE
2025-10-07 19:00:00,DOR.Flow-In.Ave.15Minutes.3Hours.MIXED-COMPUTED-REV,-39.49,5.70,-45.20,NEGATIVE
2025-10-08 01:00:00,DOR.Flow-In.Ave.15Minutes.3Hours.MIXED-COMPUTED-REV,-7.41,5.38,-12.79,NEGATIVE
2025-10-08 02:00:00,DOR.Flow-In.Ave.15Minutes.3Hours.MIXED-COMPUTED-REV,-9.70,5.38,-15.09,NEGATIVE
2025-10-08 03:00:00,DOR.Flow-In.Ave.15Minutes.3Hours.MIXED-COMPUTED-REV,-3.88,5.70,-9.58,NEGATIVE
2025-10-08 12:00:00,DOR.Flow-In.Ave.15Minutes.3Hours.MIXED-COMPUTED-REV,-3.25,8.67,-11.93,NEGATIVE
2025-10-08 13:00:00,DOR.Flow-In.Ave.15Minutes.3Hours.MIXED-COMPUTED-REV,-4.79,9.95,-14.74,NEGATIVE
2025-10-09 17:00:00,DOR.Flow-In.Ave.15Minutes.3Hours.MIXED-COMPUTED-REV,-1.67,25.90,-27.58,NEGATIVE
2025-10-09 18:00:00,DOR.Flow-In.Ave.15Minutes.3Hours.MIXED-COMPUTED-REV,-7.15,25.76,-32.91,NEGATIVE
2025-10-10 05:00:00,DOR.Flow-In.Ave.15Minutes.3Hours.MIXED-COMPUTED-REV,-24.54,6.05,-30.58,NEGATIVE
2025-10-10 06:00:00,DOR.Flow-In.Ave.15Minutes.3Hours.MIXED-COMPUTED-REV,-37.13,8.49,-45.62,NEGATIVE
2025-10-10 07:00:00,DOR.Flow-In.Ave.15Minutes.3Hours.MIXED-COMPUTED-REV,-14.09,8.49,-22.59,NEGATIVE
2025-10-10 10:00:00,DOR.Flow-In.Ave.15Minutes.3Hours.MIXED-COMPUTED-REV,-8.30,6.05,-14.34,NEGATIVE
2025-10-10 11:00:00,DOR.Flow-In.Ave.15Minutes.3Hours.MIXED-COMPUTED-REV,-22.25,5.28,-27.53,NEGATIVE
2025-10-10 12:00:00,DOR.Flow-In.Ave.15Minutes.3Hours.MIXED-COMPUTED-REV,-26.07,2.62,-28.69,NEGATIVE
2025-10-10 19:00:00,DOR.Flow-In.Ave.15Minutes.3Hours.MIXED-COMPUTED-REV,-23.66,5.28,-28.94,NEGATIVE
2025-10-10 20:00:00,DOR.Flow-In.Ave.15Minutes.3Hours.MIXED-COMPUTED-REV,-41.04,8.49,-49.54,NEGATIVE
2025-10-10 21:00:00,DOR.Flow-In.Ave.15Minutes.3Hours.MIXED-COMPUTED-REV,-23.57,13.00,-36.57,NEGATIVE
2025-10-10 23:00:00,DOR.Flow-In.Ave.15Minutes.3Hours.MIXED-COMPUTED-REV,-13.54,14.21,-27.75,NEGATIVE
2025-10-11 00:00:00,DOR.Flow-In.Ave.15Minutes.3Hours.MIXED-COMPUTED-REV,-34.42,21.81,-56.23,NEGATIVE
2025-10-11 01:00:00,DOR.Flow-In.Ave.15Minutes.3Hours.MIXED-COMPUTED-REV,-10.87,24.72,-35.60,NEGATIVE
2025-10-18 11:00:00,DOR.Flow-In.Ave.15Minutes.3Hours.MIXED-COMPUTED-REV,-5.62,33.47,-39.09,NEGATIVE
2025-10-19 02:00:00,DOR.Flow-In.Ave.15Minutes.3Hours.MIXED-COMPUTED-REV,-12.47,28.22,-40.69,NEGATIVE
2025-10-19 03:00:00,DOR.Flow-In.Ave.15Minutes.3Hours.MIXED-COMPUTED-REV,-12.55,26.55,-39.10,NEGATIVE
2025-10-23 18:00:00,DOR.Flow-In.Ave.15Minutes.3Hours.MIXED-COMPUTED-REV,-5.83,36.52,-42.35,NEGATIVE
2025-10-24 10:00:00,DOR.Flow-In.Ave.15Minutes.3Hours.MIXED-COMPUTED-REV,-3.58,19.86,-23.44,NEGATIVE
2025-10-24 15:00:00,DOR.Flow-In.Ave.15Minutes.3Hours.MIXED-COMPUTED-REV,-0.66,25.84,-26.49,NEGATIVE
2025-10-24 19:00:00,DOR.Flow-In.Ave.15Minutes.3Hours.MIXED-COMPUTED-REV,-1.82,34.89,-36.71,NEGATIVE
2025-11-02 07:00:00,DOR.Flow-In.Ave.15Minutes.3Hours.MIXED-COMPUTED-REV,-34.06,95.15,-129.21,NEGATIVE
2025-11-02 08:00:00,DOR.Flow-In.Ave.15Minutes.3Hours.MIXED-COMPUTED-REV,-54.93,104.06,-159.00,NEGATIVE
2025-11-02 09:00:00,DOR.Flow-In.Ave.15Minutes.3Hours.MIXED-COMPUTED-REV,-36.20,111.58,-147.78,NEGATIVE
2025-11-02 10:00:00,DOR.Flow-In.Ave.15Minutes.3Hours.MIXED-COMPUTED-REV,-14.95,129.97,-144.92,NEGATIVE
2025-12-06 10:00:00,DOR.Flow-In.Ave.15Minutes.3Hours.MIXED-COMPUTED-REV,1229.36,886.09,343.27,SPIKE
2025-12-06 11:00:00,DOR.Flow-In.Ave.15Minutes.3Hours.MIXED-COMPUTED-REV,1272.48,886.09,386.39,SPIKE
2025-12-06 12:00:00,DOR.Flow-In.Ave.15Minutes.3Hours.MIXED-COMPUTED-REV,1284.27,886.09,398.18,SPIKE
2025-12-06 13:00:00,DOR.Flow-In.Ave.15Minutes.3Hours.MIXED-COMPUTED-REV,1279.48,886.09,393.39,SPIKE
2025-12-06 14:00:00,DOR.Flow-In.Ave.15Minutes.3Hours.MIXED-COMPUTED-REV,1263.04,886.09,376.95,SPIKE
2025-12-06 15:00:00,DOR.Flow-In.Ave.15Minutes.3Hours.MIXED-COMPUTED-REV,1213.29,886.09,327.19,SPIKE
2025-12-06 16:00:00,DOR.Flow-In.Ave.15Minutes.3Hours.MIXED-COMPUTED-REV,1147.39,886.09,261.30,SPIKE
2025-12-17 20:00:00,DOR.Flow-In.Ave.15Minutes.3Hours.MIXED-COMPUTED-REV,1916.51,1272.62,643.88,SPIKE
2025-12-17 21:00:00,DOR.Flow-In.Ave.15Minutes.3Hours.MIXED-COMPUTED-REV,2125.10,1272.62,852.47,SPIKE
2025-12-17 22:00:00,DOR.Flow-In.Ave.15Minutes.3Hours.MIXED-COMPUTED-REV,2025.69,1272.62,753.07,SPIKE
2025-12-17 23:00:00,DOR.Flow-In.Ave.15Minutes.3Hours.MIXED-COMPUTED-REV,1842.34,1272.62,569.71,SPIKE
2025-12-18 00:00:00,DOR.Flow-In.Ave.15Minutes.3Hours.MIXED-COMPUTED-REV,1697.55,1272.62,424.93,SPIKE
2025-12-18 01:00:00,DOR.Flow-In.Ave.15Minutes.3Hours.MIXED-COMPUTED-REV,1609.24,1272.62,336.62,SPIKE
2025-12-19 15:00:00,DOR.Flow-In.Ave.15Minutes.3Hours.MIXED-COMPUTED-REV,8326.48,6456.69,1869.78,SPIKE
2025-12-19 16:00:00,DOR.Flow-In.Ave.15Minutes.3Hours.MIXED-COMPUTED-REV,8690.83,6456.69,2234.14,SPIKE
2025-12-19 17:00:00,DOR.Flow-In.Ave.15Minutes.3Hours.MIXED-COMPUTED-REV,8864.21,6456.69,2407.51,SPIKE
2025-12-19 18:00:00,DOR.Flow-In.Ave.15Minutes.3Hours.MIXED-COMPUTED-REV,8925.58,6456.69,2468.88,SPIKE
2025-12-19 19:00:00,DOR.Flow-In.Ave.15Minutes.3Hours.MIXED-COMPUTED-REV,8978.57,6456.69,2521.87,SPIKE
2025-12-19 20:00:00,DOR.Flow-In.Ave.15Minutes.3Hours.MIXED-COMPUTED-REV,8944.67,6456.69,2487.98,SPIKE
2025-12-19 21:00:00,DOR.Flow-In.Ave.15Minutes.3Hours.MIXED-COMPUTED-REV,8652.75,6456.69,2196.06,SPIKE
2025-12-19 22:00:00,DOR.Flow-In.Ave.15Minutes.3Hours.MIXED-COMPUTED-REV,8261.02,6456.69,1804.33,SPIKE
2026-01-05 01:00:00,DOR.Flow-In.Ave.15Minutes.3Hours.MIXED-COMPUTED-REV,1822.93,1408.71,414.21,SPIKE
2026-01-05 02:00:00,DOR.Flow-In.Ave.15Minutes.3Hours.MIXED-COMPUTED-REV,1891.66,1408.71,482.95,SPIKE
2026-01-05 03:00:00,DOR.Flow-In.Ave.15Minutes.3Hours.MIXED-COMPUTED-REV,1941.62,1408.71,532.90,SPIKE
2026-01-05 04:00:00,DOR.Flow-In.Ave.15Minutes.3Hours.MIXED-COMPUTED-REV,1943.35,1408.71,534.64,SPIKE
2026-01-05 05:00:00,DOR.Flow-In.Ave.15Minutes.3Hours.MIXED-COMPUTED-REV,1863.28,1408.71,454.56,SPIKE
2026-02-09 12:00:00,DOR.Flow-In.Ave.15Minutes.3Hours.MIXED-COMPUTED-REV,2132.71,1663.27,469.44,SPIKE
2026-02-09 13:00:00,DOR.Flow-In.Ave.15Minutes.3Hours.MIXED-COMPUTED-REV,2250.17,1663.27,586.90,SPIKE
2026-02-09 14:00:00,DOR.Flow-In.Ave.15Minutes.3Hours.MIXED-COMPUTED-REV,2246.33,1663.27,583.06,SPIKE
2026-02-09 15:00:00,DOR.Flow-In.Ave.15Minutes.3Hours.MIXED-COMPUTED-REV,2172.85,1663.27,509.58,SPIKE
2026-02-09 16:00:00,DOR.Flow-In.Ave.15Minutes.3Hours.MIXED-COMPUTED-REV,2081.72,1663.27,418.45,SPIKE
2026-04-02 08:00:00,DOR.Flow-In.Ave.15Minutes.3Hours.MIXED-COMPUTED-REV,1637.59,1250.88,386.71,SPIKE
2026-04-02 09:00:00,DOR.Flow-In.Ave.15Minutes.3Hours.MIXED-COMPUTED-REV,1663.30,1250.88,412.42,SPIKE
2026-04-02 10:00:00,DOR.Flow-In.Ave.15Minutes.3Hours.MIXED-COMPUTED-REV,1680.33,1250.88,429.45,SPIKE
2026-04-02 11:00:00,DOR.Flow-In.Ave.15Minutes.3Hours.MIXED-COMPUTED-REV,1633.97,1250.88,383.10,SPIKE
2026-04-12 14:00:00,DOR.Flow-In.Ave.15Minutes.3Hours.MIXED-COMPUTED-REV,1410.40,1114.13,296.27,SPIKE
2026-04-12 15:00:00,DOR.Flow-In.Ave.15Minutes.3Hours.MIXED-COMPUTED-REV,1405.05,1114.13,290.92,SPIKE
2026-04-16 22:00:00,DOR.Flow-In.Ave.15Minutes.3Hours.MIXED-COMPUTED-REV,1103.28,1479.50,-376.22,SPIKE
2026-06-04 01:00:00,DOR.Flow-In.Ave.15Minutes.3Hours.MIXED-COMPUTED-REV,-11.08,136.40,-147.49,NEGATIVE
2026-06-12 23:00:00,DOR.Flow-In.Ave.15Minutes.3Hours.MIXED-COMPUTED-REV,-7.27,89.08,-96.35,NEGATIVE
2026-06-14 02:00:00,DOR.Flow-In.Ave.15Minutes.3Hours.MIXED-COMPUTED-REV,-46.13,89.64,-135.77,NEGATIVE
2026-06-14 18:00:00,DOR.Flow-In.Ave.15Minutes.3Hours.MIXED-COMPUTED-REV,-12.50,85.43,-97.94,NEGATIVE
2026-06-16 02:00:00,DOR.Flow-In.Ave.15Minutes.3Hours.MIXED-COMPUTED-REV,-33.29,80.24,-113.53,NEGATIVE
2026-06-16 21:00:00,DOR.Flow-In.Ave.15Minutes.3Hours.MIXED-COMPUTED-REV,-27.19,86.09,-113.28,NEGATIVE
2026-06-16 22:00:00,DOR.Flow-In.Ave.15Minutes.3Hours.MIXED-COMPUTED-REV,-16.42,80.91,-97.34,NEGATIVE
2026-06-17 02:00:00,DOR.Flow-In.Ave.15Minutes.3Hours.MIXED-COMPUTED-REV,-5.44,83.72,-89.17,NEGATIVE
2026-06-17 22:00:00,DOR.Flow-In.Ave.15Minutes.3Hours.MIXED-COMPUTED-REV,-55.06,77.76,-132.83,NEGATIVE
2026-06-17 23:00:00,DOR.Flow-In.Ave.15Minutes.3Hours.MIXED-COMPUTED-REV,-9.59,77.76,-87.36,NEGATIVE
2026-06-18 20:00:00,DOR.Flow-In.Ave.15Minutes.3Hours.MIXED-COMPUTED-REV,-0.52,79.60,-80.11,NEGATIVE
2026-06-19 01:00:00,DOR.Flow-In.Ave.15Minutes.3Hours.MIXED-COMPUTED-REV,-3.12,79.82,-82.93,NEGATIVE
2026-06-19 06:00:00,DOR.Flow-In.Ave.15Minutes.3Hours.MIXED-COMPUTED-REV,-24.28,79.82,-104.10,NEGATIVE
2026-06-19 15:00:00,DOR.Flow-In.Ave.15Minutes.3Hours.MIXED-COMPUTED-REV,-42.68,85.28,-127.96,NEGATIVE
2026-06-19 16:00:00,DOR.Flow-In.Ave.15Minutes.3Hours.MIXED-COMPUTED-REV,-42.69,90.18,-132.87,NEGATIVE
2026-06-20 02:00:00,DOR.Flow-In.Ave.15Minutes.3Hours.MIXED-COMPUTED-REV,-16.48,74.36,-90.84,NEGATIVE
2026-06-20 12:00:00,DOR.Flow-In.Ave.15Minutes.3Hours.MIXED-COMPUTED-REV,-18.80,76.94,-95.73,NEGATIVE
2026-06-20 21:00:00,DOR.Flow-In.Ave.15Minutes.3Hours.MIXED-COMPUTED-REV,-59.41,74.36,-133.77,NEGATIVE
2026-06-20 22:00:00,DOR.Flow-In.Ave.15Minutes.3Hours.MIXED-COMPUTED-REV,-19.01,74.36,-93.36,NEGATIVE
2026-06-21 08:00:00,DOR.Flow-In.Ave.15Minutes.3Hours.MIXED-COMPUTED-REV,-47.56,80.09,-127.65,NEGATIVE
2026-06-21 21:00:00,DOR.Flow-In.Ave.15Minutes.3Hours.MIXED-COMPUTED-REV,-4.04,77.13,-81.18,NEGATIVE
2026-06-22 03:00:00,DOR.Flow-In.Ave.15Minutes.3Hours.MIXED-COMPUTED-REV,-3.79,64.04,-67.83,NEGATIVE
2026-06-22 09:00:00,DOR.Flow-In.Ave.15Minutes.3Hours.MIXED-COMPUTED-REV,-19.88,63.84,-83.72,NEGATIVE
2026-06-23 02:00:00,DOR.Flow-In.Ave.15Minutes.3Hours.MIXED-COMPUTED-REV,-34.96,58.42,-93.38,NEGATIVE
2026-06-23 08:00:00,DOR.Flow-In.Ave.15Minutes.3Hours.MIXED-COMPUTED-REV,-0.99,58.75,-59.74,NEGATIVE
2026-06-23 14:00:00,DOR.Flow-In.Ave.15Minutes.3Hours.MIXED-COMPUTED-REV,-33.14,63.90,-97.04,NEGATIVE
2026-06-23 15:00:00,DOR.Flow-In.Ave.15Minutes.3Hours.MIXED-COMPUTED-REV,-19.67,73.02,-92.68,NEGATIVE
2026-06-23 23:00:00,DOR.Flow-In.Ave.15Minutes.3Hours.MIXED-COMPUTED-REV,-32.71,63.90,-96.61,NEGATIVE
2026-06-24 00:00:00,DOR.Flow-In.Ave.15Minutes.3Hours.MIXED-COMPUTED-REV,-73.18,63.90,-137.08,NEGATIVE
2026-06-24 08:00:00,DOR.Flow-In.Ave.15Minutes.3Hours.MIXED-COMPUTED-REV,-12.70,62.97,-75.67,NEGATIVE
2026-06-24 16:00:00,DOR.Flow-In.Ave.15Minutes.3Hours.MIXED-COMPUTED-REV,-29.03,58.85,-87.89,NEGATIVE
2026-06-24 21:00:00,DOR.Flow-In.Ave.15Minutes.3Hours.MIXED-COMPUTED-REV,-1.71,57.20,-58.90,NEGATIVE
2026-06-25 00:00:00,DOR.Flow-In.Ave.15Minutes.3Hours.MIXED-COMPUTED-REV,-39.78,58.85,-98.64,NEGATIVE
2026-06-25 07:00:00,DOR.Flow-In.Ave.15Minutes.3Hours.MIXED-COMPUTED-REV,-27.45,54.98,-82.43,NEGATIVE
2026-06-25 08:00:00,DOR.Flow-In.Ave.15Minutes.3Hours.MIXED-COMPUTED-REV,-80.39,54.98,-135.37,NEGATIVE
2026-06-25 16:00:00,DOR.Flow-In.Ave.15Minutes.3Hours.MIXED-COMPUTED-REV,-47.02,49.83,-96.85,NEGATIVE
2026-06-25 17:00:00,DOR.Flow-In.Ave.15Minutes.3Hours.MIXED-COMPUTED-REV,-15.36,49.83,-65.19,NEGATIVE
2026-06-26 02:00:00,DOR.Flow-In.Ave.15Minutes.3Hours.MIXED-COMPUTED-REV,-116.64,61.02,-177.66,NEGATIVE
2026-06-26 03:00:00,DOR.Flow-In.Ave.15Minutes.3Hours.MIXED-COMPUTED-REV,-127.28,56.52,-183.80,NEGATIVE
2026-06-26 04:00:00,DOR.Flow-In.Ave.15Minutes.3Hours.MIXED-COMPUTED-REV,-25.94,61.92,-87.87,NEGATIVE
2026-07-03 22:00:00,DOR.Flow-In.Ave.15Minutes.3Hours.MIXED-COMPUTED-REV,-55.61,102.35,-157.96,NEGATIVE
2026-07-05 19:00:00,DOR.Flow-In.Ave.15Minutes.3Hours.MIXED-COMPUTED-REV,-42.14,86.55,-128.69,NEGATIVE
2026-07-05 20:00:00,DOR.Flow-In.Ave.15Minutes.3Hours.MIXED-COMPUTED-REV,-47.65,84.12,-131.77,NEGATIVE
2026-07-05 21:00:00,DOR.Flow-In.Ave.15Minutes.3Hours.MIXED-COMPUTED-REV,-10.32,84.12,-94.44,NEGATIVE
2026-07-07 10:00:00,DOR.Flow-In.Ave.15Minutes.3Hours.MIXED-COMPUTED-REV,-113.31,71.76,-185.07,NEGATIVE
2026-07-07 11:00:00,DOR.Flow-In.Ave.15Minutes.3Hours.MIXED-COMPUTED-REV,-148.63,66.00,-214.64,NEGATIVE
2026-07-07 12:00:00,DOR.Flow-In.Ave.15Minutes.3Hours.MIXED-COMPUTED-REV,-45.34,66.00,-111.34,NEGATIVE
2026-07-09 21:00:00,DOR.Flow-In.Ave.15Minutes.3Hours.MIXED-COMPUTED-REV,-4.94,45.25,-50.18,NEGATIVE
2026-07-10 03:00:00,DOR.Flow-In.Ave.15Minutes.3Hours.MIXED-COMPUTED-REV,-42.71,50.59,-93.30,NEGATIVE
2026-07-10 04:00:00,DOR.Flow-In.Ave.15Minutes.3Hours.MIXED-COMPUTED-REV,-80.13,45.19,-125.32,NEGATIVE
2026-07-10 18:00:00,DOR.Flow-In.Ave.15Minutes.3Hours.MIXED-COMPUTED-REV,-11.20,26.43,-37.63,NEGATIVE
2026-07-10 21:00:00,DOR.Flow-In.Ave.15Minutes.3Hours.MIXED-COMPUTED-REV,-11.39,26.43,-37.82,NEGATIVE
2026-07-10 22:00:00,DOR.Flow-In.Ave.15Minutes.3Hours.MIXED-COMPUTED-REV,-30.30,26.43,-56.73,NEGATIVE
2026-07-10 23:00:00,DOR.Flow-In.Ave.15Minutes.3Hours.MIXED-COMPUTED-REV,-3.31,26.43,-29.73,NEGATIVE
2026-07-11 04:00:00,DOR.Flow-In.Ave.15Minutes.3Hours.MIXED-COMPUTED-REV,-40.98,26.43,-67.40,NEGATIVE
2026-07-11 05:00:00,DOR.Flow-In.Ave.15Minutes.3Hours.MIXED-COMPUTED-REV,-113.76,29.19,-142.95,NEGATIVE
2026-07-11 06:00:00,DOR.Flow-In.Ave.15Minutes.3Hours.MIXED-COMPUTED-REV,-54.40,31.87,-86.27,NEGATIVE
2026-07-12 05:00:00,DOR.Flow-In.Ave.15Minutes.3Hours.MIXED-COMPUTED-REV,-16.40,40.39,-56.78,NEGATIVE
2026-07-12 06:00:00,DOR.Flow-In.Ave.15Minutes.3Hours.MIXED-COMPUTED-REV,-72.89,40.39,-113.28,NEGATIVE
2026-07-12 22:00:00,DOR.Flow-In.Ave.15Minutes.3Hours.MIXED-COMPUTED-REV,-32.31,48.35,-80.67,NEGATIVE
2026-07-12 23:00:00,DOR.Flow-In.Ave.15Minutes.3Hours.MIXED-COMPUTED-REV,-102.11,48.35,-150.47,NEGATIVE
2026-07-13 00:00:00,DOR.Flow-In.Ave.15Minutes.3Hours.MIXED-COMPUTED-REV,-32.28,48.35,-80.63,NEGATIVE
2026-07-13 11:00:00,DOR.Flow-In.Ave.15Minutes.3Hours.MIXED-COMPUTED-REV,-10.65,34.95,-45.60,NEGATIVE
2026-07-13 12:00:00,DOR.Flow-In.Ave.15Minutes.3Hours.MIXED-COMPUTED-REV,-53.54,48.35,-101.89,NEGATIVE
2026-07-13 13:00:00,DOR.Flow-In.Ave.15Minutes.3Hours.MIXED-COMPUTED-REV,-72.26,48.35,-120.61,NEGATIVE
2026-07-13 20:00:00,DOR.Flow-In.Ave.15Minutes.3Hours.MIXED-COMPUTED-REV,-74.83,27.12,-101.95,NEGATIVE
2026-07-13 21:00:00,DOR.Flow-In.Ave.15Minutes.3Hours.MIXED-COMPUTED-REV,-45.31,29.73,-75.05,NEGATIVE
2026-07-14 05:00:00,DOR.Flow-In.Ave.15Minutes.3Hours.MIXED-COMPUTED-REV,-31.81,35.10,-66.91,NEGATIVE
2026-07-14 06:00:00,DOR.Flow-In.Ave.15Minutes.3Hours.MIXED-COMPUTED-REV,-58.52,35.10,-93.63,NEGATIVE
2026-07-14 14:00:00,DOR.Flow-In.Ave.15Minutes.3Hours.MIXED-COMPUTED-REV,-20.95,35.10,-56.05,NEGATIVE
2026-07-14 15:00:00,DOR.Flow-In.Ave.15Minutes.3Hours.MIXED-COMPUTED-REV,-119.86,35.10,-154.96,NEGATIVE
2026-07-14 16:00:00,DOR.Flow-In.Ave.15Minutes.3Hours.MIXED-COMPUTED-REV,-28.98,32.64,-61.61,NEGATIVE
2026-07-14 21:00:00,DOR.Flow-In.Ave.15Minutes.3Hours.MIXED-COMPUTED-REV,-18.21,32.64,-50.84,NEGATIVE
2026-07-14 22:00:00,DOR.Flow-In.Ave.15Minutes.3Hours.MIXED-COMPUTED-REV,-87.66,32.64,-120.30,NEGATIVE
2026-07-15 08:00:00,DOR.Flow-In.Ave.15Minutes.3Hours.MIXED-COMPUTED-REV,-31.38,32.64,-64.01,NEGATIVE
2026-07-15 14:00:00,DOR.Flow-In.Ave.15Minutes.3Hours.MIXED-COMPUTED-REV,-20.62,38.10,-58.73,NEGATIVE
2026-07-15 15:00:00,DOR.Flow-In.Ave.15Minutes.3Hours.MIXED-COMPUTED-REV,-79.30,32.64,-111.94,NEGATIVE
2026-07-15 16:00:00,DOR.Flow-In.Ave.15Minutes.3Hours.MIXED-COMPUTED-REV,-4.63,32.64,-37.27,NEGATIVE
2026-07-15 22:00:00,DOR.Flow-In.Ave.15Minutes.3Hours.MIXED-COMPUTED-REV,-9.87,38.10,-47.97,NEGATIVE
2026-07-16 06:00:00,DOR.Flow-In.Ave.15Minutes.3Hours.MIXED-COMPUTED-REV,-23.05,19.57,-42.62,NEGATIVE
2026-07-16 13:00:00,DOR.Flow-In.Ave.15Minutes.3Hours.MIXED-COMPUTED-REV,-60.19,19.57,-79.76,NEGATIVE
2026-07-16 14:00:00,DOR.Flow-In.Ave.15Minutes.3Hours.MIXED-COMPUTED-REV,-22.93,19.56,-42.50,NEGATIVE
2026-07-16 19:00:00,DOR.Flow-In.Ave.15Minutes.3Hours.MIXED-COMPUTED-REV,-22.82,25.09,-47.91,NEGATIVE
2026-07-16 23:00:00,DOR.Flow-In.Ave.15Minutes.3Hours.MIXED-COMPUTED-REV,-1.55,25.09,-26.64,NEGATIVE
2026-07-17 01:00:00,DOR.Flow-In.Ave.15Minutes.3Hours.MIXED-COMPUTED-REV,-12.64,25.09,-37.73,NEGATIVE
2026-07-17 02:00:00,DOR.Flow-In.Ave.15Minutes.3Hours.MIXED-COMPUTED-REV,-82.25,25.09,-107.34,NEGATIVE
2026-07-17 08:00:00,DOR.Flow-In.Ave.15Minutes.3Hours.MIXED-COMPUTED-REV,-42.33,25.09,-67.41,NEGATIVE
2026-07-17 13:00:00,DOR.Flow-In.Ave.15Minutes.3Hours.MIXED-COMPUTED-REV,-34.71,25.09,-59.80,NEGATIVE
2026-07-17 14:00:00,DOR.Flow-In.Ave.15Minutes.3Hours.MIXED-COMPUTED-REV,-31.78,25.09,-56.86,NEGATIVE
2026-07-17 19:00:00,DOR.Flow-In.Ave.15Minutes.3Hours.MIXED-COMPUTED-REV,-34.20,25.72,-59.92,NEGATIVE
2026-07-17 20:00:00,DOR.Flow-In.Ave.15Minutes.3Hours.MIXED-COMPUTED-REV,-58.66,31.20,-89.86,NEGATIVE
2026-07-18 00:00:00,DOR.Flow-In.Ave.15Minutes.3Hours.MIXED-COMPUTED-REV,-4.22,23.01,-27.24,NEGATIVE
2026-07-18 10:00:00,DOR.Flow-In.Ave.15Minutes.3Hours.MIXED-COMPUTED-REV,-1.37,25.72,-27.09,NEGATIVE
2026-07-18 11:00:00,DOR.Flow-In.Ave.15Minutes.3Hours.MIXED-COMPUTED-REV,-9.48,23.22,-32.70,NEGATIVE
2026-07-18 17:00:00,DOR.Flow-In.Ave.15Minutes.3Hours.MIXED-COMPUTED-REV,-66.42,23.22,-89.64,NEGATIVE
2026-07-18 18:00:00,DOR.Flow-In.Ave.15Minutes.3Hours.MIXED-COMPUTED-REV,-9.41,23.19,-32.59,NEGATIVE
2026-07-18 23:00:00,DOR.Flow-In.Ave.15Minutes.3Hours.MIXED-COMPUTED-REV,-9.32,23.22,-32.54,NEGATIVE
2026-07-19 00:00:00,DOR.Flow-In.Ave.15Minutes.3Hours.MIXED-COMPUTED-REV,-58.14,25.98,-84.11,NEGATIVE
2026-07-19 15:00:00,DOR.Flow-In.Ave.15Minutes.3Hours.MIXED-COMPUTED-REV,-9.10,18.03,-27.13,NEGATIVE
2026-07-19 16:00:00,DOR.Flow-In.Ave.15Minutes.3Hours.MIXED-COMPUTED-REV,-14.49,18.00,-32.49,NEGATIVE
2026-07-19 23:00:00,DOR.Flow-In.Ave.15Minutes.3Hours.MIXED-COMPUTED-REV,-17.11,18.18,-35.29,NEGATIVE
2026-07-20 00:00:00,DOR.Flow-In.Ave.15Minutes.3Hours.MIXED-COMPUTED-REV,-52.27,18.18,-70.45,NEGATIVE
2026-07-20 01:00:00,DOR.Flow-In.Ave.15Minutes.3Hours.MIXED-COMPUTED-REV,-33.30,18.18,-51.48,NEGATIVE
2026-07-20 03:00:00,DOR.Flow-In.Ave.15Minutes.3Hours.MIXED-COMPUTED-REV,-8.82,18.18,-27.00,NEGATIVE
2026-07-20 04:00:00,DOR.Flow-In.Ave.15Minutes.3Hours.MIXED-COMPUTED-REV,-0.70,18.18,-18.88,NEGATIVE
2026-07-20 14:00:00,DOR.Flow-In.Ave.15Minutes.3Hours.MIXED-COMPUTED-REV,-8.73,23.92,-32.66,NEGATIVE
2026-07-20 15:00:00,DOR.Flow-In.Ave.15Minutes.3Hours.MIXED-COMPUTED-REV,-19.53,23.92,-43.45,NEGATIVE
2026-07-21 01:00:00,DOR.Flow-In.Ave.15Minutes.3Hours.MIXED-COMPUTED-REV,-3.53,25.20,-28.72,NEGATIVE
2026-07-21 16:00:00,DOR.Flow-In.Ave.15Minutes.3Hours.MIXED-COMPUTED-REV,-36.62,28.85,-65.47,NEGATIVE
2026-07-21 17:00:00,DOR.Flow-In.Ave.15Minutes.3Hours.MIXED-COMPUTED-REV,-4.72,30.59,-35.31,NEGATIVE
2026-07-21 18:00:00,DOR.Flow-In.Ave.15Minutes.3Hours.MIXED-COMPUTED-REV,-29.24,39.79,-69.03,NEGATIVE
2026-07-21 19:00:00,DOR.Flow-In.Ave.15Minutes.3Hours.MIXED-COMPUTED-REV,-34.73,40.18,-74.91,NEGATIVE
2026-07-21 23:00:00,DOR.Flow-In.Ave.15Minutes.3Hours.MIXED-COMPUTED-REV,-0.44,30.59,-31.02,NEGATIVE
2026-07-22 04:00:00,DOR.Flow-In.Ave.15Minutes.3Hours.MIXED-COMPUTED-REV,-3.24,12.91,-16.15,NEGATIVE
2026-07-22 08:00:00,DOR.Flow-In.Ave.15Minutes.3Hours.MIXED-COMPUTED-REV,-46.12,29.12,-75.24,NEGATIVE
2026-07-22 09:00:00,DOR.Flow-In.Ave.15Minutes.3Hours.MIXED-COMPUTED-REV,-30.03,26.40,-56.43,NEGATIVE
2026-07-22 14:00:00,DOR.Flow-In.Ave.15Minutes.3Hours.MIXED-COMPUTED-REV,-43.26,16.23,-59.49,NEGATIVE
2026-07-22 15:00:00,DOR.Flow-In.Ave.15Minutes.3Hours.MIXED-COMPUTED-REV,-2.87,16.23,-19.10,NEGATIVE
2026-07-23 00:00:00,DOR.Flow-In.Ave.15Minutes.3Hours.MIXED-COMPUTED-REV,-2.54,15.92,-18.46,NEGATIVE
2026-07-23 23:00:00,DOR.Flow-In.Ave.15Minutes.3Hours.MIXED-COMPUTED-REV,-61.20,25.53,-86.73,NEGATIVE
2026-07-24 00:00:00,DOR.Flow-In.Ave.15Minutes.3Hours.MIXED-COMPUTED-REV,-77.46,25.53,-102.99,NEGATIVE
2026-07-24 01:00:00,DOR.Flow-In.Ave.15Minutes.3Hours.MIXED-COMPUTED-REV,-24.06,25.53,-49.59,NEGATIVE
2026-07-24 05:00:00,DOR.Flow-In.Ave.15Minutes.3Hours.MIXED-COMPUTED-REV,-2.52,34.05,-36.57,NEGATIVE
2026-07-24 06:00:00,DOR.Flow-In.Ave.15Minutes.3Hours.MIXED-COMPUTED-REV,-23.67,30.13,-53.80,NEGATIVE
2026-07-24 13:00:00,DOR.Flow-In.Ave.15Minutes.3Hours.MIXED-COMPUTED-REV,-51.53,16.34,-67.86,NEGATIVE
2026-07-24 14:00:00,DOR.Flow-In.Ave.15Minutes.3Hours.MIXED-COMPUTED-REV,-75.74,16.34,-92.08,NEGATIVE
2026-07-24 18:00:00,DOR.Flow-In.Ave.15Minutes.3Hours.MIXED-COMPUTED-REV,-10.12,18.02,-28.14,NEGATIVE
2026-07-24 19:00:00,DOR.Flow-In.Ave.15Minutes.3Hours.MIXED-COMPUTED-REV,-23.64,18.02,-41.65,NEGATIVE
2026-07-24 20:00:00,DOR.Flow-In.Ave.15Minutes.3Hours.MIXED-COMPUTED-REV,-87.68,16.34,-104.01,NEGATIVE
2026-07-24 21:00:00,DOR.Flow-In.Ave.15Minutes.3Hours.MIXED-COMPUTED-REV,-21.02,8.41,-29.43,NEGATIVE
2026-07-25 01:00:00,DOR.Flow-In.Ave.15Minutes.3Hours.MIXED-COMPUTED-REV,-39.55,8.30,-47.84,NEGATIVE
2026-07-25 06:00:00,DOR.Flow-In.Ave.15Minutes.3Hours.MIXED-COMPUTED-REV,-10.25,8.30,-18.54,NEGATIVE
2026-07-25 07:00:00,DOR.Flow-In.Ave.15Minutes.3Hours.MIXED-COMPUTED-REV,-4.89,8.41,-13.30,NEGATIVE
2026-07-25 08:00:00,DOR.Flow-In.Ave.15Minutes.3Hours.MIXED-COMPUTED-REV,-2.21,13.85,-16.06,NEGATIVE
2026-07-25 09:00:00,DOR.Flow-In.Ave.15Minutes.3Hours.MIXED-COMPUTED-REV,-39.45,13.85,-53.30,NEGATIVE
2026-07-25 10:00:00,DOR.Flow-In.Ave.15Minutes.3Hours.MIXED-COMPUTED-REV,-12.83,13.85,-26.67,NEGATIVE
2026-07-25 22:00:00,DOR.Flow-In.Ave.15Minutes.3Hours.MIXED-COMPUTED-REV,-65.77,16.54,-82.31,NEGATIVE
2026-07-25 23:00:00,DOR.Flow-In.Ave.15Minutes.3Hours.MIXED-COMPUTED-REV,-84.39,16.54,-100.93,NEGATIVE
2026-07-26 04:00:00,DOR.Flow-In.Ave.15Minutes.3Hours.MIXED-COMPUTED-REV,-12.56,14.05,-26.60,NEGATIVE
2026-07-26 05:00:00,DOR.Flow-In.Ave.15Minutes.3Hours.MIXED-COMPUTED-REV,-1.91,14.05,-15.95,NEGATIVE
2026-07-26 15:00:00,DOR.Flow-In.Ave.15Minutes.3Hours.MIXED-COMPUTED-REV,-22.08,14.12,-36.20,NEGATIVE
2026-07-26 16:00:00,DOR.Flow-In.Ave.15Minutes.3Hours.MIXED-COMPUTED-REV,-74.99,14.12,-89.11,NEGATIVE
2026-07-26 17:00:00,DOR.Flow-In.Ave.15Minutes.3Hours.MIXED-COMPUTED-REV,-24.30,14.12,-38.42,NEGATIVE
2026-07-26 23:00:00,DOR.Flow-In.Ave.15Minutes.3Hours.MIXED-COMPUTED-REV,-43.45,24.75,-68.20,NEGATIVE
2026-07-27 00:00:00,DOR.Flow-In.Ave.15Minutes.3Hours.MIXED-COMPUTED-REV,-79.11,25.40,-104.52,NEGATIVE
2026-07-27 01:00:00,DOR.Flow-In.Ave.15Minutes.3Hours.MIXED-COMPUTED-REV,-2.64,25.40,-28.04,NEGATIVE
2026-07-27 04:00:00,DOR.Flow-In.Ave.15Minutes.3Hours.MIXED-COMPUTED-REV,-78.98,25.40,-104.39,NEGATIVE
2026-07-27 14:00:00,DOR.Flow-In.Ave.15Minutes.3Hours.MIXED-COMPUTED-REV,-5.00,25.40,-30.41,NEGATIVE
2026-07-27 19:00:00,DOR.Flow-In.Ave.15Minutes.3Hours.MIXED-COMPUTED-REV,-48.14,17.92,-66.07,NEGATIVE
2026-07-27 20:00:00,DOR.Flow-In.Ave.15Minutes.3Hours.MIXED-COMPUTED-REV,-37.95,17.92,-55.87,NEGATIVE
2026-07-27 21:00:00,DOR.Flow-In.Ave.15Minutes.3Hours.MIXED-COMPUTED-REV,-70.98,17.92,-88.91,NEGATIVE
2026-07-28 04:00:00,DOR.Flow-In.Ave.15Minutes.3Hours.MIXED-COMPUTED-REV,-2.24,15.40,-17.64,NEGATIVE
2026-07-28 05:00:00,DOR.Flow-In.Ave.15Minutes.3Hours.MIXED-COMPUTED-REV,-40.31,15.40,-55.71,NEGATIVE
2026-07-28 06:00:00,DOR.Flow-In.Ave.15Minutes.3Hours.MIXED-COMPUTED-REV,-14.91,18.07,-32.98,NEGATIVE
2026-07-28 12:00:00,DOR.Flow-In.Ave.15Minutes.3Hours.MIXED-COMPUTED-REV,-14.82,18.26,-33.08,NEGATIVE
2026-07-28 13:00:00,DOR.Flow-In.Ave.15Minutes.3Hours.MIXED-COMPUTED-REV,-60.49,18.07,-78.55,NEGATIVE
2026-07-28 14:00:00,DOR.Flow-In.Ave.15Minutes.3Hours.MIXED-COMPUTED-REV,-35.10,7.89,-42.99,NEGATIVE
2026-07-28 22:00:00,DOR.Flow-In.Ave.15Minutes.3Hours.MIXED-COMPUTED-REV,-7.09,20.75,-27.83,NEGATIVE
2026-07-28 23:00:00,DOR.Flow-In.Ave.15Minutes.3Hours.MIXED-COMPUTED-REV,-7.07,18.26,-25.34,NEGATIVE
2026-07-29 00:00:00,DOR.Flow-In.Ave.15Minutes.3Hours.MIXED-COMPUTED-REV,-14.67,15.80,-30.47,NEGATIVE
2026-07-29 07:00:00,DOR.Flow-In.Ave.15Minutes.3Hours.MIXED-COMPUTED-REV,-4.42,10.78,-15.21,NEGATIVE
2026-07-29 11:00:00,DOR.Flow-In.Ave.15Minutes.3Hours.MIXED-COMPUTED-REV,-19.54,0.58,-20.13,NEGATIVE
2026-07-29 12:00:00,DOR.Flow-In.Ave.15Minutes.3Hours.MIXED-COMPUTED-REV,-22.08,0.58,-22.66,NEGATIVE
2026-07-29 13:00:00,DOR.Flow-In.Ave.15Minutes.3Hours.MIXED-COMPUTED-REV,-4.35,10.78,-15.13,NEGATIVE
2026-07-29 15:00:00,DOR.Flow-In.Ave.15Minutes.3Hours.MIXED-COMPUTED-REV,-32.11,15.80,-47.91,NEGATIVE
2026-07-29 16:00:00,DOR.Flow-In.Ave.15Minutes.3Hours.MIXED-COMPUTED-REV,-47.25,16.07,-63.32,NEGATIVE
2026-07-29 17:00:00,DOR.Flow-In.Ave.15Minutes.3Hours.MIXED-COMPUTED-REV,-27.01,16.07,-43.08,NEGATIVE
2026-07-29 22:00:00,DOR.Flow-In.Ave.15Minutes.3Hours.MIXED-COMPUTED-REV,-29.47,18.47,-47.95,NEGATIVE
2026-07-29 23:00:00,DOR.Flow-In.Ave.15Minutes.3Hours.MIXED-COMPUTED-REV,-26.93,18.47,-45.41,NEGATIVE
2026-07-30 00:00:00,DOR.Flow-In.Ave.15Minutes.3Hours.MIXED-COMPUTED-REV,-4.18,18.67,-22.85,NEGATIVE
2026-07-30 20:00:00,DOR.Flow-In.Ave.15Minutes.3Hours.MIXED-COMPUTED-REV,-13.98,18.67,-32.65,NEGATIVE
2026-07-30 21:00:00,DOR.Flow-In.Ave.15Minutes.3Hours.MIXED-COMPUTED-REV,-6.40,16.24,-22.64,NEGATIVE
2026-07-31 00:00:00,DOR.Flow-In.Ave.15Minutes.3Hours.MIXED-COMPUTED-REV,-8.82,16.20,-25.02,NEGATIVE
2026-07-31 01:00:00,DOR.Flow-In.Ave.15Minutes.3Hours.MIXED-COMPUTED-REV,-61.68,16.20,-77.89,NEGATIVE
2026-07-31 02:00:00,DOR.Flow-In.Ave.15Minutes.3Hours.MIXED-COMPUTED-REV,-3.79,16.20,-19.99,NEGATIVE
2026-07-31 17:00:00,DOR.Flow-In.Ave.15Minutes.3Hours.MIXED-COMPUTED-REV,-3.59,16.56,-20.15,NEGATIVE
2026-07-31 18:00:00,DOR.Flow-In.Ave.15Minutes.3Hours.MIXED-COMPUTED-REV,-13.63,16.56,-30.19,NEGATIVE
2026-07-31 19:00:00,DOR.Flow-In.Ave.15Minutes.3Hours.MIXED-COMPUTED-REV,-1.05,16.56,-17.61,NEGATIVE
2026-07-31 22:00:00,DOR.Flow-In.Ave.15Minutes.3Hours.MIXED-COMPUTED-REV,-28.59,19.22,-47.81,NEGATIVE
2026-07-31 23:00:00,DOR.Flow-In.Ave.15Minutes.3Hours.MIXED-COMPUTED-REV,-28.59,19.22,-47.80,NEGATIVE
2026-08-01 00:00:00,DOR.Flow-In.Ave.15Minutes.3Hours.MIXED-COMPUTED-REV,-5.98,16.72,-22.70,NEGATIVE
2026-08-01 14:00:00,DOR.Flow-In.Ave.15Minutes.3Hours.MIXED-COMPUTED-REV,-13.34,16.66,-30.00,NEGATIVE
2026-08-01 15:00:00,DOR.Flow-In.Ave.15Minutes.3Hours.MIXED-COMPUTED-REV,-10.81,16.66,-27.47,NEGATIVE
2026-08-01 16:00:00,DOR.Flow-In.Ave.15Minutes.3Hours.MIXED-COMPUTED-REV,-0.77,16.66,-17.42,NEGATIVE
2026-08-01 18:00:00,DOR.Flow-In.Ave.15Minutes.3Hours.MIXED-COMPUTED-REV,-30.78,11.93,-42.71,NEGATIVE
2026-08-01 19:00:00,DOR.Flow-In.Ave.15Minutes.3Hours.MIXED-COMPUTED-REV,-15.75,11.82,-27.57,NEGATIVE
2026-08-02 00:00:00,DOR.Flow-In.Ave.15Minutes.3Hours.MIXED-COMPUTED-REV,-73.24,6.89,-80.12,NEGATIVE
2026-08-02 01:00:00,DOR.Flow-In.Ave.15Minutes.3Hours.MIXED-COMPUTED-REV,-38.19,6.89,-45.07,NEGATIVE
2026-08-02 06:00:00,DOR.Flow-In.Ave.15Minutes.3Hours.MIXED-COMPUTED-REV,-38.03,11.93,-49.96,NEGATIVE
2026-08-02 07:00:00,DOR.Flow-In.Ave.15Minutes.3Hours.MIXED-COMPUTED-REV,-43.03,19.58,-62.60,NEGATIVE
2026-08-02 11:00:00,DOR.Flow-In.Ave.15Minutes.3Hours.MIXED-COMPUTED-REV,-57.98,11.93,-69.91,NEGATIVE
2026-08-02 12:00:00,DOR.Flow-In.Ave.15Minutes.3Hours.MIXED-COMPUTED-REV,-5.48,6.89,-12.37,NEGATIVE
2026-08-02 15:00:00,DOR.Flow-In.Ave.15Minutes.3Hours.MIXED-COMPUTED-REV,-47.86,11.93,-59.80,NEGATIVE
2026-08-02 16:00:00,DOR.Flow-In.Ave.15Minutes.3Hours.MIXED-COMPUTED-REV,-65.34,11.93,-77.27,NEGATIVE
2026-08-02 20:00:00,DOR.Flow-In.Ave.15Minutes.3Hours.MIXED-COMPUTED-REV,-5.36,24.72,-30.08,NEGATIVE
2026-08-02 21:00:00,DOR.Flow-In.Ave.15Minutes.3Hours.MIXED-COMPUTED-REV,-12.85,22.27,-35.11,NEGATIVE
2026-08-03 00:00:00,DOR.Flow-In.Ave.15Minutes.3Hours.MIXED-COMPUTED-REV,-25.23,19.80,-45.02,NEGATIVE
2026-08-03 01:00:00,DOR.Flow-In.Ave.15Minutes.3Hours.MIXED-COMPUTED-REV,-45.18,22.27,-67.45,NEGATIVE
2026-08-03 02:00:00,DOR.Flow-In.Ave.15Minutes.3Hours.MIXED-COMPUTED-REV,-42.72,19.80,-62.51,NEGATIVE
2026-08-03 15:00:00,DOR.Flow-In.Ave.15Minutes.3Hours.MIXED-COMPUTED-REV,-27.74,19.80,-47.54,NEGATIVE
2026-08-03 16:00:00,DOR.Flow-In.Ave.15Minutes.3Hours.MIXED-COMPUTED-REV,-50.39,22.27,-72.66,NEGATIVE
2026-08-03 20:00:00,DOR.Flow-In.Ave.15Minutes.3Hours.MIXED-COMPUTED-REV,-48.58,17.73,-66.31,NEGATIVE
2026-08-03 22:00:00,DOR.Flow-In.Ave.15Minutes.3Hours.MIXED-COMPUTED-REV,-2.68,17.33,-20.01,NEGATIVE
2026-08-04 00:00:00,DOR.Flow-In.Ave.15Minutes.3Hours.MIXED-COMPUTED-REV,-61.62,17.37,-78.99,NEGATIVE
2026-08-04 01:00:00,DOR.Flow-In.Ave.15Minutes.3Hours.MIXED-COMPUTED-REV,-80.97,17.37,-98.34,NEGATIVE
2026-08-04 08:00:00,DOR.Flow-In.Ave.15Minutes.3Hours.MIXED-COMPUTED-REV,-2.64,4.67,-7.32,NEGATIVE
2026-08-04 09:00:00,DOR.Flow-In.Ave.15Minutes.3Hours.MIXED-COMPUTED-REV,-7.69,5.30,-12.99,NEGATIVE
2026-08-04 10:00:00,DOR.Flow-In.Ave.15Minutes.3Hours.MIXED-COMPUTED-REV,-53.55,5.30,-58.85,NEGATIVE
2026-08-04 16:00:00,DOR.Flow-In.Ave.15Minutes.3Hours.MIXED-COMPUTED-REV,-33.10,9.45,-42.55,NEGATIVE
2026-08-04 17:00:00,DOR.Flow-In.Ave.15Minutes.3Hours.MIXED-COMPUTED-REV,-33.09,5.30,-38.40,NEGATIVE
2026-08-04 18:00:00,DOR.Flow-In.Ave.15Minutes.3Hours.MIXED-COMPUTED-REV,-4.28,4.67,-8.95,NEGATIVE
2026-08-04 22:00:00,DOR.Flow-In.Ave.15Minutes.3Hours.MIXED-COMPUTED-REV,-57.02,9.45,-66.46,NEGATIVE
2026-08-05 03:00:00,DOR.Flow-In.Ave.15Minutes.3Hours.MIXED-COMPUTED-REV,-2.50,5.30,-7.81,NEGATIVE
2026-08-05 04:00:00,DOR.Flow-In.Ave.15Minutes.3Hours.MIXED-COMPUTED-REV,-15.31,5.30,-20.61,NEGATIVE
2026-08-05 05:00:00,DOR.Flow-In.Ave.15Minutes.3Hours.MIXED-COMPUTED-REV,-15.30,5.30,-20.60,NEGATIVE
2026-08-05 06:00:00,DOR.Flow-In.Ave.15Minutes.3Hours.MIXED-COMPUTED-REV,-30.50,9.45,-39.95,NEGATIVE
2026-08-05 11:00:00,DOR.Flow-In.Ave.15Minutes.3Hours.MIXED-COMPUTED-REV,-22.87,10.94,-33.81,NEGATIVE
2026-08-05 15:00:00,DOR.Flow-In.Ave.15Minutes.3Hours.MIXED-COMPUTED-REV,-32.95,2.69,-35.64,NEGATIVE
2026-08-05 16:00:00,DOR.Flow-In.Ave.15Minutes.3Hours.MIXED-COMPUTED-REV,-38.03,2.69,-40.72,NEGATIVE
2026-08-05 17:00:00,DOR.Flow-In.Ave.15Minutes.3Hours.MIXED-COMPUTED-REV,-15.16,10.28,-25.45,NEGATIVE
2026-08-05 21:00:00,DOR.Flow-In.Ave.15Minutes.3Hours.MIXED-COMPUTED-REV,-15.09,12.87,-27.97,NEGATIVE
2026-08-06 01:00:00,DOR.Flow-In.Ave.15Minutes.3Hours.MIXED-COMPUTED-REV,-7.41,10.28,-17.70,NEGATIVE
2026-08-06 02:00:00,DOR.Flow-In.Ave.15Minutes.3Hours.MIXED-COMPUTED-REV,-17.55,5.42,-22.97,NEGATIVE
2026-08-06 03:00:00,DOR.Flow-In.Ave.15Minutes.3Hours.MIXED-COMPUTED-REV,-30.15,5.42,-35.58,NEGATIVE
2026-08-06 04:00:00,DOR.Flow-In.Ave.15Minutes.3Hours.MIXED-COMPUTED-REV,-68.12,10.28,-78.40,NEGATIVE
2026-08-06 12:00:00,DOR.Flow-In.Ave.15Minutes.3Hours.MIXED-COMPUTED-REV,-24.97,14.66,-39.63,NEGATIVE
2026-08-06 13:00:00,DOR.Flow-In.Ave.15Minutes.3Hours.MIXED-COMPUTED-REV,-78.12,25.65,-103.77,NEGATIVE
2026-08-06 22:00:00,DOR.Flow-In.Ave.15Minutes.3Hours.MIXED-COMPUTED-REV,-26.62,18.53,-45.15,NEGATIVE
2026-08-06 23:00:00,DOR.Flow-In.Ave.15Minutes.3Hours.MIXED-COMPUTED-REV,-14.38,15.96,-30.34,NEGATIVE
2026-08-07 02:00:00,DOR.Flow-In.Ave.15Minutes.3Hours.MIXED-COMPUTED-REV,-64.97,15.96,-80.93,NEGATIVE
2026-08-07 03:00:00,DOR.Flow-In.Ave.15Minutes.3Hours.MIXED-COMPUTED-REV,-11.85,15.96,-27.81,NEGATIVE
2026-08-07 07:00:00,DOR.Flow-In.Ave.15Minutes.3Hours.MIXED-COMPUTED-REV,-24.47,14.66,-39.13,NEGATIVE
2026-08-07 11:00:00,DOR.Flow-In.Ave.15Minutes.3Hours.MIXED-COMPUTED-REV,-47.09,13.42,-60.52,NEGATIVE
2026-08-07 12:00:00,DOR.Flow-In.Ave.15Minutes.3Hours.MIXED-COMPUTED-REV,-34.48,13.54,-48.01,NEGATIVE
2026-08-07 16:00:00,DOR.Flow-In.Ave.15Minutes.3Hours.MIXED-COMPUTED-REV,-84.84,15.96,-100.80,NEGATIVE
2026-08-07 20:00:00,DOR.Flow-In.Ave.15Minutes.3Hours.MIXED-COMPUTED-REV,-54.46,18.53,-72.99,NEGATIVE
2026-08-07 21:00:00,DOR.Flow-In.Ave.15Minutes.3Hours.MIXED-COMPUTED-REV,-14.09,18.70,-32.79,NEGATIVE
2026-08-07 22:00:00,DOR.Flow-In.Ave.15Minutes.3Hours.MIXED-COMPUTED-REV,-16.64,18.70,-35.34,NEGATIVE
2026-08-08 01:00:00,DOR.Flow-In.Ave.15Minutes.3Hours.MIXED-COMPUTED-REV,-44.32,18.70,-63.02,NEGATIVE
2026-08-08 02:00:00,DOR.Flow-In.Ave.15Minutes.3Hours.MIXED-COMPUTED-REV,-31.67,18.70,-50.38,NEGATIVE
2026-08-08 06:00:00,DOR.Flow-In.Ave.15Minutes.3Hours.MIXED-COMPUTED-REV,-6.41,6.30,-12.70,NEGATIVE
2026-08-08 15:00:00,DOR.Flow-In.Ave.15Minutes.3Hours.MIXED-COMPUTED-REV,-26.38,6.42,-32.81,NEGATIVE
2026-08-08 16:00:00,DOR.Flow-In.Ave.15Minutes.3Hours.MIXED-COMPUTED-REV,-26.37,6.30,-32.67,NEGATIVE
2026-08-08 18:00:00,DOR.Flow-In.Ave.15Minutes.3Hours.MIXED-COMPUTED-REV,-21.26,1.32,-22.58,NEGATIVE
2026-08-08 21:00:00,DOR.Flow-In.Ave.15Minutes.3Hours.MIXED-COMPUTED-REV,-3.61,1.27,-4.89,NEGATIVE
2026-08-08 22:00:00,DOR.Flow-In.Ave.15Minutes.3Hours.MIXED-COMPUTED-REV,-13.69,1.27,-14.96,NEGATIVE
2026-08-08 23:00:00,DOR.Flow-In.Ave.15Minutes.3Hours.MIXED-COMPUTED-REV,-33.80,1.24,-35.05,NEGATIVE
2026-08-09 03:00:00,DOR.Flow-In.Ave.15Minutes.3Hours.MIXED-COMPUTED-REV,-16.09,-0.90,-15.19,NEGATIVE
2026-08-09 04:00:00,DOR.Flow-In.Ave.15Minutes.3Hours.MIXED-COMPUTED-REV,-1.01,1.32,-2.33,NEGATIVE
2026-08-09 06:00:00,DOR.Flow-In.Ave.15Minutes.3Hours.MIXED-COMPUTED-REV,-46.08,6.42,-52.51,NEGATIVE
2026-08-09 07:00:00,DOR.Flow-In.Ave.15Minutes.3Hours.MIXED-COMPUTED-REV,-33.57,6.65,-40.22,NEGATIVE
2026-08-09 08:00:00,DOR.Flow-In.Ave.15Minutes.3Hours.MIXED-COMPUTED-REV,-3.46,6.65,-10.11,NEGATIVE
2026-08-09 11:00:00,DOR.Flow-In.Ave.15Minutes.3Hours.MIXED-COMPUTED-REV,-0.90,6.65,-7.55,NEGATIVE
2026-08-09 14:00:00,DOR.Flow-In.Ave.15Minutes.3Hours.MIXED-COMPUTED-REV,-23.42,-0.90,-22.52,NEGATIVE
2026-08-09 18:00:00,DOR.Flow-In.Ave.15Minutes.3Hours.MIXED-COMPUTED-REV,-5.80,6.65,-12.45,NEGATIVE
2026-08-09 21:00:00,DOR.Flow-In.Ave.15Minutes.3Hours.MIXED-COMPUTED-REV,-30.79,11.95,-42.74,NEGATIVE
2026-08-09 22:00:00,DOR.Flow-In.Ave.15Minutes.3Hours.MIXED-COMPUTED-REV,-40.83,11.95,-52.78,NEGATIVE
2026-08-09 23:00:00,DOR.Flow-In.Ave.15Minutes.3Hours.MIXED-COMPUTED-REV,-15.75,11.69,-27.44,NEGATIVE
2026-08-10 01:00:00,DOR.Flow-In.Ave.15Minutes.3Hours.MIXED-COMPUTED-REV,-8.18,11.69,-19.87,NEGATIVE
2026-08-10 02:00:00,DOR.Flow-In.Ave.15Minutes.3Hours.MIXED-COMPUTED-REV,-70.76,11.95,-82.71,NEGATIVE
2026-08-10 03:00:00,DOR.Flow-In.Ave.15Minutes.3Hours.MIXED-COMPUTED-REV,-50.72,16.73,-67.45,NEGATIVE
2026-08-10 11:00:00,DOR.Flow-In.Ave.15Minutes.3Hours.MIXED-COMPUTED-REV,-50.50,4.52,-55.02,NEGATIVE
2026-08-10 12:00:00,DOR.Flow-In.Ave.15Minutes.3Hours.MIXED-COMPUTED-REV,-47.99,4.52,-52.51,NEGATIVE
2026-08-10 16:00:00,DOR.Flow-In.Ave.15Minutes.3Hours.MIXED-COMPUTED-REV,-10.43,11.95,-22.38,NEGATIVE
2026-08-10 17:00:00,DOR.Flow-In.Ave.15Minutes.3Hours.MIXED-COMPUTED-REV,-52.85,4.52,-57.37,NEGATIVE
2026-08-10 18:00:00,DOR.Flow-In.Ave.15Minutes.3Hours.MIXED-COMPUTED-REV,-20.37,2.30,-22.67,NEGATIVE
2026-08-10 22:00:00,DOR.Flow-In.Ave.15Minutes.3Hours.MIXED-COMPUTED-REV,-20.31,2.30,-22.61,NEGATIVE
2026-08-10 23:00:00,DOR.Flow-In.Ave.15Minutes.3Hours.MIXED-COMPUTED-REV,-27.77,2.30,-30.08,NEGATIVE
2026-08-11 00:00:00,DOR.Flow-In.Ave.15Minutes.3Hours.MIXED-COMPUTED-REV,-60.18,2.30,-62.49,NEGATIVE
2026-08-11 01:00:00,DOR.Flow-In.Ave.15Minutes.3Hours.MIXED-COMPUTED-REV,-15.25,2.30,-17.55,NEGATIVE
2026-08-11 02:00:00,DOR.Flow-In.Ave.15Minutes.3Hours.MIXED-COMPUTED-REV,-5.25,-0.09,-5.17,NEGATIVE
2026-08-11 06:00:00,DOR.Flow-In.Ave.15Minutes.3Hours.MIXED-COMPUTED-REV,-45.01,-0.09,-44.93,NEGATIVE
2026-08-11 07:00:00,DOR.Flow-In.Ave.15Minutes.3Hours.MIXED-COMPUTED-REV,-49.97,-0.02,-49.95,NEGATIVE
2026-08-11 12:00:00,DOR.Flow-In.Ave.15Minutes.3Hours.MIXED-COMPUTED-REV,-0.12,-0.12,0.00,NEGATIVE
2026-08-11 13:00:00,DOR.Flow-In.Ave.15Minutes.3Hours.MIXED-COMPUTED-REV,-2.59,-0.12,-2.47,NEGATIVE
2026-08-11 14:00:00,DOR.Flow-In.Ave.15Minutes.3Hours.MIXED-COMPUTED-REV,-0.09,-0.12,0.03,NEGATIVE
2026-08-11 16:00:00,DOR.Flow-In.Ave.15Minutes.3Hours.MIXED-COMPUTED-REV,-43.55,-0.09,-43.47,NEGATIVE
2026-08-11 17:00:00,DOR.Flow-In.Ave.15Minutes.3Hours.MIXED-COMPUTED-REV,-68.43,-0.09,-68.35,NEGATIVE
2026-08-11 18:00:00,DOR.Flow-In.Ave.15Minutes.3Hours.MIXED-COMPUTED-REV,-0.02,-0.09,0.07,NEGATIVE
2026-08-11 21:00:00,DOR.Flow-In.Ave.15Minutes.3Hours.MIXED-COMPUTED-REV,-4.98,7.41,-12.38,NEGATIVE
2026-08-11 22:00:00,DOR.Flow-In.Ave.15Minutes.3Hours.MIXED-COMPUTED-REV,-17.54,7.41,-24.95,NEGATIVE
2026-08-11 23:00:00,DOR.Flow-In.Ave.15Minutes.3Hours.MIXED-COMPUTED-REV,-3.97,7.41,-11.37,NEGATIVE
2026-08-12 00:00:00,DOR.Flow-In.Ave.15Minutes.3Hours.MIXED-COMPUTED-REV,-26.21,7.41,-33.62,NEGATIVE
2026-08-12 01:00:00,DOR.Flow-In.Ave.15Minutes.3Hours.MIXED-COMPUTED-REV,-29.51,9.08,-38.59,NEGATIVE
2026-08-12 02:00:00,DOR.Flow-In.Ave.15Minutes.3Hours.MIXED-COMPUTED-REV,-31.50,9.08,-40.58,NEGATIVE
2026-08-12 16:00:00,DOR.Flow-In.Ave.15Minutes.3Hours.MIXED-COMPUTED-REV,-267.28,14.28,-281.56,"SPIKE,NEGATIVE"
2026-08-12 17:00:00,DOR.Flow-In.Ave.15Minutes.3Hours.MIXED-COMPUTED-REV,-291.01,14.29,-305.30,"SPIKE,NEGATIVE"
2026-08-12 18:00:00,DOR.Flow-In.Ave.15Minutes.3Hours.MIXED-COMPUTED-REV,-11.75,14.29,-26.04,NEGATIVE
2026-08-12 21:00:00,DOR.Flow-In.Ave.15Minutes.3Hours.MIXED-COMPUTED-REV,-165.93,7.47,-173.40,NEGATIVE
2026-08-13 02:00:00,DOR.Flow-In.Ave.15Minutes.3Hours.MIXED-COMPUTED-REV,-13.99,7.40,-21.39,NEGATIVE
2026-08-13 08:00:00,DOR.Flow-In.Ave.15Minutes.3Hours.MIXED-COMPUTED-REV,-51.78,14.68,-66.46,NEGATIVE
2026-08-13 09:00:00,DOR.Flow-In.Ave.15Minutes.3Hours.MIXED-COMPUTED-REV,-61.27,13.86,-75.14,NEGATIVE
2026-08-13 10:00:00,DOR.Flow-In.Ave.15Minutes.3Hours.MIXED-COMPUTED-REV,-6.75,13.86,-20.61,NEGATIVE
2026-08-13 15:00:00,DOR.Flow-In.Ave.15Minutes.3Hours.MIXED-COMPUTED-REV,-11.41,13.71,-25.12,NEGATIVE
2026-08-13 23:00:00,DOR.Flow-In.Ave.15Minutes.3Hours.MIXED-COMPUTED-REV,-73.54,13.86,-87.41,NEGATIVE
2026-08-14 00:00:00,DOR.Flow-In.Ave.15Minutes.3Hours.MIXED-COMPUTED-REV,-61.21,13.71,-74.92,NEGATIVE
2026-08-14 01:00:00,DOR.Flow-In.Ave.15Minutes.3Hours.MIXED-COMPUTED-REV,-13.70,12.30,-25.99,NEGATIVE
2026-08-14 11:00:00,DOR.Flow-In.Ave.15Minutes.3Hours.MIXED-COMPUTED-REV,-32.32,14.36,-46.68,NEGATIVE
2026-08-14 12:00:00,DOR.Flow-In.Ave.15Minutes.3Hours.MIXED-COMPUTED-REV,-51.16,14.36,-65.52,NEGATIVE
2026-08-14 13:00:00,DOR.Flow-In.Ave.15Minutes.3Hours.MIXED-COMPUTED-REV,-67.64,14.36,-82.00,NEGATIVE
2026-08-14 23:00:00,DOR.Flow-In.Ave.15Minutes.3Hours.MIXED-COMPUTED-REV,-45.32,15.21,-60.53,NEGATIVE
2026-08-15 00:00:00,DOR.Flow-In.Ave.15Minutes.3Hours.MIXED-COMPUTED-REV,-55.11,17.55,-72.66,NEGATIVE
2026-08-15 01:00:00,DOR.Flow-In.Ave.15Minutes.3Hours.MIXED-COMPUTED-REV,-19.45,17.57,-37.02,NEGATIVE
2026-08-15 06:00:00,DOR.Flow-In.Ave.15Minutes.3Hours.MIXED-COMPUTED-REV,-6.52,15.05,-21.57,NEGATIVE
2026-08-15 16:00:00,DOR.Flow-In.Ave.15Minutes.3Hours.MIXED-COMPUTED-REV,-1.19,15.21,-16.40,NEGATIVE
2026-08-15 17:00:00,DOR.Flow-In.Ave.15Minutes.3Hours.MIXED-COMPUTED-REV,-1.27,15.05,-16.31,NEGATIVE
2026-08-15 20:00:00,DOR.Flow-In.Ave.15Minutes.3Hours.MIXED-COMPUTED-REV,-17.82,15.21,-33.02,NEGATIVE
2026-08-15 21:00:00,DOR.Flow-In.Ave.15Minutes.3Hours.MIXED-COMPUTED-REV,-48.31,13.43,-61.75,NEGATIVE
2026-08-15 22:00:00,DOR.Flow-In.Ave.15Minutes.3Hours.MIXED-COMPUTED-REV,-55.51,13.43,-68.95,NEGATIVE
2026-08-16 05:00:00,DOR.Flow-In.Ave.15Minutes.3Hours.MIXED-COMPUTED-REV,-0.04,12.66,-12.70,NEGATIVE
2026-08-16 15:00:00,DOR.Flow-In.Ave.15Minutes.3Hours.MIXED-COMPUTED-REV,-5.55,13.43,-18.99,NEGATIVE
2026-08-17 00:00:00,DOR.Flow-In.Ave.15Minutes.3Hours.MIXED-COMPUTED-REV,-1.01,17.69,-18.69,NEGATIVE
2026-08-17 01:00:00,DOR.Flow-In.Ave.15Minutes.3Hours.MIXED-COMPUTED-REV,-8.02,17.69,-25.71,NEGATIVE
2026-08-17 02:00:00,DOR.Flow-In.Ave.15Minutes.3Hours.MIXED-COMPUTED-REV,-8.09,17.69,-25.77,NEGATIVE
2026-08-17 03:00:00,DOR.Flow-In.Ave.15Minutes.3Hours.MIXED-COMPUTED-REV,-5.73,17.69,-23.41,NEGATIVE
2026-08-17 15:00:00,DOR.Flow-In.Ave.15Minutes.3Hours.MIXED-COMPUTED-REV,-3.87,13.21,-17.08,NEGATIVE
2026-08-17 16:00:00,DOR.Flow-In.Ave.15Minutes.3Hours.MIXED-COMPUTED-REV,-6.62,14.23,-20.85,NEGATIVE
2026-08-17 19:00:00,DOR.Flow-In.Ave.15Minutes.3Hours.MIXED-COMPUTED-REV,-2.34,14.23,-16.57,NEGATIVE
2026-08-17 20:00:00,DOR.Flow-In.Ave.15Minutes.3Hours.MIXED-COMPUTED-REV,-67.94,16.05,-83.99,NEGATIVE
2026-08-17 21:00:00,DOR.Flow-In.Ave.15Minutes.3Hours.MIXED-COMPUTED-REV,-107.28,18.86,-126.14,NEGATIVE
2026-08-17 22:00:00,DOR.Flow-In.Ave.15Minutes.3Hours.MIXED-COMPUTED-REV,-29.53,20.22,-49.74,NEGATIVE
2026-08-18 01:00:00,DOR.Flow-In.Ave.15Minutes.3Hours.MIXED-COMPUTED-REV,-108.55,18.86,-127.42,NEGATIVE
2026-08-18 02:00:00,DOR.Flow-In.Ave.15Minutes.3Hours.MIXED-COMPUTED-REV,-33.92,18.86,-52.79,NEGATIVE
2026-08-18 15:00:00,DOR.Flow-In.Ave.15Minutes.3Hours.MIXED-COMPUTED-REV,-2.49,20.79,-23.28,NEGATIVE
2026-08-18 16:00:00,DOR.Flow-In.Ave.15Minutes.3Hours.MIXED-COMPUTED-REV,-4.81,20.79,-25.60,NEGATIVE
2026-08-18 20:00:00,DOR.Flow-In.Ave.15Minutes.3Hours.MIXED-COMPUTED-REV,-45.37,20.81,-66.18,NEGATIVE
2026-08-18 21:00:00,DOR.Flow-In.Ave.15Minutes.3Hours.MIXED-COMPUTED-REV,-106.59,20.81,-127.40,NEGATIVE
2026-08-18 22:00:00,DOR.Flow-In.Ave.15Minutes.3Hours.MIXED-COMPUTED-REV,-122.58,20.79,-143.37,NEGATIVE
2026-08-18 23:00:00,DOR.Flow-In.Ave.15Minutes.3Hours.MIXED-COMPUTED-REV,-21.77,18.29,-40.06,NEGATIVE
2026-08-19 10:00:00,DOR.Flow-In.Ave.15Minutes.3Hours.MIXED-COMPUTED-REV,-190.45,28.47,-218.93,NEGATIVE
2026-08-19 11:00:00,DOR.Flow-In.Ave.15Minutes.3Hours.MIXED-COMPUTED-REV,-142.64,28.47,-171.11,NEGATIVE
2026-08-19 15:00:00,DOR.Flow-In.Ave.15Minutes.3Hours.MIXED-COMPUTED-REV,-18.39,26.10,-44.49,NEGATIVE
2026-08-19 23:00:00,DOR.Flow-In.Ave.15Minutes.3Hours.MIXED-COMPUTED-REV,-23.75,25.23,-48.97,NEGATIVE
2026-08-20 00:00:00,DOR.Flow-In.Ave.15Minutes.3Hours.MIXED-COMPUTED-REV,-53.83,25.23,-79.06,NEGATIVE
2026-08-20 01:00:00,DOR.Flow-In.Ave.15Minutes.3Hours.MIXED-COMPUTED-REV,-36.52,25.23,-61.74,NEGATIVE
2026-08-20 12:00:00,DOR.Flow-In.Ave.15Minutes.3Hours.MIXED-COMPUTED-REV,-2.15,13.43,-15.58,NEGATIVE
2026-08-20 13:00:00,DOR.Flow-In.Ave.15Minutes.3Hours.MIXED-COMPUTED-REV,-4.48,13.43,-17.91,NEGATIVE
2026-08-20 14:00:00,DOR.Flow-In.Ave.15Minutes.3Hours.MIXED-COMPUTED-REV,-4.79,13.43,-18.22,NEGATIVE
2026-08-20 20:00:00,DOR.Flow-In.Ave.15Minutes.3Hours.MIXED-COMPUTED-REV,-3.75,2.72,-6.47,NEGATIVE
2026-08-20 21:00:00,DOR.Flow-In.Ave.15Minutes.3Hours.MIXED-COMPUTED-REV,-6.59,1.89,-8.48,NEGATIVE
2026-08-21 01:00:00,DOR.Flow-In.Ave.15Minutes.3Hours.MIXED-COMPUTED-REV,-4.37,2.72,-7.10,NEGATIVE
2026-08-21 02:00:00,DOR.Flow-In.Ave.15Minutes.3Hours.MIXED-COMPUTED-REV,-6.73,2.81,-9.54,NEGATIVE
2026-08-21 06:00:00,DOR.Flow-In.Ave.15Minutes.3Hours.MIXED-COMPUTED-REV,-49.26,7.45,-56.71,NEGATIVE
2026-08-21 07:00:00,DOR.Flow-In.Ave.15Minutes.3Hours.MIXED-COMPUTED-REV,-87.06,5.52,-92.58,NEGATIVE
2026-08-21 08:00:00,DOR.Flow-In.Ave.15Minutes.3Hours.MIXED-COMPUTED-REV,-94.07,2.81,-96.88,NEGATIVE
2026-08-21 09:00:00,DOR.Flow-In.Ave.15Minutes.3Hours.MIXED-COMPUTED-REV,-34.73,5.52,-40.25,NEGATIVE
2026-08-21 18:00:00,DOR.Flow-In.Ave.15Minutes.3Hours.MIXED-COMPUTED-REV,-1.28,6.62,-7.90,NEGATIVE
2026-08-21 19:00:00,DOR.Flow-In.Ave.15Minutes.3Hours.MIXED-COMPUTED-REV,-22.05,7.69,-29.74,NEGATIVE
2026-08-21 20:00:00,DOR.Flow-In.Ave.15Minutes.3Hours.MIXED-COMPUTED-REV,-0.34,7.69,-8.02,NEGATIVE
2026-08-22 02:00:00,DOR.Flow-In.Ave.15Minutes.3Hours.MIXED-COMPUTED-REV,-1.59,5.91,-7.50,NEGATIVE
2026-08-22 03:00:00,DOR.Flow-In.Ave.15Minutes.3Hours.MIXED-COMPUTED-REV,-6.27,5.91,-12.18,NEGATIVE
2026-08-22 11:00:00,DOR.Flow-In.Ave.15Minutes.3Hours.MIXED-COMPUTED-REV,-8.83,5.48,-14.31,NEGATIVE
2026-08-22 12:00:00,DOR.Flow-In.Ave.15Minutes.3Hours.MIXED-COMPUTED-REV,-10.77,5.48,-16.25,NEGATIVE
2026-08-22 18:00:00,DOR.Flow-In.Ave.15Minutes.3Hours.MIXED-COMPUTED-REV,-72.93,5.91,-78.84,NEGATIVE
2026-08-22 19:00:00,DOR.Flow-In.Ave.15Minutes.3Hours.MIXED-COMPUTED-REV,-70.55,5.09,-75.64,NEGATIVE
2026-08-22 20:00:00,DOR.Flow-In.Ave.15Minutes.3Hours.MIXED-COMPUTED-REV,-34.97,5.09,-40.06,NEGATIVE
2026-08-23 04:00:00,DOR.Flow-In.Ave.15Minutes.3Hours.MIXED-COMPUTED-REV,-17.11,12.69,-29.80,NEGATIVE
2026-08-23 05:00:00,DOR.Flow-In.Ave.15Minutes.3Hours.MIXED-COMPUTED-REV,-19.04,13.85,-32.88,NEGATIVE
2026-08-23 06:00:00,DOR.Flow-In.Ave.15Minutes.3Hours.MIXED-COMPUTED-REV,-9.12,13.85,-22.96,NEGATIVE
2026-08-23 13:00:00,DOR.Flow-In.Ave.15Minutes.3Hours.MIXED-COMPUTED-REV,-3.51,8.88,-12.40,NEGATIVE
2026-08-23 14:00:00,DOR.Flow-In.Ave.15Minutes.3Hours.MIXED-COMPUTED-REV,-1.40,8.88,-10.28,NEGATIVE
2026-08-23 21:00:00,DOR.Flow-In.Ave.15Minutes.3Hours.MIXED-COMPUTED-REV,-16.96,11.81,-28.77,NEGATIVE
2026-08-23 22:00:00,DOR.Flow-In.Ave.15Minutes.3Hours.MIXED-COMPUTED-REV,-59.26,11.81,-71.07,NEGATIVE
2026-08-23 23:00:00,DOR.Flow-In.Ave.15Minutes.3Hours.MIXED-COMPUTED-REV,-89.76,8.96,-98.72,NEGATIVE
2026-08-24 00:00:00,DOR.Flow-In.Ave.15Minutes.3Hours.MIXED-COMPUTED-REV,-78.14,8.88,-87.02,NEGATIVE
2026-08-24 01:00:00,DOR.Flow-In.Ave.15Minutes.3Hours.MIXED-COMPUTED-REV,-10.14,8.88,-19.03,NEGATIVE
2026-08-24 06:00:00,DOR.Flow-In.Ave.15Minutes.3Hours.MIXED-COMPUTED-REV,-3.88,8.59,-12.47,NEGATIVE
2026-08-24 11:00:00,DOR.Flow-In.Ave.15Minutes.3Hours.MIXED-COMPUTED-REV,-0.99,8.59,-9.58,NEGATIVE
2026-08-24 12:00:00,DOR.Flow-In.Ave.15Minutes.3Hours.MIXED-COMPUTED-REV,-3.38,8.91,-12.29,NEGATIVE
2026-08-24 16:00:00,DOR.Flow-In.Ave.15Minutes.3Hours.MIXED-COMPUTED-REV,-4.16,6.75,-10.91,NEGATIVE
2026-08-24 17:00:00,DOR.Flow-In.Ave.15Minutes.3Hours.MIXED-COMPUTED-REV,-9.15,6.75,-15.90,NEGATIVE
2026-08-24 18:00:00,DOR.Flow-In.Ave.15Minutes.3Hours.MIXED-COMPUTED-REV,-14.02,6.75,-20.77,NEGATIVE
2026-08-25 02:00:00,DOR.Flow-In.Ave.15Minutes.3Hours.MIXED-COMPUTED-REV,-40.08,8.91,-48.99,NEGATIVE
2026-08-25 03:00:00,DOR.Flow-In.Ave.15Minutes.3Hours.MIXED-COMPUTED-REV,-75.06,6.75,-81.81,NEGATIVE
2026-08-25 04:00:00,DOR.Flow-In.Ave.15Minutes.3Hours.MIXED-COMPUTED-REV,-33.02,4.21,-37.22,NEGATIVE
2026-08-25 13:00:00,DOR.Flow-In.Ave.15Minutes.3Hours.MIXED-COMPUTED-REV,-2.77,9.93,-12.70,NEGATIVE
2026-08-25 14:00:00,DOR.Flow-In.Ave.15Minutes.3Hours.MIXED-COMPUTED-REV,-9.75,9.93,-19.68,NEGATIVE
2026-08-25 15:00:00,DOR.Flow-In.Ave.15Minutes.3Hours.MIXED-COMPUTED-REV,-16.76,13.91,-30.68,NEGATIVE
2026-08-25 16:00:00,DOR.Flow-In.Ave.15Minutes.3Hours.MIXED-COMPUTED-REV,-7.69,18.70,-26.39,NEGATIVE
2026-08-25 23:00:00,DOR.Flow-In.Ave.15Minutes.3Hours.MIXED-COMPUTED-REV,-4.72,11.74,-16.46,NEGATIVE
2026-08-26 00:00:00,DOR.Flow-In.Ave.15Minutes.3Hours.MIXED-COMPUTED-REV,-109.40,9.93,-119.33,NEGATIVE
2026-08-26 01:00:00,DOR.Flow-In.Ave.15Minutes.3Hours.MIXED-COMPUTED-REV,-130.30,11.74,-142.05,NEGATIVE
2026-08-26 02:00:00,DOR.Flow-In.Ave.15Minutes.3Hours.MIXED-COMPUTED-REV,-65.15,13.91,-79.06,NEGATIVE
2026-08-26 05:00:00,DOR.Flow-In.Ave.15Minutes.3Hours.MIXED-COMPUTED-REV,-13.91,14.10,-28.01,NEGATIVE
2026-08-26 16:00:00,DOR.Flow-In.Ave.15Minutes.3Hours.MIXED-COMPUTED-REV,-12.00,9.44,-21.43,NEGATIVE
2026-08-26 17:00:00,DOR.Flow-In.Ave.15Minutes.3Hours.MIXED-COMPUTED-REV,-19.62,9.44,-29.05,NEGATIVE
2026-08-26 18:00:00,DOR.Flow-In.Ave.15Minutes.3Hours.MIXED-COMPUTED-REV,-10.93,11.74,-22.67,NEGATIVE
2026-08-26 23:00:00,DOR.Flow-In.Ave.15Minutes.3Hours.MIXED-COMPUTED-REV,-0.14,6.99,-7.12,NEGATIVE
2026-08-27 01:00:00,DOR.Flow-In.Ave.15Minutes.3Hours.MIXED-COMPUTED-REV,-2.48,0.02,-2.50,NEGATIVE
2026-08-27 02:00:00,DOR.Flow-In.Ave.15Minutes.3Hours.MIXED-COMPUTED-REV,-19.11,-0.14,-18.97,NEGATIVE
2026-08-27 03:00:00,DOR.Flow-In.Ave.15Minutes.3Hours.MIXED-COMPUTED-REV,-66.64,-2.32,-64.32,NEGATIVE
2026-08-27 04:00:00,DOR.Flow-In.Ave.15Minutes.3Hours.MIXED-COMPUTED-REV,-2.41,-2.41,0.00,NEGATIVE
2026-08-27 10:00:00,DOR.Flow-In.Ave.15Minutes.3Hours.MIXED-COMPUTED-REV,-2.32,-2.32,0.00,NEGATIVE
2026-08-27 11:00:00,DOR.Flow-In.Ave.15Minutes.3Hours.MIXED-COMPUTED-REV,-7.06,-2.41,-4.65,NEGATIVE
2026-08-27 12:00:00,DOR.Flow-In.Ave.15Minutes.3Hours.MIXED-COMPUTED-REV,-7.04,-2.41,-4.63,NEGATIVE
2026-08-27 13:00:00,DOR.Flow-In.Ave.15Minutes.3Hours.MIXED-COMPUTED-REV,-7.02,-2.48,-4.54,NEGATIVE
2026-08-27 14:00:00,DOR.Flow-In.Ave.15Minutes.3Hours.MIXED-COMPUTED-REV,-25.99,-4.49,-21.50,NEGATIVE
2026-08-27 15:00:00,DOR.Flow-In.Ave.15Minutes.3Hours.MIXED-COMPUTED-REV,-66.31,-2.41,-63.90,NEGATIVE
2026-08-27 16:00:00,DOR.Flow-In.Ave.15Minutes.3Hours.MIXED-COMPUTED-REV,-87.62,-2.32,-85.30,NEGATIVE
2026-08-27 17:00:00,DOR.Flow-In.Ave.15Minutes.3Hours.MIXED-COMPUTED-REV,-47.24,0.02,-47.26,NEGATIVE
2026-08-27 22:00:00,DOR.Flow-In.Ave.15Minutes.3Hours.MIXED-COMPUTED-REV,-4.49,-2.32,-2.17,NEGATIVE
2026-08-27 23:00:00,DOR.Flow-In.Ave.15Minutes.3Hours.MIXED-COMPUTED-REV,-6.85,-4.49,-2.36,NEGATIVE
2026-08-28 01:00:00,DOR.Flow-In.Ave.15Minutes.3Hours.MIXED-COMPUTED-REV,-6.80,-4.49,-2.31,NEGATIVE
2026-08-28 02:00:00,DOR.Flow-In.Ave.15Minutes.3Hours.MIXED-COMPUTED-REV,-16.27,-4.49,-11.78,NEGATIVE
2026-08-28 10:00:00,DOR.Flow-In.Ave.15Minutes.3Hours.MIXED-COMPUTED-REV,-34.36,2.98,-37.34,NEGATIVE
2026-08-28 11:00:00,DOR.Flow-In.Ave.15Minutes.3Hours.MIXED-COMPUTED-REV,-54.61,2.98,-57.59,NEGATIVE
2026-08-28 12:00:00,DOR.Flow-In.Ave.15Minutes.3Hours.MIXED-COMPUTED-REV,-74.71,2.98,-77.68,NEGATIVE
2026-08-28 13:00:00,DOR.Flow-In.Ave.15Minutes.3Hours.MIXED-COMPUTED-REV,-67.59,2.98,-70.57,NEGATIVE
2026-08-28 14:00:00,DOR.Flow-In.Ave.15Minutes.3Hours.MIXED-COMPUTED-REV,-6.99,2.98,-9.97,NEGATIVE
2026-08-28 22:00:00,DOR.Flow-In.Ave.15Minutes.3Hours.MIXED-COMPUTED-REV,-6.43,-1.62,-4.81,NEGATIVE
2026-08-28 23:00:00,DOR.Flow-In.Ave.15Minutes.3Hours.MIXED-COMPUTED-REV,-11.13,0.63,-11.76,NEGATIVE
2026-08-29 00:00:00,DOR.Flow-In.Ave.15Minutes.3Hours.MIXED-COMPUTED-REV,-18.20,0.63,-18.83,NEGATIVE
2026-08-29 01:00:00,DOR.Flow-In.Ave.15Minutes.3Hours.MIXED-COMPUTED-REV,-15.82,0.63,-16.45,NEGATIVE
2026-08-29 02:00:00,DOR.Flow-In.Ave.15Minutes.3Hours.MIXED-COMPUTED-REV,-1.62,0.63,-2.25,NEGATIVE
2026-08-29 04:00:00,DOR.Flow-In.Ave.15Minutes.3Hours.MIXED-COMPUTED-REV,-34.61,0.63,-35.24,NEGATIVE
2026-08-29 05:00:00,DOR.Flow-In.Ave.15Minutes.3Hours.MIXED-COMPUTED-REV,-81.76,0.63,-82.39,NEGATIVE
2026-08-29 06:00:00,DOR.Flow-In.Ave.15Minutes.3Hours.MIXED-COMPUTED-REV,-32.20,0.63,-32.83,NEGATIVE
2026-08-29 12:00:00,DOR.Flow-In.Ave.15Minutes.3Hours.MIXED-COMPUTED-REV,-1.45,-1.39,-0.06,NEGATIVE
2026-08-29 13:00:00,DOR.Flow-In.Ave.15Minutes.3Hours.MIXED-COMPUTED-REV,-6.15,-1.39,-4.75,NEGATIVE
2026-08-29 14:00:00,DOR.Flow-In.Ave.15Minutes.3Hours.MIXED-COMPUTED-REV,-6.13,3.12,-9.25,NEGATIVE
2026-08-29 15:00:00,DOR.Flow-In.Ave.15Minutes.3Hours.MIXED-COMPUTED-REV,-1.39,3.34,-4.73,NEGATIVE
2026-08-29 22:00:00,DOR.Flow-In.Ave.15Minutes.3Hours.MIXED-COMPUTED-REV,-31.85,15.14,-46.99,NEGATIVE
2026-08-29 23:00:00,DOR.Flow-In.Ave.15Minutes.3Hours.MIXED-COMPUTED-REV,-55.38,13.03,-68.42,NEGATIVE
2026-08-30 00:00:00,DOR.Flow-In.Ave.15Minutes.3Hours.MIXED-COMPUTED-REV,-62.42,8.09,-70.51,NEGATIVE
2026-08-30 01:00:00,DOR.Flow-In.Ave.15Minutes.3Hours.MIXED-COMPUTED-REV,-34.15,8.09,-42.24,NEGATIVE
2026-08-30 12:00:00,DOR.Flow-In.Ave.15Minutes.3Hours.MIXED-COMPUTED-REV,-5.74,6.17,-11.90,NEGATIVE
2026-08-30 13:00:00,DOR.Flow-In.Ave.15Minutes.3Hours.MIXED-COMPUTED-REV,-38.56,6.17,-44.73,NEGATIVE
2026-08-30 14:00:00,DOR.Flow-In.Ave.15Minutes.3Hours.MIXED-COMPUTED-REV,-94.86,6.17,-101.02,NEGATIVE
2026-08-30 15:00:00,DOR.Flow-In.Ave.15Minutes.3Hours.MIXED-COMPUTED-REV,-43.22,6.17,-49.39,NEGATIVE
2026-08-30 22:00:00,DOR.Flow-In.Ave.15Minutes.3Hours.MIXED-COMPUTED-REV,-10.24,1.69,-11.93,NEGATIVE
2026-08-30 23:00:00,DOR.Flow-In.Ave.15Minutes.3Hours.MIXED-COMPUTED-REV,-19.61,1.44,-21.04,NEGATIVE
2026-08-31 00:00:00,DOR.Flow-In.Ave.15Minutes.3Hours.MIXED-COMPUTED-REV,-40.68,-0.62,-40.06,NEGATIVE
2026-08-31 01:00:00,DOR.Flow-In.Ave.15Minutes.3Hours.MIXED-COMPUTED-REV,-31.27,1.44,-32.70,NEGATIVE
2026-08-31 02:00:00,DOR.Flow-In.Ave.15Minutes.3Hours.MIXED-COMPUTED-REV,-54.68,1.69,-56.37,NEGATIVE
2026-08-31 03:00:00,DOR.Flow-In.Ave.15Minutes.3Hours.MIXED-COMPUTED-REV,-19.49,1.78,-21.27,NEGATIVE
2026-08-31 04:00:00,DOR.Flow-In.Ave.15Minutes.3Hours.MIXED-COMPUTED-REV,-10.09,1.78,-11.87,NEGATIVE
2026-08-31 11:00:00,DOR.Flow-In.Ave.15Minutes.3Hours.MIXED-COMPUTED-REV,-12.34,-0.62,-11.72,NEGATIVE
2026-08-31 12:00:00,DOR.Flow-In.Ave.15Minutes.3Hours.MIXED-COMPUTED-REV,-0.62,-0.55,-0.07,NEGATIVE
2026-08-31 16:00:00,DOR.Flow-In.Ave.15Minutes.3Hours.MIXED-COMPUTED-REV,-28.60,9.50,-38.10,NEGATIVE
2026-08-31 17:00:00,DOR.Flow-In.Ave.15Minutes.3Hours.MIXED-COMPUTED-REV,-42.61,9.56,-52.18,NEGATIVE
2026-08-31 18:00:00,DOR.Flow-In.Ave.15Minutes.3Hours.MIXED-COMPUTED-REV,-2.85,9.50,-12.35,NEGATIVE
2026-08-31 22:00:00,DOR.Flow-In.Ave.15Minutes.3Hours.MIXED-COMPUTED-REV,-9.31,1.78,-11.09,NEGATIVE
2026-08-31 23:00:00,DOR.Flow-In.Ave.15Minutes.3Hours.MIXED-COMPUTED-REV,-1.44,8.93,-10.37,NEGATIVE
2026-09-01 00:00:00,DOR.Flow-In.Ave.15Minutes.3Hours.MIXED-COMPUTED-REV,-0.55,9.50,-10.05,NEGATIVE
2026-09-01 06:00:00,DOR.Flow-In.Ave.15Minutes.3Hours.MIXED-COMPUTED-REV,-76.71,9.56,-86.27,NEGATIVE
2026-09-01 07:00:00,DOR.Flow-In.Ave.15Minutes.3Hours.MIXED-COMPUTED-REV,-65.05,14.06,-79.11,NEGATIVE
2026-09-01 08:00:00,DOR.Flow-In.Ave.15Minutes.3Hours.MIXED-COMPUTED-REV,-16.08,9.56,-25.64,NEGATIVE
2026-09-01 15:00:00,DOR.Flow-In.Ave.15Minutes.3Hours.MIXED-COMPUTED-REV,-13.60,2.70,-16.30,NEGATIVE
2026-09-01 16:00:00,DOR.Flow-In.Ave.15Minutes.3Hours.MIXED-COMPUTED-REV,-1.94,-1.83,-0.11,NEGATIVE
2026-09-01 20:00:00,DOR.Flow-In.Ave.15Minutes.3Hours.MIXED-COMPUTED-REV,-1.86,2.89,-4.75,NEGATIVE
2026-09-01 21:00:00,DOR.Flow-In.Ave.15Minutes.3Hours.MIXED-COMPUTED-REV,-8.83,14.40,-23.22,NEGATIVE
2026-09-01 22:00:00,DOR.Flow-In.Ave.15Minutes.3Hours.MIXED-COMPUTED-REV,-18.12,14.40,-32.51,NEGATIVE
2026-09-01 23:00:00,DOR.Flow-In.Ave.15Minutes.3Hours.MIXED-COMPUTED-REV,-8.78,14.40,-23.18,NEGATIVE
2026-09-02 00:00:00,DOR.Flow-In.Ave.15Minutes.3Hours.MIXED-COMPUTED-REV,-6.43,14.40,-20.83,NEGATIVE
2026-09-02 02:00:00,DOR.Flow-In.Ave.15Minutes.3Hours.MIXED-COMPUTED-REV,-1.83,14.40,-16.22,NEGATIVE
2026-09-02 03:00:00,DOR.Flow-In.Ave.15Minutes.3Hours.MIXED-COMPUTED-REV,-64.68,14.40,-79.08,NEGATIVE
2026-09-02 04:00:00,DOR.Flow-In.Ave.15Minutes.3Hours.MIXED-COMPUTED-REV,-34.23,14.40,-48.62,NEGATIVE
2026-09-02 15:00:00,DOR.Flow-In.Ave.15Minutes.3Hours.MIXED-COMPUTED-REV,-5.49,28.97,-34.46,NEGATIVE
2026-09-02 16:00:00,DOR.Flow-In.Ave.15Minutes.3Hours.MIXED-COMPUTED-REV,-3.85,30.92,-34.77,NEGATIVE
2026-09-03 05:00:00,DOR.Flow-In.Ave.15Minutes.3Hours.MIXED-COMPUTED-REV,-8.80,43.85,-52.65,NEGATIVE
2026-09-03 06:00:00,DOR.Flow-In.Ave.15Minutes.3Hours.MIXED-COMPUTED-REV,-7.73,43.85,-51.58,NEGATIVE
2026-09-03 18:00:00,DOR.Flow-In.Ave.15Minutes.3Hours.MIXED-COMPUTED-REV,-9.01,48.14,-57.14,NEGATIVE
2026-09-03 19:00:00,DOR.Flow-In.Ave.15Minutes.3Hours.MIXED-COMPUTED-REV,-85.02,52.90,-137.92,NEGATIVE
2026-09-03 20:00:00,DOR.Flow-In.Ave.15Minutes.3Hours.MIXED-COMPUTED-REV,-27.97,52.90,-80.87,NEGATIVE
2026-09-07 10:00:00,DOR.Flow-In.Ave.15Minutes.3Hours.MIXED-COMPUTED-REV,-3.15,58.98,-62.13,NEGATIVE
2026-09-07 21:00:00,DOR.Flow-In.Ave.15Minutes.3Hours.MIXED-COMPUTED-REV,-3.91,48.28,-52.19,NEGATIVE
2026-09-08 06:00:00,DOR.Flow-In.Ave.15Minutes.3Hours.MIXED-COMPUTED-REV,-18.02,25.50,-43.52,NEGATIVE
2026-09-08 07:00:00,DOR.Flow-In.Ave.15Minutes.3Hours.MIXED-COMPUTED-REV,-10.67,25.50,-36.17,NEGATIVE
2026-09-08 15:00:00,DOR.Flow-In.Ave.15Minutes.3Hours.MIXED-COMPUTED-REV,-3.04,27.58,-30.62,NEGATIVE
2026-09-08 16:00:00,DOR.Flow-In.Ave.15Minutes.3Hours.MIXED-COMPUTED-REV,-45.83,27.58,-73.41,NEGATIVE
2026-09-08 17:00:00,DOR.Flow-In.Ave.15Minutes.3Hours.MIXED-COMPUTED-REV,-34.24,27.58,-61.83,NEGATIVE
2026-09-09 02:00:00,DOR.Flow-In.Ave.15Minutes.3Hours.MIXED-COMPUTED-REV,-46.00,29.36,-75.36,NEGATIVE
2026-09-09 03:00:00,DOR.Flow-In.Ave.15Minutes.3Hours.MIXED-COMPUTED-REV,-71.88,27.13,-99.01,NEGATIVE
2026-09-10 00:00:00,DOR.Flow-In.Ave.15Minutes.3Hours.MIXED-COMPUTED-REV,-22.08,18.15,-40.23,NEGATIVE
2026-09-10 01:00:00,DOR.Flow-In.Ave.15Minutes.3Hours.MIXED-COMPUTED-REV,-26.76,13.42,-40.18,NEGATIVE
2026-09-10 02:00:00,DOR.Flow-In.Ave.15Minutes.3Hours.MIXED-COMPUTED-REV,-26.76,13.42,-40.18,NEGATIVE
2026-09-10 07:00:00,DOR.Flow-In.Ave.15Minutes.3Hours.MIXED-COMPUTED-REV,-0.73,24.79,-25.52,NEGATIVE
2026-09-10 14:00:00,DOR.Flow-In.Ave.15Minutes.3Hours.MIXED-COMPUTED-REV,-66.12,18.15,-84.27,NEGATIVE
2026-09-10 15:00:00,DOR.Flow-In.Ave.15Minutes.3Hours.MIXED-COMPUTED-REV,-89.51,18.15,-107.66,NEGATIVE
2026-09-10 16:00:00,DOR.Flow-In.Ave.15Minutes.3Hours.MIXED-COMPUTED-REV,-63.86,13.48,-77.35,NEGATIVE
2026-09-10 22:00:00,DOR.Flow-In.Ave.15Minutes.3Hours.MIXED-COMPUTED-REV,-0.66,13.45,-14.11,NEGATIVE
2026-09-11 05:00:00,DOR.Flow-In.Ave.15Minutes.3Hours.MIXED-COMPUTED-REV,-14.54,13.48,-28.02,NEGATIVE
2026-09-11 06:00:00,DOR.Flow-In.Ave.15Minutes.3Hours.MIXED-COMPUTED-REV,-56.46,13.48,-69.94,NEGATIVE
2026-09-11 07:00:00,DOR.Flow-In.Ave.15Minutes.3Hours.MIXED-COMPUTED-REV,-53.97,13.48,-67.45,NEGATIVE
2026-09-11 20:00:00,DOR.Flow-In.Ave.15Minutes.3Hours.MIXED-COMPUTED-REV,-2.64,20.85,-23.49,NEGATIVE
2026-09-11 21:00:00,DOR.Flow-In.Ave.15Minutes.3Hours.MIXED-COMPUTED-REV,-14.30,20.85,-35.14,NEGATIVE
2026-09-11 22:00:00,DOR.Flow-In.Ave.15Minutes.3Hours.MIXED-COMPUTED-REV,-49.22,16.20,-65.41,NEGATIVE
2026-09-11 23:00:00,DOR.Flow-In.Ave.15Minutes.3Hours.MIXED-COMPUTED-REV,-65.51,16.15,-81.67,NEGATIVE
2026-09-12 00:00:00,DOR.Flow-In.Ave.15Minutes.3Hours.MIXED-COMPUTED-REV,-0.23,16.01,-16.24,NEGATIVE
2026-09-12 11:00:00,DOR.Flow-In.Ave.15Minutes.3Hours.MIXED-COMPUTED-REV,-0.04,14.09,-14.13,NEGATIVE
2026-09-12 14:00:00,DOR.Flow-In.Ave.15Minutes.3Hours.MIXED-COMPUTED-REV,-62.55,16.41,-78.97,NEGATIVE
2026-09-12 15:00:00,DOR.Flow-In.Ave.15Minutes.3Hours.MIXED-COMPUTED-REV,-44.07,16.41,-60.49,NEGATIVE
2026-09-12 22:00:00,DOR.Flow-In.Ave.15Minutes.3Hours.MIXED-COMPUTED-REV,-30.12,21.01,-51.12,NEGATIVE
2026-09-12 23:00:00,DOR.Flow-In.Ave.15Minutes.3Hours.MIXED-COMPUTED-REV,-16.15,21.14,-37.29,NEGATIVE
2026-09-13 19:00:00,DOR.Flow-In.Ave.15Minutes.3Hours.MIXED-COMPUTED-REV,-2.23,50.30,-52.53,NEGATIVE
2026-09-13 22:00:00,DOR.Flow-In.Ave.15Minutes.3Hours.MIXED-COMPUTED-REV,-11.68,47.89,-59.57,NEGATIVE
2026-09-14 18:00:00,DOR.Flow-In.Ave.15Minutes.3Hours.MIXED-COMPUTED-REV,-45.14,40.66,-85.81,NEGATIVE
2026-09-14 19:00:00,DOR.Flow-In.Ave.15Minutes.3Hours.MIXED-COMPUTED-REV,-68.88,40.40,-109.28,NEGATIVE
2026-09-14 20:00:00,DOR.Flow-In.Ave.15Minutes.3Hours.MIXED-COMPUTED-REV,-14.22,35.74,-49.96,NEGATIVE
2026-09-15 01:00:00,DOR.Flow-In.Ave.15Minutes.3Hours.MIXED-COMPUTED-REV,-4.68,38.19,-42.87,NEGATIVE
2026-09-16 00:00:00,DOR.Flow-In.Ave.15Minutes.3Hours.MIXED-COMPUTED-REV,-41.00,23.54,-64.54,NEGATIVE
2026-09-16 01:00:00,DOR.Flow-In.Ave.15Minutes.3Hours.MIXED-COMPUTED-REV,-88.21,23.54,-111.75,NEGATIVE
2026-09-16 02:00:00,DOR.Flow-In.Ave.15Minutes.3Hours.MIXED-COMPUTED-REV,-29.17,26.83,-55.99,NEGATIVE
2026-09-16 19:00:00,DOR.Flow-In.Ave.15Minutes.3Hours.MIXED-COMPUTED-REV,-58.34,23.94,-82.28,NEGATIVE
2026-09-16 20:00:00,DOR.Flow-In.Ave.15Minutes.3Hours.MIXED-COMPUTED-REV,-74.74,23.17,-97.91,NEGATIVE
2026-09-17 00:00:00,DOR.Flow-In.Ave.15Minutes.3Hours.MIXED-COMPUTED-REV,-7.09,19.44,-26.53,NEGATIVE
2026-09-17 10:00:00,DOR.Flow-In.Ave.15Minutes.3Hours.MIXED-COMPUTED-REV,-50.14,19.44,-69.58,NEGATIVE
2026-09-17 11:00:00,DOR.Flow-In.Ave.15Minutes.3Hours.MIXED-COMPUTED-REV,-19.48,19.44,-38.92,NEGATIVE
2026-09-17 16:00:00,DOR.Flow-In.Ave.15Minutes.3Hours.MIXED-COMPUTED-REV,-19.44,17.50,-36.93,NEGATIVE
2026-09-17 17:00:00,DOR.Flow-In.Ave.15Minutes.3Hours.MIXED-COMPUTED-REV,-10.46,17.50,-27.96,NEGATIVE
2026-09-17 21:00:00,DOR.Flow-In.Ave.15Minutes.3Hours.MIXED-COMPUTED-REV,-8.13,16.19,-24.32,NEGATIVE
2026-09-18 04:00:00,DOR.Flow-In.Ave.15Minutes.3Hours.MIXED-COMPUTED-REV,-0.44,17.50,-17.94,NEGATIVE
2026-09-20 04:00:00,DOR.Flow-In.Ave.15Minutes.3Hours.MIXED-COMPUTED-REV,-9.17,27.64,-36.81,NEGATIVE
2026-09-20 05:00:00,DOR.Flow-In.Ave.15Minutes.3Hours.MIXED-COMPUTED-REV,-35.29,27.64,-62.94,NEGATIVE
2026-09-20 06:00:00,DOR.Flow-In.Ave.15Minutes.3Hours.MIXED-COMPUTED-REV,-15.53,27.64,-43.18,NEGATIVE
2026-09-21 01:00:00,DOR.Flow-In.Ave.15Minutes.3Hours.MIXED-COMPUTED-REV,-18.04,30.51,-48.55,NEGATIVE
2026-09-21 02:00:00,DOR.Flow-In.Ave.15Minutes.3Hours.MIXED-COMPUTED-REV,-70.06,30.51,-100.57,NEGATIVE
2026-09-21 03:00:00,DOR.Flow-In.Ave.15Minutes.3Hours.MIXED-COMPUTED-REV,-22.21,30.51,-52.72,NEGATIVE
2026-09-21 18:00:00,DOR.Flow-In.Ave.15Minutes.3Hours.MIXED-COMPUTED-REV,-20.76,31.05,-51.82,NEGATIVE
2026-09-22 01:00:00,DOR.Flow-In.Ave.15Minutes.3Hours.MIXED-COMPUTED-REV,-19.73,25.78,-45.51,NEGATIVE
2026-09-22 02:00:00,DOR.Flow-In.Ave.15Minutes.3Hours.MIXED-COMPUTED-REV,-16.81,25.78,-42.59,NEGATIVE
2026-09-22 07:00:00,DOR.Flow-In.Ave.15Minutes.3Hours.MIXED-COMPUTED-REV,-51.34,21.36,-72.70,NEGATIVE
2026-09-22 08:00:00,DOR.Flow-In.Ave.15Minutes.3Hours.MIXED-COMPUTED-REV,-11.54,25.78,-37.32,NEGATIVE
2026-09-22 12:00:00,DOR.Flow-In.Ave.15Minutes.3Hours.MIXED-COMPUTED-REV,-2.46,18.53,-20.99,NEGATIVE
2026-09-23 01:00:00,DOR.Flow-In.Ave.15Minutes.3Hours.MIXED-COMPUTED-REV,-0.15,18.30,-18.45,NEGATIVE
2026-09-23 02:00:00,DOR.Flow-In.Ave.15Minutes.3Hours.MIXED-COMPUTED-REV,-24.51,18.53,-43.03,NEGATIVE
2026-09-23 12:00:00,DOR.Flow-In.Ave.15Minutes.3Hours.MIXED-COMPUTED-REV,-10.36,15.70,-26.07,NEGATIVE
2026-09-23 17:00:00,DOR.Flow-In.Ave.15Minutes.3Hours.MIXED-COMPUTED-REV,-3.36,20.32,-23.67,NEGATIVE
2026-09-23 22:00:00,DOR.Flow-In.Ave.15Minutes.3Hours.MIXED-COMPUTED-REV,-10.78,20.70,-31.49,NEGATIVE
2026-09-23 23:00:00,DOR.Flow-In.Ave.15Minutes.3Hours.MIXED-COMPUTED-REV,-7.20,20.70,-27.90,NEGATIVE
2026-09-24 00:00:00,DOR.Flow-In.Ave.15Minutes.3Hours.MIXED-COMPUTED-REV,-0.32,22.39,-22.71,NEGATIVE
2026-09-24 11:00:00,DOR.Flow-In.Ave.15Minutes.3Hours.MIXED-COMPUTED-REV,-33.09,26.91,-60.00,NEGATIVE
2026-09-27 19:00:00,DOR.Flow-In.Ave.15Minutes.3Hours.MIXED-COMPUTED-REV,-2.37,20.45,-22.81,NEGATIVE
2026-09-27 21:00:00,DOR.Flow-In.Ave.15Minutes.3Hours.MIXED-COMPUTED-REV,-5.84,18.79,-24.63,NEGATIVE
2026-09-28 02:00:00,DOR.Flow-In.Ave.15Minutes.3Hours.MIXED-COMPUTED-REV,-2.59,18.29,-20.89,NEGATIVE
2026-09-28 05:00:00,DOR.Flow-In.Ave.15Minutes.3Hours.MIXED-COMPUTED-REV,-1.94,10.98,-12.92,NEGATIVE
2026-09-28 09:00:00,DOR.Flow-In.Ave.15Minutes.3Hours.MIXED-COMPUTED-REV,-53.23,7.36,-60.59,NEGATIVE
2026-09-28 17:00:00,DOR.Flow-In.Ave.15Minutes.3Hours.MIXED-COMPUTED-REV,-15.66,24.46,-40.12,NEGATIVE
2026-09-28 18:00:00,DOR.Flow-In.Ave.15Minutes.3Hours.MIXED-COMPUTED-REV,-13.14,24.46,-37.60,NEGATIVE
2026-09-28 19:00:00,DOR.Flow-In.Ave.15Minutes.3Hours.MIXED-COMPUTED-REV,-1.94,20.43,-22.37,NEGATIVE
2026-09-29 00:00:00,DOR.Flow-In.Ave.15Minutes.3Hours.MIXED-COMPUTED-REV,-4.66,25.07,-29.73,NEGATIVE
2026-09-29 18:00:00,DOR.Flow-In.Ave.15Minutes.3Hours.MIXED-COMPUTED-REV,-33.89,36.35,-70.24,NEGATIVE
2026-09-29 19:00:00,DOR.Flow-In.Ave.15Minutes.3Hours.MIXED-COMPUTED-REV,-24.67,36.87,-61.53,NEGATIVE
2026-09-30 20:00:00,DOR.Flow-In.Ave.15Minutes.3Hours.MIXED-COMPUTED-REV,-28.21,36.38,-64.59,NEGATIVE
2025-10-01 01:00:00,FAL.Flow-In.Ave.15Minutes.3Hours.MIXED-COMPUTED-REV,-2.11,11.98,-14.09,NEGATIVE
2025-10-01 02:00:00,FAL.Flow-In.Ave.15Minutes.3Hours.MIXED-COMPUTED-REV,-10.99,13.44,-24.43,NEGATIVE
2025-10-01 03:00:00,FAL.Flow-In.Ave.15Minutes.3Hours.MIXED-COMPUTED-REV,-0.26,11.98,-12.23,NEGATIVE
2025-10-01 15:00:00,FAL.Flow-In.Ave.15Minutes.3Hours.MIXED-COMPUTED-REV,-5.18,13.44,-18.62,NEGATIVE
2025-10-01 16:00:00,FAL.Flow-In.Ave.15Minutes.3Hours.MIXED-COMPUTED-REV,-8.08,17.25,-25.32,NEGATIVE
2025-10-01 20:00:00,FAL.Flow-In.Ave.15Minutes.3Hours.MIXED-COMPUTED-REV,-0.21,20.67,-20.88,NEGATIVE
2025-10-01 21:00:00,FAL.Flow-In.Ave.15Minutes.3Hours.MIXED-COMPUTED-REV,-13.62,20.83,-34.44,NEGATIVE
2025-10-01 22:00:00,FAL.Flow-In.Ave.15Minutes.3Hours.MIXED-COMPUTED-REV,-12.03,21.00,-33.03,NEGATIVE
2025-10-01 23:00:00,FAL.Flow-In.Ave.15Minutes.3Hours.MIXED-COMPUTED-REV,-7.54,21.00,-28.54,NEGATIVE
2025-10-02 12:00:00,FAL.Flow-In.Ave.15Minutes.3Hours.MIXED-COMPUTED-REV,-16.57,19.40,-35.96,NEGATIVE
2025-10-02 13:00:00,FAL.Flow-In.Ave.15Minutes.3Hours.MIXED-COMPUTED-REV,-6.16,20.83,-26.99,NEGATIVE
2025-10-02 14:00:00,FAL.Flow-In.Ave.15Minutes.3Hours.MIXED-COMPUTED-REV,-1.46,20.83,-22.28,NEGATIVE
2025-10-02 18:00:00,FAL.Flow-In.Ave.15Minutes.3Hours.MIXED-COMPUTED-REV,-12.38,14.85,-27.22,NEGATIVE
2025-10-02 19:00:00,FAL.Flow-In.Ave.15Minutes.3Hours.MIXED-COMPUTED-REV,-10.64,14.85,-25.49,NEGATIVE
2025-10-02 23:00:00,FAL.Flow-In.Ave.15Minutes.3Hours.MIXED-COMPUTED-REV,-21.01,14.27,-35.28,NEGATIVE
2025-10-03 00:00:00,FAL.Flow-In.Ave.15Minutes.3Hours.MIXED-COMPUTED-REV,-21.24,14.27,-35.51,NEGATIVE
2025-10-03 10:00:00,FAL.Flow-In.Ave.15Minutes.3Hours.MIXED-COMPUTED-REV,-14.09,12.70,-26.79,NEGATIVE
2025-10-03 14:00:00,FAL.Flow-In.Ave.15Minutes.3Hours.MIXED-COMPUTED-REV,-3.48,8.68,-12.16,NEGATIVE
2025-10-03 18:00:00,FAL.Flow-In.Ave.15Minutes.3Hours.MIXED-COMPUTED-REV,-10.62,9.54,-20.16,NEGATIVE
2025-10-03 22:00:00,FAL.Flow-In.Ave.15Minutes.3Hours.MIXED-COMPUTED-REV,-4.13,9.54,-13.67,NEGATIVE
2025-10-03 23:00:00,FAL.Flow-In.Ave.15Minutes.3Hours.MIXED-COMPUTED-REV,-14.36,12.70,-27.06,NEGATIVE
2025-10-04 00:00:00,FAL.Flow-In.Ave.15Minutes.3Hours.MIXED-COMPUTED-REV,-21.75,9.54,-31.29,NEGATIVE
2025-10-04 01:00:00,FAL.Flow-In.Ave.15Minutes.3Hours.MIXED-COMPUTED-REV,-14.54,8.29,-22.83,NEGATIVE
2025-10-04 02:00:00,FAL.Flow-In.Ave.15Minutes.3Hours.MIXED-COMPUTED-REV,-4.40,8.29,-12.68,NEGATIVE
2025-10-04 12:00:00,FAL.Flow-In.Ave.15Minutes.3Hours.MIXED-COMPUTED-REV,-3.02,4.29,-7.31,NEGATIVE
2025-10-04 13:00:00,FAL.Flow-In.Ave.15Minutes.3Hours.MIXED-COMPUTED-REV,-10.40,5.86,-16.25,NEGATIVE
2025-10-04 16:00:00,FAL.Flow-In.Ave.15Minutes.3Hours.MIXED-COMPUTED-REV,-5.61,6.29,-11.90,NEGATIVE
2025-10-04 17:00:00,FAL.Flow-In.Ave.15Minutes.3Hours.MIXED-COMPUTED-REV,-20.17,6.29,-26.46,NEGATIVE
2025-10-04 18:00:00,FAL.Flow-In.Ave.15Minutes.3Hours.MIXED-COMPUTED-REV,-4.19,6.29,-10.48,NEGATIVE
2025-10-04 21:00:00,FAL.Flow-In.Ave.15Minutes.3Hours.MIXED-COMPUTED-REV,-7.96,5.86,-13.81,NEGATIVE
2025-10-04 22:00:00,FAL.Flow-In.Ave.15Minutes.3Hours.MIXED-COMPUTED-REV,-9.37,4.29,-13.66,NEGATIVE
2025-10-04 23:00:00,FAL.Flow-In.Ave.15Minutes.3Hours.MIXED-COMPUTED-REV,-22.89,-3.02,-19.87,NEGATIVE
2025-10-05 00:00:00,FAL.Flow-In.Ave.15Minutes.3Hours.MIXED-COMPUTED-REV,-7.17,-3.10,-4.08,NEGATIVE
2025-10-05 04:00:00,FAL.Flow-In.Ave.15Minutes.3Hours.MIXED-COMPUTED-REV,-16.28,2.50,-18.78,NEGATIVE
2025-10-05 09:00:00,FAL.Flow-In.Ave.15Minutes.3Hours.MIXED-COMPUTED-REV,-5.40,-3.37,-2.04,NEGATIVE
2025-10-05 10:00:00,FAL.Flow-In.Ave.15Minutes.3Hours.MIXED-COMPUTED-REV,-3.10,-3.10,0.00,NEGATIVE
2025-10-05 11:00:00,FAL.Flow-In.Ave.15Minutes.3Hours.MIXED-COMPUTED-REV,-6.55,-3.10,-3.45,NEGATIVE
2025-10-05 12:00:00,FAL.Flow-In.Ave.15Minutes.3Hours.MIXED-COMPUTED-REV,-5.07,-3.10,-1.97,NEGATIVE
2025-10-05 17:00:00,FAL.Flow-In.Ave.15Minutes.3Hours.MIXED-COMPUTED-REV,-3.37,-3.10,-0.27,NEGATIVE
2025-10-05 18:00:00,FAL.Flow-In.Ave.15Minutes.3Hours.MIXED-COMPUTED-REV,-14.25,-3.10,-11.15,NEGATIVE
2025-10-05 19:00:00,FAL.Flow-In.Ave.15Minutes.3Hours.MIXED-COMPUTED-REV,-35.03,-3.10,-31.93,NEGATIVE
2025-10-05 20:00:00,FAL.Flow-In.Ave.15Minutes.3Hours.MIXED-COMPUTED-REV,-28.98,-3.10,-25.88,NEGATIVE
2025-10-05 21:00:00,FAL.Flow-In.Ave.15Minutes.3Hours.MIXED-COMPUTED-REV,-12.37,-3.10,-9.27,NEGATIVE
2025-10-05 23:00:00,FAL.Flow-In.Ave.15Minutes.3Hours.MIXED-COMPUTED-REV,-15.85,1.07,-16.93,NEGATIVE
2025-10-06 00:00:00,FAL.Flow-In.Ave.15Minutes.3Hours.MIXED-COMPUTED-REV,-46.26,1.07,-47.33,NEGATIVE
2025-10-06 01:00:00,FAL.Flow-In.Ave.15Minutes.3Hours.MIXED-COMPUTED-REV,-44.72,1.07,-45.79,NEGATIVE
2025-10-06 02:00:00,FAL.Flow-In.Ave.15Minutes.3Hours.MIXED-COMPUTED-REV,-4.09,1.07,-5.16,NEGATIVE
2025-10-06 12:00:00,FAL.Flow-In.Ave.15Minutes.3Hours.MIXED-COMPUTED-REV,-10.39,-4.09,-6.30,NEGATIVE
2025-10-06 13:00:00,FAL.Flow-In.Ave.15Minutes.3Hours.MIXED-COMPUTED-REV,-0.20,-4.09,3.88,NEGATIVE
2025-10-06 16:00:00,FAL.Flow-In.Ave.15Minutes.3Hours.MIXED-COMPUTED-REV,-5.67,-0.20,-5.46,NEGATIVE
2025-10-06 17:00:00,FAL.Flow-In.Ave.15Minutes.3Hours.MIXED-COMPUTED-REV,-27.17,-0.20,-26.96,NEGATIVE
2025-10-06 18:00:00,FAL.Flow-In.Ave.15Minutes.3Hours.MIXED-COMPUTED-REV,-37.14,-0.20,-36.93,NEGATIVE
2025-10-06 19:00:00,FAL.Flow-In.Ave.15Minutes.3Hours.MIXED-COMPUTED-REV,-21.19,-0.20,-20.99,NEGATIVE
2025-10-06 20:00:00,FAL.Flow-In.Ave.15Minutes.3Hours.MIXED-COMPUTED-REV,-19.62,-0.20,-19.42,NEGATIVE
2025-10-06 21:00:00,FAL.Flow-In.Ave.15Minutes.3Hours.MIXED-COMPUTED-REV,-15.14,-0.20,-14.93,NEGATIVE
2025-10-06 22:00:00,FAL.Flow-In.Ave.15Minutes.3Hours.MIXED-COMPUTED-REV,-6.32,-2.33,-3.98,NEGATIVE
2025-10-06 23:00:00,FAL.Flow-In.Ave.15Minutes.3Hours.MIXED-COMPUTED-REV,-7.53,-5.67,-1.87,NEGATIVE
2025-10-07 00:00:00,FAL.Flow-In.Ave.15Minutes.3Hours.MIXED-COMPUTED-REV,-20.33,-6.32,-14.01,NEGATIVE
2025-10-07 01:00:00,FAL.Flow-In.Ave.15Minutes.3Hours.MIXED-COMPUTED-REV,-39.23,-5.67,-33.57,NEGATIVE
2025-10-07 02:00:00,FAL.Flow-In.Ave.15Minutes.3Hours.MIXED-COMPUTED-REV,-15.11,-5.67,-9.44,NEGATIVE
2025-10-07 10:00:00,FAL.Flow-In.Ave.15Minutes.3Hours.MIXED-COMPUTED-REV,-2.33,-7.53,5.20,NEGATIVE
2025-10-07 11:00:00,FAL.Flow-In.Ave.15Minutes.3Hours.MIXED-COMPUTED-REV,-18.62,-10.19,-8.43,NEGATIVE
2025-10-07 12:00:00,FAL.Flow-In.Ave.15Minutes.3Hours.MIXED-COMPUTED-REV,-10.19,-15.11,4.92,NEGATIVE
2025-10-07 15:00:00,FAL.Flow-In.Ave.15Minutes.3Hours.MIXED-COMPUTED-REV,-3.74,-3.74,0.00,NEGATIVE
2025-10-07 16:00:00,FAL.Flow-In.Ave.15Minutes.3Hours.MIXED-COMPUTED-REV,-24.55,-3.74,-20.82,NEGATIVE
2025-10-07 17:00:00,FAL.Flow-In.Ave.15Minutes.3Hours.MIXED-COMPUTED-REV,-24.21,-3.74,-20.48,NEGATIVE
2025-10-07 18:00:00,FAL.Flow-In.Ave.15Minutes.3Hours.MIXED-COMPUTED-REV,-21.27,-3.74,-17.53,NEGATIVE
2025-10-07 19:00:00,FAL.Flow-In.Ave.15Minutes.3Hours.MIXED-COMPUTED-REV,-20.09,-3.74,-16.35,NEGATIVE
2025-10-07 20:00:00,FAL.Flow-In.Ave.15Minutes.3Hours.MIXED-COMPUTED-REV,-40.09,-3.74,-36.35,NEGATIVE
2025-10-07 21:00:00,FAL.Flow-In.Ave.15Minutes.3Hours.MIXED-COMPUTED-REV,-51.51,-3.74,-47.78,NEGATIVE
2025-10-07 22:00:00,FAL.Flow-In.Ave.15Minutes.3Hours.MIXED-COMPUTED-REV,-44.56,-3.74,-40.82,NEGATIVE
2025-10-07 23:00:00,FAL.Flow-In.Ave.15Minutes.3Hours.MIXED-COMPUTED-REV,-31.92,-3.74,-28.18,NEGATIVE
2025-10-08 00:00:00,FAL.Flow-In.Ave.15Minutes.3Hours.MIXED-COMPUTED-REV,-23.45,-3.74,-19.72,NEGATIVE
2025-10-08 01:00:00,FAL.Flow-In.Ave.15Minutes.3Hours.MIXED-COMPUTED-REV,-17.82,-3.74,-14.08,NEGATIVE
2025-10-08 12:00:00,FAL.Flow-In.Ave.15Minutes.3Hours.MIXED-COMPUTED-REV,-12.54,-4.56,-7.98,NEGATIVE
2025-10-08 13:00:00,FAL.Flow-In.Ave.15Minutes.3Hours.MIXED-COMPUTED-REV,-11.02,-4.56,-6.46,NEGATIVE
2025-10-08 14:00:00,FAL.Flow-In.Ave.15Minutes.3Hours.MIXED-COMPUTED-REV,-10.92,-2.63,-8.30,NEGATIVE
2025-10-08 15:00:00,FAL.Flow-In.Ave.15Minutes.3Hours.MIXED-COMPUTED-REV,-7.98,-2.63,-5.35,NEGATIVE
2025-10-08 17:00:00,FAL.Flow-In.Ave.15Minutes.3Hours.MIXED-COMPUTED-REV,-0.72,-4.56,3.83,NEGATIVE
2025-10-08 18:00:00,FAL.Flow-In.Ave.15Minutes.3Hours.MIXED-COMPUTED-REV,-14.75,-4.56,-10.19,NEGATIVE
2025-10-08 19:00:00,FAL.Flow-In.Ave.15Minutes.3Hours.MIXED-COMPUTED-REV,-20.30,-4.67,-15.64,NEGATIVE
2025-10-08 20:00:00,FAL.Flow-In.Ave.15Minutes.3Hours.MIXED-COMPUTED-REV,-4.67,-4.67,0.00,NEGATIVE
2025-10-08 21:00:00,FAL.Flow-In.Ave.15Minutes.3Hours.MIXED-COMPUTED-REV,-4.56,-4.67,0.11,NEGATIVE
2025-10-08 22:00:00,FAL.Flow-In.Ave.15Minutes.3Hours.MIXED-COMPUTED-REV,-18.56,-4.67,-13.89,NEGATIVE
2025-10-08 23:00:00,FAL.Flow-In.Ave.15Minutes.3Hours.MIXED-COMPUTED-REV,-17.05,-4.67,-12.39,NEGATIVE
2025-10-09 00:00:00,FAL.Flow-In.Ave.15Minutes.3Hours.MIXED-COMPUTED-REV,-12.71,-6.55,-6.16,NEGATIVE
2025-10-09 01:00:00,FAL.Flow-In.Ave.15Minutes.3Hours.MIXED-COMPUTED-REV,-6.96,-6.55,-0.40,NEGATIVE
2025-10-09 02:00:00,FAL.Flow-In.Ave.15Minutes.3Hours.MIXED-COMPUTED-REV,-2.63,-6.55,3.93,NEGATIVE
2025-10-09 05:00:00,FAL.Flow-In.Ave.15Minutes.3Hours.MIXED-COMPUTED-REV,-6.55,-6.96,0.40,NEGATIVE
2025-10-09 06:00:00,FAL.Flow-In.Ave.15Minutes.3Hours.MIXED-COMPUTED-REV,-2.25,-8.17,5.93,NEGATIVE
2025-10-09 07:00:00,FAL.Flow-In.Ave.15Minutes.3Hours.MIXED-COMPUTED-REV,-9.19,-8.17,-1.02,NEGATIVE
2025-10-09 12:00:00,FAL.Flow-In.Ave.15Minutes.3Hours.MIXED-COMPUTED-REV,-11.49,-6.96,-4.53,NEGATIVE
2025-10-09 13:00:00,FAL.Flow-In.Ave.15Minutes.3Hours.MIXED-COMPUTED-REV,-21.23,-6.96,-14.27,NEGATIVE
2025-10-09 14:00:00,FAL.Flow-In.Ave.15Minutes.3Hours.MIXED-COMPUTED-REV,-9.91,-7.41,-2.50,NEGATIVE
2025-10-09 15:00:00,FAL.Flow-In.Ave.15Minutes.3Hours.MIXED-COMPUTED-REV,-8.35,-7.41,-0.95,NEGATIVE
2025-10-09 16:00:00,FAL.Flow-In.Ave.15Minutes.3Hours.MIXED-COMPUTED-REV,-8.17,-7.41,-0.77,NEGATIVE
2025-10-09 17:00:00,FAL.Flow-In.Ave.15Minutes.3Hours.MIXED-COMPUTED-REV,-19.18,-7.41,-11.78,NEGATIVE
2025-10-09 18:00:00,FAL.Flow-In.Ave.15Minutes.3Hours.MIXED-COMPUTED-REV,-20.45,-7.41,-13.05,NEGATIVE
2025-10-09 19:00:00,FAL.Flow-In.Ave.15Minutes.3Hours.MIXED-COMPUTED-REV,-9.30,-7.41,-1.89,NEGATIVE
2025-10-09 20:00:00,FAL.Flow-In.Ave.15Minutes.3Hours.MIXED-COMPUTED-REV,-15.04,-4.38,-10.66,NEGATIVE
2025-10-09 22:00:00,FAL.Flow-In.Ave.15Minutes.3Hours.MIXED-COMPUTED-REV,-10.85,-4.38,-6.47,NEGATIVE
2025-10-10 00:00:00,FAL.Flow-In.Ave.15Minutes.3Hours.MIXED-COMPUTED-REV,-3.79,-4.38,0.59,NEGATIVE
2025-10-10 01:00:00,FAL.Flow-In.Ave.15Minutes.3Hours.MIXED-COMPUTED-REV,-7.79,-3.79,-4.00,NEGATIVE
2025-10-10 02:00:00,FAL.Flow-In.Ave.15Minutes.3Hours.MIXED-COMPUTED-REV,-7.41,1.53,-8.94,NEGATIVE
2025-10-10 03:00:00,FAL.Flow-In.Ave.15Minutes.3Hours.MIXED-COMPUTED-REV,-4.38,3.05,-7.43,NEGATIVE
2025-10-17 11:00:00,FAL.Flow-In.Ave.15Minutes.3Hours.MIXED-COMPUTED-REV,-1.68,18.00,-19.68,NEGATIVE
2025-10-18 01:00:00,FAL.Flow-In.Ave.15Minutes.3Hours.MIXED-COMPUTED-REV,-10.64,19.19,-29.83,NEGATIVE
2025-10-18 19:00:00,FAL.Flow-In.Ave.15Minutes.3Hours.MIXED-COMPUTED-REV,-3.83,15.63,-19.46,NEGATIVE
2025-10-18 20:00:00,FAL.Flow-In.Ave.15Minutes.3Hours.MIXED-COMPUTED-REV,-7.69,15.63,-23.33,NEGATIVE
2025-10-19 00:00:00,FAL.Flow-In.Ave.15Minutes.3Hours.MIXED-COMPUTED-REV,-1.65,15.63,-17.28,NEGATIVE
2025-10-19 01:00:00,FAL.Flow-In.Ave.15Minutes.3Hours.MIXED-COMPUTED-REV,-0.64,18.48,-19.13,NEGATIVE
2025-10-20 22:00:00,FAL.Flow-In.Ave.15Minutes.3Hours.MIXED-COMPUTED-REV,-12.70,49.40,-62.11,NEGATIVE
2025-10-21 00:00:00,FAL.Flow-In.Ave.15Minutes.3Hours.MIXED-COMPUTED-REV,-12.42,49.40,-61.82,NEGATIVE
2025-10-22 21:00:00,FAL.Flow-In.Ave.15Minutes.3Hours.MIXED-COMPUTED-REV,-0.02,65.22,-65.24,NEGATIVE
2025-12-06 04:00:00,FAL.Flow-In.Ave.15Minutes.3Hours.MIXED-COMPUTED-REV,1976.40,1352.20,624.20,SPIKE
2025-12-06 05:00:00,FAL.Flow-In.Ave.15Minutes.3Hours.MIXED-COMPUTED-REV,2184.35,1352.20,832.15,SPIKE
2025-12-06 06:00:00,FAL.Flow-In.Ave.15Minutes.3Hours.MIXED-COMPUTED-REV,2265.87,1352.20,913.68,SPIKE
2025-12-06 07:00:00,FAL.Flow-In.Ave.15Minutes.3Hours.MIXED-COMPUTED-REV,2231.06,1352.20,878.86,SPIKE
2025-12-06 08:00:00,FAL.Flow-In.Ave.15Minutes.3Hours.MIXED-COMPUTED-REV,2128.07,1352.20,775.88,SPIKE
2025-12-06 09:00:00,FAL.Flow-In.Ave.15Minutes.3Hours.MIXED-COMPUTED-REV,2000.62,1352.20,648.42,SPIKE
2025-12-06 10:00:00,FAL.Flow-In.Ave.15Minutes.3Hours.MIXED-COMPUTED-REV,1878.85,1352.20,526.65,SPIKE
2025-12-06 11:00:00,FAL.Flow-In.Ave.15Minutes.3Hours.MIXED-COMPUTED-REV,1757.32,1352.20,405.12,SPIKE
2025-12-10 09:00:00,FAL.Flow-In.Ave.15Minutes.3Hours.MIXED-COMPUTED-REV,1940.65,1526.10,414.55,SPIKE
2025-12-10 10:00:00,FAL.Flow-In.Ave.15Minutes.3Hours.MIXED-COMPUTED-REV,1947.58,1526.10,421.49,SPIKE
2025-12-10 11:00:00,FAL.Flow-In.Ave.15Minutes.3Hours.MIXED-COMPUTED-REV,1918.09,1526.10,392.00,SPIKE
2025-12-17 21:00:00,FAL.Flow-In.Ave.15Minutes.3Hours.MIXED-COMPUTED-REV,1316.22,1042.66,273.56,SPIKE
2025-12-19 15:00:00,FAL.Flow-In.Ave.15Minutes.3Hours.MIXED-COMPUTED-REV,8144.75,6457.43,1687.32,SPIKE
2025-12-19 16:00:00,FAL.Flow-In.Ave.15Minutes.3Hours.MIXED-COMPUTED-REV,8430.18,6457.43,1972.75,SPIKE
2025-12-19 17:00:00,FAL.Flow-In.Ave.15Minutes.3Hours.MIXED-COMPUTED-REV,8512.74,6457.43,2055.31,SPIKE
2025-12-19 18:00:00,FAL.Flow-In.Ave.15Minutes.3Hours.MIXED-COMPUTED-REV,8433.17,6457.43,1975.74,SPIKE
2025-12-19 19:00:00,FAL.Flow-In.Ave.15Minutes.3Hours.MIXED-COMPUTED-REV,8222.51,6457.43,1765.08,SPIKE
2026-02-09 11:00:00,FAL.Flow-In.Ave.15Minutes.3Hours.MIXED-COMPUTED-REV,1548.59,1234.77,313.83,SPIKE
2026-02-09 12:00:00,FAL.Flow-In.Ave.15Minutes.3Hours.MIXED-COMPUTED-REV,1589.06,1234.77,354.29,SPIKE
2026-02-09 13:00:00,FAL.Flow-In.Ave.15Minutes.3Hours.MIXED-COMPUTED-REV,1561.30,1234.77,326.53,SPIKE
2026-04-25 02:00:00,FAL.Flow-In.Ave.15Minutes.3Hours.MIXED-COMPUTED-REV,-21.11,613.92,-635.03,"SPIKE,NEGATIVE"
2026-04-25 03:00:00,FAL.Flow-In.Ave.15Minutes.3Hours.MIXED-COMPUTED-REV,-827.62,608.50,-1436.11,"SPIKE,JUMP,NEGATIVE"
2026-04-25 04:00:00,FAL.Flow-In.Ave.15Minutes.3Hours.MIXED-COMPUTED-REV,101.77,602.84,-501.07,SPIKE
2026-04-26 10:00:00,FAL.Flow-In.Ave.15Minutes.3Hours.MIXED-COMPUTED-REV,767.33,468.02,299.31,SPIKE
2026-04-26 11:00:00,FAL.Flow-In.Ave.15Minutes.3Hours.MIXED-COMPUTED-REV,777.61,453.73,323.89,SPIKE
2026-06-17 11:00:00,FAL.Flow-In.Ave.15Minutes.3Hours.MIXED-COMPUTED-REV,-10.01,67.41,-77.43,NEGATIVE
2026-06-17 12:00:00,FAL.Flow-In.Ave.15Minutes.3Hours.MIXED-COMPUTED-REV,-15.53,59.34,-74.88,NEGATIVE
2026-06-17 23:00:00,FAL.Flow-In.Ave.15Minutes.3Hours.MIXED-COMPUTED-REV,-3.93,45.17,-49.10,NEGATIVE
2026-06-21 08:00:00,FAL.Flow-In.Ave.15Minutes.3Hours.MIXED-COMPUTED-REV,-10.35,44.97,-55.32,NEGATIVE
2026-06-22 01:00:00,FAL.Flow-In.Ave.15Minutes.3Hours.MIXED-COMPUTED-REV,-10.76,44.97,-55.73,NEGATIVE
2026-06-22 02:00:00,FAL.Flow-In.Ave.15Minutes.3Hours.MIXED-COMPUTED-REV,-2.27,53.23,-55.50,NEGATIVE
2026-06-23 01:00:00,FAL.Flow-In.Ave.15Minutes.3Hours.MIXED-COMPUTED-REV,-5.22,38.10,-43.32,NEGATIVE
2026-06-23 02:00:00,FAL.Flow-In.Ave.15Minutes.3Hours.MIXED-COMPUTED-REV,-0.18,40.32,-40.50,NEGATIVE
2026-06-23 20:00:00,FAL.Flow-In.Ave.15Minutes.3Hours.MIXED-COMPUTED-REV,-36.53,41.84,-78.37,NEGATIVE
2026-06-23 21:00:00,FAL.Flow-In.Ave.15Minutes.3Hours.MIXED-COMPUTED-REV,-20.21,40.32,-60.53,NEGATIVE
2026-06-24 20:00:00,FAL.Flow-In.Ave.15Minutes.3Hours.MIXED-COMPUTED-REV,-9.25,32.37,-41.62,NEGATIVE
2026-06-24 21:00:00,FAL.Flow-In.Ave.15Minutes.3Hours.MIXED-COMPUTED-REV,-3.49,32.83,-36.32,NEGATIVE
2026-06-26 03:00:00,FAL.Flow-In.Ave.15Minutes.3Hours.MIXED-COMPUTED-REV,-0.81,62.86,-63.67,NEGATIVE
2026-06-26 04:00:00,FAL.Flow-In.Ave.15Minutes.3Hours.MIXED-COMPUTED-REV,-5.82,80.99,-86.82,NEGATIVE
2026-06-26 05:00:00,FAL.Flow-In.Ave.15Minutes.3Hours.MIXED-COMPUTED-REV,-0.14,80.99,-81.13,NEGATIVE
2026-07-06 00:00:00,FAL.Flow-In.Ave.15Minutes.3Hours.MIXED-COMPUTED-REV,-26.77,61.91,-88.67,NEGATIVE
2026-07-07 09:00:00,FAL.Flow-In.Ave.15Minutes.3Hours.MIXED-COMPUTED-REV,-9.31,56.27,-65.58,NEGATIVE
2026-07-07 23:00:00,FAL.Flow-In.Ave.15Minutes.3Hours.MIXED-COMPUTED-REV,-2.38,51.65,-54.03,NEGATIVE
2026-07-08 09:00:00,FAL.Flow-In.Ave.15Minutes.3Hours.MIXED-COMPUTED-REV,-1.40,41.27,-42.66,NEGATIVE
2026-07-10 12:00:00,FAL.Flow-In.Ave.15Minutes.3Hours.MIXED-COMPUTED-REV,-2.42,37.75,-40.17,NEGATIVE
2026-07-11 01:00:00,FAL.Flow-In.Ave.15Minutes.3Hours.MIXED-COMPUTED-REV,-17.96,24.77,-42.72,NEGATIVE
2026-07-11 02:00:00,FAL.Flow-In.Ave.15Minutes.3Hours.MIXED-COMPUTED-REV,-4.80,24.77,-29.57,NEGATIVE
2026-07-11 08:00:00,FAL.Flow-In.Ave.15Minutes.3Hours.MIXED-COMPUTED-REV,-15.96,24.77,-40.72,NEGATIVE
2026-07-11 09:00:00,FAL.Flow-In.Ave.15Minutes.3Hours.MIXED-COMPUTED-REV,-15.46,24.77,-40.23,NEGATIVE
2026-07-12 00:00:00,FAL.Flow-In.Ave.15Minutes.3Hours.MIXED-COMPUTED-REV,-25.16,28.23,-53.39,NEGATIVE
2026-07-12 01:00:00,FAL.Flow-In.Ave.15Minutes.3Hours.MIXED-COMPUTED-REV,-6.85,28.23,-35.08,NEGATIVE
2026-07-13 00:00:00,FAL.Flow-In.Ave.15Minutes.3Hours.MIXED-COMPUTED-REV,-16.87,24.84,-41.71,NEGATIVE
2026-07-13 01:00:00,FAL.Flow-In.Ave.15Minutes.3Hours.MIXED-COMPUTED-REV,-11.66,25.36,-37.02,NEGATIVE
2026-07-13 02:00:00,FAL.Flow-In.Ave.15Minutes.3Hours.MIXED-COMPUTED-REV,-3.86,30.09,-33.95,NEGATIVE
2026-07-14 02:00:00,FAL.Flow-In.Ave.15Minutes.3Hours.MIXED-COMPUTED-REV,-11.65,31.59,-43.24,NEGATIVE
2026-07-14 03:00:00,FAL.Flow-In.Ave.15Minutes.3Hours.MIXED-COMPUTED-REV,-11.63,31.59,-43.22,NEGATIVE
2026-07-14 19:00:00,FAL.Flow-In.Ave.15Minutes.3Hours.MIXED-COMPUTED-REV,-2.82,34.56,-37.38,NEGATIVE
2026-07-15 01:00:00,FAL.Flow-In.Ave.15Minutes.3Hours.MIXED-COMPUTED-REV,-3.11,30.03,-33.14,NEGATIVE
2026-07-15 12:00:00,FAL.Flow-In.Ave.15Minutes.3Hours.MIXED-COMPUTED-REV,-13.04,30.03,-43.07,NEGATIVE
2026-07-16 00:00:00,FAL.Flow-In.Ave.15Minutes.3Hours.MIXED-COMPUTED-REV,-36.64,21.69,-58.33,NEGATIVE
2026-07-16 01:00:00,FAL.Flow-In.Ave.15Minutes.3Hours.MIXED-COMPUTED-REV,-20.85,21.69,-42.54,NEGATIVE
2026-07-16 02:00:00,FAL.Flow-In.Ave.15Minutes.3Hours.MIXED-COMPUTED-REV,-5.24,21.69,-26.93,NEGATIVE
2026-07-16 09:00:00,FAL.Flow-In.Ave.15Minutes.3Hours.MIXED-COMPUTED-REV,-9.51,26.51,-36.01,NEGATIVE
2026-07-16 14:00:00,FAL.Flow-In.Ave.15Minutes.3Hours.MIXED-COMPUTED-REV,-10.66,21.69,-32.35,NEGATIVE
2026-07-17 00:00:00,FAL.Flow-In.Ave.15Minutes.3Hours.MIXED-COMPUTED-REV,-14.82,19.65,-34.47,NEGATIVE
2026-07-17 01:00:00,FAL.Flow-In.Ave.15Minutes.3Hours.MIXED-COMPUTED-REV,-25.34,14.27,-39.61,NEGATIVE
2026-07-17 13:00:00,FAL.Flow-In.Ave.15Minutes.3Hours.MIXED-COMPUTED-REV,-11.89,19.76,-31.65,NEGATIVE
2026-07-18 01:00:00,FAL.Flow-In.Ave.15Minutes.3Hours.MIXED-COMPUTED-REV,-1.07,27.36,-28.43,NEGATIVE
2026-07-18 10:00:00,FAL.Flow-In.Ave.15Minutes.3Hours.MIXED-COMPUTED-REV,-6.64,21.39,-28.03,NEGATIVE
2026-07-19 01:00:00,FAL.Flow-In.Ave.15Minutes.3Hours.MIXED-COMPUTED-REV,-13.46,21.39,-34.86,NEGATIVE
2026-07-19 02:00:00,FAL.Flow-In.Ave.15Minutes.3Hours.MIXED-COMPUTED-REV,-23.88,20.60,-44.48,NEGATIVE
2026-07-19 03:00:00,FAL.Flow-In.Ave.15Minutes.3Hours.MIXED-COMPUTED-REV,-0.36,19.23,-19.59,NEGATIVE
2026-07-19 08:00:00,FAL.Flow-In.Ave.15Minutes.3Hours.MIXED-COMPUTED-REV,-17.63,20.60,-38.23,NEGATIVE
2026-07-19 09:00:00,FAL.Flow-In.Ave.15Minutes.3Hours.MIXED-COMPUTED-REV,-38.13,23.14,-61.27,NEGATIVE
2026-07-19 14:00:00,FAL.Flow-In.Ave.15Minutes.3Hours.MIXED-COMPUTED-REV,-25.97,19.23,-45.20,NEGATIVE
2026-07-20 00:00:00,FAL.Flow-In.Ave.15Minutes.3Hours.MIXED-COMPUTED-REV,-2.52,26.17,-28.69,NEGATIVE
2026-07-20 01:00:00,FAL.Flow-In.Ave.15Minutes.3Hours.MIXED-COMPUTED-REV,-2.61,26.17,-28.78,NEGATIVE
2026-07-20 08:00:00,FAL.Flow-In.Ave.15Minutes.3Hours.MIXED-COMPUTED-REV,-4.90,26.42,-31.32,NEGATIVE
2026-07-20 22:00:00,FAL.Flow-In.Ave.15Minutes.3Hours.MIXED-COMPUTED-REV,-20.01,29.61,-49.62,NEGATIVE
2026-07-20 23:00:00,FAL.Flow-In.Ave.15Minutes.3Hours.MIXED-COMPUTED-REV,-1.93,29.61,-31.54,NEGATIVE
2026-07-21 18:00:00,FAL.Flow-In.Ave.15Minutes.3Hours.MIXED-COMPUTED-REV,-14.27,34.53,-48.80,NEGATIVE
2026-07-23 00:00:00,FAL.Flow-In.Ave.15Minutes.3Hours.MIXED-COMPUTED-REV,-9.24,19.61,-28.85,NEGATIVE
2026-07-23 01:00:00,FAL.Flow-In.Ave.15Minutes.3Hours.MIXED-COMPUTED-REV,-33.15,19.52,-52.67,NEGATIVE
2026-07-23 07:00:00,FAL.Flow-In.Ave.15Minutes.3Hours.MIXED-COMPUTED-REV,-10.66,19.61,-30.27,NEGATIVE
2026-07-23 08:00:00,FAL.Flow-In.Ave.15Minutes.3Hours.MIXED-COMPUTED-REV,-8.08,19.61,-27.70,NEGATIVE
2026-07-23 23:00:00,FAL.Flow-In.Ave.15Minutes.3Hours.MIXED-COMPUTED-REV,-0.19,20.55,-20.74,NEGATIVE
2026-07-24 00:00:00,FAL.Flow-In.Ave.15Minutes.3Hours.MIXED-COMPUTED-REV,-21.30,20.55,-41.85,NEGATIVE
2026-07-24 01:00:00,FAL.Flow-In.Ave.15Minutes.3Hours.MIXED-COMPUTED-REV,-19.18,20.55,-39.72,NEGATIVE
2026-07-24 11:00:00,FAL.Flow-In.Ave.15Minutes.3Hours.MIXED-COMPUTED-REV,-12.24,8.34,-20.57,NEGATIVE
2026-07-24 13:00:00,FAL.Flow-In.Ave.15Minutes.3Hours.MIXED-COMPUTED-REV,-1.85,9.60,-11.44,NEGATIVE
2026-07-24 23:00:00,FAL.Flow-In.Ave.15Minutes.3Hours.MIXED-COMPUTED-REV,-9.94,8.34,-18.28,NEGATIVE
2026-07-25 00:00:00,FAL.Flow-In.Ave.15Minutes.3Hours.MIXED-COMPUTED-REV,-5.30,9.60,-14.90,NEGATIVE
2026-07-25 09:00:00,FAL.Flow-In.Ave.15Minutes.3Hours.MIXED-COMPUTED-REV,-29.55,16.73,-46.27,NEGATIVE
2026-07-25 10:00:00,FAL.Flow-In.Ave.15Minutes.3Hours.MIXED-COMPUTED-REV,-27.00,16.73,-43.73,NEGATIVE
2026-07-25 11:00:00,FAL.Flow-In.Ave.15Minutes.3Hours.MIXED-COMPUTED-REV,-9.06,16.73,-25.79,NEGATIVE
2026-07-25 23:00:00,FAL.Flow-In.Ave.15Minutes.3Hours.MIXED-COMPUTED-REV,-22.89,14.71,-37.59,NEGATIVE
2026-07-26 00:00:00,FAL.Flow-In.Ave.15Minutes.3Hours.MIXED-COMPUTED-REV,-18.20,16.35,-34.54,NEGATIVE
2026-07-26 01:00:00,FAL.Flow-In.Ave.15Minutes.3Hours.MIXED-COMPUTED-REV,-5.56,14.71,-20.27,NEGATIVE
2026-07-26 02:00:00,FAL.Flow-In.Ave.15Minutes.3Hours.MIXED-COMPUTED-REV,-5.41,13.58,-18.98,NEGATIVE
2026-07-26 03:00:00,FAL.Flow-In.Ave.15Minutes.3Hours.MIXED-COMPUTED-REV,-2.71,13.58,-16.29,NEGATIVE
2026-07-26 09:00:00,FAL.Flow-In.Ave.15Minutes.3Hours.MIXED-COMPUTED-REV,-5.69,13.58,-19.26,NEGATIVE
2026-07-26 10:00:00,FAL.Flow-In.Ave.15Minutes.3Hours.MIXED-COMPUTED-REV,-0.54,13.58,-14.12,NEGATIVE
2026-07-26 11:00:00,FAL.Flow-In.Ave.15Minutes.3Hours.MIXED-COMPUTED-REV,-5.73,12.71,-18.45,NEGATIVE
2026-07-26 23:00:00,FAL.Flow-In.Ave.15Minutes.3Hours.MIXED-COMPUTED-REV,-1.14,10.66,-11.80,NEGATIVE
2026-07-27 00:00:00,FAL.Flow-In.Ave.15Minutes.3Hours.MIXED-COMPUTED-REV,-29.91,10.66,-40.57,NEGATIVE
2026-07-27 01:00:00,FAL.Flow-In.Ave.15Minutes.3Hours.MIXED-COMPUTED-REV,-32.78,7.84,-40.62,NEGATIVE
2026-07-27 02:00:00,FAL.Flow-In.Ave.15Minutes.3Hours.MIXED-COMPUTED-REV,-22.85,10.66,-33.51,NEGATIVE
2026-07-27 09:00:00,FAL.Flow-In.Ave.15Minutes.3Hours.MIXED-COMPUTED-REV,-5.04,7.84,-12.88,NEGATIVE
2026-07-27 10:00:00,FAL.Flow-In.Ave.15Minutes.3Hours.MIXED-COMPUTED-REV,-22.77,7.20,-29.97,NEGATIVE
2026-07-27 11:00:00,FAL.Flow-In.Ave.15Minutes.3Hours.MIXED-COMPUTED-REV,-15.07,6.08,-21.15,NEGATIVE
2026-07-27 12:00:00,FAL.Flow-In.Ave.15Minutes.3Hours.MIXED-COMPUTED-REV,-2.32,6.08,-8.40,NEGATIVE
2026-07-27 23:00:00,FAL.Flow-In.Ave.15Minutes.3Hours.MIXED-COMPUTED-REV,-2.52,7.76,-10.28,NEGATIVE
2026-07-28 00:00:00,FAL.Flow-In.Ave.15Minutes.3Hours.MIXED-COMPUTED-REV,-23.17,7.84,-31.02,NEGATIVE
2026-07-28 01:00:00,FAL.Flow-In.Ave.15Minutes.3Hours.MIXED-COMPUTED-REV,-8.00,7.84,-15.84,NEGATIVE
2026-07-28 02:00:00,FAL.Flow-In.Ave.15Minutes.3Hours.MIXED-COMPUTED-REV,-8.06,8.20,-16.26,NEGATIVE
2026-07-28 09:00:00,FAL.Flow-In.Ave.15Minutes.3Hours.MIXED-COMPUTED-REV,-14.68,10.41,-25.09,NEGATIVE
2026-07-28 10:00:00,FAL.Flow-In.Ave.15Minutes.3Hours.MIXED-COMPUTED-REV,-7.05,10.41,-17.46,NEGATIVE
2026-07-28 13:00:00,FAL.Flow-In.Ave.15Minutes.3Hours.MIXED-COMPUTED-REV,-11.96,10.41,-22.37,NEGATIVE
2026-07-28 22:00:00,FAL.Flow-In.Ave.15Minutes.3Hours.MIXED-COMPUTED-REV,-8.34,9.04,-17.38,NEGATIVE
2026-07-28 23:00:00,FAL.Flow-In.Ave.15Minutes.3Hours.MIXED-COMPUTED-REV,-6.42,9.04,-15.46,NEGATIVE
2026-07-29 00:00:00,FAL.Flow-In.Ave.15Minutes.3Hours.MIXED-COMPUTED-REV,-24.85,9.04,-33.90,NEGATIVE
2026-07-29 01:00:00,FAL.Flow-In.Ave.15Minutes.3Hours.MIXED-COMPUTED-REV,-27.58,9.04,-36.62,NEGATIVE
2026-07-29 02:00:00,FAL.Flow-In.Ave.15Minutes.3Hours.MIXED-COMPUTED-REV,-24.85,9.04,-33.89,NEGATIVE
2026-07-29 09:00:00,FAL.Flow-In.Ave.15Minutes.3Hours.MIXED-COMPUTED-REV,-3.98,9.01,-12.99,NEGATIVE
2026-07-29 11:00:00,FAL.Flow-In.Ave.15Minutes.3Hours.MIXED-COMPUTED-REV,-6.11,6.51,-12.62,NEGATIVE
2026-07-29 14:00:00,FAL.Flow-In.Ave.15Minutes.3Hours.MIXED-COMPUTED-REV,-0.91,6.51,-7.41,NEGATIVE
2026-07-29 15:00:00,FAL.Flow-In.Ave.15Minutes.3Hours.MIXED-COMPUTED-REV,-0.83,6.51,-7.33,NEGATIVE
2026-07-29 22:00:00,FAL.Flow-In.Ave.15Minutes.3Hours.MIXED-COMPUTED-REV,-22.77,1.60,-24.37,NEGATIVE
2026-07-29 23:00:00,FAL.Flow-In.Ave.15Minutes.3Hours.MIXED-COMPUTED-REV,-2.47,1.49,-3.96,NEGATIVE
2026-07-30 00:00:00,FAL.Flow-In.Ave.15Minutes.3Hours.MIXED-COMPUTED-REV,-15.47,1.60,-17.07,NEGATIVE
2026-07-30 01:00:00,FAL.Flow-In.Ave.15Minutes.3Hours.MIXED-COMPUTED-REV,-0.76,1.60,-2.36,NEGATIVE
2026-07-30 02:00:00,FAL.Flow-In.Ave.15Minutes.3Hours.MIXED-COMPUTED-REV,-6.24,3.93,-10.17,NEGATIVE
2026-07-30 05:00:00,FAL.Flow-In.Ave.15Minutes.3Hours.MIXED-COMPUTED-REV,-3.04,16.23,-19.28,NEGATIVE
2026-07-30 06:00:00,FAL.Flow-In.Ave.15Minutes.3Hours.MIXED-COMPUTED-REV,-17.34,16.23,-33.57,NEGATIVE
2026-07-30 10:00:00,FAL.Flow-In.Ave.15Minutes.3Hours.MIXED-COMPUTED-REV,-20.66,3.93,-24.59,NEGATIVE
2026-07-30 11:00:00,FAL.Flow-In.Ave.15Minutes.3Hours.MIXED-COMPUTED-REV,-7.89,7.07,-14.96,NEGATIVE
2026-07-30 20:00:00,FAL.Flow-In.Ave.15Minutes.3Hours.MIXED-COMPUTED-REV,-27.52,19.92,-47.44,NEGATIVE
2026-07-30 21:00:00,FAL.Flow-In.Ave.15Minutes.3Hours.MIXED-COMPUTED-REV,-5.21,12.77,-17.97,NEGATIVE
2026-07-31 01:00:00,FAL.Flow-In.Ave.15Minutes.3Hours.MIXED-COMPUTED-REV,-2.76,12.77,-15.53,NEGATIVE
2026-07-31 02:00:00,FAL.Flow-In.Ave.15Minutes.3Hours.MIXED-COMPUTED-REV,-17.84,12.34,-30.18,NEGATIVE
2026-07-31 08:00:00,FAL.Flow-In.Ave.15Minutes.3Hours.MIXED-COMPUTED-REV,-0.11,12.34,-12.45,NEGATIVE
2026-07-31 13:00:00,FAL.Flow-In.Ave.15Minutes.3Hours.MIXED-COMPUTED-REV,-26.03,12.77,-38.79,NEGATIVE
2026-07-31 14:00:00,FAL.Flow-In.Ave.15Minutes.3Hours.MIXED-COMPUTED-REV,-24.37,12.77,-37.13,NEGATIVE
2026-07-31 19:00:00,FAL.Flow-In.Ave.15Minutes.3Hours.MIXED-COMPUTED-REV,-12.10,12.77,-24.87,NEGATIVE
2026-08-01 00:00:00,FAL.Flow-In.Ave.15Minutes.3Hours.MIXED-COMPUTED-REV,-12.26,5.48,-17.73,NEGATIVE
2026-08-01 01:00:00,FAL.Flow-In.Ave.15Minutes.3Hours.MIXED-COMPUTED-REV,-29.80,3.78,-33.58,NEGATIVE
2026-08-01 02:00:00,FAL.Flow-In.Ave.15Minutes.3Hours.MIXED-COMPUTED-REV,-17.21,5.48,-22.69,NEGATIVE
2026-08-01 03:00:00,FAL.Flow-In.Ave.15Minutes.3Hours.MIXED-COMPUTED-REV,-4.62,10.70,-15.32,NEGATIVE
2026-08-01 09:00:00,FAL.Flow-In.Ave.15Minutes.3Hours.MIXED-COMPUTED-REV,-6.10,10.70,-16.79,NEGATIVE
2026-08-01 10:00:00,FAL.Flow-In.Ave.15Minutes.3Hours.MIXED-COMPUTED-REV,-3.34,9.70,-13.03,NEGATIVE
2026-08-01 11:00:00,FAL.Flow-In.Ave.15Minutes.3Hours.MIXED-COMPUTED-REV,-5.67,5.48,-11.15,NEGATIVE
2026-08-01 12:00:00,FAL.Flow-In.Ave.15Minutes.3Hours.MIXED-COMPUTED-REV,-5.57,5.48,-11.04,NEGATIVE
2026-08-01 13:00:00,FAL.Flow-In.Ave.15Minutes.3Hours.MIXED-COMPUTED-REV,-0.41,9.70,-10.11,NEGATIVE
2026-08-01 22:00:00,FAL.Flow-In.Ave.15Minutes.3Hours.MIXED-COMPUTED-REV,-10.82,2.11,-12.93,NEGATIVE
2026-08-01 23:00:00,FAL.Flow-In.Ave.15Minutes.3Hours.MIXED-COMPUTED-REV,-1.39,2.11,-3.50,NEGATIVE
2026-08-02 03:00:00,FAL.Flow-In.Ave.15Minutes.3Hours.MIXED-COMPUTED-REV,-16.61,8.42,-25.03,NEGATIVE
2026-08-02 04:00:00,FAL.Flow-In.Ave.15Minutes.3Hours.MIXED-COMPUTED-REV,-4.09,8.42,-12.50,NEGATIVE
2026-08-02 07:00:00,FAL.Flow-In.Ave.15Minutes.3Hours.MIXED-COMPUTED-REV,-26.17,8.42,-34.59,NEGATIVE
2026-08-02 08:00:00,FAL.Flow-In.Ave.15Minutes.3Hours.MIXED-COMPUTED-REV,-20.80,2.11,-22.92,NEGATIVE
2026-08-02 10:00:00,FAL.Flow-In.Ave.15Minutes.3Hours.MIXED-COMPUTED-REV,-2.39,1.71,-4.10,NEGATIVE
2026-08-02 11:00:00,FAL.Flow-In.Ave.15Minutes.3Hours.MIXED-COMPUTED-REV,-12.11,1.71,-13.82,NEGATIVE
2026-08-02 12:00:00,FAL.Flow-In.Ave.15Minutes.3Hours.MIXED-COMPUTED-REV,-17.35,1.71,-19.06,NEGATIVE
2026-08-02 13:00:00,FAL.Flow-In.Ave.15Minutes.3Hours.MIXED-COMPUTED-REV,-5.23,1.01,-6.25,NEGATIVE
2026-08-02 21:00:00,FAL.Flow-In.Ave.15Minutes.3Hours.MIXED-COMPUTED-REV,-0.67,-0.67,0.00,NEGATIVE
2026-08-02 23:00:00,FAL.Flow-In.Ave.15Minutes.3Hours.MIXED-COMPUTED-REV,-5.51,-0.15,-5.36,NEGATIVE
2026-08-03 00:00:00,FAL.Flow-In.Ave.15Minutes.3Hours.MIXED-COMPUTED-REV,-8.06,1.71,-9.77,NEGATIVE
2026-08-03 01:00:00,FAL.Flow-In.Ave.15Minutes.3Hours.MIXED-COMPUTED-REV,-38.09,1.71,-39.80,NEGATIVE
2026-08-03 02:00:00,FAL.Flow-In.Ave.15Minutes.3Hours.MIXED-COMPUTED-REV,-23.07,2.31,-25.38,NEGATIVE
2026-08-03 03:00:00,FAL.Flow-In.Ave.15Minutes.3Hours.MIXED-COMPUTED-REV,-15.50,2.31,-17.81,NEGATIVE
2026-08-03 07:00:00,FAL.Flow-In.Ave.15Minutes.3Hours.MIXED-COMPUTED-REV,-2.78,1.71,-4.49,NEGATIVE
2026-08-03 08:00:00,FAL.Flow-In.Ave.15Minutes.3Hours.MIXED-COMPUTED-REV,-20.17,1.71,-21.88,NEGATIVE
2026-08-03 09:00:00,FAL.Flow-In.Ave.15Minutes.3Hours.MIXED-COMPUTED-REV,-12.64,2.31,-14.95,NEGATIVE
2026-08-03 10:00:00,FAL.Flow-In.Ave.15Minutes.3Hours.MIXED-COMPUTED-REV,-0.15,4.43,-4.58,NEGATIVE
2026-08-03 13:00:00,FAL.Flow-In.Ave.15Minutes.3Hours.MIXED-COMPUTED-REV,-15.14,2.31,-17.45,NEGATIVE
2026-08-03 18:00:00,FAL.Flow-In.Ave.15Minutes.3Hours.MIXED-COMPUTED-REV,-0.01,10.09,-10.10,NEGATIVE
2026-08-03 23:00:00,FAL.Flow-In.Ave.15Minutes.3Hours.MIXED-COMPUTED-REV,-2.42,12.46,-14.89,NEGATIVE
2026-08-04 00:00:00,FAL.Flow-In.Ave.15Minutes.3Hours.MIXED-COMPUTED-REV,-17.28,10.09,-27.37,NEGATIVE
2026-08-04 01:00:00,FAL.Flow-In.Ave.15Minutes.3Hours.MIXED-COMPUTED-REV,-27.10,10.09,-37.19,NEGATIVE
2026-08-04 02:00:00,FAL.Flow-In.Ave.15Minutes.3Hours.MIXED-COMPUTED-REV,-14.48,10.65,-25.13,NEGATIVE
2026-08-04 10:00:00,FAL.Flow-In.Ave.15Minutes.3Hours.MIXED-COMPUTED-REV,-9.12,10.09,-19.20,NEGATIVE
2026-08-04 11:00:00,FAL.Flow-In.Ave.15Minutes.3Hours.MIXED-COMPUTED-REV,-9.16,8.48,-17.64,NEGATIVE
2026-08-04 13:00:00,FAL.Flow-In.Ave.15Minutes.3Hours.MIXED-COMPUTED-REV,-1.78,8.48,-10.26,NEGATIVE
2026-08-04 20:00:00,FAL.Flow-In.Ave.15Minutes.3Hours.MIXED-COMPUTED-REV,-8.94,8.37,-17.32,NEGATIVE
2026-08-04 21:00:00,FAL.Flow-In.Ave.15Minutes.3Hours.MIXED-COMPUTED-REV,-11.39,3.44,-14.83,NEGATIVE
2026-08-05 01:00:00,FAL.Flow-In.Ave.15Minutes.3Hours.MIXED-COMPUTED-REV,-8.99,8.37,-17.37,NEGATIVE
2026-08-05 02:00:00,FAL.Flow-In.Ave.15Minutes.3Hours.MIXED-COMPUTED-REV,-4.00,8.48,-12.48,NEGATIVE
2026-08-05 07:00:00,FAL.Flow-In.Ave.15Minutes.3Hours.MIXED-COMPUTED-REV,-0.94,8.37,-9.32,NEGATIVE
2026-08-05 08:00:00,FAL.Flow-In.Ave.15Minutes.3Hours.MIXED-COMPUTED-REV,-5.84,6.82,-12.66,NEGATIVE
2026-08-05 09:00:00,FAL.Flow-In.Ave.15Minutes.3Hours.MIXED-COMPUTED-REV,-3.33,8.48,-11.81,NEGATIVE
2026-08-05 11:00:00,FAL.Flow-In.Ave.15Minutes.3Hours.MIXED-COMPUTED-REV,-15.38,8.48,-23.86,NEGATIVE
2026-08-05 12:00:00,FAL.Flow-In.Ave.15Minutes.3Hours.MIXED-COMPUTED-REV,-12.84,6.82,-19.66,NEGATIVE
2026-08-05 19:00:00,FAL.Flow-In.Ave.15Minutes.3Hours.MIXED-COMPUTED-REV,-12.96,6.82,-19.78,NEGATIVE
2026-08-05 23:00:00,FAL.Flow-In.Ave.15Minutes.3Hours.MIXED-COMPUTED-REV,-8.39,9.58,-17.98,NEGATIVE
2026-08-06 00:00:00,FAL.Flow-In.Ave.15Minutes.3Hours.MIXED-COMPUTED-REV,-20.63,9.58,-30.21,NEGATIVE
2026-08-06 01:00:00,FAL.Flow-In.Ave.15Minutes.3Hours.MIXED-COMPUTED-REV,-8.28,9.58,-17.86,NEGATIVE
2026-08-06 02:00:00,FAL.Flow-In.Ave.15Minutes.3Hours.MIXED-COMPUTED-REV,-20.78,8.89,-29.67,NEGATIVE
2026-08-06 07:00:00,FAL.Flow-In.Ave.15Minutes.3Hours.MIXED-COMPUTED-REV,-0.31,7.68,-8.00,NEGATIVE
2026-08-06 09:00:00,FAL.Flow-In.Ave.15Minutes.3Hours.MIXED-COMPUTED-REV,-15.01,8.89,-23.90,NEGATIVE
2026-08-06 10:00:00,FAL.Flow-In.Ave.15Minutes.3Hours.MIXED-COMPUTED-REV,-5.11,7.68,-12.79,NEGATIVE
2026-08-06 20:00:00,FAL.Flow-In.Ave.15Minutes.3Hours.MIXED-COMPUTED-REV,-11.08,10.52,-21.60,NEGATIVE
2026-08-06 23:00:00,FAL.Flow-In.Ave.15Minutes.3Hours.MIXED-COMPUTED-REV,-1.49,10.52,-12.01,NEGATIVE
2026-08-07 00:00:00,FAL.Flow-In.Ave.15Minutes.3Hours.MIXED-COMPUTED-REV,-9.17,7.68,-16.85,NEGATIVE
2026-08-07 03:00:00,FAL.Flow-In.Ave.15Minutes.3Hours.MIXED-COMPUTED-REV,-11.20,11.20,-22.40,NEGATIVE
2026-08-07 10:00:00,FAL.Flow-In.Ave.15Minutes.3Hours.MIXED-COMPUTED-REV,-22.76,11.20,-33.96,NEGATIVE
2026-08-07 11:00:00,FAL.Flow-In.Ave.15Minutes.3Hours.MIXED-COMPUTED-REV,-20.25,11.20,-31.45,NEGATIVE
2026-08-07 22:00:00,FAL.Flow-In.Ave.15Minutes.3Hours.MIXED-COMPUTED-REV,-10.10,10.79,-20.89,NEGATIVE
2026-08-07 23:00:00,FAL.Flow-In.Ave.15Minutes.3Hours.MIXED-COMPUTED-REV,-25.15,10.79,-35.93,NEGATIVE
2026-08-08 00:00:00,FAL.Flow-In.Ave.15Minutes.3Hours.MIXED-COMPUTED-REV,-3.62,10.79,-14.41,NEGATIVE
2026-08-08 03:00:00,FAL.Flow-In.Ave.15Minutes.3Hours.MIXED-COMPUTED-REV,-3.34,13.07,-16.41,NEGATIVE
2026-08-08 08:00:00,FAL.Flow-In.Ave.15Minutes.3Hours.MIXED-COMPUTED-REV,-7.16,17.49,-24.65,NEGATIVE
2026-08-08 09:00:00,FAL.Flow-In.Ave.15Minutes.3Hours.MIXED-COMPUTED-REV,-21.76,17.49,-39.25,NEGATIVE
2026-08-08 10:00:00,FAL.Flow-In.Ave.15Minutes.3Hours.MIXED-COMPUTED-REV,-19.25,13.07,-32.32,NEGATIVE
2026-08-08 11:00:00,FAL.Flow-In.Ave.15Minutes.3Hours.MIXED-COMPUTED-REV,-21.64,13.07,-34.71,NEGATIVE
2026-08-08 12:00:00,FAL.Flow-In.Ave.15Minutes.3Hours.MIXED-COMPUTED-REV,-9.39,13.07,-22.45,NEGATIVE
2026-08-08 21:00:00,FAL.Flow-In.Ave.15Minutes.3Hours.MIXED-COMPUTED-REV,-2.13,9.44,-11.57,NEGATIVE
2026-08-08 22:00:00,FAL.Flow-In.Ave.15Minutes.3Hours.MIXED-COMPUTED-REV,-4.84,9.44,-14.28,NEGATIVE
2026-08-09 02:00:00,FAL.Flow-In.Ave.15Minutes.3Hours.MIXED-COMPUTED-REV,-2.59,9.44,-12.03,NEGATIVE
2026-08-09 03:00:00,FAL.Flow-In.Ave.15Minutes.3Hours.MIXED-COMPUTED-REV,-14.33,9.44,-23.77,NEGATIVE
2026-08-09 09:00:00,FAL.Flow-In.Ave.15Minutes.3Hours.MIXED-COMPUTED-REV,-8.53,2.33,-10.86,NEGATIVE
2026-08-09 10:00:00,FAL.Flow-In.Ave.15Minutes.3Hours.MIXED-COMPUTED-REV,-23.06,4.52,-27.58,NEGATIVE
2026-08-09 11:00:00,FAL.Flow-In.Ave.15Minutes.3Hours.MIXED-COMPUTED-REV,-35.15,4.52,-39.67,NEGATIVE
2026-08-09 12:00:00,FAL.Flow-In.Ave.15Minutes.3Hours.MIXED-COMPUTED-REV,-37.53,4.52,-42.06,NEGATIVE
2026-08-09 13:00:00,FAL.Flow-In.Ave.15Minutes.3Hours.MIXED-COMPUTED-REV,-10.79,0.60,-11.40,NEGATIVE
2026-08-09 19:00:00,FAL.Flow-In.Ave.15Minutes.3Hours.MIXED-COMPUTED-REV,-30.21,9.76,-39.97,NEGATIVE
2026-08-09 20:00:00,FAL.Flow-In.Ave.15Minutes.3Hours.MIXED-COMPUTED-REV,-6.19,9.38,-15.58,NEGATIVE
2026-08-09 23:00:00,FAL.Flow-In.Ave.15Minutes.3Hours.MIXED-COMPUTED-REV,-2.50,-0.36,-2.15,NEGATIVE
2026-08-10 00:00:00,FAL.Flow-In.Ave.15Minutes.3Hours.MIXED-COMPUTED-REV,-24.47,-0.36,-24.11,NEGATIVE
2026-08-10 01:00:00,FAL.Flow-In.Ave.15Minutes.3Hours.MIXED-COMPUTED-REV,-29.47,-0.36,-29.11,NEGATIVE
2026-08-10 02:00:00,FAL.Flow-In.Ave.15Minutes.3Hours.MIXED-COMPUTED-REV,-0.36,9.38,-9.74,NEGATIVE
2026-08-10 08:00:00,FAL.Flow-In.Ave.15Minutes.3Hours.MIXED-COMPUTED-REV,-2.68,9.38,-12.07,NEGATIVE
2026-08-10 09:00:00,FAL.Flow-In.Ave.15Minutes.3Hours.MIXED-COMPUTED-REV,-5.05,9.38,-14.44,NEGATIVE
2026-08-10 10:00:00,FAL.Flow-In.Ave.15Minutes.3Hours.MIXED-COMPUTED-REV,-14.68,-0.36,-14.32,NEGATIVE
2026-08-10 11:00:00,FAL.Flow-In.Ave.15Minutes.3Hours.MIXED-COMPUTED-REV,-34.05,-0.82,-33.24,NEGATIVE
2026-08-10 12:00:00,FAL.Flow-In.Ave.15Minutes.3Hours.MIXED-COMPUTED-REV,-26.92,-0.82,-26.10,NEGATIVE
2026-08-10 13:00:00,FAL.Flow-In.Ave.15Minutes.3Hours.MIXED-COMPUTED-REV,-5.13,-0.82,-4.31,NEGATIVE
2026-08-10 20:00:00,FAL.Flow-In.Ave.15Minutes.3Hours.MIXED-COMPUTED-REV,-0.82,-5.05,4.24,NEGATIVE
2026-08-10 21:00:00,FAL.Flow-In.Ave.15Minutes.3Hours.MIXED-COMPUTED-REV,-8.69,-5.13,-3.56,NEGATIVE
2026-08-10 22:00:00,FAL.Flow-In.Ave.15Minutes.3Hours.MIXED-COMPUTED-REV,-11.87,-5.13,-6.74,NEGATIVE
2026-08-10 23:00:00,FAL.Flow-In.Ave.15Minutes.3Hours.MIXED-COMPUTED-REV,-17.14,-0.82,-16.32,NEGATIVE
2026-08-11 00:00:00,FAL.Flow-In.Ave.15Minutes.3Hours.MIXED-COMPUTED-REV,-24.29,5.37,-29.65,NEGATIVE
2026-08-11 01:00:00,FAL.Flow-In.Ave.15Minutes.3Hours.MIXED-COMPUTED-REV,-23.58,5.37,-28.94,NEGATIVE
2026-08-11 02:00:00,FAL.Flow-In.Ave.15Minutes.3Hours.MIXED-COMPUTED-REV,-22.78,7.38,-30.16,NEGATIVE
2026-08-11 03:00:00,FAL.Flow-In.Ave.15Minutes.3Hours.MIXED-COMPUTED-REV,-27.18,7.38,-34.57,NEGATIVE
2026-08-11 08:00:00,FAL.Flow-In.Ave.15Minutes.3Hours.MIXED-COMPUTED-REV,-11.76,7.38,-19.14,NEGATIVE
2026-08-11 09:00:00,FAL.Flow-In.Ave.15Minutes.3Hours.MIXED-COMPUTED-REV,-9.26,7.38,-16.64,NEGATIVE
2026-08-11 22:00:00,FAL.Flow-In.Ave.15Minutes.3Hours.MIXED-COMPUTED-REV,-11.87,6.48,-18.35,NEGATIVE
2026-08-11 23:00:00,FAL.Flow-In.Ave.15Minutes.3Hours.MIXED-COMPUTED-REV,-16.48,6.48,-22.96,NEGATIVE
2026-08-12 02:00:00,FAL.Flow-In.Ave.15Minutes.3Hours.MIXED-COMPUTED-REV,-8.40,5.69,-14.09,NEGATIVE
2026-08-12 03:00:00,FAL.Flow-In.Ave.15Minutes.3Hours.MIXED-COMPUTED-REV,-0.97,5.69,-6.66,NEGATIVE
2026-08-12 13:00:00,FAL.Flow-In.Ave.15Minutes.3Hours.MIXED-COMPUTED-REV,-8.85,4.69,-13.54,NEGATIVE
2026-08-12 20:00:00,FAL.Flow-In.Ave.15Minutes.3Hours.MIXED-COMPUTED-REV,-11.83,4.69,-16.52,NEGATIVE
2026-08-12 21:00:00,FAL.Flow-In.Ave.15Minutes.3Hours.MIXED-COMPUTED-REV,-2.31,4.69,-7.00,NEGATIVE
2026-08-13 00:00:00,FAL.Flow-In.Ave.15Minutes.3Hours.MIXED-COMPUTED-REV,-7.27,6.05,-13.31,NEGATIVE
2026-08-13 01:00:00,FAL.Flow-In.Ave.15Minutes.3Hours.MIXED-COMPUTED-REV,-28.75,6.05,-34.80,NEGATIVE
2026-08-13 02:00:00,FAL.Flow-In.Ave.15Minutes.3Hours.MIXED-COMPUTED-REV,-31.06,6.05,-37.10,NEGATIVE
2026-08-13 05:00:00,FAL.Flow-In.Ave.15Minutes.3Hours.MIXED-COMPUTED-REV,-3.71,5.64,-9.35,NEGATIVE
2026-08-13 10:00:00,FAL.Flow-In.Ave.15Minutes.3Hours.MIXED-COMPUTED-REV,-5.54,5.64,-11.18,NEGATIVE
2026-08-13 14:00:00,FAL.Flow-In.Ave.15Minutes.3Hours.MIXED-COMPUTED-REV,-3.12,4.03,-7.15,NEGATIVE
2026-08-13 15:00:00,FAL.Flow-In.Ave.15Minutes.3Hours.MIXED-COMPUTED-REV,-3.53,4.03,-7.56,NEGATIVE
2026-08-13 19:00:00,FAL.Flow-In.Ave.15Minutes.3Hours.MIXED-COMPUTED-REV,881.19,4.35,876.83,"SPIKE,JUMP"
2026-08-13 21:00:00,FAL.Flow-In.Ave.15Minutes.3Hours.MIXED-COMPUTED-REV,-163.24,2.05,-165.29,NEGATIVE
2026-08-13 22:00:00,FAL.Flow-In.Ave.15Minutes.3Hours.MIXED-COMPUTED-REV,-793.53,2.05,-795.58,"SPIKE,JUMP,NEGATIVE"
2026-08-13 23:00:00,FAL.Flow-In.Ave.15Minutes.3Hours.MIXED-COMPUTED-REV,-192.33,4.35,-196.69,NEGATIVE
2026-08-14 00:00:00,FAL.Flow-In.Ave.15Minutes.3Hours.MIXED-COMPUTED-REV,-18.96,2.05,-21.01,NEGATIVE
2026-08-14 01:00:00,FAL.Flow-In.Ave.15Minutes.3Hours.MIXED-COMPUTED-REV,-16.68,-3.12,-13.56,NEGATIVE
2026-08-14 02:00:00,FAL.Flow-In.Ave.15Minutes.3Hours.MIXED-COMPUTED-REV,-4.66,-3.12,-1.54,NEGATIVE
2026-08-14 03:00:00,FAL.Flow-In.Ave.15Minutes.3Hours.MIXED-COMPUTED-REV,-4.41,2.05,-6.45,NEGATIVE
2026-08-14 04:00:00,FAL.Flow-In.Ave.15Minutes.3Hours.MIXED-COMPUTED-REV,-8.69,2.12,-10.80,NEGATIVE
2026-08-14 08:00:00,FAL.Flow-In.Ave.15Minutes.3Hours.MIXED-COMPUTED-REV,-19.55,2.12,-21.66,NEGATIVE
2026-08-14 12:00:00,FAL.Flow-In.Ave.15Minutes.3Hours.MIXED-COMPUTED-REV,-23.49,8.03,-31.53,NEGATIVE
2026-08-14 13:00:00,FAL.Flow-In.Ave.15Minutes.3Hours.MIXED-COMPUTED-REV,-18.78,8.03,-26.81,NEGATIVE
2026-08-15 02:00:00,FAL.Flow-In.Ave.15Minutes.3Hours.MIXED-COMPUTED-REV,-9.29,8.03,-17.33,NEGATIVE
2026-08-15 03:00:00,FAL.Flow-In.Ave.15Minutes.3Hours.MIXED-COMPUTED-REV,-6.89,8.03,-14.92,NEGATIVE
2026-08-15 04:00:00,FAL.Flow-In.Ave.15Minutes.3Hours.MIXED-COMPUTED-REV,-9.14,8.03,-17.18,NEGATIVE
2026-08-15 05:00:00,FAL.Flow-In.Ave.15Minutes.3Hours.MIXED-COMPUTED-REV,-8.79,3.76,-12.54,NEGATIVE
2026-08-15 06:00:00,FAL.Flow-In.Ave.15Minutes.3Hours.MIXED-COMPUTED-REV,-13.18,3.76,-16.94,NEGATIVE
2026-08-15 07:00:00,FAL.Flow-In.Ave.15Minutes.3Hours.MIXED-COMPUTED-REV,-2.99,3.76,-6.74,NEGATIVE
2026-08-15 11:00:00,FAL.Flow-In.Ave.15Minutes.3Hours.MIXED-COMPUTED-REV,-13.60,3.76,-17.36,NEGATIVE
2026-08-15 16:00:00,FAL.Flow-In.Ave.15Minutes.3Hours.MIXED-COMPUTED-REV,-6.07,3.85,-9.92,NEGATIVE
2026-08-16 03:00:00,FAL.Flow-In.Ave.15Minutes.3Hours.MIXED-COMPUTED-REV,-8.21,4.30,-12.51,NEGATIVE
2026-08-16 09:00:00,FAL.Flow-In.Ave.15Minutes.3Hours.MIXED-COMPUTED-REV,-3.75,5.67,-9.43,NEGATIVE
2026-08-16 10:00:00,FAL.Flow-In.Ave.15Minutes.3Hours.MIXED-COMPUTED-REV,-1.26,5.43,-6.70,NEGATIVE
2026-08-16 11:00:00,FAL.Flow-In.Ave.15Minutes.3Hours.MIXED-COMPUTED-REV,-22.28,5.43,-27.71,NEGATIVE
2026-08-16 12:00:00,FAL.Flow-In.Ave.15Minutes.3Hours.MIXED-COMPUTED-REV,-3.80,5.43,-9.24,NEGATIVE
2026-08-16 22:00:00,FAL.Flow-In.Ave.15Minutes.3Hours.MIXED-COMPUTED-REV,-4.92,5.00,-9.92,NEGATIVE
2026-08-17 06:00:00,FAL.Flow-In.Ave.15Minutes.3Hours.MIXED-COMPUTED-REV,-7.30,9.78,-17.08,NEGATIVE
2026-08-17 07:00:00,FAL.Flow-In.Ave.15Minutes.3Hours.MIXED-COMPUTED-REV,-9.32,9.78,-19.10,NEGATIVE
2026-08-17 10:00:00,FAL.Flow-In.Ave.15Minutes.3Hours.MIXED-COMPUTED-REV,-6.38,11.45,-17.83,NEGATIVE
2026-08-17 11:00:00,FAL.Flow-In.Ave.15Minutes.3Hours.MIXED-COMPUTED-REV,-18.12,11.50,-29.62,NEGATIVE
2026-08-17 12:00:00,FAL.Flow-In.Ave.15Minutes.3Hours.MIXED-COMPUTED-REV,-6.39,11.50,-17.89,NEGATIVE
2026-08-17 14:00:00,FAL.Flow-In.Ave.15Minutes.3Hours.MIXED-COMPUTED-REV,-6.70,11.50,-18.20,NEGATIVE
2026-08-22 07:00:00,FAL.Flow-In.Ave.15Minutes.3Hours.MIXED-COMPUTED-REV,-7.04,35.53,-42.57,NEGATIVE
2026-08-22 08:00:00,FAL.Flow-In.Ave.15Minutes.3Hours.MIXED-COMPUTED-REV,-17.88,35.53,-53.41,NEGATIVE
2026-08-22 09:00:00,FAL.Flow-In.Ave.15Minutes.3Hours.MIXED-COMPUTED-REV,-3.97,36.90,-40.87,NEGATIVE
2026-08-23 01:00:00,FAL.Flow-In.Ave.15Minutes.3Hours.MIXED-COMPUTED-REV,-17.37,35.53,-52.90,NEGATIVE
2026-08-24 13:00:00,FAL.Flow-In.Ave.15Minutes.3Hours.MIXED-COMPUTED-REV,-2.87,26.82,-29.69,NEGATIVE
2026-08-25 11:00:00,FAL.Flow-In.Ave.15Minutes.3Hours.MIXED-COMPUTED-REV,-2.71,28.76,-31.46,NEGATIVE
2026-08-25 23:00:00,FAL.Flow-In.Ave.15Minutes.3Hours.MIXED-COMPUTED-REV,-10.78,19.81,-30.60,NEGATIVE
2026-08-26 00:00:00,FAL.Flow-In.Ave.15Minutes.3Hours.MIXED-COMPUTED-REV,-6.43,19.81,-26.24,NEGATIVE
2026-08-27 02:00:00,FAL.Flow-In.Ave.15Minutes.3Hours.MIXED-COMPUTED-REV,-17.88,23.33,-41.21,NEGATIVE
2026-08-27 03:00:00,FAL.Flow-In.Ave.15Minutes.3Hours.MIXED-COMPUTED-REV,-14.97,23.62,-38.59,NEGATIVE
2026-08-30 02:00:00,FAL.Flow-In.Ave.15Minutes.3Hours.MIXED-COMPUTED-REV,-1.14,18.93,-20.07,NEGATIVE
2026-08-30 10:00:00,FAL.Flow-In.Ave.15Minutes.3Hours.MIXED-COMPUTED-REV,-0.66,18.93,-19.59,NEGATIVE
2026-08-31 01:00:00,FAL.Flow-In.Ave.15Minutes.3Hours.MIXED-COMPUTED-REV,-2.36,20.45,-22.80,NEGATIVE
2026-08-31 02:00:00,FAL.Flow-In.Ave.15Minutes.3Hours.MIXED-COMPUTED-REV,-2.02,20.45,-22.47,NEGATIVE
2026-08-31 12:00:00,FAL.Flow-In.Ave.15Minutes.3Hours.MIXED-COMPUTED-REV,-10.85,17.08,-27.93,NEGATIVE
2026-08-31 13:00:00,FAL.Flow-In.Ave.15Minutes.3Hours.MIXED-COMPUTED-REV,-4.31,17.08,-21.40,NEGATIVE
2026-09-01 06:00:00,FAL.Flow-In.Ave.15Minutes.3Hours.MIXED-COMPUTED-REV,-0.73,19.39,-20.12,NEGATIVE
2026-09-02 02:00:00,FAL.Flow-In.Ave.15Minutes.3Hours.MIXED-COMPUTED-REV,-0.17,24.63,-24.80,NEGATIVE
2026-09-17 09:00:00,FAL.Flow-In.Ave.15Minutes.3Hours.MIXED-COMPUTED-REV,-5.04,23.28,-28.32,NEGATIVE
2026-09-17 10:00:00,FAL.Flow-In.Ave.15Minutes.3Hours.MIXED-COMPUTED-REV,-0.01,20.71,-20.72,NEGATIVE
2026-09-17 16:00:00,FAL.Flow-In.Ave.15Minutes.3Hours.MIXED-COMPUTED-REV,-0.32,20.71,-21.04,NEGATIVE
2026-09-17 17:00:00,FAL.Flow-In.Ave.15Minutes.3Hours.MIXED-COMPUTED-REV,-0.45,20.71,-21.17,NEGATIVE
2026-09-18 04:00:00,FAL.Flow-In.Ave.15Minutes.3Hours.MIXED-COMPUTED-REV,-12.94,21.53,-34.47,NEGATIVE
2026-09-18 05:00:00,FAL.Flow-In.Ave.15Minutes.3Hours.MIXED-COMPUTED-REV,-15.55,21.70,-37.25,NEGATIVE
2026-09-18 06:00:00,FAL.Flow-In.Ave.15Minutes.3Hours.MIXED-COMPUTED-REV,-4.77,21.74,-26.51,NEGATIVE
2026-09-18 09:00:00,FAL.Flow-In.Ave.15Minutes.3Hours.MIXED-COMPUTED-REV,-8.89,21.74,-30.63,NEGATIVE
2026-09-19 05:00:00,FAL.Flow-In.Ave.15Minutes.3Hours.MIXED-COMPUTED-REV,-2.64,19.42,-22.05,NEGATIVE
2026-09-19 09:00:00,FAL.Flow-In.Ave.15Minutes.3Hours.MIXED-COMPUTED-REV,-1.50,19.42,-20.91,NEGATIVE
2026-09-20 05:00:00,FAL.Flow-In.Ave.15Minutes.3Hours.MIXED-COMPUTED-REV,-13.21,19.42,-32.64,NEGATIVE
2026-09-21 04:00:00,FAL.Flow-In.Ave.15Minutes.3Hours.MIXED-COMPUTED-REV,-0.52,16.29,-16.81,NEGATIVE
2026-09-21 05:00:00,FAL.Flow-In.Ave.15Minutes.3Hours.MIXED-COMPUTED-REV,-6.78,16.29,-23.07,NEGATIVE
2026-09-21 06:00:00,FAL.Flow-In.Ave.15Minutes.3Hours.MIXED-COMPUTED-REV,-14.74,16.29,-31.03,NEGATIVE
2026-09-21 07:00:00,FAL.Flow-In.Ave.15Minutes.3Hours.MIXED-COMPUTED-REV,-8.05,16.29,-24.34,NEGATIVE
2026-09-21 14:00:00,FAL.Flow-In.Ave.15Minutes.3Hours.MIXED-COMPUTED-REV,-3.42,19.41,-22.84,NEGATIVE
2026-09-22 13:00:00,FAL.Flow-In.Ave.15Minutes.3Hours.MIXED-COMPUTED-REV,-7.27,15.60,-22.87,NEGATIVE
2026-09-23 07:00:00,FAL.Flow-In.Ave.15Minutes.3Hours.MIXED-COMPUTED-REV,-9.41,16.74,-26.16,NEGATIVE
2026-09-23 08:00:00,FAL.Flow-In.Ave.15Minutes.3Hours.MIXED-COMPUTED-REV,-9.40,16.74,-26.14,NEGATIVE
2026-09-23 09:00:00,FAL.Flow-In.Ave.15Minutes.3Hours.MIXED-COMPUTED-REV,-12.62,15.86,-28.47,NEGATIVE
2026-09-23 22:00:00,FAL.Flow-In.Ave.15Minutes.3Hours.MIXED-COMPUTED-REV,-2.26,12.61,-14.88,NEGATIVE
2026-09-23 23:00:00,FAL.Flow-In.Ave.15Minutes.3Hours.MIXED-COMPUTED-REV,-2.64,12.61,-15.25,NEGATIVE
2026-09-24 07:00:00,FAL.Flow-In.Ave.15Minutes.3Hours.MIXED-COMPUTED-REV,-1.09,11.65,-12.74,NEGATIVE
2026-09-24 09:00:00,FAL.Flow-In.Ave.15Minutes.3Hours.MIXED-COMPUTED-REV,-2.67,11.65,-14.32,NEGATIVE
2026-09-24 14:00:00,FAL.Flow-In.Ave.15Minutes.3Hours.MIXED-COMPUTED-REV,-9.00,12.22,-21.22,NEGATIVE
2026-09-25 03:00:00,FAL.Flow-In.Ave.15Minutes.3Hours.MIXED-COMPUTED-REV,-2.10,21.61,-23.70,NEGATIVE
2026-09-25 04:00:00,FAL.Flow-In.Ave.15Minutes.3Hours.MIXED-COMPUTED-REV,-8.48,27.89,-36.37,NEGATIVE
2026-09-25 11:00:00,FAL.Flow-In.Ave.15Minutes.3Hours.MIXED-COMPUTED-REV,-0.69,28.45,-29.14,NEGATIVE
2026-09-29 05:00:00,FAL.Flow-In.Ave.15Minutes.3Hours.MIXED-COMPUTED-REV,-9.88,15.42,-25.31,NEGATIVE
2026-09-29 06:00:00,FAL.Flow-In.Ave.15Minutes.3Hours.MIXED-COMPUTED-REV,-3.42,15.42,-18.84,NEGATIVE
2026-09-30 03:00:00,FAL.Flow-In.Ave.15Minutes.3Hours.MIXED-COMPUTED-REV,-0.01,17.43,-17.45,NEGATIVE
2026-09-30 07:00:00,FAL.Flow-In.Ave.15Minutes.3Hours.MIXED-COMPUTED-REV,-2.50,17.43,-19.93,NEGATIVE
2025-10-16 18:00:00,FOS.Flow-In.Ave.15Minutes.3Hours.MIXED-COMPUTED-REV,648.22,1214.39,-566.17,SPIKE
2025-10-16 19:00:00,FOS.Flow-In.Ave.15Minutes.3Hours.MIXED-COMPUTED-REV,386.77,1214.39,-827.62,SPIKE
2025-10-16 20:00:00,FOS.Flow-In.Ave.15Minutes.3Hours.MIXED-COMPUTED-REV,270.35,1214.39,-944.04,SPIKE
2025-10-16 21:00:00,FOS.Flow-In.Ave.15Minutes.3Hours.MIXED-COMPUTED-REV,247.72,1214.39,-966.67,SPIKE
2025-10-16 22:00:00,FOS.Flow-In.Ave.15Minutes.3Hours.MIXED-COMPUTED-REV,255.58,1214.09,-958.52,SPIKE
2025-10-16 23:00:00,FOS.Flow-In.Ave.15Minutes.3Hours.MIXED-COMPUTED-REV,408.50,1208.81,-800.31,SPIKE
2025-10-17 00:00:00,FOS.Flow-In.Ave.15Minutes.3Hours.MIXED-COMPUTED-REV,716.66,1197.72,-481.06,SPIKE
2025-10-17 18:00:00,FOS.Flow-In.Ave.15Minutes.3Hours.MIXED-COMPUTED-REV,582.22,1215.03,-632.81,SPIKE
2025-10-17 19:00:00,FOS.Flow-In.Ave.15Minutes.3Hours.MIXED-COMPUTED-REV,288.33,1212.01,-923.67,SPIKE
2025-10-17 20:00:00,FOS.Flow-In.Ave.15Minutes.3Hours.MIXED-COMPUTED-REV,279.24,1209.32,-930.08,SPIKE
2025-10-17 21:00:00,FOS.Flow-In.Ave.15Minutes.3Hours.MIXED-COMPUTED-REV,594.39,1208.81,-614.42,SPIKE
2025-10-22 18:00:00,FOS.Flow-In.Ave.15Minutes.3Hours.MIXED-COMPUTED-REV,667.73,1199.27,-531.54,SPIKE
2025-10-22 19:00:00,FOS.Flow-In.Ave.15Minutes.3Hours.MIXED-COMPUTED-REV,324.88,1199.27,-874.39,SPIKE
2025-10-22 20:00:00,FOS.Flow-In.Ave.15Minutes.3Hours.MIXED-COMPUTED-REV,125.03,1210.89,-1085.86,SPIKE
2025-10-22 21:00:00,FOS.Flow-In.Ave.15Minutes.3Hours.MIXED-COMPUTED-REV,71.44,1210.89,-1139.45,SPIKE
2025-10-22 22:00:00,FOS.Flow-In.Ave.15Minutes.3Hours.MIXED-COMPUTED-REV,128.50,1210.89,-1082.39,SPIKE
2025-10-22 23:00:00,FOS.Flow-In.Ave.15Minutes.3Hours.MIXED-COMPUTED-REV,246.13,1210.89,-964.76,SPIKE
2025-10-23 00:00:00,FOS.Flow-In.Ave.15Minutes.3Hours.MIXED-COMPUTED-REV,318.23,1210.89,-892.66,SPIKE
2025-10-23 01:00:00,FOS.Flow-In.Ave.15Minutes.3Hours.MIXED-COMPUTED-REV,394.54,1210.89,-816.35,SPIKE
2025-10-23 02:00:00,FOS.Flow-In.Ave.15Minutes.3Hours.MIXED-COMPUTED-REV,634.58,1210.89,-576.32,SPIKE
2025-10-28 22:00:00,FOS.Flow-In.Ave.15Minutes.3Hours.MIXED-COMPUTED-REV,1593.86,3023.82,-1429.95,SPIKE
2025-10-28 23:00:00,FOS.Flow-In.Ave.15Minutes.3Hours.MIXED-COMPUTED-REV,1193.15,3026.44,-1833.29,SPIKE
2025-10-29 00:00:00,FOS.Flow-In.Ave.15Minutes.3Hours.MIXED-COMPUTED-REV,1621.40,3030.68,-1409.28,SPIKE
2025-10-30 22:00:00,FOS.Flow-In.Ave.15Minutes.3Hours.MIXED-COMPUTED-REV,1942.40,2994.12,-1051.71,SPIKE
2025-10-30 23:00:00,FOS.Flow-In.Ave.15Minutes.3Hours.MIXED-COMPUTED-REV,1913.55,2990.26,-1076.71,SPIKE
2025-12-06 05:00:00,FOS.Flow-In.Ave.15Minutes.3Hours.MIXED-COMPUTED-REV,7784.50,6122.72,1661.78,SPIKE
2025-12-06 06:00:00,FOS.Flow-In.Ave.15Minutes.3Hours.MIXED-COMPUTED-REV,7934.09,6122.72,1811.37,SPIKE
2025-12-06 07:00:00,FOS.Flow-In.Ave.15Minutes.3Hours.MIXED-COMPUTED-REV,7736.13,6122.72,1613.41,SPIKE
2025-12-17 17:00:00,FOS.Flow-In.Ave.15Minutes.3Hours.MIXED-COMPUTED-REV,4017.23,3068.73,948.49,SPIKE
2025-12-17 18:00:00,FOS.Flow-In.Ave.15Minutes.3Hours.MIXED-COMPUTED-REV,4408.17,3068.73,1339.44,SPIKE
2025-12-17 19:00:00,FOS.Flow-In.Ave.15Minutes.3Hours.MIXED-COMPUTED-REV,4608.48,3068.73,1539.75,SPIKE
2025-12-17 20:00:00,FOS.Flow-In.Ave.15Minutes.3Hours.MIXED-COMPUTED-REV,4701.32,3068.73,1632.58,SPIKE
2025-12-19 12:00:00,FOS.Flow-In.Ave.15Minutes.3Hours.MIXED-COMPUTED-REV,15886.98,12256.84,3630.14,SPIKE
2025-12-19 13:00:00,FOS.Flow-In.Ave.15Minutes.3Hours.MIXED-COMPUTED-REV,16995.98,12256.84,4739.15,SPIKE
2025-12-19 14:00:00,FOS.Flow-In.Ave.15Minutes.3Hours.MIXED-COMPUTED-REV,17774.05,12256.84,5517.22,SPIKE
2025-12-19 15:00:00,FOS.Flow-In.Ave.15Minutes.3Hours.MIXED-COMPUTED-REV,17791.34,12256.84,5534.50,SPIKE
2025-12-19 16:00:00,FOS.Flow-In.Ave.15Minutes.3Hours.MIXED-COMPUTED-REV,17228.50,12256.84,4971.67,SPIKE
2025-12-19 17:00:00,FOS.Flow-In.Ave.15Minutes.3Hours.MIXED-COMPUTED-REV,16133.25,12256.84,3876.42,SPIKE
2026-01-12 20:00:00,FOS.Flow-In.Ave.15Minutes.3Hours.MIXED-COMPUTED-REV,2690.32,3598.49,-908.16,SPIKE
2026-01-13 09:00:00,FOS.Flow-In.Ave.15Minutes.3Hours.MIXED-COMPUTED-REV,2097.93,3273.35,-1175.42,SPIKE
2026-01-13 10:00:00,FOS.Flow-In.Ave.15Minutes.3Hours.MIXED-COMPUTED-REV,1544.51,3288.92,-1744.41,SPIKE
2026-01-13 11:00:00,FOS.Flow-In.Ave.15Minutes.3Hours.MIXED-COMPUTED-REV,1337.57,3285.76,-1948.19,SPIKE
2026-01-13 12:00:00,FOS.Flow-In.Ave.15Minutes.3Hours.MIXED-COMPUTED-REV,1356.15,3273.35,-1917.20,SPIKE
2026-01-13 13:00:00,FOS.Flow-In.Ave.15Minutes.3Hours.MIXED-COMPUTED-REV,1397.46,3254.16,-1856.70,SPIKE
2026-01-13 14:00:00,FOS.Flow-In.Ave.15Minutes.3Hours.MIXED-COMPUTED-REV,1553.00,3252.04,-1699.04,SPIKE
2026-01-13 15:00:00,FOS.Flow-In.Ave.15Minutes.3Hours.MIXED-COMPUTED-REV,1998.75,3244.43,-1245.68,SPIKE
2026-01-14 08:00:00,FOS.Flow-In.Ave.15Minutes.3Hours.MIXED-COMPUTED-REV,2017.43,3089.15,-1071.71,SPIKE
2026-01-14 09:00:00,FOS.Flow-In.Ave.15Minutes.3Hours.MIXED-COMPUTED-REV,1456.02,3089.15,-1633.13,SPIKE
2026-01-14 10:00:00,FOS.Flow-In.Ave.15Minutes.3Hours.MIXED-COMPUTED-REV,1247.85,3089.15,-1841.29,SPIKE
2026-01-14 11:00:00,FOS.Flow-In.Ave.15Minutes.3Hours.MIXED-COMPUTED-REV,1246.31,3089.15,-1842.83,SPIKE
2026-01-14 12:00:00,FOS.Flow-In.Ave.15Minutes.3Hours.MIXED-COMPUTED-REV,1249.37,3089.15,-1839.77,SPIKE
2026-01-14 13:00:00,FOS.Flow-In.Ave.15Minutes.3Hours.MIXED-COMPUTED-REV,1240.00,3089.15,-1849.15,SPIKE
2026-01-14 14:00:00,FOS.Flow-In.Ave.15Minutes.3Hours.MIXED-COMPUTED-REV,1335.81,3089.15,-1753.34,SPIKE
2026-01-14 15:00:00,FOS.Flow-In.Ave.15Minutes.3Hours.MIXED-COMPUTED-REV,1777.10,3089.15,-1312.04,SPIKE
2026-01-15 08:00:00,FOS.Flow-In.Ave.15Minutes.3Hours.MIXED-COMPUTED-REV,1936.11,2975.88,-1039.77,SPIKE
2026-01-15 09:00:00,FOS.Flow-In.Ave.15Minutes.3Hours.MIXED-COMPUTED-REV,1416.94,2975.88,-1558.94,SPIKE
2026-01-15 10:00:00,FOS.Flow-In.Ave.15Minutes.3Hours.MIXED-COMPUTED-REV,1169.57,2975.88,-1806.31,SPIKE
2026-01-15 11:00:00,FOS.Flow-In.Ave.15Minutes.3Hours.MIXED-COMPUTED-REV,1109.87,2975.88,-1866.01,SPIKE
2026-01-15 12:00:00,FOS.Flow-In.Ave.15Minutes.3Hours.MIXED-COMPUTED-REV,1119.45,2975.88,-1856.43,SPIKE
2026-01-15 13:00:00,FOS.Flow-In.Ave.15Minutes.3Hours.MIXED-COMPUTED-REV,1147.02,2975.88,-1828.86,SPIKE
2026-01-15 14:00:00,FOS.Flow-In.Ave.15Minutes.3Hours.MIXED-COMPUTED-REV,1217.66,2975.88,-1758.22,SPIKE
2026-01-15 15:00:00,FOS.Flow-In.Ave.15Minutes.3Hours.MIXED-COMPUTED-REV,1607.01,2975.88,-1368.87,SPIKE
2026-01-16 08:00:00,FOS.Flow-In.Ave.15Minutes.3Hours.MIXED-COMPUTED-REV,1859.73,2942.02,-1082.29,SPIKE
2026-01-16 09:00:00,FOS.Flow-In.Ave.15Minutes.3Hours.MIXED-COMPUTED-REV,1269.28,2942.02,-1672.74,SPIKE
2026-01-16 10:00:00,FOS.Flow-In.Ave.15Minutes.3Hours.MIXED-COMPUTED-REV,1004.51,2942.02,-1937.51,SPIKE
2026-01-16 11:00:00,FOS.Flow-In.Ave.15Minutes.3Hours.MIXED-COMPUTED-REV,990.71,2942.02,-1951.31,SPIKE
2026-01-16 12:00:00,FOS.Flow-In.Ave.15Minutes.3Hours.MIXED-COMPUTED-REV,1054.57,2942.02,-1887.45,SPIKE
2026-01-16 13:00:00,FOS.Flow-In.Ave.15Minutes.3Hours.MIXED-COMPUTED-REV,1134.83,2942.02,-1807.19,SPIKE
2026-01-16 14:00:00,FOS.Flow-In.Ave.15Minutes.3Hours.MIXED-COMPUTED-REV,1207.58,2942.02,-1734.44,SPIKE
2026-01-16 15:00:00,FOS.Flow-In.Ave.15Minutes.3Hours.MIXED-COMPUTED-REV,1599.99,2942.02,-1342.03,SPIKE
2026-01-16 16:00:00,FOS.Flow-In.Ave.15Minutes.3Hours.MIXED-COMPUTED-REV,2191.28,2942.02,-750.74,SPIKE
2026-01-17 09:00:00,FOS.Flow-In.Ave.15Minutes.3Hours.MIXED-COMPUTED-REV,1235.80,2830.22,-1594.42,SPIKE
2026-01-17 10:00:00,FOS.Flow-In.Ave.15Minutes.3Hours.MIXED-COMPUTED-REV,1016.76,2830.22,-1813.46,SPIKE
2026-01-17 11:00:00,FOS.Flow-In.Ave.15Minutes.3Hours.MIXED-COMPUTED-REV,933.88,2830.22,-1896.34,SPIKE
2026-01-17 12:00:00,FOS.Flow-In.Ave.15Minutes.3Hours.MIXED-COMPUTED-REV,865.72,2830.22,-1964.50,SPIKE
2026-01-17 13:00:00,FOS.Flow-In.Ave.15Minutes.3Hours.MIXED-COMPUTED-REV,887.23,2830.22,-1942.99,SPIKE
2026-01-17 14:00:00,FOS.Flow-In.Ave.15Minutes.3Hours.MIXED-COMPUTED-REV,987.77,2830.22,-1842.45,SPIKE
2026-01-17 15:00:00,FOS.Flow-In.Ave.15Minutes.3Hours.MIXED-COMPUTED-REV,1126.76,2830.22,-1703.46,SPIKE
2026-01-18 09:00:00,FOS.Flow-In.Ave.15Minutes.3Hours.MIXED-COMPUTED-REV,1192.06,2795.46,-1603.40,SPIKE
2026-01-18 10:00:00,FOS.Flow-In.Ave.15Minutes.3Hours.MIXED-COMPUTED-REV,896.97,2795.46,-1898.49,SPIKE
2026-01-18 11:00:00,FOS.Flow-In.Ave.15Minutes.3Hours.MIXED-COMPUTED-REV,819.86,2795.46,-1975.60,SPIKE
2026-01-18 12:00:00,FOS.Flow-In.Ave.15Minutes.3Hours.MIXED-COMPUTED-REV,867.93,2795.46,-1927.53,SPIKE
2026-01-18 13:00:00,FOS.Flow-In.Ave.15Minutes.3Hours.MIXED-COMPUTED-REV,972.04,2795.46,-1823.42,SPIKE
2026-01-18 14:00:00,FOS.Flow-In.Ave.15Minutes.3Hours.MIXED-COMPUTED-REV,1006.76,2795.46,-1788.70,SPIKE
2026-01-18 15:00:00,FOS.Flow-In.Ave.15Minutes.3Hours.MIXED-COMPUTED-REV,1028.33,2795.46,-1767.13,SPIKE
2026-01-19 09:00:00,FOS.Flow-In.Ave.15Minutes.3Hours.MIXED-COMPUTED-REV,1042.18,2676.26,-1634.08,SPIKE
2026-01-19 10:00:00,FOS.Flow-In.Ave.15Minutes.3Hours.MIXED-COMPUTED-REV,836.51,2676.26,-1839.75,SPIKE
2026-01-19 11:00:00,FOS.Flow-In.Ave.15Minutes.3Hours.MIXED-COMPUTED-REV,886.75,2676.26,-1789.51,SPIKE
2026-01-19 12:00:00,FOS.Flow-In.Ave.15Minutes.3Hours.MIXED-COMPUTED-REV,949.91,2676.26,-1726.35,SPIKE
2026-01-19 13:00:00,FOS.Flow-In.Ave.15Minutes.3Hours.MIXED-COMPUTED-REV,911.34,2676.26,-1764.92,SPIKE
2026-01-19 14:00:00,FOS.Flow-In.Ave.15Minutes.3Hours.MIXED-COMPUTED-REV,883.19,2676.26,-1793.07,SPIKE
2026-01-19 15:00:00,FOS.Flow-In.Ave.15Minutes.3Hours.MIXED-COMPUTED-REV,973.55,2676.26,-1702.71,SPIKE
2026-01-20 09:00:00,FOS.Flow-In.Ave.15Minutes.3Hours.MIXED-COMPUTED-REV,1025.71,2627.44,-1601.73,SPIKE
2026-01-20 10:00:00,FOS.Flow-In.Ave.15Minutes.3Hours.MIXED-COMPUTED-REV,841.57,2627.44,-1785.86,SPIKE
2026-01-20 11:00:00,FOS.Flow-In.Ave.15Minutes.3Hours.MIXED-COMPUTED-REV,848.94,2627.44,-1778.49,SPIKE
2026-01-20 12:00:00,FOS.Flow-In.Ave.15Minutes.3Hours.MIXED-COMPUTED-REV,839.82,2627.44,-1787.62,SPIKE
2026-01-20 13:00:00,FOS.Flow-In.Ave.15Minutes.3Hours.MIXED-COMPUTED-REV,796.61,2627.44,-1830.83,SPIKE
2026-01-20 14:00:00,FOS.Flow-In.Ave.15Minutes.3Hours.MIXED-COMPUTED-REV,806.11,2627.44,-1821.33,SPIKE
2026-02-01 18:00:00,FOS.Flow-In.Ave.15Minutes.3Hours.MIXED-COMPUTED-REV,2308.12,505.73,1802.39,SPIKE
2026-02-02 15:00:00,FOS.Flow-In.Ave.15Minutes.3Hours.MIXED-COMPUTED-REV,989.17,503.85,485.32,SPIKE
2026-02-02 16:00:00,FOS.Flow-In.Ave.15Minutes.3Hours.MIXED-COMPUTED-REV,1621.34,503.85,1117.49,SPIKE
2026-02-02 17:00:00,FOS.Flow-In.Ave.15Minutes.3Hours.MIXED-COMPUTED-REV,2156.25,503.85,1652.40,SPIKE
2026-02-02 18:00:00,FOS.Flow-In.Ave.15Minutes.3Hours.MIXED-COMPUTED-REV,2214.12,503.85,1710.27,SPIKE
2026-02-02 19:00:00,FOS.Flow-In.Ave.15Minutes.3Hours.MIXED-COMPUTED-REV,1797.58,503.85,1293.73,SPIKE
2026-02-02 20:00:00,FOS.Flow-In.Ave.15Minutes.3Hours.MIXED-COMPUTED-REV,1217.62,502.65,714.97,SPIKE
2026-02-03 15:00:00,FOS.Flow-In.Ave.15Minutes.3Hours.MIXED-COMPUTED-REV,963.35,444.41,518.95,SPIKE
2026-02-03 16:00:00,FOS.Flow-In.Ave.15Minutes.3Hours.MIXED-COMPUTED-REV,1576.19,442.70,1133.48,SPIKE
2026-02-03 17:00:00,FOS.Flow-In.Ave.15Minutes.3Hours.MIXED-COMPUTED-REV,2154.42,435.41,1719.00,SPIKE
2026-02-03 18:00:00,FOS.Flow-In.Ave.15Minutes.3Hours.MIXED-COMPUTED-REV,2308.19,432.53,1875.66,SPIKE
2026-02-03 19:00:00,FOS.Flow-In.Ave.15Minutes.3Hours.MIXED-COMPUTED-REV,1931.10,432.53,1498.57,SPIKE
2026-02-03 20:00:00,FOS.Flow-In.Ave.15Minutes.3Hours.MIXED-COMPUTED-REV,1298.76,432.53,866.23,SPIKE
2026-02-04 16:00:00,FOS.Flow-In.Ave.15Minutes.3Hours.MIXED-COMPUTED-REV,1493.97,435.76,1058.21,SPIKE
2026-02-04 17:00:00,FOS.Flow-In.Ave.15Minutes.3Hours.MIXED-COMPUTED-REV,2063.89,448.44,1615.45,SPIKE
2026-02-04 18:00:00,FOS.Flow-In.Ave.15Minutes.3Hours.MIXED-COMPUTED-REV,2214.52,448.44,1766.08,SPIKE
2026-02-04 19:00:00,FOS.Flow-In.Ave.15Minutes.3Hours.MIXED-COMPUTED-REV,1846.25,448.44,1397.81,SPIKE
2026-02-04 20:00:00,FOS.Flow-In.Ave.15Minutes.3Hours.MIXED-COMPUTED-REV,1259.04,448.44,810.60,SPIKE
2026-02-05 15:00:00,FOS.Flow-In.Ave.15Minutes.3Hours.MIXED-COMPUTED-REV,916.29,443.99,472.30,SPIKE
2026-02-05 16:00:00,FOS.Flow-In.Ave.15Minutes.3Hours.MIXED-COMPUTED-REV,1536.51,443.99,1092.52,SPIKE
2026-02-05 17:00:00,FOS.Flow-In.Ave.15Minutes.3Hours.MIXED-COMPUTED-REV,2097.10,443.99,1653.11,SPIKE
2026-02-05 18:00:00,FOS.Flow-In.Ave.15Minutes.3Hours.MIXED-COMPUTED-REV,2200.49,443.99,1756.50,SPIKE
2026-02-05 19:00:00,FOS.Flow-In.Ave.15Minutes.3Hours.MIXED-COMPUTED-REV,1790.78,443.99,1346.79,SPIKE
2026-02-05 20:00:00,FOS.Flow-In.Ave.15Minutes.3Hours.MIXED-COMPUTED-REV,1202.78,443.99,758.79,SPIKE
2026-02-20 18:00:00,FOS.Flow-In.Ave.15Minutes.3Hours.MIXED-COMPUTED-REV,1852.91,1479.46,373.45,SPIKE
2026-02-20 19:00:00,FOS.Flow-In.Ave.15Minutes.3Hours.MIXED-COMPUTED-REV,2461.80,1479.46,982.34,SPIKE
2026-02-20 20:00:00,FOS.Flow-In.Ave.15Minutes.3Hours.MIXED-COMPUTED-REV,2663.46,1479.46,1184.00,SPIKE
2026-02-20 21:00:00,FOS.Flow-In.Ave.15Minutes.3Hours.MIXED-COMPUTED-REV,2672.46,1479.46,1193.00,SPIKE
2026-02-20 22:00:00,FOS.Flow-In.Ave.15Minutes.3Hours.MIXED-COMPUTED-REV,2718.45,1479.46,1238.99,SPIKE
2026-02-20 23:00:00,FOS.Flow-In.Ave.15Minutes.3Hours.MIXED-COMPUTED-REV,2734.55,1479.46,1255.09,SPIKE
2026-02-21 00:00:00,FOS.Flow-In.Ave.15Minutes.3Hours.MIXED-COMPUTED-REV,2638.63,1479.46,1159.17,SPIKE
2026-02-21 01:00:00,FOS.Flow-In.Ave.15Minutes.3Hours.MIXED-COMPUTED-REV,2532.81,1479.46,1053.35,SPIKE
2026-02-21 02:00:00,FOS.Flow-In.Ave.15Minutes.3Hours.MIXED-COMPUTED-REV,2579.40,1479.46,1099.94,SPIKE
2026-02-21 03:00:00,FOS.Flow-In.Ave.15Minutes.3Hours.MIXED-COMPUTED-REV,2675.80,1479.46,1196.34,SPIKE
2026-02-21 04:00:00,FOS.Flow-In.Ave.15Minutes.3Hours.MIXED-COMPUTED-REV,2571.31,1479.46,1091.85,SPIKE
2026-02-21 05:00:00,FOS.Flow-In.Ave.15Minutes.3Hours.MIXED-COMPUTED-REV,2087.04,1479.46,607.58,SPIKE
2026-05-30 16:00:00,FOS.Flow-In.Ave.15Minutes.3Hours.MIXED-COMPUTED-REV,3523.91,1479.85,2044.05,JUMP
2026-05-31 16:00:00,FOS.Flow-In.Ave.15Minutes.3Hours.MIXED-COMPUTED-REV,3444.94,1465.46,1979.48,JUMP
2026-06-01 16:00:00,FOS.Flow-In.Ave.15Minutes.3Hours.MIXED-COMPUTED-REV,3438.65,1463.05,1975.60,JUMP
2026-06-18 02:00:00,FOS.Flow-In.Ave.15Minutes.3Hours.MIXED-COMPUTED-REV,1706.89,307.19,1399.69,SPIKE
2026-06-18 03:00:00,FOS.Flow-In.Ave.15Minutes.3Hours.MIXED-COMPUTED-REV,2219.85,307.19,1912.66,SPIKE
2026-06-29 02:00:00,FOS.Flow-In.Ave.15Minutes.3Hours.MIXED-COMPUTED-REV,1228.58,581.84,646.74,SPIKE
2026-06-29 03:00:00,FOS.Flow-In.Ave.15Minutes.3Hours.MIXED-COMPUTED-REV,1888.19,578.93,1309.26,SPIKE
2026-06-29 04:00:00,FOS.Flow-In.Ave.15Minutes.3Hours.MIXED-COMPUTED-REV,2374.75,577.85,1796.90,SPIKE
2026-06-29 05:00:00,FOS.Flow-In.Ave.15Minutes.3Hours.MIXED-COMPUTED-REV,2343.71,572.76,1770.95,SPIKE
2026-06-30 23:00:00,FOS.Flow-In.Ave.15Minutes.3Hours.MIXED-COMPUTED-REV,1751.95,391.09,1360.87,SPIKE
2026-07-01 00:00:00,FOS.Flow-In.Ave.15Minutes.3Hours.MIXED-COMPUTED-REV,2242.36,391.09,1851.28,SPIKE
2026-07-01 01:00:00,FOS.Flow-In.Ave.15Minutes.3Hours.MIXED-COMPUTED-REV,2362.39,391.09,1971.31,SPIKE
2026-07-01 02:00:00,FOS.Flow-In.Ave.15Minutes.3Hours.MIXED-COMPUTED-REV,2389.49,391.09,1998.40,SPIKE
2026-07-01 03:00:00,FOS.Flow-In.Ave.15Minutes.3Hours.MIXED-COMPUTED-REV,2418.58,391.09,2027.49,SPIKE
2026-07-01 04:00:00,FOS.Flow-In.Ave.15Minutes.3Hours.MIXED-COMPUTED-REV,2422.43,391.09,2031.34,SPIKE
2026-07-01 05:00:00,FOS.Flow-In.Ave.15Minutes.3Hours.MIXED-COMPUTED-REV,2241.28,391.09,1850.19,SPIKE
2026-07-01 06:00:00,FOS.Flow-In.Ave.15Minutes.3Hours.MIXED-COMPUTED-REV,1708.43,391.09,1317.34,SPIKE
2026-07-02 01:00:00,FOS.Flow-In.Ave.15Minutes.3Hours.MIXED-COMPUTED-REV,1058.05,340.92,717.13,SPIKE
2026-07-02 02:00:00,FOS.Flow-In.Ave.15Minutes.3Hours.MIXED-COMPUTED-REV,1733.81,335.80,1398.01,SPIKE
2026-07-02 03:00:00,FOS.Flow-In.Ave.15Minutes.3Hours.MIXED-COMPUTED-REV,2257.52,332.62,1924.90,SPIKE
2026-07-02 04:00:00,FOS.Flow-In.Ave.15Minutes.3Hours.MIXED-COMPUTED-REV,2410.56,328.64,2081.92,SPIKE
2026-07-02 05:00:00,FOS.Flow-In.Ave.15Minutes.3Hours.MIXED-COMPUTED-REV,2255.34,325.14,1930.20,SPIKE
2026-07-02 06:00:00,FOS.Flow-In.Ave.15Minutes.3Hours.MIXED-COMPUTED-REV,1714.90,323.45,1391.45,SPIKE
2026-07-02 07:00:00,FOS.Flow-In.Ave.15Minutes.3Hours.MIXED-COMPUTED-REV,1025.38,321.39,703.99,SPIKE
2026-07-02 23:00:00,FOS.Flow-In.Ave.15Minutes.3Hours.MIXED-COMPUTED-REV,1066.78,343.91,722.87,SPIKE
2026-07-03 00:00:00,FOS.Flow-In.Ave.15Minutes.3Hours.MIXED-COMPUTED-REV,1767.94,343.91,1424.03,SPIKE
2026-07-03 01:00:00,FOS.Flow-In.Ave.15Minutes.3Hours.MIXED-COMPUTED-REV,2274.34,343.91,1930.43,SPIKE
2026-07-03 02:00:00,FOS.Flow-In.Ave.15Minutes.3Hours.MIXED-COMPUTED-REV,2361.19,343.91,2017.28,SPIKE
2026-07-03 03:00:00,FOS.Flow-In.Ave.15Minutes.3Hours.MIXED-COMPUTED-REV,2361.54,343.91,2017.63,SPIKE
2026-07-03 04:00:00,FOS.Flow-In.Ave.15Minutes.3Hours.MIXED-COMPUTED-REV,2376.09,343.91,2032.18,SPIKE
2026-07-03 05:00:00,FOS.Flow-In.Ave.15Minutes.3Hours.MIXED-COMPUTED-REV,2189.89,343.91,1845.98,SPIKE
2026-07-03 23:00:00,FOS.Flow-In.Ave.15Minutes.3Hours.MIXED-COMPUTED-REV,2325.30,484.38,1840.93,SPIKE
2026-07-04 00:00:00,FOS.Flow-In.Ave.15Minutes.3Hours.MIXED-COMPUTED-REV,2478.78,484.38,1994.40,SPIKE
2026-07-04 01:00:00,FOS.Flow-In.Ave.15Minutes.3Hours.MIXED-COMPUTED-REV,2481.95,484.38,1997.57,SPIKE
2026-07-04 02:00:00,FOS.Flow-In.Ave.15Minutes.3Hours.MIXED-COMPUTED-REV,2457.94,484.38,1973.56,SPIKE
2026-07-04 03:00:00,FOS.Flow-In.Ave.15Minutes.3Hours.MIXED-COMPUTED-REV,2443.79,484.38,1959.41,SPIKE
2026-07-04 04:00:00,FOS.Flow-In.Ave.15Minutes.3Hours.MIXED-COMPUTED-REV,2439.19,484.38,1954.82,SPIKE
2026-07-04 05:00:00,FOS.Flow-In.Ave.15Minutes.3Hours.MIXED-COMPUTED-REV,2242.78,484.38,1758.40,SPIKE
2026-07-04 23:00:00,FOS.Flow-In.Ave.15Minutes.3Hours.MIXED-COMPUTED-REV,2218.96,452.77,1766.19,SPIKE
2026-07-05 00:00:00,FOS.Flow-In.Ave.15Minutes.3Hours.MIXED-COMPUTED-REV,2329.72,452.77,1876.95,SPIKE
2026-07-05 01:00:00,FOS.Flow-In.Ave.15Minutes.3Hours.MIXED-COMPUTED-REV,2309.48,452.77,1856.71,SPIKE
2026-07-05 02:00:00,FOS.Flow-In.Ave.15Minutes.3Hours.MIXED-COMPUTED-REV,2316.97,452.77,1864.20,SPIKE
2026-07-06 23:00:00,FOS.Flow-In.Ave.15Minutes.3Hours.MIXED-COMPUTED-REV,2179.78,405.75,1774.04,SPIKE
2026-07-07 00:00:00,FOS.Flow-In.Ave.15Minutes.3Hours.MIXED-COMPUTED-REV,2275.85,405.75,1870.11,SPIKE
2026-07-07 01:00:00,FOS.Flow-In.Ave.15Minutes.3Hours.MIXED-COMPUTED-REV,2267.37,405.75,1861.62,SPIKE
2026-07-07 02:00:00,FOS.Flow-In.Ave.15Minutes.3Hours.MIXED-COMPUTED-REV,2269.64,405.75,1863.89,SPIKE
2026-07-07 03:00:00,FOS.Flow-In.Ave.15Minutes.3Hours.MIXED-COMPUTED-REV,2269.13,405.75,1863.39,SPIKE
2026-07-07 04:00:00,FOS.Flow-In.Ave.15Minutes.3Hours.MIXED-COMPUTED-REV,2274.33,405.75,1868.58,SPIKE
2026-07-07 05:00:00,FOS.Flow-In.Ave.15Minutes.3Hours.MIXED-COMPUTED-REV,2108.93,405.75,1703.18,SPIKE
2026-07-07 23:00:00,FOS.Flow-In.Ave.15Minutes.3Hours.MIXED-COMPUTED-REV,2184.69,400.48,1784.22,SPIKE
2026-07-08 00:00:00,FOS.Flow-In.Ave.15Minutes.3Hours.MIXED-COMPUTED-REV,2311.39,400.48,1910.92,SPIKE
2026-07-08 01:00:00,FOS.Flow-In.Ave.15Minutes.3Hours.MIXED-COMPUTED-REV,2291.65,400.48,1891.17,SPIKE
2026-07-08 02:00:00,FOS.Flow-In.Ave.15Minutes.3Hours.MIXED-COMPUTED-REV,2291.43,400.48,1890.95,SPIKE
2026-07-08 03:00:00,FOS.Flow-In.Ave.15Minutes.3Hours.MIXED-COMPUTED-REV,2285.69,400.48,1885.21,SPIKE
2026-07-08 04:00:00,FOS.Flow-In.Ave.15Minutes.3Hours.MIXED-COMPUTED-REV,2284.31,400.48,1883.83,SPIKE
2026-07-08 05:00:00,FOS.Flow-In.Ave.15Minutes.3Hours.MIXED-COMPUTED-REV,2073.42,400.48,1672.94,SPIKE
2026-07-08 23:00:00,FOS.Flow-In.Ave.15Minutes.3Hours.MIXED-COMPUTED-REV,2164.57,388.22,1776.35,SPIKE
2026-07-09 00:00:00,FOS.Flow-In.Ave.15Minutes.3Hours.MIXED-COMPUTED-REV,2252.46,388.22,1864.23,SPIKE
2026-07-09 01:00:00,FOS.Flow-In.Ave.15Minutes.3Hours.MIXED-COMPUTED-REV,2248.26,388.22,1860.03,SPIKE
2026-07-09 02:00:00,FOS.Flow-In.Ave.15Minutes.3Hours.MIXED-COMPUTED-REV,2255.02,388.22,1866.80,SPIKE
2026-07-09 03:00:00,FOS.Flow-In.Ave.15Minutes.3Hours.MIXED-COMPUTED-REV,2257.29,388.22,1869.06,SPIKE
2026-07-09 04:00:00,FOS.Flow-In.Ave.15Minutes.3Hours.MIXED-COMPUTED-REV,2255.39,388.22,1867.17,SPIKE
2026-07-09 05:00:00,FOS.Flow-In.Ave.15Minutes.3Hours.MIXED-COMPUTED-REV,2072.33,388.22,1684.10,SPIKE
2026-07-09 23:00:00,FOS.Flow-In.Ave.15Minutes.3Hours.MIXED-COMPUTED-REV,2164.36,407.98,1756.37,SPIKE
2026-07-10 00:00:00,FOS.Flow-In.Ave.15Minutes.3Hours.MIXED-COMPUTED-REV,2281.39,407.98,1873.40,SPIKE
2026-07-10 01:00:00,FOS.Flow-In.Ave.15Minutes.3Hours.MIXED-COMPUTED-REV,2288.73,407.98,1880.74,SPIKE
2026-07-10 02:00:00,FOS.Flow-In.Ave.15Minutes.3Hours.MIXED-COMPUTED-REV,2259.45,407.98,1851.47,SPIKE
2026-07-10 03:00:00,FOS.Flow-In.Ave.15Minutes.3Hours.MIXED-COMPUTED-REV,2265.35,407.98,1857.37,SPIKE
2026-07-10 04:00:00,FOS.Flow-In.Ave.15Minutes.3Hours.MIXED-COMPUTED-REV,2283.38,407.98,1875.40,SPIKE
2026-07-10 05:00:00,FOS.Flow-In.Ave.15Minutes.3Hours.MIXED-COMPUTED-REV,2130.24,407.98,1722.26,SPIKE
2026-07-10 07:00:00,FOS.Flow-In.Ave.15Minutes.3Hours.MIXED-COMPUTED-REV,931.81,407.98,523.83,SPIKE
2026-07-10 23:00:00,FOS.Flow-In.Ave.15Minutes.3Hours.MIXED-COMPUTED-REV,876.44,246.96,629.49,SPIKE
2026-07-11 00:00:00,FOS.Flow-In.Ave.15Minutes.3Hours.MIXED-COMPUTED-REV,1547.69,246.96,1300.74,SPIKE
2026-07-11 01:00:00,FOS.Flow-In.Ave.15Minutes.3Hours.MIXED-COMPUTED-REV,2050.10,246.96,1803.14,SPIKE
2026-07-11 02:00:00,FOS.Flow-In.Ave.15Minutes.3Hours.MIXED-COMPUTED-REV,2170.40,249.71,1920.69,SPIKE
2026-07-11 03:00:00,FOS.Flow-In.Ave.15Minutes.3Hours.MIXED-COMPUTED-REV,2159.12,249.71,1909.41,SPIKE
2026-07-11 04:00:00,FOS.Flow-In.Ave.15Minutes.3Hours.MIXED-COMPUTED-REV,2163.90,249.71,1914.19,SPIKE
2026-07-11 05:00:00,FOS.Flow-In.Ave.15Minutes.3Hours.MIXED-COMPUTED-REV,2165.29,249.71,1915.58,SPIKE
2026-07-11 06:00:00,FOS.Flow-In.Ave.15Minutes.3Hours.MIXED-COMPUTED-REV,1997.52,249.71,1747.81,SPIKE
2026-07-11 07:00:00,FOS.Flow-In.Ave.15Minutes.3Hours.MIXED-COMPUTED-REV,1505.29,249.71,1255.58,SPIKE
2026-07-12 00:00:00,FOS.Flow-In.Ave.15Minutes.3Hours.MIXED-COMPUTED-REV,1568.61,249.71,1318.90,SPIKE
2026-07-12 01:00:00,FOS.Flow-In.Ave.15Minutes.3Hours.MIXED-COMPUTED-REV,2066.25,249.71,1816.55,SPIKE
2026-07-12 02:00:00,FOS.Flow-In.Ave.15Minutes.3Hours.MIXED-COMPUTED-REV,2153.06,249.71,1903.35,SPIKE
2026-07-12 03:00:00,FOS.Flow-In.Ave.15Minutes.3Hours.MIXED-COMPUTED-REV,2133.91,248.30,1885.61,SPIKE
2026-07-12 04:00:00,FOS.Flow-In.Ave.15Minutes.3Hours.MIXED-COMPUTED-REV,2140.71,248.30,1892.41,SPIKE
2026-07-12 05:00:00,FOS.Flow-In.Ave.15Minutes.3Hours.MIXED-COMPUTED-REV,2149.16,248.30,1900.86,SPIKE
2026-07-12 06:00:00,FOS.Flow-In.Ave.15Minutes.3Hours.MIXED-COMPUTED-REV,2007.14,248.30,1758.84,SPIKE
2026-07-12 07:00:00,FOS.Flow-In.Ave.15Minutes.3Hours.MIXED-COMPUTED-REV,1514.90,248.30,1266.60,SPIKE
2026-07-13 00:00:00,FOS.Flow-In.Ave.15Minutes.3Hours.MIXED-COMPUTED-REV,1550.41,238.28,1312.12,SPIKE
2026-07-13 01:00:00,FOS.Flow-In.Ave.15Minutes.3Hours.MIXED-COMPUTED-REV,2039.04,238.28,1800.76,SPIKE
2026-07-13 02:00:00,FOS.Flow-In.Ave.15Minutes.3Hours.MIXED-COMPUTED-REV,2137.23,238.28,1898.94,SPIKE
2026-07-13 03:00:00,FOS.Flow-In.Ave.15Minutes.3Hours.MIXED-COMPUTED-REV,2115.30,238.28,1877.02,SPIKE
2026-07-13 04:00:00,FOS.Flow-In.Ave.15Minutes.3Hours.MIXED-COMPUTED-REV,2136.41,238.28,1898.13,SPIKE
2026-07-13 05:00:00,FOS.Flow-In.Ave.15Minutes.3Hours.MIXED-COMPUTED-REV,2153.51,228.93,1924.57,SPIKE
2026-07-13 06:00:00,FOS.Flow-In.Ave.15Minutes.3Hours.MIXED-COMPUTED-REV,2010.41,221.41,1789.00,SPIKE
2026-07-13 07:00:00,FOS.Flow-In.Ave.15Minutes.3Hours.MIXED-COMPUTED-REV,1517.07,221.41,1295.66,SPIKE
2026-07-14 00:00:00,FOS.Flow-In.Ave.15Minutes.3Hours.MIXED-COMPUTED-REV,1505.45,242.12,1263.34,SPIKE
2026-07-14 01:00:00,FOS.Flow-In.Ave.15Minutes.3Hours.MIXED-COMPUTED-REV,1978.09,242.12,1735.97,SPIKE
2026-07-14 02:00:00,FOS.Flow-In.Ave.15Minutes.3Hours.MIXED-COMPUTED-REV,2087.11,242.12,1844.99,SPIKE
2026-07-14 03:00:00,FOS.Flow-In.Ave.15Minutes.3Hours.MIXED-COMPUTED-REV,2093.34,242.12,1851.22,SPIKE
2026-07-14 04:00:00,FOS.Flow-In.Ave.15Minutes.3Hours.MIXED-COMPUTED-REV,2121.75,242.12,1879.64,SPIKE
2026-07-14 05:00:00,FOS.Flow-In.Ave.15Minutes.3Hours.MIXED-COMPUTED-REV,2110.53,242.12,1868.41,SPIKE
2026-07-14 06:00:00,FOS.Flow-In.Ave.15Minutes.3Hours.MIXED-COMPUTED-REV,1950.87,242.12,1708.75,SPIKE
2026-07-14 07:00:00,FOS.Flow-In.Ave.15Minutes.3Hours.MIXED-COMPUTED-REV,1453.59,242.12,1211.47,SPIKE
2026-07-15 00:00:00,FOS.Flow-In.Ave.15Minutes.3Hours.MIXED-COMPUTED-REV,1503.12,225.16,1277.95,SPIKE
2026-07-15 01:00:00,FOS.Flow-In.Ave.15Minutes.3Hours.MIXED-COMPUTED-REV,1984.55,225.16,1759.38,SPIKE
2026-07-15 02:00:00,FOS.Flow-In.Ave.15Minutes.3Hours.MIXED-COMPUTED-REV,2073.35,225.16,1848.19,SPIKE
2026-07-15 03:00:00,FOS.Flow-In.Ave.15Minutes.3Hours.MIXED-COMPUTED-REV,2073.51,222.14,1851.38,SPIKE
2026-07-15 04:00:00,FOS.Flow-In.Ave.15Minutes.3Hours.MIXED-COMPUTED-REV,2059.71,222.14,1837.57,SPIKE
2026-07-15 05:00:00,FOS.Flow-In.Ave.15Minutes.3Hours.MIXED-COMPUTED-REV,2066.95,222.14,1844.82,SPIKE
2026-07-15 06:00:00,FOS.Flow-In.Ave.15Minutes.3Hours.MIXED-COMPUTED-REV,1922.48,222.14,1700.34,SPIKE
2026-07-15 07:00:00,FOS.Flow-In.Ave.15Minutes.3Hours.MIXED-COMPUTED-REV,1476.59,222.14,1254.45,SPIKE
2026-07-16 00:00:00,FOS.Flow-In.Ave.15Minutes.3Hours.MIXED-COMPUTED-REV,1483.76,238.45,1245.32,SPIKE
2026-07-16 01:00:00,FOS.Flow-In.Ave.15Minutes.3Hours.MIXED-COMPUTED-REV,1955.05,238.45,1716.60,SPIKE
2026-07-16 02:00:00,FOS.Flow-In.Ave.15Minutes.3Hours.MIXED-COMPUTED-REV,2060.49,238.45,1822.04,SPIKE
2026-07-16 03:00:00,FOS.Flow-In.Ave.15Minutes.3Hours.MIXED-COMPUTED-REV,2077.56,238.45,1839.12,SPIKE
2026-07-16 04:00:00,FOS.Flow-In.Ave.15Minutes.3Hours.MIXED-COMPUTED-REV,2061.03,238.45,1822.58,SPIKE
2026-07-16 05:00:00,FOS.Flow-In.Ave.15Minutes.3Hours.MIXED-COMPUTED-REV,2054.76,238.45,1816.32,SPIKE
2026-07-16 06:00:00,FOS.Flow-In.Ave.15Minutes.3Hours.MIXED-COMPUTED-REV,1922.71,238.45,1684.26,SPIKE
2026-07-16 07:00:00,FOS.Flow-In.Ave.15Minutes.3Hours.MIXED-COMPUTED-REV,1451.11,252.52,1198.59,SPIKE
2026-07-17 00:00:00,FOS.Flow-In.Ave.15Minutes.3Hours.MIXED-COMPUTED-REV,1483.19,252.52,1230.67,SPIKE
2026-07-17 01:00:00,FOS.Flow-In.Ave.15Minutes.3Hours.MIXED-COMPUTED-REV,1918.70,252.52,1666.18,SPIKE
2026-07-17 02:00:00,FOS.Flow-In.Ave.15Minutes.3Hours.MIXED-COMPUTED-REV,2002.28,252.52,1749.76,SPIKE
2026-07-17 03:00:00,FOS.Flow-In.Ave.15Minutes.3Hours.MIXED-COMPUTED-REV,2039.78,252.52,1787.25,SPIKE
2026-07-17 04:00:00,FOS.Flow-In.Ave.15Minutes.3Hours.MIXED-COMPUTED-REV,2085.68,252.52,1833.16,SPIKE
2026-07-17 05:00:00,FOS.Flow-In.Ave.15Minutes.3Hours.MIXED-COMPUTED-REV,2100.26,252.52,1847.74,SPIKE
2026-07-17 06:00:00,FOS.Flow-In.Ave.15Minutes.3Hours.MIXED-COMPUTED-REV,1947.22,252.52,1694.70,SPIKE
2026-07-18 00:00:00,FOS.Flow-In.Ave.15Minutes.3Hours.MIXED-COMPUTED-REV,1962.12,350.68,1611.44,SPIKE
2026-07-18 01:00:00,FOS.Flow-In.Ave.15Minutes.3Hours.MIXED-COMPUTED-REV,2030.51,350.68,1679.82,SPIKE
2026-07-18 02:00:00,FOS.Flow-In.Ave.15Minutes.3Hours.MIXED-COMPUTED-REV,2035.54,350.68,1684.86,SPIKE
2026-07-18 03:00:00,FOS.Flow-In.Ave.15Minutes.3Hours.MIXED-COMPUTED-REV,2081.78,350.68,1731.10,SPIKE
2026-07-18 04:00:00,FOS.Flow-In.Ave.15Minutes.3Hours.MIXED-COMPUTED-REV,2100.67,350.68,1749.99,SPIKE
2026-07-18 05:00:00,FOS.Flow-In.Ave.15Minutes.3Hours.MIXED-COMPUTED-REV,2106.24,350.68,1755.55,SPIKE
2026-07-18 06:00:00,FOS.Flow-In.Ave.15Minutes.3Hours.MIXED-COMPUTED-REV,1933.66,350.68,1582.98,SPIKE
2026-07-19 00:00:00,FOS.Flow-In.Ave.15Minutes.3Hours.MIXED-COMPUTED-REV,1977.94,324.97,1652.97,SPIKE
2026-07-19 01:00:00,FOS.Flow-In.Ave.15Minutes.3Hours.MIXED-COMPUTED-REV,2076.41,324.97,1751.44,SPIKE
2026-07-19 02:00:00,FOS.Flow-In.Ave.15Minutes.3Hours.MIXED-COMPUTED-REV,2103.74,324.97,1778.78,SPIKE
2026-07-19 03:00:00,FOS.Flow-In.Ave.15Minutes.3Hours.MIXED-COMPUTED-REV,2129.92,324.97,1804.95,SPIKE
2026-07-19 04:00:00,FOS.Flow-In.Ave.15Minutes.3Hours.MIXED-COMPUTED-REV,2148.77,324.97,1823.80,SPIKE
2026-07-19 05:00:00,FOS.Flow-In.Ave.15Minutes.3Hours.MIXED-COMPUTED-REV,2125.79,324.97,1800.83,SPIKE
2026-07-19 06:00:00,FOS.Flow-In.Ave.15Minutes.3Hours.MIXED-COMPUTED-REV,1954.15,324.97,1629.19,SPIKE
2026-07-20 00:00:00,FOS.Flow-In.Ave.15Minutes.3Hours.MIXED-COMPUTED-REV,1958.94,328.62,1630.32,SPIKE
2026-07-20 01:00:00,FOS.Flow-In.Ave.15Minutes.3Hours.MIXED-COMPUTED-REV,2144.66,328.62,1816.04,SPIKE
2026-07-20 02:00:00,FOS.Flow-In.Ave.15Minutes.3Hours.MIXED-COMPUTED-REV,2149.25,328.62,1820.63,SPIKE
2026-07-20 03:00:00,FOS.Flow-In.Ave.15Minutes.3Hours.MIXED-COMPUTED-REV,2146.24,328.62,1817.62,SPIKE
2026-07-20 04:00:00,FOS.Flow-In.Ave.15Minutes.3Hours.MIXED-COMPUTED-REV,2115.93,328.62,1787.32,SPIKE
2026-07-20 05:00:00,FOS.Flow-In.Ave.15Minutes.3Hours.MIXED-COMPUTED-REV,2122.20,328.62,1793.58,SPIKE
2026-07-20 06:00:00,FOS.Flow-In.Ave.15Minutes.3Hours.MIXED-COMPUTED-REV,1962.82,328.62,1634.20,SPIKE
2026-07-21 00:00:00,FOS.Flow-In.Ave.15Minutes.3Hours.MIXED-COMPUTED-REV,1454.00,245.31,1208.69,SPIKE
2026-07-21 01:00:00,FOS.Flow-In.Ave.15Minutes.3Hours.MIXED-COMPUTED-REV,1939.21,245.31,1693.90,SPIKE
2026-07-21 02:00:00,FOS.Flow-In.Ave.15Minutes.3Hours.MIXED-COMPUTED-REV,2107.54,245.31,1862.23,SPIKE
2026-07-21 03:00:00,FOS.Flow-In.Ave.15Minutes.3Hours.MIXED-COMPUTED-REV,2160.69,245.31,1915.38,SPIKE
2026-07-21 04:00:00,FOS.Flow-In.Ave.15Minutes.3Hours.MIXED-COMPUTED-REV,2143.39,245.31,1898.08,SPIKE
2026-07-21 05:00:00,FOS.Flow-In.Ave.15Minutes.3Hours.MIXED-COMPUTED-REV,2103.77,245.31,1858.46,SPIKE
2026-07-21 06:00:00,FOS.Flow-In.Ave.15Minutes.3Hours.MIXED-COMPUTED-REV,1923.16,245.31,1677.85,SPIKE
2026-07-21 07:00:00,FOS.Flow-In.Ave.15Minutes.3Hours.MIXED-COMPUTED-REV,1438.86,245.31,1193.55,SPIKE
2026-07-22 00:00:00,FOS.Flow-In.Ave.15Minutes.3Hours.MIXED-COMPUTED-REV,1437.40,254.98,1182.42,SPIKE
2026-07-22 01:00:00,FOS.Flow-In.Ave.15Minutes.3Hours.MIXED-COMPUTED-REV,1913.04,254.98,1658.06,SPIKE
2026-07-22 02:00:00,FOS.Flow-In.Ave.15Minutes.3Hours.MIXED-COMPUTED-REV,2066.79,254.98,1811.81,SPIKE
2026-07-22 03:00:00,FOS.Flow-In.Ave.15Minutes.3Hours.MIXED-COMPUTED-REV,2137.43,254.98,1882.45,SPIKE
2026-07-22 04:00:00,FOS.Flow-In.Ave.15Minutes.3Hours.MIXED-COMPUTED-REV,2174.49,254.98,1919.51,SPIKE
2026-07-22 05:00:00,FOS.Flow-In.Ave.15Minutes.3Hours.MIXED-COMPUTED-REV,2185.13,254.98,1930.15,SPIKE
2026-07-22 06:00:00,FOS.Flow-In.Ave.15Minutes.3Hours.MIXED-COMPUTED-REV,2001.07,254.98,1746.09,SPIKE
2026-07-22 07:00:00,FOS.Flow-In.Ave.15Minutes.3Hours.MIXED-COMPUTED-REV,1500.72,254.98,1245.74,SPIKE
2026-07-23 00:00:00,FOS.Flow-In.Ave.15Minutes.3Hours.MIXED-COMPUTED-REV,1570.48,225.46,1345.03,SPIKE
2026-07-23 01:00:00,FOS.Flow-In.Ave.15Minutes.3Hours.MIXED-COMPUTED-REV,2094.29,225.46,1868.84,SPIKE
2026-07-23 02:00:00,FOS.Flow-In.Ave.15Minutes.3Hours.MIXED-COMPUTED-REV,2233.92,225.46,2008.46,SPIKE
2026-07-23 03:00:00,FOS.Flow-In.Ave.15Minutes.3Hours.MIXED-COMPUTED-REV,2269.14,225.46,2043.69,SPIKE
2026-07-23 04:00:00,FOS.Flow-In.Ave.15Minutes.3Hours.MIXED-COMPUTED-REV,2289.44,225.46,2063.98,SPIKE
2026-07-23 05:00:00,FOS.Flow-In.Ave.15Minutes.3Hours.MIXED-COMPUTED-REV,2291.83,225.46,2066.38,SPIKE
2026-07-23 06:00:00,FOS.Flow-In.Ave.15Minutes.3Hours.MIXED-COMPUTED-REV,2102.50,225.46,1877.04,SPIKE
2026-07-23 07:00:00,FOS.Flow-In.Ave.15Minutes.3Hours.MIXED-COMPUTED-REV,1541.21,225.46,1315.75,SPIKE
2026-07-24 00:00:00,FOS.Flow-In.Ave.15Minutes.3Hours.MIXED-COMPUTED-REV,1545.67,226.04,1319.63,SPIKE
2026-07-24 01:00:00,FOS.Flow-In.Ave.15Minutes.3Hours.MIXED-COMPUTED-REV,2062.85,226.04,1836.81,SPIKE
2026-07-24 02:00:00,FOS.Flow-In.Ave.15Minutes.3Hours.MIXED-COMPUTED-REV,2203.39,226.04,1977.35,SPIKE
2026-07-24 03:00:00,FOS.Flow-In.Ave.15Minutes.3Hours.MIXED-COMPUTED-REV,2242.13,226.04,2016.09,SPIKE
2026-07-24 04:00:00,FOS.Flow-In.Ave.15Minutes.3Hours.MIXED-COMPUTED-REV,2247.65,226.04,2021.61,SPIKE
2026-07-24 05:00:00,FOS.Flow-In.Ave.15Minutes.3Hours.MIXED-COMPUTED-REV,2216.51,226.04,1990.47,SPIKE
2026-07-24 06:00:00,FOS.Flow-In.Ave.15Minutes.3Hours.MIXED-COMPUTED-REV,2025.91,226.04,1799.87,SPIKE
2026-07-24 07:00:00,FOS.Flow-In.Ave.15Minutes.3Hours.MIXED-COMPUTED-REV,1496.89,226.04,1270.85,SPIKE
2026-07-25 01:00:00,FOS.Flow-In.Ave.15Minutes.3Hours.MIXED-COMPUTED-REV,1513.39,231.71,1281.69,SPIKE
2026-07-25 02:00:00,FOS.Flow-In.Ave.15Minutes.3Hours.MIXED-COMPUTED-REV,2021.76,231.71,1790.05,SPIKE
2026-07-25 03:00:00,FOS.Flow-In.Ave.15Minutes.3Hours.MIXED-COMPUTED-REV,2172.06,231.71,1940.35,SPIKE
2026-07-25 04:00:00,FOS.Flow-In.Ave.15Minutes.3Hours.MIXED-COMPUTED-REV,2195.00,231.71,1963.29,SPIKE
2026-07-25 05:00:00,FOS.Flow-In.Ave.15Minutes.3Hours.MIXED-COMPUTED-REV,2212.65,231.71,1980.94,SPIKE
2026-07-25 06:00:00,FOS.Flow-In.Ave.15Minutes.3Hours.MIXED-COMPUTED-REV,2157.71,231.71,1926.00,SPIKE
2026-07-25 07:00:00,FOS.Flow-In.Ave.15Minutes.3Hours.MIXED-COMPUTED-REV,1967.84,231.71,1736.13,SPIKE
2026-07-25 08:00:00,FOS.Flow-In.Ave.15Minutes.3Hours.MIXED-COMPUTED-REV,1475.72,231.71,1244.02,SPIKE
2026-07-26 01:00:00,FOS.Flow-In.Ave.15Minutes.3Hours.MIXED-COMPUTED-REV,1523.74,208.03,1315.71,SPIKE
2026-07-26 02:00:00,FOS.Flow-In.Ave.15Minutes.3Hours.MIXED-COMPUTED-REV,1989.45,208.03,1781.42,SPIKE
2026-07-26 03:00:00,FOS.Flow-In.Ave.15Minutes.3Hours.MIXED-COMPUTED-REV,2132.03,208.03,1924.00,SPIKE
2026-07-26 04:00:00,FOS.Flow-In.Ave.15Minutes.3Hours.MIXED-COMPUTED-REV,2172.01,208.03,1963.98,SPIKE
2026-07-26 05:00:00,FOS.Flow-In.Ave.15Minutes.3Hours.MIXED-COMPUTED-REV,2198.48,208.03,1990.45,SPIKE
2026-07-26 06:00:00,FOS.Flow-In.Ave.15Minutes.3Hours.MIXED-COMPUTED-REV,2165.39,208.03,1957.36,SPIKE
2026-07-26 07:00:00,FOS.Flow-In.Ave.15Minutes.3Hours.MIXED-COMPUTED-REV,1976.38,208.03,1768.35,SPIKE
2026-07-26 08:00:00,FOS.Flow-In.Ave.15Minutes.3Hours.MIXED-COMPUTED-REV,1465.42,208.03,1257.39,SPIKE
2026-07-27 01:00:00,FOS.Flow-In.Ave.15Minutes.3Hours.MIXED-COMPUTED-REV,1523.01,256.87,1266.15,SPIKE
2026-07-27 02:00:00,FOS.Flow-In.Ave.15Minutes.3Hours.MIXED-COMPUTED-REV,2013.52,256.87,1756.65,SPIKE
2026-07-27 03:00:00,FOS.Flow-In.Ave.15Minutes.3Hours.MIXED-COMPUTED-REV,2150.26,256.87,1893.40,SPIKE
2026-07-27 04:00:00,FOS.Flow-In.Ave.15Minutes.3Hours.MIXED-COMPUTED-REV,2195.40,256.87,1938.53,SPIKE
2026-07-27 05:00:00,FOS.Flow-In.Ave.15Minutes.3Hours.MIXED-COMPUTED-REV,2237.46,256.87,1980.59,SPIKE
2026-07-27 06:00:00,FOS.Flow-In.Ave.15Minutes.3Hours.MIXED-COMPUTED-REV,2237.52,256.87,1980.65,SPIKE
2026-07-27 07:00:00,FOS.Flow-In.Ave.15Minutes.3Hours.MIXED-COMPUTED-REV,2097.71,256.87,1840.84,SPIKE
2026-07-27 08:00:00,FOS.Flow-In.Ave.15Minutes.3Hours.MIXED-COMPUTED-REV,1626.45,256.87,1369.58,SPIKE
2026-07-28 01:00:00,FOS.Flow-In.Ave.15Minutes.3Hours.MIXED-COMPUTED-REV,1443.83,216.83,1227.00,SPIKE
2026-07-28 02:00:00,FOS.Flow-In.Ave.15Minutes.3Hours.MIXED-COMPUTED-REV,1917.07,216.83,1700.24,SPIKE
2026-07-28 03:00:00,FOS.Flow-In.Ave.15Minutes.3Hours.MIXED-COMPUTED-REV,2088.23,216.83,1871.40,SPIKE
2026-07-28 04:00:00,FOS.Flow-In.Ave.15Minutes.3Hours.MIXED-COMPUTED-REV,2153.09,216.83,1936.26,SPIKE
2026-07-28 05:00:00,FOS.Flow-In.Ave.15Minutes.3Hours.MIXED-COMPUTED-REV,2209.05,216.83,1992.22,SPIKE
2026-07-28 06:00:00,FOS.Flow-In.Ave.15Minutes.3Hours.MIXED-COMPUTED-REV,2179.81,216.83,1962.98,SPIKE
2026-07-28 07:00:00,FOS.Flow-In.Ave.15Minutes.3Hours.MIXED-COMPUTED-REV,1996.14,216.83,1779.31,SPIKE
2026-07-28 08:00:00,FOS.Flow-In.Ave.15Minutes.3Hours.MIXED-COMPUTED-REV,1491.75,216.83,1274.92,SPIKE
2026-07-29 02:00:00,FOS.Flow-In.Ave.15Minutes.3Hours.MIXED-COMPUTED-REV,1474.70,199.26,1275.44,SPIKE
2026-07-29 03:00:00,FOS.Flow-In.Ave.15Minutes.3Hours.MIXED-COMPUTED-REV,1959.81,199.26,1760.55,SPIKE
2026-07-29 04:00:00,FOS.Flow-In.Ave.15Minutes.3Hours.MIXED-COMPUTED-REV,2127.23,199.26,1927.97,SPIKE
2026-07-29 05:00:00,FOS.Flow-In.Ave.15Minutes.3Hours.MIXED-COMPUTED-REV,2188.93,199.26,1989.68,SPIKE
2026-07-29 06:00:00,FOS.Flow-In.Ave.15Minutes.3Hours.MIXED-COMPUTED-REV,2228.89,199.26,2029.63,SPIKE
2026-07-29 07:00:00,FOS.Flow-In.Ave.15Minutes.3Hours.MIXED-COMPUTED-REV,2227.42,199.26,2028.17,SPIKE
2026-07-29 08:00:00,FOS.Flow-In.Ave.15Minutes.3Hours.MIXED-COMPUTED-REV,2039.92,199.26,1840.67,SPIKE
2026-07-29 09:00:00,FOS.Flow-In.Ave.15Minutes.3Hours.MIXED-COMPUTED-REV,1549.48,199.26,1350.23,SPIKE
2026-07-30 01:00:00,FOS.Flow-In.Ave.15Minutes.3Hours.MIXED-COMPUTED-REV,1505.10,201.54,1303.56,SPIKE
2026-07-30 02:00:00,FOS.Flow-In.Ave.15Minutes.3Hours.MIXED-COMPUTED-REV,1980.70,201.54,1779.16,SPIKE
2026-07-30 03:00:00,FOS.Flow-In.Ave.15Minutes.3Hours.MIXED-COMPUTED-REV,2092.71,201.54,1891.17,SPIKE
2026-07-30 04:00:00,FOS.Flow-In.Ave.15Minutes.3Hours.MIXED-COMPUTED-REV,2162.59,201.54,1961.05,SPIKE
2026-07-30 05:00:00,FOS.Flow-In.Ave.15Minutes.3Hours.MIXED-COMPUTED-REV,2211.73,201.54,2010.18,SPIKE
2026-07-30 06:00:00,FOS.Flow-In.Ave.15Minutes.3Hours.MIXED-COMPUTED-REV,2231.39,201.54,2029.85,SPIKE
2026-07-30 07:00:00,FOS.Flow-In.Ave.15Minutes.3Hours.MIXED-COMPUTED-REV,2037.26,201.54,1835.72,SPIKE
2026-07-30 08:00:00,FOS.Flow-In.Ave.15Minutes.3Hours.MIXED-COMPUTED-REV,1538.77,201.54,1337.22,SPIKE
2026-07-31 01:00:00,FOS.Flow-In.Ave.15Minutes.3Hours.MIXED-COMPUTED-REV,1512.15,206.86,1305.29,SPIKE
2026-07-31 02:00:00,FOS.Flow-In.Ave.15Minutes.3Hours.MIXED-COMPUTED-REV,1964.69,206.86,1757.84,SPIKE
2026-07-31 03:00:00,FOS.Flow-In.Ave.15Minutes.3Hours.MIXED-COMPUTED-REV,2054.24,206.86,1847.38,SPIKE
2026-07-31 04:00:00,FOS.Flow-In.Ave.15Minutes.3Hours.MIXED-COMPUTED-REV,2107.01,206.86,1900.16,SPIKE
2026-07-31 05:00:00,FOS.Flow-In.Ave.15Minutes.3Hours.MIXED-COMPUTED-REV,2131.24,206.86,1924.38,SPIKE
2026-07-31 06:00:00,FOS.Flow-In.Ave.15Minutes.3Hours.MIXED-COMPUTED-REV,2125.01,206.86,1918.15,SPIKE
2026-07-31 07:00:00,FOS.Flow-In.Ave.15Minutes.3Hours.MIXED-COMPUTED-REV,1969.96,206.86,1763.10,SPIKE
2026-08-01 01:00:00,FOS.Flow-In.Ave.15Minutes.3Hours.MIXED-COMPUTED-REV,1890.04,166.01,1724.03,SPIKE
2026-08-01 02:00:00,FOS.Flow-In.Ave.15Minutes.3Hours.MIXED-COMPUTED-REV,1977.38,166.01,1811.38,SPIKE
2026-08-01 03:00:00,FOS.Flow-In.Ave.15Minutes.3Hours.MIXED-COMPUTED-REV,2000.09,166.01,1834.09,SPIKE
2026-08-01 04:00:00,FOS.Flow-In.Ave.15Minutes.3Hours.MIXED-COMPUTED-REV,2022.74,166.01,1856.74,SPIKE
2026-08-01 05:00:00,FOS.Flow-In.Ave.15Minutes.3Hours.MIXED-COMPUTED-REV,2021.25,171.43,1849.82,SPIKE
2026-08-01 06:00:00,FOS.Flow-In.Ave.15Minutes.3Hours.MIXED-COMPUTED-REV,1860.60,171.43,1689.18,SPIKE
2026-08-02 00:00:00,FOS.Flow-In.Ave.15Minutes.3Hours.MIXED-COMPUTED-REV,1505.97,210.20,1295.77,SPIKE
2026-08-02 01:00:00,FOS.Flow-In.Ave.15Minutes.3Hours.MIXED-COMPUTED-REV,1969.81,210.20,1759.62,SPIKE
2026-08-02 02:00:00,FOS.Flow-In.Ave.15Minutes.3Hours.MIXED-COMPUTED-REV,2043.03,210.20,1832.83,SPIKE
2026-08-02 03:00:00,FOS.Flow-In.Ave.15Minutes.3Hours.MIXED-COMPUTED-REV,2033.43,210.20,1823.24,SPIKE
2026-08-02 04:00:00,FOS.Flow-In.Ave.15Minutes.3Hours.MIXED-COMPUTED-REV,2044.29,210.20,1834.09,SPIKE
2026-08-02 05:00:00,FOS.Flow-In.Ave.15Minutes.3Hours.MIXED-COMPUTED-REV,2047.00,210.20,1836.80,SPIKE
2026-08-02 06:00:00,FOS.Flow-In.Ave.15Minutes.3Hours.MIXED-COMPUTED-REV,1952.64,210.20,1742.44,SPIKE
2026-08-02 07:00:00,FOS.Flow-In.Ave.15Minutes.3Hours.MIXED-COMPUTED-REV,1528.79,210.20,1318.59,SPIKE
2026-08-03 00:00:00,FOS.Flow-In.Ave.15Minutes.3Hours.MIXED-COMPUTED-REV,1466.02,140.01,1326.00,SPIKE
2026-08-03 01:00:00,FOS.Flow-In.Ave.15Minutes.3Hours.MIXED-COMPUTED-REV,1997.29,140.01,1857.28,SPIKE
2026-08-03 02:00:00,FOS.Flow-In.Ave.15Minutes.3Hours.MIXED-COMPUTED-REV,2112.07,148.49,1963.58,SPIKE
2026-08-03 03:00:00,FOS.Flow-In.Ave.15Minutes.3Hours.MIXED-COMPUTED-REV,2057.14,148.49,1908.65,SPIKE
2026-08-03 04:00:00,FOS.Flow-In.Ave.15Minutes.3Hours.MIXED-COMPUTED-REV,2034.94,148.49,1886.45,SPIKE
2026-08-03 05:00:00,FOS.Flow-In.Ave.15Minutes.3Hours.MIXED-COMPUTED-REV,2045.90,148.49,1897.41,SPIKE
2026-08-03 06:00:00,FOS.Flow-In.Ave.15Minutes.3Hours.MIXED-COMPUTED-REV,1925.15,148.49,1776.66,SPIKE
2026-08-03 07:00:00,FOS.Flow-In.Ave.15Minutes.3Hours.MIXED-COMPUTED-REV,1449.80,148.49,1301.31,SPIKE
2026-08-04 00:00:00,FOS.Flow-In.Ave.15Minutes.3Hours.MIXED-COMPUTED-REV,2034.49,265.70,1768.78,SPIKE
2026-08-04 01:00:00,FOS.Flow-In.Ave.15Minutes.3Hours.MIXED-COMPUTED-REV,2121.14,265.70,1855.44,SPIKE
2026-08-04 02:00:00,FOS.Flow-In.Ave.15Minutes.3Hours.MIXED-COMPUTED-REV,2110.11,265.70,1844.40,SPIKE
2026-08-04 03:00:00,FOS.Flow-In.Ave.15Minutes.3Hours.MIXED-COMPUTED-REV,2132.92,265.70,1867.21,SPIKE
2026-08-04 04:00:00,FOS.Flow-In.Ave.15Minutes.3Hours.MIXED-COMPUTED-REV,2120.02,265.70,1854.31,SPIKE
2026-08-04 05:00:00,FOS.Flow-In.Ave.15Minutes.3Hours.MIXED-COMPUTED-REV,2110.99,265.70,1845.29,SPIKE
2026-08-04 06:00:00,FOS.Flow-In.Ave.15Minutes.3Hours.MIXED-COMPUTED-REV,1929.97,265.70,1664.26,SPIKE
2026-08-05 00:00:00,FOS.Flow-In.Ave.15Minutes.3Hours.MIXED-COMPUTED-REV,1973.08,230.33,1742.75,SPIKE
2026-08-05 01:00:00,FOS.Flow-In.Ave.15Minutes.3Hours.MIXED-COMPUTED-REV,2078.14,230.33,1847.81,SPIKE
2026-08-05 02:00:00,FOS.Flow-In.Ave.15Minutes.3Hours.MIXED-COMPUTED-REV,2088.39,230.33,1858.06,SPIKE
2026-08-05 03:00:00,FOS.Flow-In.Ave.15Minutes.3Hours.MIXED-COMPUTED-REV,2089.93,230.33,1859.60,SPIKE
2026-08-05 04:00:00,FOS.Flow-In.Ave.15Minutes.3Hours.MIXED-COMPUTED-REV,2092.67,230.33,1862.34,SPIKE
2026-08-05 05:00:00,FOS.Flow-In.Ave.15Minutes.3Hours.MIXED-COMPUTED-REV,2082.91,230.33,1852.58,SPIKE
2026-08-05 06:00:00,FOS.Flow-In.Ave.15Minutes.3Hours.MIXED-COMPUTED-REV,1921.66,230.33,1691.33,SPIKE
2026-08-06 00:00:00,FOS.Flow-In.Ave.15Minutes.3Hours.MIXED-COMPUTED-REV,1924.68,212.00,1712.67,SPIKE
2026-08-06 01:00:00,FOS.Flow-In.Ave.15Minutes.3Hours.MIXED-COMPUTED-REV,2038.74,212.00,1826.73,SPIKE
2026-08-06 02:00:00,FOS.Flow-In.Ave.15Minutes.3Hours.MIXED-COMPUTED-REV,2023.85,212.00,1811.85,SPIKE
2026-08-06 03:00:00,FOS.Flow-In.Ave.15Minutes.3Hours.MIXED-COMPUTED-REV,2027.88,212.00,1815.88,SPIKE
2026-08-06 04:00:00,FOS.Flow-In.Ave.15Minutes.3Hours.MIXED-COMPUTED-REV,2065.72,212.00,1853.71,SPIKE
2026-08-06 05:00:00,FOS.Flow-In.Ave.15Minutes.3Hours.MIXED-COMPUTED-REV,2093.76,212.00,1881.76,SPIKE
2026-08-06 06:00:00,FOS.Flow-In.Ave.15Minutes.3Hours.MIXED-COMPUTED-REV,1935.49,212.00,1723.49,SPIKE
2026-08-07 00:00:00,FOS.Flow-In.Ave.15Minutes.3Hours.MIXED-COMPUTED-REV,1929.89,229.65,1700.24,SPIKE
2026-08-07 01:00:00,FOS.Flow-In.Ave.15Minutes.3Hours.MIXED-COMPUTED-REV,2037.59,229.65,1807.95,SPIKE
2026-08-07 02:00:00,FOS.Flow-In.Ave.15Minutes.3Hours.MIXED-COMPUTED-REV,2037.04,229.65,1807.39,SPIKE
2026-08-07 03:00:00,FOS.Flow-In.Ave.15Minutes.3Hours.MIXED-COMPUTED-REV,2045.77,229.65,1816.13,SPIKE
2026-08-07 04:00:00,FOS.Flow-In.Ave.15Minutes.3Hours.MIXED-COMPUTED-REV,2051.46,229.65,1821.81,SPIKE
2026-08-07 05:00:00,FOS.Flow-In.Ave.15Minutes.3Hours.MIXED-COMPUTED-REV,2051.54,229.65,1821.89,SPIKE
2026-08-07 06:00:00,FOS.Flow-In.Ave.15Minutes.3Hours.MIXED-COMPUTED-REV,1871.59,229.65,1641.94,SPIKE
2026-08-07 08:00:00,FOS.Flow-In.Ave.15Minutes.3Hours.MIXED-COMPUTED-REV,752.29,229.65,522.65,SPIKE
2026-08-10 00:00:00,FOS.Flow-In.Ave.15Minutes.3Hours.MIXED-COMPUTED-REV,1934.65,165.69,1768.96,SPIKE
2026-08-10 01:00:00,FOS.Flow-In.Ave.15Minutes.3Hours.MIXED-COMPUTED-REV,2029.13,165.69,1863.44,SPIKE
2026-08-10 02:00:00,FOS.Flow-In.Ave.15Minutes.3Hours.MIXED-COMPUTED-REV,2033.20,165.69,1867.51,SPIKE
2026-08-10 03:00:00,FOS.Flow-In.Ave.15Minutes.3Hours.MIXED-COMPUTED-REV,2038.28,165.69,1872.59,SPIKE
2026-08-10 04:00:00,FOS.Flow-In.Ave.15Minutes.3Hours.MIXED-COMPUTED-REV,2039.94,165.69,1874.24,SPIKE
2026-08-10 05:00:00,FOS.Flow-In.Ave.15Minutes.3Hours.MIXED-COMPUTED-REV,2033.59,165.69,1867.89,SPIKE
2026-08-10 06:00:00,FOS.Flow-In.Ave.15Minutes.3Hours.MIXED-COMPUTED-REV,1862.66,165.69,1696.97,SPIKE
2026-08-11 00:00:00,FOS.Flow-In.Ave.15Minutes.3Hours.MIXED-COMPUTED-REV,2053.03,184.47,1868.55,SPIKE
2026-08-11 01:00:00,FOS.Flow-In.Ave.15Minutes.3Hours.MIXED-COMPUTED-REV,2159.06,184.47,1974.59,SPIKE
2026-08-11 02:00:00,FOS.Flow-In.Ave.15Minutes.3Hours.MIXED-COMPUTED-REV,2145.83,184.47,1961.35,SPIKE
2026-08-11 03:00:00,FOS.Flow-In.Ave.15Minutes.3Hours.MIXED-COMPUTED-REV,2128.28,184.47,1943.81,SPIKE
2026-08-11 04:00:00,FOS.Flow-In.Ave.15Minutes.3Hours.MIXED-COMPUTED-REV,2129.01,184.47,1944.53,SPIKE
2026-08-11 05:00:00,FOS.Flow-In.Ave.15Minutes.3Hours.MIXED-COMPUTED-REV,2124.94,184.47,1940.46,SPIKE
2026-08-11 06:00:00,FOS.Flow-In.Ave.15Minutes.3Hours.MIXED-COMPUTED-REV,1956.18,184.47,1771.70,SPIKE
2026-08-12 00:00:00,FOS.Flow-In.Ave.15Minutes.3Hours.MIXED-COMPUTED-REV,1997.56,188.07,1809.48,SPIKE
2026-08-12 01:00:00,FOS.Flow-In.Ave.15Minutes.3Hours.MIXED-COMPUTED-REV,2090.44,188.07,1902.36,SPIKE
2026-08-12 02:00:00,FOS.Flow-In.Ave.15Minutes.3Hours.MIXED-COMPUTED-REV,2062.45,188.07,1874.37,SPIKE
2026-08-12 03:00:00,FOS.Flow-In.Ave.15Minutes.3Hours.MIXED-COMPUTED-REV,2036.30,188.07,1848.23,SPIKE
2026-08-12 04:00:00,FOS.Flow-In.Ave.15Minutes.3Hours.MIXED-COMPUTED-REV,2054.37,188.07,1866.30,SPIKE
2026-08-12 05:00:00,FOS.Flow-In.Ave.15Minutes.3Hours.MIXED-COMPUTED-REV,2087.06,188.07,1898.99,SPIKE
2026-08-12 06:00:00,FOS.Flow-In.Ave.15Minutes.3Hours.MIXED-COMPUTED-REV,1949.50,188.07,1761.43,SPIKE
2026-08-13 00:00:00,FOS.Flow-In.Ave.15Minutes.3Hours.MIXED-COMPUTED-REV,1981.75,201.76,1779.98,SPIKE
2026-08-13 01:00:00,FOS.Flow-In.Ave.15Minutes.3Hours.MIXED-COMPUTED-REV,2079.95,201.76,1878.19,SPIKE
2026-08-13 02:00:00,FOS.Flow-In.Ave.15Minutes.3Hours.MIXED-COMPUTED-REV,2059.14,201.76,1857.38,SPIKE
2026-08-13 03:00:00,FOS.Flow-In.Ave.15Minutes.3Hours.MIXED-COMPUTED-REV,2055.72,201.76,1853.96,SPIKE
2026-08-13 04:00:00,FOS.Flow-In.Ave.15Minutes.3Hours.MIXED-COMPUTED-REV,2075.79,201.76,1874.03,SPIKE
2026-08-13 05:00:00,FOS.Flow-In.Ave.15Minutes.3Hours.MIXED-COMPUTED-REV,2093.30,201.76,1891.54,SPIKE
2026-08-13 06:00:00,FOS.Flow-In.Ave.15Minutes.3Hours.MIXED-COMPUTED-REV,1937.35,201.76,1735.59,SPIKE
2026-08-17 08:00:00,FOS.Flow-In.Ave.15Minutes.3Hours.MIXED-COMPUTED-REV,1413.82,743.96,669.86,SPIKE
2026-08-29 00:00:00,FOS.Flow-In.Ave.15Minutes.3Hours.MIXED-COMPUTED-REV,1837.08,248.98,1588.10,SPIKE
2026-08-29 01:00:00,FOS.Flow-In.Ave.15Minutes.3Hours.MIXED-COMPUTED-REV,1953.88,248.98,1704.90,SPIKE
2026-08-29 02:00:00,FOS.Flow-In.Ave.15Minutes.3Hours.MIXED-COMPUTED-REV,1997.55,248.98,1748.57,SPIKE
2026-08-29 03:00:00,FOS.Flow-In.Ave.15Minutes.3Hours.MIXED-COMPUTED-REV,2020.88,248.98,1771.89,SPIKE
2026-08-29 04:00:00,FOS.Flow-In.Ave.15Minutes.3Hours.MIXED-COMPUTED-REV,2024.67,248.98,1775.69,SPIKE
2026-08-29 05:00:00,FOS.Flow-In.Ave.15Minutes.3Hours.MIXED-COMPUTED-REV,2009.99,248.98,1761.01,SPIKE
2026-08-29 06:00:00,FOS.Flow-In.Ave.15Minutes.3Hours.MIXED-COMPUTED-REV,1832.29,248.98,1583.31,SPIKE
2026-08-30 00:00:00,FOS.Flow-In.Ave.15Minutes.3Hours.MIXED-COMPUTED-REV,1851.33,229.50,1621.83,SPIKE
2026-08-30 01:00:00,FOS.Flow-In.Ave.15Minutes.3Hours.MIXED-COMPUTED-REV,1941.64,229.50,1712.14,SPIKE
2026-08-30 02:00:00,FOS.Flow-In.Ave.15Minutes.3Hours.MIXED-COMPUTED-REV,1979.78,229.50,1750.28,SPIKE
2026-08-30 03:00:00,FOS.Flow-In.Ave.15Minutes.3Hours.MIXED-COMPUTED-REV,1992.75,229.50,1763.25,SPIKE
2026-08-30 04:00:00,FOS.Flow-In.Ave.15Minutes.3Hours.MIXED-COMPUTED-REV,2013.27,229.50,1783.78,SPIKE
2026-08-30 05:00:00,FOS.Flow-In.Ave.15Minutes.3Hours.MIXED-COMPUTED-REV,1984.64,229.50,1755.14,SPIKE
2026-08-30 06:00:00,FOS.Flow-In.Ave.15Minutes.3Hours.MIXED-COMPUTED-REV,1828.41,229.50,1598.91,SPIKE
2026-08-31 00:00:00,FOS.Flow-In.Ave.15Minutes.3Hours.MIXED-COMPUTED-REV,1863.56,229.16,1634.39,SPIKE
2026-08-31 01:00:00,FOS.Flow-In.Ave.15Minutes.3Hours.MIXED-COMPUTED-REV,1952.63,229.16,1723.46,SPIKE
2026-08-31 02:00:00,FOS.Flow-In.Ave.15Minutes.3Hours.MIXED-COMPUTED-REV,1985.58,229.16,1756.41,SPIKE
2026-08-31 03:00:00,FOS.Flow-In.Ave.15Minutes.3Hours.MIXED-COMPUTED-REV,2019.18,229.16,1790.02,SPIKE
2026-08-31 04:00:00,FOS.Flow-In.Ave.15Minutes.3Hours.MIXED-COMPUTED-REV,2021.94,229.16,1792.77,SPIKE
2026-08-31 05:00:00,FOS.Flow-In.Ave.15Minutes.3Hours.MIXED-COMPUTED-REV,2010.99,229.16,1781.82,SPIKE
2026-08-31 06:00:00,FOS.Flow-In.Ave.15Minutes.3Hours.MIXED-COMPUTED-REV,1821.42,229.16,1592.25,SPIKE
2026-09-03 09:00:00,FOS.Flow-In.Ave.15Minutes.3Hours.MIXED-COMPUTED-REV,237.51,2039.22,-1801.71,SPIKE
2026-09-03 10:00:00,FOS.Flow-In.Ave.15Minutes.3Hours.MIXED-COMPUTED-REV,87.16,2039.22,-1952.06,SPIKE
2026-09-03 11:00:00,FOS.Flow-In.Ave.15Minutes.3Hours.MIXED-COMPUTED-REV,89.60,2039.22,-1949.62,SPIKE
2026-09-03 12:00:00,FOS.Flow-In.Ave.15Minutes.3Hours.MIXED-COMPUTED-REV,106.11,2042.00,-1935.89,SPIKE
2026-09-03 13:00:00,FOS.Flow-In.Ave.15Minutes.3Hours.MIXED-COMPUTED-REV,73.79,2051.49,-1977.70,SPIKE
2026-09-03 14:00:00,FOS.Flow-In.Ave.15Minutes.3Hours.MIXED-COMPUTED-REV,212.96,2051.49,-1838.52,SPIKE
2026-09-03 15:00:00,FOS.Flow-In.Ave.15Minutes.3Hours.MIXED-COMPUTED-REV,742.72,2051.33,-1308.61,SPIKE
2026-09-04 08:00:00,FOS.Flow-In.Ave.15Minutes.3Hours.MIXED-COMPUTED-REV,842.50,2042.10,-1199.59,SPIKE
2026-09-04 09:00:00,FOS.Flow-In.Ave.15Minutes.3Hours.MIXED-COMPUTED-REV,344.71,2036.70,-1691.99,SPIKE
2026-09-04 10:00:00,FOS.Flow-In.Ave.15Minutes.3Hours.MIXED-COMPUTED-REV,182.34,2031.30,-1848.96,SPIKE
2026-09-04 11:00:00,FOS.Flow-In.Ave.15Minutes.3Hours.MIXED-COMPUTED-REV,128.28,1977.12,-1848.84,SPIKE
2026-09-04 12:00:00,FOS.Flow-In.Ave.15Minutes.3Hours.MIXED-COMPUTED-REV,99.79,1922.93,-1823.14,SPIKE
2026-09-06 04:00:00,FOS.Flow-In.Ave.15Minutes.3Hours.MIXED-COMPUTED-REV,4091.92,249.60,3842.33,SPIKE
2026-09-06 05:00:00,FOS.Flow-In.Ave.15Minutes.3Hours.MIXED-COMPUTED-REV,4065.21,245.41,3819.80,SPIKE
2026-09-06 06:00:00,FOS.Flow-In.Ave.15Minutes.3Hours.MIXED-COMPUTED-REV,3632.21,241.22,3390.99,SPIKE
2026-09-06 07:00:00,FOS.Flow-In.Ave.15Minutes.3Hours.MIXED-COMPUTED-REV,2555.50,221.63,2333.87,SPIKE
2026-09-06 23:00:00,FOS.Flow-In.Ave.15Minutes.3Hours.MIXED-COMPUTED-REV,2380.49,335.67,2044.82,SPIKE
2026-09-07 00:00:00,FOS.Flow-In.Ave.15Minutes.3Hours.MIXED-COMPUTED-REV,3489.10,335.67,3153.44,SPIKE
2026-09-07 01:00:00,FOS.Flow-In.Ave.15Minutes.3Hours.MIXED-COMPUTED-REV,4014.71,335.67,3679.05,SPIKE
2026-09-07 02:00:00,FOS.Flow-In.Ave.15Minutes.3Hours.MIXED-COMPUTED-REV,4098.60,335.67,3762.94,SPIKE
2026-09-07 03:00:00,FOS.Flow-In.Ave.15Minutes.3Hours.MIXED-COMPUTED-REV,4090.51,335.67,3754.84,SPIKE
2026-09-07 04:00:00,FOS.Flow-In.Ave.15Minutes.3Hours.MIXED-COMPUTED-REV,4074.63,335.67,3738.97,SPIKE
2026-09-07 05:00:00,FOS.Flow-In.Ave.15Minutes.3Hours.MIXED-COMPUTED-REV,4043.15,335.67,3707.48,SPIKE
2026-09-07 06:00:00,FOS.Flow-In.Ave.15Minutes.3Hours.MIXED-COMPUTED-REV,3621.56,335.67,3285.90,SPIKE
2026-09-07 07:00:00,FOS.Flow-In.Ave.15Minutes.3Hours.MIXED-COMPUTED-REV,2535.48,335.67,2199.82,SPIKE
2026-09-07 23:00:00,FOS.Flow-In.Ave.15Minutes.3Hours.MIXED-COMPUTED-REV,2360.01,318.06,2041.95,SPIKE
2026-09-08 00:00:00,FOS.Flow-In.Ave.15Minutes.3Hours.MIXED-COMPUTED-REV,3446.89,318.06,3128.83,SPIKE
2026-09-08 01:00:00,FOS.Flow-In.Ave.15Minutes.3Hours.MIXED-COMPUTED-REV,3983.13,318.06,3665.07,SPIKE
2026-09-08 02:00:00,FOS.Flow-In.Ave.15Minutes.3Hours.MIXED-COMPUTED-REV,4053.85,318.06,3735.79,SPIKE
2026-09-08 03:00:00,FOS.Flow-In.Ave.15Minutes.3Hours.MIXED-COMPUTED-REV,4068.79,318.06,3750.73,SPIKE
2026-09-08 04:00:00,FOS.Flow-In.Ave.15Minutes.3Hours.MIXED-COMPUTED-REV,4070.67,318.06,3752.61,SPIKE
2026-09-08 05:00:00,FOS.Flow-In.Ave.15Minutes.3Hours.MIXED-COMPUTED-REV,4033.94,318.06,3715.88,SPIKE
2026-09-08 06:00:00,FOS.Flow-In.Ave.15Minutes.3Hours.MIXED-COMPUTED-REV,3638.61,318.06,3320.55,SPIKE
2026-09-08 07:00:00,FOS.Flow-In.Ave.15Minutes.3Hours.MIXED-COMPUTED-REV,2564.33,318.06,2246.27,SPIKE
2026-09-08 23:00:00,FOS.Flow-In.Ave.15Minutes.3Hours.MIXED-COMPUTED-REV,2356.69,315.98,2040.71,SPIKE
2026-09-09 00:00:00,FOS.Flow-In.Ave.15Minutes.3Hours.MIXED-COMPUTED-REV,3463.16,315.98,3147.18,SPIKE
2026-09-09 01:00:00,FOS.Flow-In.Ave.15Minutes.3Hours.MIXED-COMPUTED-REV,4009.36,315.98,3693.38,SPIKE
2026-09-09 02:00:00,FOS.Flow-In.Ave.15Minutes.3Hours.MIXED-COMPUTED-REV,4096.91,315.98,3780.93,SPIKE
2026-09-09 03:00:00,FOS.Flow-In.Ave.15Minutes.3Hours.MIXED-COMPUTED-REV,4105.14,315.98,3789.16,SPIKE
2026-09-09 04:00:00,FOS.Flow-In.Ave.15Minutes.3Hours.MIXED-COMPUTED-REV,4083.52,315.98,3767.54,SPIKE
2026-09-09 05:00:00,FOS.Flow-In.Ave.15Minutes.3Hours.MIXED-COMPUTED-REV,4045.84,315.98,3729.86,SPIKE
2026-09-09 06:00:00,FOS.Flow-In.Ave.15Minutes.3Hours.MIXED-COMPUTED-REV,3613.38,315.98,3297.40,SPIKE
2026-09-09 07:00:00,FOS.Flow-In.Ave.15Minutes.3Hours.MIXED-COMPUTED-REV,2517.71,315.98,2201.73,SPIKE
2026-09-09 23:00:00,FOS.Flow-In.Ave.15Minutes.3Hours.MIXED-COMPUTED-REV,2320.54,317.99,2002.55,SPIKE
2026-09-10 00:00:00,FOS.Flow-In.Ave.15Minutes.3Hours.MIXED-COMPUTED-REV,3424.00,317.99,3106.00,SPIKE
2026-09-10 01:00:00,FOS.Flow-In.Ave.15Minutes.3Hours.MIXED-COMPUTED-REV,3960.77,317.99,3642.78,SPIKE
2026-09-10 02:00:00,FOS.Flow-In.Ave.15Minutes.3Hours.MIXED-COMPUTED-REV,4044.83,317.99,3726.83,SPIKE
2026-09-10 03:00:00,FOS.Flow-In.Ave.15Minutes.3Hours.MIXED-COMPUTED-REV,4043.33,317.99,3725.34,SPIKE
2026-09-10 04:00:00,FOS.Flow-In.Ave.15Minutes.3Hours.MIXED-COMPUTED-REV,4024.73,317.99,3706.74,SPIKE
2026-09-10 05:00:00,FOS.Flow-In.Ave.15Minutes.3Hours.MIXED-COMPUTED-REV,3979.56,317.99,3661.57,SPIKE
2026-09-10 06:00:00,FOS.Flow-In.Ave.15Minutes.3Hours.MIXED-COMPUTED-REV,3567.04,317.99,3249.05,SPIKE
2026-09-10 07:00:00,FOS.Flow-In.Ave.15Minutes.3Hours.MIXED-COMPUTED-REV,2525.78,317.99,2207.78,SPIKE
2026-09-10 23:00:00,FOS.Flow-In.Ave.15Minutes.3Hours.MIXED-COMPUTED-REV,2262.93,329.84,1933.08,SPIKE
2026-09-11 00:00:00,FOS.Flow-In.Ave.15Minutes.3Hours.MIXED-COMPUTED-REV,3374.94,329.84,3045.10,SPIKE
2026-09-11 01:00:00,FOS.Flow-In.Ave.15Minutes.3Hours.MIXED-COMPUTED-REV,3911.41,329.84,3581.56,SPIKE
2026-09-11 02:00:00,FOS.Flow-In.Ave.15Minutes.3Hours.MIXED-COMPUTED-REV,3973.40,329.84,3643.55,SPIKE
2026-09-11 03:00:00,FOS.Flow-In.Ave.15Minutes.3Hours.MIXED-COMPUTED-REV,3940.08,329.84,3610.24,SPIKE
2026-09-11 04:00:00,FOS.Flow-In.Ave.15Minutes.3Hours.MIXED-COMPUTED-REV,3920.77,329.84,3590.93,SPIKE
2026-09-11 05:00:00,FOS.Flow-In.Ave.15Minutes.3Hours.MIXED-COMPUTED-REV,3884.66,329.84,3554.81,SPIKE
2026-09-11 06:00:00,FOS.Flow-In.Ave.15Minutes.3Hours.MIXED-COMPUTED-REV,3478.74,329.84,3148.90,SPIKE
2026-09-11 07:00:00,FOS.Flow-In.Ave.15Minutes.3Hours.MIXED-COMPUTED-REV,2417.64,329.84,2087.79,SPIKE
2026-09-12 00:00:00,FOS.Flow-In.Ave.15Minutes.3Hours.MIXED-COMPUTED-REV,3310.27,340.56,2969.72,SPIKE
2026-09-12 01:00:00,FOS.Flow-In.Ave.15Minutes.3Hours.MIXED-COMPUTED-REV,3898.47,340.56,3557.92,SPIKE
2026-09-12 02:00:00,FOS.Flow-In.Ave.15Minutes.3Hours.MIXED-COMPUTED-REV,4009.41,340.56,3668.85,SPIKE
2026-09-12 03:00:00,FOS.Flow-In.Ave.15Minutes.3Hours.MIXED-COMPUTED-REV,4035.87,340.56,3695.31,SPIKE
2026-09-12 04:00:00,FOS.Flow-In.Ave.15Minutes.3Hours.MIXED-COMPUTED-REV,4025.73,340.56,3685.17,SPIKE
2026-09-12 05:00:00,FOS.Flow-In.Ave.15Minutes.3Hours.MIXED-COMPUTED-REV,4009.61,340.56,3669.05,SPIKE
2026-09-12 06:00:00,FOS.Flow-In.Ave.15Minutes.3Hours.MIXED-COMPUTED-REV,3974.28,340.56,3633.72,SPIKE
2026-09-12 07:00:00,FOS.Flow-In.Ave.15Minutes.3Hours.MIXED-COMPUTED-REV,3555.55,340.56,3214.99,SPIKE
2026-09-12 08:00:00,FOS.Flow-In.Ave.15Minutes.3Hours.MIXED-COMPUTED-REV,2481.15,340.56,2140.60,SPIKE
2026-09-13 02:00:00,FOS.Flow-In.Ave.15Minutes.3Hours.MIXED-COMPUTED-REV,2638.67,313.12,2325.55,SPIKE
2026-09-13 03:00:00,FOS.Flow-In.Ave.15Minutes.3Hours.MIXED-COMPUTED-REV,3420.22,313.12,3107.10,SPIKE
2026-09-13 04:00:00,FOS.Flow-In.Ave.15Minutes.3Hours.MIXED-COMPUTED-REV,3812.05,313.12,3498.93,SPIKE
2026-09-13 05:00:00,FOS.Flow-In.Ave.15Minutes.3Hours.MIXED-COMPUTED-REV,3861.36,313.12,3548.24,SPIKE
2026-09-13 06:00:00,FOS.Flow-In.Ave.15Minutes.3Hours.MIXED-COMPUTED-REV,3844.42,313.12,3531.30,SPIKE
2026-09-13 07:00:00,FOS.Flow-In.Ave.15Minutes.3Hours.MIXED-COMPUTED-REV,3825.37,313.12,3512.25,SPIKE
2026-09-13 08:00:00,FOS.Flow-In.Ave.15Minutes.3Hours.MIXED-COMPUTED-REV,3396.35,313.12,3083.23,SPIKE
2026-09-13 09:00:00,FOS.Flow-In.Ave.15Minutes.3Hours.MIXED-COMPUTED-REV,2302.97,313.12,1989.85,SPIKE
2026-09-14 02:00:00,FOS.Flow-In.Ave.15Minutes.3Hours.MIXED-COMPUTED-REV,2652.72,316.87,2335.85,SPIKE
2026-09-14 03:00:00,FOS.Flow-In.Ave.15Minutes.3Hours.MIXED-COMPUTED-REV,3405.78,316.87,3088.91,SPIKE
2026-09-14 04:00:00,FOS.Flow-In.Ave.15Minutes.3Hours.MIXED-COMPUTED-REV,3811.99,316.87,3495.12,SPIKE
2026-09-14 05:00:00,FOS.Flow-In.Ave.15Minutes.3Hours.MIXED-COMPUTED-REV,3866.38,316.87,3549.51,SPIKE
2026-09-14 06:00:00,FOS.Flow-In.Ave.15Minutes.3Hours.MIXED-COMPUTED-REV,3838.79,316.87,3521.92,SPIKE
2026-09-14 07:00:00,FOS.Flow-In.Ave.15Minutes.3Hours.MIXED-COMPUTED-REV,3831.16,316.87,3514.29,SPIKE
2026-09-14 08:00:00,FOS.Flow-In.Ave.15Minutes.3Hours.MIXED-COMPUTED-REV,3443.26,316.87,3126.39,SPIKE
2026-09-14 09:00:00,FOS.Flow-In.Ave.15Minutes.3Hours.MIXED-COMPUTED-REV,2390.24,316.87,2073.37,SPIKE
2026-09-15 03:00:00,FOS.Flow-In.Ave.15Minutes.3Hours.MIXED-COMPUTED-REV,3490.05,271.86,3218.20,SPIKE
2026-09-15 04:00:00,FOS.Flow-In.Ave.15Minutes.3Hours.MIXED-COMPUTED-REV,3869.61,271.86,3597.76,SPIKE
2026-09-15 05:00:00,FOS.Flow-In.Ave.15Minutes.3Hours.MIXED-COMPUTED-REV,3920.99,271.86,3649.14,SPIKE
2026-09-15 06:00:00,FOS.Flow-In.Ave.15Minutes.3Hours.MIXED-COMPUTED-REV,3896.65,271.86,3624.79,SPIKE
2026-09-15 07:00:00,FOS.Flow-In.Ave.15Minutes.3Hours.MIXED-COMPUTED-REV,3876.68,271.86,3604.82,SPIKE
2026-09-15 08:00:00,FOS.Flow-In.Ave.15Minutes.3Hours.MIXED-COMPUTED-REV,3464.90,271.86,3193.04,SPIKE
2026-09-16 04:00:00,FOS.Flow-In.Ave.15Minutes.3Hours.MIXED-COMPUTED-REV,2648.90,366.80,2282.09,SPIKE
2026-09-16 05:00:00,FOS.Flow-In.Ave.15Minutes.3Hours.MIXED-COMPUTED-REV,3426.58,366.80,3059.78,SPIKE
2026-09-16 06:00:00,FOS.Flow-In.Ave.15Minutes.3Hours.MIXED-COMPUTED-REV,3816.72,366.80,3449.92,SPIKE
2026-09-16 07:00:00,FOS.Flow-In.Ave.15Minutes.3Hours.MIXED-COMPUTED-REV,3854.15,366.80,3487.35,SPIKE
2026-09-16 08:00:00,FOS.Flow-In.Ave.15Minutes.3Hours.MIXED-COMPUTED-REV,3508.60,366.80,3141.80,SPIKE
2026-09-16 09:00:00,FOS.Flow-In.Ave.15Minutes.3Hours.MIXED-COMPUTED-REV,2490.95,366.80,2124.14,SPIKE
2026-09-18 04:00:00,FOS.Flow-In.Ave.15Minutes.3Hours.MIXED-COMPUTED-REV,1768.87,200.70,1568.17,SPIKE
2026-09-18 05:00:00,FOS.Flow-In.Ave.15Minutes.3Hours.MIXED-COMPUTED-REV,1867.50,200.70,1666.80,SPIKE
2026-09-18 06:00:00,FOS.Flow-In.Ave.15Minutes.3Hours.MIXED-COMPUTED-REV,1857.42,200.70,1656.72,SPIKE
2026-09-18 07:00:00,FOS.Flow-In.Ave.15Minutes.3Hours.MIXED-COMPUTED-REV,1880.42,198.96,1681.47,SPIKE
2026-09-18 08:00:00,FOS.Flow-In.Ave.15Minutes.3Hours.MIXED-COMPUTED-REV,1745.96,161.96,1584.00,SPIKE
2026-09-18 13:00:00,FOS.Flow-In.Ave.15Minutes.3Hours.MIXED-COMPUTED-REV,-30.72,274.94,-305.66,NEGATIVE
2026-09-18 14:00:00,FOS.Flow-In.Ave.15Minutes.3Hours.MIXED-COMPUTED-REV,-22.88,281.48,-304.36,NEGATIVE
2026-09-18 19:00:00,FOS.Flow-In.Ave.15Minutes.3Hours.MIXED-COMPUTED-REV,-6.22,281.48,-287.70,NEGATIVE
2026-09-19 02:00:00,FOS.Flow-In.Ave.15Minutes.3Hours.MIXED-COMPUTED-REV,1735.98,190.57,1545.41,SPIKE
2026-09-19 03:00:00,FOS.Flow-In.Ave.15Minutes.3Hours.MIXED-COMPUTED-REV,1875.74,206.30,1669.43,SPIKE
2026-09-19 04:00:00,FOS.Flow-In.Ave.15Minutes.3Hours.MIXED-COMPUTED-REV,1901.43,206.30,1695.12,SPIKE
2026-09-19 05:00:00,FOS.Flow-In.Ave.15Minutes.3Hours.MIXED-COMPUTED-REV,1915.90,206.30,1709.59,SPIKE
2026-09-19 06:00:00,FOS.Flow-In.Ave.15Minutes.3Hours.MIXED-COMPUTED-REV,1782.27,206.30,1575.97,SPIKE
2026-09-19 07:00:00,FOS.Flow-In.Ave.15Minutes.3Hours.MIXED-COMPUTED-REV,1337.38,210.40,1126.98,SPIKE
2026-09-20 01:00:00,FOS.Flow-In.Ave.15Minutes.3Hours.MIXED-COMPUTED-REV,1303.97,210.40,1093.57,SPIKE
2026-09-20 02:00:00,FOS.Flow-In.Ave.15Minutes.3Hours.MIXED-COMPUTED-REV,1748.81,210.40,1538.41,SPIKE
2026-09-20 03:00:00,FOS.Flow-In.Ave.15Minutes.3Hours.MIXED-COMPUTED-REV,1871.73,210.40,1661.33,SPIKE
2026-09-20 04:00:00,FOS.Flow-In.Ave.15Minutes.3Hours.MIXED-COMPUTED-REV,1881.55,205.14,1676.41,SPIKE
2026-09-20 05:00:00,FOS.Flow-In.Ave.15Minutes.3Hours.MIXED-COMPUTED-REV,1844.80,205.14,1639.67,SPIKE
2026-09-20 06:00:00,FOS.Flow-In.Ave.15Minutes.3Hours.MIXED-COMPUTED-REV,1739.97,205.14,1534.83,SPIKE
2026-09-21 03:00:00,FOS.Flow-In.Ave.15Minutes.3Hours.MIXED-COMPUTED-REV,1760.27,281.12,1479.15,SPIKE
2026-09-21 04:00:00,FOS.Flow-In.Ave.15Minutes.3Hours.MIXED-COMPUTED-REV,1799.01,281.12,1517.89,SPIKE
2026-09-21 05:00:00,FOS.Flow-In.Ave.15Minutes.3Hours.MIXED-COMPUTED-REV,1820.15,281.12,1539.03,SPIKE
2026-09-21 06:00:00,FOS.Flow-In.Ave.15Minutes.3Hours.MIXED-COMPUTED-REV,1718.23,281.12,1437.11,SPIKE
2026-09-22 01:00:00,FOS.Flow-In.Ave.15Minutes.3Hours.MIXED-COMPUTED-REV,1259.74,147.02,1112.72,SPIKE
2026-09-22 02:00:00,FOS.Flow-In.Ave.15Minutes.3Hours.MIXED-COMPUTED-REV,1665.76,149.72,1516.04,SPIKE
2026-09-22 03:00:00,FOS.Flow-In.Ave.15Minutes.3Hours.MIXED-COMPUTED-REV,1776.55,149.72,1626.82,SPIKE
2026-09-22 04:00:00,FOS.Flow-In.Ave.15Minutes.3Hours.MIXED-COMPUTED-REV,1794.18,149.72,1644.46,SPIKE
2026-09-22 05:00:00,FOS.Flow-In.Ave.15Minutes.3Hours.MIXED-COMPUTED-REV,1806.04,149.72,1656.32,SPIKE
2026-09-22 06:00:00,FOS.Flow-In.Ave.15Minutes.3Hours.MIXED-COMPUTED-REV,1708.31,147.02,1561.29,SPIKE
2026-09-22 07:00:00,FOS.Flow-In.Ave.15Minutes.3Hours.MIXED-COMPUTED-REV,1316.28,149.72,1166.56,SPIKE
2026-09-23 01:00:00,FOS.Flow-In.Ave.15Minutes.3Hours.MIXED-COMPUTED-REV,1201.07,156.72,1044.35,SPIKE
2026-09-23 02:00:00,FOS.Flow-In.Ave.15Minutes.3Hours.MIXED-COMPUTED-REV,1682.68,156.72,1525.96,SPIKE
2026-09-23 03:00:00,FOS.Flow-In.Ave.15Minutes.3Hours.MIXED-COMPUTED-REV,1848.08,156.72,1691.36,SPIKE
2026-09-23 04:00:00,FOS.Flow-In.Ave.15Minutes.3Hours.MIXED-COMPUTED-REV,1870.49,156.72,1713.77,SPIKE
2026-09-23 05:00:00,FOS.Flow-In.Ave.15Minutes.3Hours.MIXED-COMPUTED-REV,1877.04,156.72,1720.32,SPIKE
2026-09-23 06:00:00,FOS.Flow-In.Ave.15Minutes.3Hours.MIXED-COMPUTED-REV,1771.35,156.72,1614.63,SPIKE
2026-09-23 07:00:00,FOS.Flow-In.Ave.15Minutes.3Hours.MIXED-COMPUTED-REV,1345.03,156.72,1188.31,SPIKE
2026-09-24 01:00:00,FOS.Flow-In.Ave.15Minutes.3Hours.MIXED-COMPUTED-REV,1051.12,208.20,842.91,SPIKE
2026-09-24 02:00:00,FOS.Flow-In.Ave.15Minutes.3Hours.MIXED-COMPUTED-REV,1553.69,208.20,1345.49,SPIKE
2026-09-24 03:00:00,FOS.Flow-In.Ave.15Minutes.3Hours.MIXED-COMPUTED-REV,1799.43,208.20,1591.23,SPIKE
2026-09-24 04:00:00,FOS.Flow-In.Ave.15Minutes.3Hours.MIXED-COMPUTED-REV,1840.13,208.20,1631.93,SPIKE
2026-09-24 05:00:00,FOS.Flow-In.Ave.15Minutes.3Hours.MIXED-COMPUTED-REV,1829.74,208.20,1621.54,SPIKE
2026-09-24 06:00:00,FOS.Flow-In.Ave.15Minutes.3Hours.MIXED-COMPUTED-REV,1730.12,208.20,1521.92,SPIKE
2026-09-24 07:00:00,FOS.Flow-In.Ave.15Minutes.3Hours.MIXED-COMPUTED-REV,1351.19,208.20,1142.99,SPIKE
2026-09-28 17:00:00,FOS.Flow-In.Ave.15Minutes.3Hours.MIXED-COMPUTED-REV,-110.06,914.24,-1024.30,NEGATIVE
2026-09-28 18:00:00,FOS.Flow-In.Ave.15Minutes.3Hours.MIXED-COMPUTED-REV,-127.49,914.24,-1041.72,NEGATIVE
2025-10-01 00:00:00,FRN.Flow-In.Ave.15Minutes.3Hours.MIXED-COMPUTED-REV,-540.42,68.39,-608.81,"SPIKE,NEGATIVE"
2025-10-01 01:00:00,FRN.Flow-In.Ave.15Minutes.3Hours.MIXED-COMPUTED-REV,-58.22,61.98,-120.20,NEGATIVE
2025-10-01 09:00:00,FRN.Flow-In.Ave.15Minutes.3Hours.MIXED-COMPUTED-REV,-20.37,30.38,-50.75,NEGATIVE
2025-10-01 12:00:00,FRN.Flow-In.Ave.15Minutes.3Hours.MIXED-COMPUTED-REV,-20.37,67.83,-88.20,NEGATIVE
2025-10-01 13:00:00,FRN.Flow-In.Ave.15Minutes.3Hours.MIXED-COMPUTED-REV,-172.34,67.83,-240.16,NEGATIVE
2025-10-01 14:00:00,FRN.Flow-In.Ave.15Minutes.3Hours.MIXED-COMPUTED-REV,-222.97,67.83,-290.79,NEGATIVE
2025-10-01 15:00:00,FRN.Flow-In.Ave.15Minutes.3Hours.MIXED-COMPUTED-REV,-58.31,55.58,-113.88,NEGATIVE
2025-10-01 16:00:00,FRN.Flow-In.Ave.15Minutes.3Hours.MIXED-COMPUTED-REV,-45.47,55.02,-100.49,NEGATIVE
2025-10-01 17:00:00,FRN.Flow-In.Ave.15Minutes.3Hours.MIXED-COMPUTED-REV,-45.35,5.18,-50.53,NEGATIVE
2025-10-02 02:00:00,FRN.Flow-In.Ave.15Minutes.3Hours.MIXED-COMPUTED-REV,-147.39,5.18,-152.57,NEGATIVE
2025-10-02 03:00:00,FRN.Flow-In.Ave.15Minutes.3Hours.MIXED-COMPUTED-REV,-273.64,55.02,-328.66,NEGATIVE
2025-10-02 04:00:00,FRN.Flow-In.Ave.15Minutes.3Hours.MIXED-COMPUTED-REV,-222.75,55.53,-278.28,NEGATIVE
2025-10-02 05:00:00,FRN.Flow-In.Ave.15Minutes.3Hours.MIXED-COMPUTED-REV,-58.21,67.83,-126.03,NEGATIVE
2025-10-02 08:00:00,FRN.Flow-In.Ave.15Minutes.3Hours.MIXED-COMPUTED-REV,-108.83,68.01,-176.85,NEGATIVE
2025-10-02 09:00:00,FRN.Flow-In.Ave.15Minutes.3Hours.MIXED-COMPUTED-REV,-235.39,68.01,-303.40,NEGATIVE
2025-10-02 10:00:00,FRN.Flow-In.Ave.15Minutes.3Hours.MIXED-COMPUTED-REV,-222.73,68.01,-290.75,"SPIKE,NEGATIVE"
2025-10-02 11:00:00,FRN.Flow-In.Ave.15Minutes.3Hours.MIXED-COMPUTED-REV,-58.45,68.01,-126.47,NEGATIVE
2025-10-03 02:00:00,FRN.Flow-In.Ave.15Minutes.3Hours.MIXED-COMPUTED-REV,-158.69,68.32,-227.01,NEGATIVE
2025-10-03 03:00:00,FRN.Flow-In.Ave.15Minutes.3Hours.MIXED-COMPUTED-REV,-234.31,68.32,-302.63,"SPIKE,NEGATIVE"
2025-10-03 04:00:00,FRN.Flow-In.Ave.15Minutes.3Hours.MIXED-COMPUTED-REV,-196.40,68.32,-264.73,"SPIKE,NEGATIVE"
2025-10-03 05:00:00,FRN.Flow-In.Ave.15Minutes.3Hours.MIXED-COMPUTED-REV,-7.04,68.31,-75.35,NEGATIVE
2025-10-03 14:00:00,FRN.Flow-In.Ave.15Minutes.3Hours.MIXED-COMPUTED-REV,-6.96,30.75,-37.71,NEGATIVE
2025-10-03 15:00:00,FRN.Flow-In.Ave.15Minutes.3Hours.MIXED-COMPUTED-REV,-196.16,56.03,-252.19,"SPIKE,NEGATIVE"
2025-10-03 16:00:00,FRN.Flow-In.Ave.15Minutes.3Hours.MIXED-COMPUTED-REV,-234.08,68.43,-302.51,"SPIKE,NEGATIVE"
2025-10-03 17:00:00,FRN.Flow-In.Ave.15Minutes.3Hours.MIXED-COMPUTED-REV,-158.43,68.45,-226.88,NEGATIVE
2025-10-03 22:00:00,FRN.Flow-In.Ave.15Minutes.3Hours.MIXED-COMPUTED-REV,-108.83,68.51,-177.34,NEGATIVE
2025-10-03 23:00:00,FRN.Flow-In.Ave.15Minutes.3Hours.MIXED-COMPUTED-REV,-235.65,68.45,-304.10,"SPIKE,NEGATIVE"
2025-10-04 00:00:00,FRN.Flow-In.Ave.15Minutes.3Hours.MIXED-COMPUTED-REV,-222.97,68.43,-291.40,"SPIKE,NEGATIVE"
2025-10-04 01:00:00,FRN.Flow-In.Ave.15Minutes.3Hours.MIXED-COMPUTED-REV,-58.15,56.03,-114.17,NEGATIVE
2025-10-04 12:00:00,FRN.Flow-In.Ave.15Minutes.3Hours.MIXED-COMPUTED-REV,-159.32,68.43,-227.75,NEGATIVE
2025-10-04 13:00:00,FRN.Flow-In.Ave.15Minutes.3Hours.MIXED-COMPUTED-REV,-235.32,68.45,-303.77,"SPIKE,NEGATIVE"
2025-10-04 14:00:00,FRN.Flow-In.Ave.15Minutes.3Hours.MIXED-COMPUTED-REV,-197.32,68.51,-265.83,"SPIKE,NEGATIVE"
2025-10-04 15:00:00,FRN.Flow-In.Ave.15Minutes.3Hours.MIXED-COMPUTED-REV,-7.30,68.59,-75.89,NEGATIVE
2025-10-04 18:00:00,FRN.Flow-In.Ave.15Minutes.3Hours.MIXED-COMPUTED-REV,-57.84,68.58,-126.41,NEGATIVE
2025-10-04 19:00:00,FRN.Flow-In.Ave.15Minutes.3Hours.MIXED-COMPUTED-REV,-222.35,68.57,-290.92,NEGATIVE
2025-10-04 20:00:00,FRN.Flow-In.Ave.15Minutes.3Hours.MIXED-COMPUTED-REV,-235.00,56.06,-291.06,NEGATIVE
2025-10-04 21:00:00,FRN.Flow-In.Ave.15Minutes.3Hours.MIXED-COMPUTED-REV,-108.45,30.71,-139.16,NEGATIVE
2025-10-05 06:00:00,FRN.Flow-In.Ave.15Minutes.3Hours.MIXED-COMPUTED-REV,-7.19,-38.53,31.34,NEGATIVE
2025-10-05 07:00:00,FRN.Flow-In.Ave.15Minutes.3Hours.MIXED-COMPUTED-REV,-196.75,-38.53,-158.22,NEGATIVE
2025-10-05 08:00:00,FRN.Flow-In.Ave.15Minutes.3Hours.MIXED-COMPUTED-REV,-234.68,-38.53,-196.14,NEGATIVE
2025-10-05 09:00:00,FRN.Flow-In.Ave.15Minutes.3Hours.MIXED-COMPUTED-REV,-158.83,-38.53,-120.30,NEGATIVE
2025-10-05 11:00:00,FRN.Flow-In.Ave.15Minutes.3Hours.MIXED-COMPUTED-REV,-108.08,-57.10,-50.98,NEGATIVE
2025-10-05 12:00:00,FRN.Flow-In.Ave.15Minutes.3Hours.MIXED-COMPUTED-REV,-297.42,-88.12,-209.30,NEGATIVE
2025-10-05 13:00:00,FRN.Flow-In.Ave.15Minutes.3Hours.MIXED-COMPUTED-REV,-310.03,-108.08,-201.95,NEGATIVE
2025-10-05 14:00:00,FRN.Flow-In.Ave.15Minutes.3Hours.MIXED-COMPUTED-REV,-57.10,-108.08,50.98,NEGATIVE
2025-10-05 17:00:00,FRN.Flow-In.Ave.15Minutes.3Hours.MIXED-COMPUTED-REV,-88.12,-129.01,40.88,NEGATIVE
2025-10-05 18:00:00,FRN.Flow-In.Ave.15Minutes.3Hours.MIXED-COMPUTED-REV,-38.53,-134.70,96.17,NEGATIVE
2025-10-05 19:00:00,FRN.Flow-In.Ave.15Minutes.3Hours.MIXED-COMPUTED-REV,-129.01,-158.83,29.82,NEGATIVE
2025-10-05 20:00:00,FRN.Flow-In.Ave.15Minutes.3Hours.MIXED-COMPUTED-REV,-160.56,-134.70,-25.86,NEGATIVE
2025-10-05 21:00:00,FRN.Flow-In.Ave.15Minutes.3Hours.MIXED-COMPUTED-REV,-134.70,-129.01,-5.69,NEGATIVE
2025-10-05 22:00:00,FRN.Flow-In.Ave.15Minutes.3Hours.MIXED-COMPUTED-REV,-197.46,-108.08,-89.39,NEGATIVE
2025-10-05 23:00:00,FRN.Flow-In.Ave.15Minutes.3Hours.MIXED-COMPUTED-REV,-247.52,-108.08,-139.44,NEGATIVE
2025-10-06 00:00:00,FRN.Flow-In.Ave.15Minutes.3Hours.MIXED-COMPUTED-REV,-398.23,-88.12,-310.11,NEGATIVE
2025-10-06 01:00:00,FRN.Flow-In.Ave.15Minutes.3Hours.MIXED-COMPUTED-REV,-196.63,-59.60,-137.02,NEGATIVE
2025-10-06 02:00:00,FRN.Flow-In.Ave.15Minutes.3Hours.MIXED-COMPUTED-REV,-58.19,-58.19,0.00,NEGATIVE
2025-10-06 04:00:00,FRN.Flow-In.Ave.15Minutes.3Hours.MIXED-COMPUTED-REV,-7.93,-59.60,51.67,NEGATIVE
2025-10-06 05:00:00,FRN.Flow-In.Ave.15Minutes.3Hours.MIXED-COMPUTED-REV,-273.08,-83.26,-189.81,NEGATIVE
2025-10-06 06:00:00,FRN.Flow-In.Ave.15Minutes.3Hours.MIXED-COMPUTED-REV,-638.93,-83.26,-555.66,NEGATIVE
2025-10-06 07:00:00,FRN.Flow-In.Ave.15Minutes.3Hours.MIXED-COMPUTED-REV,-387.40,-129.01,-258.39,NEGATIVE
2025-10-06 13:00:00,FRN.Flow-In.Ave.15Minutes.3Hours.MIXED-COMPUTED-REV,-59.60,-83.26,23.66,NEGATIVE
2025-10-06 16:00:00,FRN.Flow-In.Ave.15Minutes.3Hours.MIXED-COMPUTED-REV,-83.26,-155.57,72.30,NEGATIVE
2025-10-06 17:00:00,FRN.Flow-In.Ave.15Minutes.3Hours.MIXED-COMPUTED-REV,-184.27,-155.57,-28.70,NEGATIVE
2025-10-06 18:00:00,FRN.Flow-In.Ave.15Minutes.3Hours.MIXED-COMPUTED-REV,-278.88,-83.26,-195.62,NEGATIVE
2025-10-06 19:00:00,FRN.Flow-In.Ave.15Minutes.3Hours.MIXED-COMPUTED-REV,-405.07,-59.60,-345.47,NEGATIVE
2025-10-06 20:00:00,FRN.Flow-In.Ave.15Minutes.3Hours.MIXED-COMPUTED-REV,-465.62,9.93,-475.54,NEGATIVE
2025-10-06 21:00:00,FRN.Flow-In.Ave.15Minutes.3Hours.MIXED-COMPUTED-REV,-467.94,9.93,-477.87,NEGATIVE
2025-10-06 22:00:00,FRN.Flow-In.Ave.15Minutes.3Hours.MIXED-COMPUTED-REV,-524.45,2.87,-527.32,NEGATIVE
2025-10-06 23:00:00,FRN.Flow-In.Ave.15Minutes.3Hours.MIXED-COMPUTED-REV,-454.90,2.67,-457.57,NEGATIVE
2025-10-07 00:00:00,FRN.Flow-In.Ave.15Minutes.3Hours.MIXED-COMPUTED-REV,-241.55,-59.60,-181.94,NEGATIVE
2025-10-07 03:00:00,FRN.Flow-In.Ave.15Minutes.3Hours.MIXED-COMPUTED-REV,-155.57,-22.53,-133.03,NEGATIVE
2025-10-07 04:00:00,FRN.Flow-In.Ave.15Minutes.3Hours.MIXED-COMPUTED-REV,-156.53,-35.65,-120.88,NEGATIVE
2025-10-07 12:00:00,FRN.Flow-In.Ave.15Minutes.3Hours.MIXED-COMPUTED-REV,-73.02,-22.53,-50.48,NEGATIVE
2025-10-07 13:00:00,FRN.Flow-In.Ave.15Minutes.3Hours.MIXED-COMPUTED-REV,-22.53,-22.53,0.00,NEGATIVE
2025-10-07 14:00:00,FRN.Flow-In.Ave.15Minutes.3Hours.MIXED-COMPUTED-REV,-22.40,-34.65,12.25,NEGATIVE
2025-10-07 16:00:00,FRN.Flow-In.Ave.15Minutes.3Hours.MIXED-COMPUTED-REV,-35.65,-34.65,-1.00,NEGATIVE
2025-10-07 17:00:00,FRN.Flow-In.Ave.15Minutes.3Hours.MIXED-COMPUTED-REV,-123.02,-34.65,-88.37,NEGATIVE
2025-10-07 18:00:00,FRN.Flow-In.Ave.15Minutes.3Hours.MIXED-COMPUTED-REV,-249.21,-34.86,-214.34,NEGATIVE
2025-10-07 19:00:00,FRN.Flow-In.Ave.15Minutes.3Hours.MIXED-COMPUTED-REV,-184.54,-35.65,-148.89,NEGATIVE
2025-10-07 20:00:00,FRN.Flow-In.Ave.15Minutes.3Hours.MIXED-COMPUTED-REV,-81.74,-46.74,-35.00,NEGATIVE
2025-10-07 21:00:00,FRN.Flow-In.Ave.15Minutes.3Hours.MIXED-COMPUTED-REV,-56.29,-56.29,0.00,NEGATIVE
2025-10-07 22:00:00,FRN.Flow-In.Ave.15Minutes.3Hours.MIXED-COMPUTED-REV,-68.14,-56.29,-11.85,NEGATIVE
2025-10-07 23:00:00,FRN.Flow-In.Ave.15Minutes.3Hours.MIXED-COMPUTED-REV,-93.90,-56.29,-37.61,NEGATIVE
2025-10-08 00:00:00,FRN.Flow-In.Ave.15Minutes.3Hours.MIXED-COMPUTED-REV,-8.23,-59.41,51.18,NEGATIVE
2025-10-08 01:00:00,FRN.Flow-In.Ave.15Minutes.3Hours.MIXED-COMPUTED-REV,-34.65,-59.41,24.76,NEGATIVE
2025-10-08 02:00:00,FRN.Flow-In.Ave.15Minutes.3Hours.MIXED-COMPUTED-REV,-34.86,-59.41,24.55,NEGATIVE
2025-10-08 03:00:00,FRN.Flow-In.Ave.15Minutes.3Hours.MIXED-COMPUTED-REV,-46.74,-59.41,12.68,NEGATIVE
2025-10-08 04:00:00,FRN.Flow-In.Ave.15Minutes.3Hours.MIXED-COMPUTED-REV,-21.25,-59.41,38.16,NEGATIVE
2025-10-08 05:00:00,FRN.Flow-In.Ave.15Minutes.3Hours.MIXED-COMPUTED-REV,-71.27,-68.14,-3.13,NEGATIVE
2025-10-08 06:00:00,FRN.Flow-In.Ave.15Minutes.3Hours.MIXED-COMPUTED-REV,-145.98,-68.14,-77.83,NEGATIVE
2025-10-08 07:00:00,FRN.Flow-In.Ave.15Minutes.3Hours.MIXED-COMPUTED-REV,-121.47,-68.14,-53.32,NEGATIVE
2025-10-08 08:00:00,FRN.Flow-In.Ave.15Minutes.3Hours.MIXED-COMPUTED-REV,-133.94,-68.14,-65.79,NEGATIVE
2025-10-08 09:00:00,FRN.Flow-In.Ave.15Minutes.3Hours.MIXED-COMPUTED-REV,-59.41,-59.41,0.00,NEGATIVE
2025-10-08 10:00:00,FRN.Flow-In.Ave.15Minutes.3Hours.MIXED-COMPUTED-REV,-47.28,-59.41,12.13,NEGATIVE
2025-10-08 11:00:00,FRN.Flow-In.Ave.15Minutes.3Hours.MIXED-COMPUTED-REV,-10.58,-47.28,36.70,NEGATIVE
2025-10-08 12:00:00,FRN.Flow-In.Ave.15Minutes.3Hours.MIXED-COMPUTED-REV,-137.00,-46.74,-90.26,NEGATIVE
2025-10-08 13:00:00,FRN.Flow-In.Ave.15Minutes.3Hours.MIXED-COMPUTED-REV,-76.14,-47.28,-28.86,NEGATIVE
2025-10-08 17:00:00,FRN.Flow-In.Ave.15Minutes.3Hours.MIXED-COMPUTED-REV,-89.51,-62.15,-27.36,NEGATIVE
2025-10-08 18:00:00,FRN.Flow-In.Ave.15Minutes.3Hours.MIXED-COMPUTED-REV,-164.20,-59.41,-104.79,NEGATIVE
2025-10-08 19:00:00,FRN.Flow-In.Ave.15Minutes.3Hours.MIXED-COMPUTED-REV,-176.23,-59.41,-116.81,NEGATIVE
2025-10-08 20:00:00,FRN.Flow-In.Ave.15Minutes.3Hours.MIXED-COMPUTED-REV,-113.34,-50.88,-62.47,NEGATIVE
2025-10-08 21:00:00,FRN.Flow-In.Ave.15Minutes.3Hours.MIXED-COMPUTED-REV,-26.06,-50.88,24.82,NEGATIVE
2025-10-09 01:00:00,FRN.Flow-In.Ave.15Minutes.3Hours.MIXED-COMPUTED-REV,-62.15,-51.47,-10.68,NEGATIVE
2025-10-09 02:00:00,FRN.Flow-In.Ave.15Minutes.3Hours.MIXED-COMPUTED-REV,-149.09,-50.88,-98.21,NEGATIVE
2025-10-09 03:00:00,FRN.Flow-In.Ave.15Minutes.3Hours.MIXED-COMPUTED-REV,-99.89,-50.88,-49.01,NEGATIVE
2025-10-09 04:00:00,FRN.Flow-In.Ave.15Minutes.3Hours.MIXED-COMPUTED-REV,-50.59,-51.47,0.88,NEGATIVE
2025-10-09 05:00:00,FRN.Flow-In.Ave.15Minutes.3Hours.MIXED-COMPUTED-REV,-1.08,-62.15,61.07,NEGATIVE
2025-10-09 06:00:00,FRN.Flow-In.Ave.15Minutes.3Hours.MIXED-COMPUTED-REV,-38.09,-62.15,24.06,NEGATIVE
2025-10-09 07:00:00,FRN.Flow-In.Ave.15Minutes.3Hours.MIXED-COMPUTED-REV,-63.04,-62.15,-0.89,NEGATIVE
2025-10-09 08:00:00,FRN.Flow-In.Ave.15Minutes.3Hours.MIXED-COMPUTED-REV,-50.88,-51.90,1.03,NEGATIVE
2025-10-09 09:00:00,FRN.Flow-In.Ave.15Minutes.3Hours.MIXED-COMPUTED-REV,-51.47,-51.47,0.00,NEGATIVE
2025-10-09 10:00:00,FRN.Flow-In.Ave.15Minutes.3Hours.MIXED-COMPUTED-REV,-113.13,-51.90,-61.23,NEGATIVE
2025-10-09 11:00:00,FRN.Flow-In.Ave.15Minutes.3Hours.MIXED-COMPUTED-REV,-100.06,-62.15,-37.91,NEGATIVE
2025-10-09 12:00:00,FRN.Flow-In.Ave.15Minutes.3Hours.MIXED-COMPUTED-REV,-99.58,-62.19,-37.40,NEGATIVE
2025-10-09 13:00:00,FRN.Flow-In.Ave.15Minutes.3Hours.MIXED-COMPUTED-REV,-12.66,-63.04,50.38,NEGATIVE
2025-10-09 14:00:00,FRN.Flow-In.Ave.15Minutes.3Hours.MIXED-COMPUTED-REV,-37.00,-72.30,35.30,NEGATIVE
2025-10-09 15:00:00,FRN.Flow-In.Ave.15Minutes.3Hours.MIXED-COMPUTED-REV,-49.26,-63.04,13.79,NEGATIVE
2025-10-09 16:00:00,FRN.Flow-In.Ave.15Minutes.3Hours.MIXED-COMPUTED-REV,-62.19,-62.19,0.00,NEGATIVE
2025-10-09 17:00:00,FRN.Flow-In.Ave.15Minutes.3Hours.MIXED-COMPUTED-REV,-113.16,-62.19,-50.97,NEGATIVE
2025-10-09 18:00:00,FRN.Flow-In.Ave.15Minutes.3Hours.MIXED-COMPUTED-REV,-101.94,-62.19,-39.75,NEGATIVE
2025-10-09 19:00:00,FRN.Flow-In.Ave.15Minutes.3Hours.MIXED-COMPUTED-REV,-114.31,-63.04,-51.27,NEGATIVE
2025-10-09 20:00:00,FRN.Flow-In.Ave.15Minutes.3Hours.MIXED-COMPUTED-REV,-51.90,-62.19,10.28,NEGATIVE
2025-10-09 21:00:00,FRN.Flow-In.Ave.15Minutes.3Hours.MIXED-COMPUTED-REV,-51.31,-62.19,10.88,NEGATIVE
2025-10-09 22:00:00,FRN.Flow-In.Ave.15Minutes.3Hours.MIXED-COMPUTED-REV,-112.31,-62.19,-50.13,NEGATIVE
2025-10-09 23:00:00,FRN.Flow-In.Ave.15Minutes.3Hours.MIXED-COMPUTED-REV,-99.21,-61.67,-37.55,NEGATIVE
2025-10-10 00:00:00,FRN.Flow-In.Ave.15Minutes.3Hours.MIXED-COMPUTED-REV,-122.88,-51.90,-70.98,NEGATIVE
2025-10-10 01:00:00,FRN.Flow-In.Ave.15Minutes.3Hours.MIXED-COMPUTED-REV,-72.30,-51.31,-20.99,NEGATIVE
2025-10-10 02:00:00,FRN.Flow-In.Ave.15Minutes.3Hours.MIXED-COMPUTED-REV,-84.14,-51.31,-32.83,NEGATIVE
2025-10-10 03:00:00,FRN.Flow-In.Ave.15Minutes.3Hours.MIXED-COMPUTED-REV,-22.65,-51.31,28.66,NEGATIVE
2025-10-10 07:00:00,FRN.Flow-In.Ave.15Minutes.3Hours.MIXED-COMPUTED-REV,-110.76,-12.83,-97.93,NEGATIVE
2025-10-10 08:00:00,FRN.Flow-In.Ave.15Minutes.3Hours.MIXED-COMPUTED-REV,-61.67,-12.83,-48.83,NEGATIVE
2025-10-10 12:00:00,FRN.Flow-In.Ave.15Minutes.3Hours.MIXED-COMPUTED-REV,-12.79,-0.52,-12.26,NEGATIVE
2025-10-10 13:00:00,FRN.Flow-In.Ave.15Minutes.3Hours.MIXED-COMPUTED-REV,-0.52,-0.52,0.00,NEGATIVE
2025-10-10 15:00:00,FRN.Flow-In.Ave.15Minutes.3Hours.MIXED-COMPUTED-REV,-12.83,-0.52,-12.31,NEGATIVE
2025-10-10 16:00:00,FRN.Flow-In.Ave.15Minutes.3Hours.MIXED-COMPUTED-REV,-0.79,-0.16,-0.63,NEGATIVE
2025-10-10 18:00:00,FRN.Flow-In.Ave.15Minutes.3Hours.MIXED-COMPUTED-REV,-0.16,-0.16,0.00,NEGATIVE
2025-10-10 19:00:00,FRN.Flow-In.Ave.15Minutes.3Hours.MIXED-COMPUTED-REV,-109.96,-0.52,-109.44,NEGATIVE
2025-10-10 20:00:00,FRN.Flow-In.Ave.15Minutes.3Hours.MIXED-COMPUTED-REV,-73.46,-0.52,-72.94,NEGATIVE
2025-10-11 00:00:00,FRN.Flow-In.Ave.15Minutes.3Hours.MIXED-COMPUTED-REV,-111.96,-12.83,-99.12,NEGATIVE
2025-10-11 01:00:00,FRN.Flow-In.Ave.15Minutes.3Hours.MIXED-COMPUTED-REV,-99.23,-26.22,-73.01,NEGATIVE
2025-10-11 02:00:00,FRN.Flow-In.Ave.15Minutes.3Hours.MIXED-COMPUTED-REV,-160.39,-26.22,-134.16,NEGATIVE
2025-10-11 03:00:00,FRN.Flow-In.Ave.15Minutes.3Hours.MIXED-COMPUTED-REV,-26.22,-26.22,0.00,NEGATIVE
2025-10-11 07:00:00,FRN.Flow-In.Ave.15Minutes.3Hours.MIXED-COMPUTED-REV,-48.56,-48.56,0.00,NEGATIVE
2025-10-11 08:00:00,FRN.Flow-In.Ave.15Minutes.3Hours.MIXED-COMPUTED-REV,-60.24,-48.56,-11.68,NEGATIVE
2025-10-11 09:00:00,FRN.Flow-In.Ave.15Minutes.3Hours.MIXED-COMPUTED-REV,-84.19,-26.55,-57.64,NEGATIVE
2025-10-11 10:00:00,FRN.Flow-In.Ave.15Minutes.3Hours.MIXED-COMPUTED-REV,-120.31,-36.40,-83.91,NEGATIVE
2025-10-11 11:00:00,FRN.Flow-In.Ave.15Minutes.3Hours.MIXED-COMPUTED-REV,-97.00,-48.56,-48.45,NEGATIVE
2025-10-11 12:00:00,FRN.Flow-In.Ave.15Minutes.3Hours.MIXED-COMPUTED-REV,-61.82,-50.11,-11.71,NEGATIVE
2025-10-11 13:00:00,FRN.Flow-In.Ave.15Minutes.3Hours.MIXED-COMPUTED-REV,-26.55,-50.11,23.56,NEGATIVE
2025-10-11 14:00:00,FRN.Flow-In.Ave.15Minutes.3Hours.MIXED-COMPUTED-REV,-2.09,-50.11,48.02,NEGATIVE
2025-10-11 15:00:00,FRN.Flow-In.Ave.15Minutes.3Hours.MIXED-COMPUTED-REV,-2.12,-50.11,47.99,NEGATIVE
2025-10-11 18:00:00,FRN.Flow-In.Ave.15Minutes.3Hours.MIXED-COMPUTED-REV,-50.11,-59.93,9.83,NEGATIVE
2025-10-11 19:00:00,FRN.Flow-In.Ave.15Minutes.3Hours.MIXED-COMPUTED-REV,-73.74,-59.93,-13.81,NEGATIVE
2025-10-11 20:00:00,FRN.Flow-In.Ave.15Minutes.3Hours.MIXED-COMPUTED-REV,-73.62,-59.93,-13.69,NEGATIVE
2025-10-11 22:00:00,FRN.Flow-In.Ave.15Minutes.3Hours.MIXED-COMPUTED-REV,-36.40,-59.52,23.12,NEGATIVE
2025-10-11 23:00:00,FRN.Flow-In.Ave.15Minutes.3Hours.MIXED-COMPUTED-REV,-59.93,-59.01,-0.93,NEGATIVE
2025-10-12 00:00:00,FRN.Flow-In.Ave.15Minutes.3Hours.MIXED-COMPUTED-REV,-107.65,-50.11,-57.54,NEGATIVE
2025-10-12 01:00:00,FRN.Flow-In.Ave.15Minutes.3Hours.MIXED-COMPUTED-REV,-59.01,-48.74,-10.26,NEGATIVE
2025-10-12 02:00:00,FRN.Flow-In.Ave.15Minutes.3Hours.MIXED-COMPUTED-REV,-96.16,-48.74,-47.41,NEGATIVE
2025-10-12 03:00:00,FRN.Flow-In.Ave.15Minutes.3Hours.MIXED-COMPUTED-REV,-84.73,-48.74,-35.99,NEGATIVE
2025-10-12 04:00:00,FRN.Flow-In.Ave.15Minutes.3Hours.MIXED-COMPUTED-REV,-121.30,-48.74,-72.56,NEGATIVE
2025-10-12 05:00:00,FRN.Flow-In.Ave.15Minutes.3Hours.MIXED-COMPUTED-REV,-133.51,-48.74,-84.77,NEGATIVE
2025-10-12 06:00:00,FRN.Flow-In.Ave.15Minutes.3Hours.MIXED-COMPUTED-REV,-48.74,-48.74,0.00,NEGATIVE
2025-10-12 09:00:00,FRN.Flow-In.Ave.15Minutes.3Hours.MIXED-COMPUTED-REV,-144.62,-36.40,-108.22,NEGATIVE
2025-10-12 10:00:00,FRN.Flow-In.Ave.15Minutes.3Hours.MIXED-COMPUTED-REV,-59.52,-36.40,-23.12,NEGATIVE
2025-10-12 11:00:00,FRN.Flow-In.Ave.15Minutes.3Hours.MIXED-COMPUTED-REV,-47.32,-12.55,-34.78,NEGATIVE
2025-10-12 20:00:00,FRN.Flow-In.Ave.15Minutes.3Hours.MIXED-COMPUTED-REV,-49.70,48.63,-98.33,NEGATIVE
2025-10-12 21:00:00,FRN.Flow-In.Ave.15Minutes.3Hours.MIXED-COMPUTED-REV,-12.55,46.91,-59.45,NEGATIVE
2025-10-13 09:00:00,FRN.Flow-In.Ave.15Minutes.3Hours.MIXED-COMPUTED-REV,-125.07,51.93,-176.99,NEGATIVE
2025-10-13 10:00:00,FRN.Flow-In.Ave.15Minutes.3Hours.MIXED-COMPUTED-REV,-356.46,51.93,-408.39,NEGATIVE
2025-10-13 15:00:00,FRN.Flow-In.Ave.15Minutes.3Hours.MIXED-COMPUTED-REV,-349.56,39.22,-388.79,NEGATIVE
2025-10-13 16:00:00,FRN.Flow-In.Ave.15Minutes.3Hours.MIXED-COMPUTED-REV,-504.74,51.30,-556.04,NEGATIVE
2025-10-13 17:00:00,FRN.Flow-In.Ave.15Minutes.3Hours.MIXED-COMPUTED-REV,-322.75,51.70,-374.46,NEGATIVE
2025-10-13 18:00:00,FRN.Flow-In.Ave.15Minutes.3Hours.MIXED-COMPUTED-REV,-21.31,51.93,-73.23,NEGATIVE
2025-10-13 22:00:00,FRN.Flow-In.Ave.15Minutes.3Hours.MIXED-COMPUTED-REV,-370.36,101.51,-471.87,NEGATIVE
2025-10-13 23:00:00,FRN.Flow-In.Ave.15Minutes.3Hours.MIXED-COMPUTED-REV,-814.49,146.61,-961.10,NEGATIVE
2025-10-14 00:00:00,FRN.Flow-In.Ave.15Minutes.3Hours.MIXED-COMPUTED-REV,-1292.19,156.83,-1449.02,NEGATIVE
2025-10-14 01:00:00,FRN.Flow-In.Ave.15Minutes.3Hours.MIXED-COMPUTED-REV,-907.25,156.83,-1064.08,NEGATIVE
2025-10-14 02:00:00,FRN.Flow-In.Ave.15Minutes.3Hours.MIXED-COMPUTED-REV,-260.26,146.61,-406.87,NEGATIVE
2025-10-14 15:00:00,FRN.Flow-In.Ave.15Minutes.3Hours.MIXED-COMPUTED-REV,-37.84,9.11,-46.95,NEGATIVE
2025-10-14 16:00:00,FRN.Flow-In.Ave.15Minutes.3Hours.MIXED-COMPUTED-REV,-53.61,9.11,-62.72,NEGATIVE
2025-10-14 17:00:00,FRN.Flow-In.Ave.15Minutes.3Hours.MIXED-COMPUTED-REV,-243.03,9.11,-252.14,NEGATIVE
2025-10-14 18:00:00,FRN.Flow-In.Ave.15Minutes.3Hours.MIXED-COMPUTED-REV,-438.36,9.11,-447.47,NEGATIVE
2025-10-14 19:00:00,FRN.Flow-In.Ave.15Minutes.3Hours.MIXED-COMPUTED-REV,-458.93,9.11,-468.04,NEGATIVE
2025-10-14 20:00:00,FRN.Flow-In.Ave.15Minutes.3Hours.MIXED-COMPUTED-REV,-258.20,9.11,-267.31,NEGATIVE
2025-10-14 21:00:00,FRN.Flow-In.Ave.15Minutes.3Hours.MIXED-COMPUTED-REV,-126.53,9.11,-135.64,NEGATIVE
2025-10-14 22:00:00,FRN.Flow-In.Ave.15Minutes.3Hours.MIXED-COMPUTED-REV,-198.46,9.11,-207.57,NEGATIVE
2025-10-14 23:00:00,FRN.Flow-In.Ave.15Minutes.3Hours.MIXED-COMPUTED-REV,-317.53,8.34,-325.87,NEGATIVE
2025-10-15 00:00:00,FRN.Flow-In.Ave.15Minutes.3Hours.MIXED-COMPUTED-REV,-209.43,-37.84,-171.59,NEGATIVE
2025-10-15 01:00:00,FRN.Flow-In.Ave.15Minutes.3Hours.MIXED-COMPUTED-REV,-76.87,-37.84,-39.03,NEGATIVE
2025-10-15 11:00:00,FRN.Flow-In.Ave.15Minutes.3Hours.MIXED-COMPUTED-REV,-38.68,8.34,-47.02,NEGATIVE
2025-10-15 12:00:00,FRN.Flow-In.Ave.15Minutes.3Hours.MIXED-COMPUTED-REV,-96.07,8.34,-104.41,NEGATIVE
2025-10-15 13:00:00,FRN.Flow-In.Ave.15Minutes.3Hours.MIXED-COMPUTED-REV,-24.62,8.34,-32.96,NEGATIVE
2025-10-15 18:00:00,FRN.Flow-In.Ave.15Minutes.3Hours.MIXED-COMPUTED-REV,-47.36,-10.36,-37.00,NEGATIVE
2025-10-15 19:00:00,FRN.Flow-In.Ave.15Minutes.3Hours.MIXED-COMPUTED-REV,-104.14,-24.62,-79.52,NEGATIVE
2025-10-15 20:00:00,FRN.Flow-In.Ave.15Minutes.3Hours.MIXED-COMPUTED-REV,-105.07,-33.39,-71.68,NEGATIVE
2025-10-15 21:00:00,FRN.Flow-In.Ave.15Minutes.3Hours.MIXED-COMPUTED-REV,-82.56,-38.68,-43.88,NEGATIVE
2025-10-15 22:00:00,FRN.Flow-In.Ave.15Minutes.3Hours.MIXED-COMPUTED-REV,-116.78,-43.60,-73.18,NEGATIVE
2025-10-15 23:00:00,FRN.Flow-In.Ave.15Minutes.3Hours.MIXED-COMPUTED-REV,-91.72,-43.60,-48.12,NEGATIVE
2025-10-16 00:00:00,FRN.Flow-In.Ave.15Minutes.3Hours.MIXED-COMPUTED-REV,-44.06,-43.60,-0.46,NEGATIVE
2025-10-16 01:00:00,FRN.Flow-In.Ave.15Minutes.3Hours.MIXED-COMPUTED-REV,-43.60,-33.39,-10.20,NEGATIVE
2025-10-16 02:00:00,FRN.Flow-In.Ave.15Minutes.3Hours.MIXED-COMPUTED-REV,-33.39,-42.78,9.39,NEGATIVE
2025-10-16 06:00:00,FRN.Flow-In.Ave.15Minutes.3Hours.MIXED-COMPUTED-REV,-10.36,-44.06,33.70,NEGATIVE
2025-10-16 07:00:00,FRN.Flow-In.Ave.15Minutes.3Hours.MIXED-COMPUTED-REV,-44.14,-44.06,-0.08,NEGATIVE
2025-10-16 08:00:00,FRN.Flow-In.Ave.15Minutes.3Hours.MIXED-COMPUTED-REV,-89.60,-44.06,-45.54,NEGATIVE
2025-10-16 09:00:00,FRN.Flow-In.Ave.15Minutes.3Hours.MIXED-COMPUTED-REV,-67.71,-44.06,-23.65,NEGATIVE
2025-10-16 10:00:00,FRN.Flow-In.Ave.15Minutes.3Hours.MIXED-COMPUTED-REV,-46.18,-44.06,-2.12,NEGATIVE
2025-10-16 11:00:00,FRN.Flow-In.Ave.15Minutes.3Hours.MIXED-COMPUTED-REV,-0.70,-43.60,42.89,NEGATIVE
2025-10-16 13:00:00,FRN.Flow-In.Ave.15Minutes.3Hours.MIXED-COMPUTED-REV,-20.47,-42.78,22.31,NEGATIVE
2025-10-16 14:00:00,FRN.Flow-In.Ave.15Minutes.3Hours.MIXED-COMPUTED-REV,-42.78,-42.78,0.00,NEGATIVE
2025-10-16 15:00:00,FRN.Flow-In.Ave.15Minutes.3Hours.MIXED-COMPUTED-REV,-10.16,-44.14,33.97,NEGATIVE
2025-10-16 16:00:00,FRN.Flow-In.Ave.15Minutes.3Hours.MIXED-COMPUTED-REV,-12.51,-44.14,31.62,NEGATIVE
2025-10-16 17:00:00,FRN.Flow-In.Ave.15Minutes.3Hours.MIXED-COMPUTED-REV,-92.82,-44.14,-48.69,NEGATIVE
2025-10-16 18:00:00,FRN.Flow-In.Ave.15Minutes.3Hours.MIXED-COMPUTED-REV,-160.48,-44.14,-116.34,NEGATIVE
2025-10-16 19:00:00,FRN.Flow-In.Ave.15Minutes.3Hours.MIXED-COMPUTED-REV,-158.53,-44.14,-114.39,NEGATIVE
2025-10-16 20:00:00,FRN.Flow-In.Ave.15Minutes.3Hours.MIXED-COMPUTED-REV,-111.27,-42.78,-68.49,NEGATIVE
2025-10-16 21:00:00,FRN.Flow-In.Ave.15Minutes.3Hours.MIXED-COMPUTED-REV,-121.39,-39.24,-82.15,NEGATIVE
2025-10-16 22:00:00,FRN.Flow-In.Ave.15Minutes.3Hours.MIXED-COMPUTED-REV,-98.34,-39.24,-59.11,NEGATIVE
2025-10-16 23:00:00,FRN.Flow-In.Ave.15Minutes.3Hours.MIXED-COMPUTED-REV,-29.48,-39.24,9.76,NEGATIVE
2025-10-17 01:00:00,FRN.Flow-In.Ave.15Minutes.3Hours.MIXED-COMPUTED-REV,-47.49,-39.24,-8.25,NEGATIVE
2025-10-17 02:00:00,FRN.Flow-In.Ave.15Minutes.3Hours.MIXED-COMPUTED-REV,-78.42,-39.24,-39.18,NEGATIVE
2025-10-17 03:00:00,FRN.Flow-In.Ave.15Minutes.3Hours.MIXED-COMPUTED-REV,-47.78,-29.48,-18.29,NEGATIVE
2025-10-17 08:00:00,FRN.Flow-In.Ave.15Minutes.3Hours.MIXED-COMPUTED-REV,-39.24,-46.13,6.89,NEGATIVE
2025-10-17 09:00:00,FRN.Flow-In.Ave.15Minutes.3Hours.MIXED-COMPUTED-REV,-27.47,-46.13,18.66,NEGATIVE
2025-10-17 10:00:00,FRN.Flow-In.Ave.15Minutes.3Hours.MIXED-COMPUTED-REV,-91.28,-46.13,-45.15,NEGATIVE
2025-10-17 11:00:00,FRN.Flow-In.Ave.15Minutes.3Hours.MIXED-COMPUTED-REV,-52.99,-46.13,-6.86,NEGATIVE
2025-10-17 15:00:00,FRN.Flow-In.Ave.15Minutes.3Hours.MIXED-COMPUTED-REV,-24.87,-47.78,22.90,NEGATIVE
2025-10-17 16:00:00,FRN.Flow-In.Ave.15Minutes.3Hours.MIXED-COMPUTED-REV,-46.13,-52.99,6.86,NEGATIVE
2025-10-17 17:00:00,FRN.Flow-In.Ave.15Minutes.3Hours.MIXED-COMPUTED-REV,-134.39,-76.21,-58.18,NEGATIVE
2025-10-17 18:00:00,FRN.Flow-In.Ave.15Minutes.3Hours.MIXED-COMPUTED-REV,-123.94,-76.21,-47.73,NEGATIVE
2025-10-17 19:00:00,FRN.Flow-In.Ave.15Minutes.3Hours.MIXED-COMPUTED-REV,-124.74,-76.21,-48.53,NEGATIVE
2025-10-17 20:00:00,FRN.Flow-In.Ave.15Minutes.3Hours.MIXED-COMPUTED-REV,-90.88,-76.21,-14.67,NEGATIVE
2025-10-17 21:00:00,FRN.Flow-In.Ave.15Minutes.3Hours.MIXED-COMPUTED-REV,-89.83,-76.21,-13.62,NEGATIVE
2025-10-17 22:00:00,FRN.Flow-In.Ave.15Minutes.3Hours.MIXED-COMPUTED-REV,-76.21,-76.21,0.00,NEGATIVE
2025-10-17 23:00:00,FRN.Flow-In.Ave.15Minutes.3Hours.MIXED-COMPUTED-REV,-107.70,-52.99,-54.71,NEGATIVE
2025-10-18 00:00:00,FRN.Flow-In.Ave.15Minutes.3Hours.MIXED-COMPUTED-REV,-128.49,-46.13,-82.36,NEGATIVE
2025-10-18 01:00:00,FRN.Flow-In.Ave.15Minutes.3Hours.MIXED-COMPUTED-REV,-115.70,-54.99,-60.71,NEGATIVE
2025-10-18 02:00:00,FRN.Flow-In.Ave.15Minutes.3Hours.MIXED-COMPUTED-REV,-37.62,-67.87,30.25,NEGATIVE
2025-10-18 03:00:00,FRN.Flow-In.Ave.15Minutes.3Hours.MIXED-COMPUTED-REV,-136.57,-67.87,-68.70,NEGATIVE
2025-10-18 04:00:00,FRN.Flow-In.Ave.15Minutes.3Hours.MIXED-COMPUTED-REV,-247.86,-67.87,-179.98,NEGATIVE
2025-10-18 05:00:00,FRN.Flow-In.Ave.15Minutes.3Hours.MIXED-COMPUTED-REV,-227.46,-67.87,-159.59,NEGATIVE
2025-10-18 06:00:00,FRN.Flow-In.Ave.15Minutes.3Hours.MIXED-COMPUTED-REV,-30.20,-54.99,24.79,NEGATIVE
2025-10-18 13:00:00,FRN.Flow-In.Ave.15Minutes.3Hours.MIXED-COMPUTED-REV,-54.99,-32.11,-22.88,NEGATIVE
2025-10-18 14:00:00,FRN.Flow-In.Ave.15Minutes.3Hours.MIXED-COMPUTED-REV,-67.87,-30.20,-37.67,NEGATIVE
2025-10-18 15:00:00,FRN.Flow-In.Ave.15Minutes.3Hours.MIXED-COMPUTED-REV,-35.55,-2.22,-33.34,NEGATIVE
2025-10-18 16:00:00,FRN.Flow-In.Ave.15Minutes.3Hours.MIXED-COMPUTED-REV,-46.32,9.49,-55.81,NEGATIVE
2025-10-18 17:00:00,FRN.Flow-In.Ave.15Minutes.3Hours.MIXED-COMPUTED-REV,-2.22,32.09,-34.31,NEGATIVE
2025-10-18 20:00:00,FRN.Flow-In.Ave.15Minutes.3Hours.MIXED-COMPUTED-REV,-32.11,67.13,-99.24,NEGATIVE
2025-10-18 21:00:00,FRN.Flow-In.Ave.15Minutes.3Hours.MIXED-COMPUTED-REV,-150.37,67.13,-217.50,NEGATIVE
2025-10-18 22:00:00,FRN.Flow-In.Ave.15Minutes.3Hours.MIXED-COMPUTED-REV,-160.26,35.18,-195.44,NEGATIVE
2025-10-18 23:00:00,FRN.Flow-In.Ave.15Minutes.3Hours.MIXED-COMPUTED-REV,-127.75,32.09,-159.85,NEGATIVE
2025-10-19 10:00:00,FRN.Flow-In.Ave.15Minutes.3Hours.MIXED-COMPUTED-REV,-342.34,35.18,-377.52,NEGATIVE
2025-10-19 11:00:00,FRN.Flow-In.Ave.15Minutes.3Hours.MIXED-COMPUTED-REV,-349.62,35.18,-384.81,NEGATIVE
2025-10-19 17:00:00,FRN.Flow-In.Ave.15Minutes.3Hours.MIXED-COMPUTED-REV,-47.45,5.87,-53.32,NEGATIVE
2025-10-19 19:00:00,FRN.Flow-In.Ave.15Minutes.3Hours.MIXED-COMPUTED-REV,-75.83,5.87,-81.69,NEGATIVE
2025-10-19 20:00:00,FRN.Flow-In.Ave.15Minutes.3Hours.MIXED-COMPUTED-REV,-137.64,5.85,-143.49,NEGATIVE
2025-10-19 21:00:00,FRN.Flow-In.Ave.15Minutes.3Hours.MIXED-COMPUTED-REV,-243.11,4.77,-247.88,NEGATIVE
2025-10-19 22:00:00,FRN.Flow-In.Ave.15Minutes.3Hours.MIXED-COMPUTED-REV,-146.47,4.77,-151.24,NEGATIVE
2025-10-19 23:00:00,FRN.Flow-In.Ave.15Minutes.3Hours.MIXED-COMPUTED-REV,-167.41,4.77,-172.18,NEGATIVE
2025-10-20 00:00:00,FRN.Flow-In.Ave.15Minutes.3Hours.MIXED-COMPUTED-REV,-358.40,5.85,-364.25,"SPIKE,NEGATIVE"
2025-10-20 01:00:00,FRN.Flow-In.Ave.15Minutes.3Hours.MIXED-COMPUTED-REV,-166.76,5.85,-172.60,NEGATIVE
2025-10-20 02:00:00,FRN.Flow-In.Ave.15Minutes.3Hours.MIXED-COMPUTED-REV,-49.48,4.77,-54.25,NEGATIVE
2025-10-20 09:00:00,FRN.Flow-In.Ave.15Minutes.3Hours.MIXED-COMPUTED-REV,-17.13,-23.63,6.50,NEGATIVE
2025-10-20 14:00:00,FRN.Flow-In.Ave.15Minutes.3Hours.MIXED-COMPUTED-REV,-23.63,-17.13,-6.50,NEGATIVE
2025-10-20 15:00:00,FRN.Flow-In.Ave.15Minutes.3Hours.MIXED-COMPUTED-REV,-65.69,-17.13,-48.56,NEGATIVE
2025-10-20 16:00:00,FRN.Flow-In.Ave.15Minutes.3Hours.MIXED-COMPUTED-REV,-88.01,-23.20,-64.81,NEGATIVE
2025-10-20 17:00:00,FRN.Flow-In.Ave.15Minutes.3Hours.MIXED-COMPUTED-REV,-67.48,-23.20,-44.28,NEGATIVE
2025-10-20 18:00:00,FRN.Flow-In.Ave.15Minutes.3Hours.MIXED-COMPUTED-REV,-76.82,-23.20,-53.61,NEGATIVE
2025-10-20 19:00:00,FRN.Flow-In.Ave.15Minutes.3Hours.MIXED-COMPUTED-REV,-23.20,-23.20,0.00,NEGATIVE
2025-10-20 20:00:00,FRN.Flow-In.Ave.15Minutes.3Hours.MIXED-COMPUTED-REV,-31.88,-23.20,-8.68,NEGATIVE
2025-10-20 21:00:00,FRN.Flow-In.Ave.15Minutes.3Hours.MIXED-COMPUTED-REV,-227.22,-23.20,-204.02,NEGATIVE
2025-10-20 22:00:00,FRN.Flow-In.Ave.15Minutes.3Hours.MIXED-COMPUTED-REV,-360.39,-23.20,-337.19,"SPIKE,NEGATIVE"
2025-10-20 23:00:00,FRN.Flow-In.Ave.15Minutes.3Hours.MIXED-COMPUTED-REV,-267.15,-23.63,-243.52,NEGATIVE
2025-10-21 00:00:00,FRN.Flow-In.Ave.15Minutes.3Hours.MIXED-COMPUTED-REV,-50.02,-31.88,-18.14,NEGATIVE
2025-10-21 03:00:00,FRN.Flow-In.Ave.15Minutes.3Hours.MIXED-COMPUTED-REV,-67.14,-45.86,-21.28,NEGATIVE
2025-10-21 04:00:00,FRN.Flow-In.Ave.15Minutes.3Hours.MIXED-COMPUTED-REV,-45.86,-31.88,-13.98,NEGATIVE
2025-10-21 07:00:00,FRN.Flow-In.Ave.15Minutes.3Hours.MIXED-COMPUTED-REV,301.84,-31.88,333.72,SPIKE
2025-10-21 10:00:00,FRN.Flow-In.Ave.15Minutes.3Hours.MIXED-COMPUTED-REV,-16.88,-14.57,-2.30,NEGATIVE
2025-10-21 11:00:00,FRN.Flow-In.Ave.15Minutes.3Hours.MIXED-COMPUTED-REV,-47.60,-14.57,-33.02,NEGATIVE
2025-10-21 12:00:00,FRN.Flow-In.Ave.15Minutes.3Hours.MIXED-COMPUTED-REV,-57.31,-14.57,-42.73,NEGATIVE
2025-10-21 13:00:00,FRN.Flow-In.Ave.15Minutes.3Hours.MIXED-COMPUTED-REV,-56.64,-14.57,-42.07,NEGATIVE
2025-10-21 14:00:00,FRN.Flow-In.Ave.15Minutes.3Hours.MIXED-COMPUTED-REV,-14.57,-16.88,2.30,NEGATIVE
2025-10-21 17:00:00,FRN.Flow-In.Ave.15Minutes.3Hours.MIXED-COMPUTED-REV,-50.58,-14.57,-36.01,NEGATIVE
2025-10-21 18:00:00,FRN.Flow-In.Ave.15Minutes.3Hours.MIXED-COMPUTED-REV,-121.66,-14.84,-106.82,NEGATIVE
2025-10-21 19:00:00,FRN.Flow-In.Ave.15Minutes.3Hours.MIXED-COMPUTED-REV,-111.19,-14.84,-96.34,NEGATIVE
2025-10-21 20:00:00,FRN.Flow-In.Ave.15Minutes.3Hours.MIXED-COMPUTED-REV,-9.10,-14.84,5.74,NEGATIVE
2025-10-21 23:00:00,FRN.Flow-In.Ave.15Minutes.3Hours.MIXED-COMPUTED-REV,-52.34,-14.57,-37.77,NEGATIVE
2025-10-22 00:00:00,FRN.Flow-In.Ave.15Minutes.3Hours.MIXED-COMPUTED-REV,-152.85,-14.57,-138.28,NEGATIVE
2025-10-22 01:00:00,FRN.Flow-In.Ave.15Minutes.3Hours.MIXED-COMPUTED-REV,-101.78,-14.57,-87.20,NEGATIVE
2025-10-22 02:00:00,FRN.Flow-In.Ave.15Minutes.3Hours.MIXED-COMPUTED-REV,-61.04,-14.57,-46.46,NEGATIVE
2025-10-22 04:00:00,FRN.Flow-In.Ave.15Minutes.3Hours.MIXED-COMPUTED-REV,-17.98,-14.84,-3.14,NEGATIVE
2025-10-22 05:00:00,FRN.Flow-In.Ave.15Minutes.3Hours.MIXED-COMPUTED-REV,-5.78,-14.84,9.07,NEGATIVE
2025-10-22 06:00:00,FRN.Flow-In.Ave.15Minutes.3Hours.MIXED-COMPUTED-REV,-14.84,-9.10,-5.74,NEGATIVE
2025-10-22 12:00:00,FRN.Flow-In.Ave.15Minutes.3Hours.MIXED-COMPUTED-REV,-23.74,-17.98,-5.76,NEGATIVE
2025-10-22 13:00:00,FRN.Flow-In.Ave.15Minutes.3Hours.MIXED-COMPUTED-REV,-63.25,-17.98,-45.27,NEGATIVE
2025-10-22 14:00:00,FRN.Flow-In.Ave.15Minutes.3Hours.MIXED-COMPUTED-REV,-112.84,-17.98,-94.86,NEGATIVE
2025-10-22 15:00:00,FRN.Flow-In.Ave.15Minutes.3Hours.MIXED-COMPUTED-REV,-33.36,-17.98,-15.38,NEGATIVE
2025-10-22 20:00:00,FRN.Flow-In.Ave.15Minutes.3Hours.MIXED-COMPUTED-REV,-51.23,-2.17,-49.07,NEGATIVE
2025-10-22 21:00:00,FRN.Flow-In.Ave.15Minutes.3Hours.MIXED-COMPUTED-REV,-119.41,-9.74,-109.67,NEGATIVE
2025-10-22 22:00:00,FRN.Flow-In.Ave.15Minutes.3Hours.MIXED-COMPUTED-REV,-247.10,-23.74,-223.36,NEGATIVE
2025-10-22 23:00:00,FRN.Flow-In.Ave.15Minutes.3Hours.MIXED-COMPUTED-REV,-205.18,-23.74,-181.44,NEGATIVE
2025-10-23 00:00:00,FRN.Flow-In.Ave.15Minutes.3Hours.MIXED-COMPUTED-REV,-163.80,-23.74,-140.06,NEGATIVE
2025-10-23 01:00:00,FRN.Flow-In.Ave.15Minutes.3Hours.MIXED-COMPUTED-REV,-132.99,-9.74,-123.24,NEGATIVE
2025-10-23 02:00:00,FRN.Flow-In.Ave.15Minutes.3Hours.MIXED-COMPUTED-REV,-103.25,-2.17,-101.09,NEGATIVE
2025-10-23 03:00:00,FRN.Flow-In.Ave.15Minutes.3Hours.MIXED-COMPUTED-REV,-93.98,-2.17,-91.81,NEGATIVE
2025-10-23 07:00:00,FRN.Flow-In.Ave.15Minutes.3Hours.MIXED-COMPUTED-REV,-2.17,-51.23,49.07,NEGATIVE
2025-10-23 09:00:00,FRN.Flow-In.Ave.15Minutes.3Hours.MIXED-COMPUTED-REV,-9.74,-58.93,49.19,NEGATIVE
2025-10-23 10:00:00,FRN.Flow-In.Ave.15Minutes.3Hours.MIXED-COMPUTED-REV,-58.93,-47.97,-10.96,NEGATIVE
2025-10-23 11:00:00,FRN.Flow-In.Ave.15Minutes.3Hours.MIXED-COMPUTED-REV,-1.62,-10.77,9.15,NEGATIVE
2025-10-23 15:00:00,FRN.Flow-In.Ave.15Minutes.3Hours.MIXED-COMPUTED-REV,-10.77,-9.74,-1.03,NEGATIVE
2025-10-23 16:00:00,FRN.Flow-In.Ave.15Minutes.3Hours.MIXED-COMPUTED-REV,-88.40,-2.17,-86.24,NEGATIVE
2025-10-23 17:00:00,FRN.Flow-In.Ave.15Minutes.3Hours.MIXED-COMPUTED-REV,-126.67,-2.17,-124.50,NEGATIVE
2025-10-23 18:00:00,FRN.Flow-In.Ave.15Minutes.3Hours.MIXED-COMPUTED-REV,-126.65,-9.74,-116.91,NEGATIVE
2025-10-23 19:00:00,FRN.Flow-In.Ave.15Minutes.3Hours.MIXED-COMPUTED-REV,-146.29,-9.74,-136.55,NEGATIVE
2025-10-23 20:00:00,FRN.Flow-In.Ave.15Minutes.3Hours.MIXED-COMPUTED-REV,-165.03,-9.74,-155.29,NEGATIVE
2025-10-23 21:00:00,FRN.Flow-In.Ave.15Minutes.3Hours.MIXED-COMPUTED-REV,-47.97,-9.74,-38.23,NEGATIVE
2025-10-24 00:00:00,FRN.Flow-In.Ave.15Minutes.3Hours.MIXED-COMPUTED-REV,-52.53,-10.77,-41.76,NEGATIVE
2025-10-24 01:00:00,FRN.Flow-In.Ave.15Minutes.3Hours.MIXED-COMPUTED-REV,-128.16,-10.77,-117.39,NEGATIVE
2025-10-24 02:00:00,FRN.Flow-In.Ave.15Minutes.3Hours.MIXED-COMPUTED-REV,-41.61,-10.77,-30.84,NEGATIVE
2025-10-24 05:00:00,FRN.Flow-In.Ave.15Minutes.3Hours.MIXED-COMPUTED-REV,-1.54,-10.64,9.10,NEGATIVE
2025-10-24 06:00:00,FRN.Flow-In.Ave.15Minutes.3Hours.MIXED-COMPUTED-REV,-10.64,-10.64,0.00,NEGATIVE
2025-10-24 10:00:00,FRN.Flow-In.Ave.15Minutes.3Hours.MIXED-COMPUTED-REV,-147.77,-6.53,-141.23,NEGATIVE
2025-10-24 11:00:00,FRN.Flow-In.Ave.15Minutes.3Hours.MIXED-COMPUTED-REV,-187.26,-6.53,-180.73,NEGATIVE
2025-10-24 12:00:00,FRN.Flow-In.Ave.15Minutes.3Hours.MIXED-COMPUTED-REV,-122.40,-6.53,-115.87,NEGATIVE
2025-10-24 14:00:00,FRN.Flow-In.Ave.15Minutes.3Hours.MIXED-COMPUTED-REV,-7.36,-6.53,-0.83,NEGATIVE
2025-10-24 15:00:00,FRN.Flow-In.Ave.15Minutes.3Hours.MIXED-COMPUTED-REV,-6.53,-6.53,0.00,NEGATIVE
2025-10-24 16:00:00,FRN.Flow-In.Ave.15Minutes.3Hours.MIXED-COMPUTED-REV,-43.13,-6.53,-36.60,NEGATIVE
2025-10-24 18:00:00,FRN.Flow-In.Ave.15Minutes.3Hours.MIXED-COMPUTED-REV,-21.95,-9.92,-12.03,NEGATIVE
2025-10-24 19:00:00,FRN.Flow-In.Ave.15Minutes.3Hours.MIXED-COMPUTED-REV,-87.86,-9.92,-77.94,NEGATIVE
2025-10-24 20:00:00,FRN.Flow-In.Ave.15Minutes.3Hours.MIXED-COMPUTED-REV,-87.80,-21.95,-65.84,NEGATIVE
2025-10-24 22:00:00,FRN.Flow-In.Ave.15Minutes.3Hours.MIXED-COMPUTED-REV,437.40,-21.95,459.35,SPIKE
2025-10-24 23:00:00,FRN.Flow-In.Ave.15Minutes.3Hours.MIXED-COMPUTED-REV,540.35,-9.92,550.27,SPIKE
2025-10-25 01:00:00,FRN.Flow-In.Ave.15Minutes.3Hours.MIXED-COMPUTED-REV,-9.92,-7.36,-2.56,NEGATIVE
2025-10-25 02:00:00,FRN.Flow-In.Ave.15Minutes.3Hours.MIXED-COMPUTED-REV,-148.94,-7.36,-141.58,NEGATIVE
2025-10-25 03:00:00,FRN.Flow-In.Ave.15Minutes.3Hours.MIXED-COMPUTED-REV,-129.80,-6.53,-123.27,NEGATIVE
2025-10-25 05:00:00,FRN.Flow-In.Ave.15Minutes.3Hours.MIXED-COMPUTED-REV,-44.94,28.86,-73.80,NEGATIVE
2025-10-25 06:00:00,FRN.Flow-In.Ave.15Minutes.3Hours.MIXED-COMPUTED-REV,-108.67,28.86,-137.53,NEGATIVE
2025-10-25 07:00:00,FRN.Flow-In.Ave.15Minutes.3Hours.MIXED-COMPUTED-REV,-107.42,31.22,-138.64,NEGATIVE
2025-10-25 08:00:00,FRN.Flow-In.Ave.15Minutes.3Hours.MIXED-COMPUTED-REV,-32.70,39.66,-72.36,NEGATIVE
2025-10-25 13:00:00,FRN.Flow-In.Ave.15Minutes.3Hours.MIXED-COMPUTED-REV,-12.88,39.66,-52.54,NEGATIVE
2025-10-25 17:00:00,FRN.Flow-In.Ave.15Minutes.3Hours.MIXED-COMPUTED-REV,1218.24,94.60,1123.64,SPIKE
2025-10-26 01:00:00,FRN.Flow-In.Ave.15Minutes.3Hours.MIXED-COMPUTED-REV,-42.14,125.67,-167.81,NEGATIVE
2025-10-26 02:00:00,FRN.Flow-In.Ave.15Minutes.3Hours.MIXED-COMPUTED-REV,-386.78,125.67,-512.45,NEGATIVE
2025-10-26 03:00:00,FRN.Flow-In.Ave.15Minutes.3Hours.MIXED-COMPUTED-REV,-512.02,160.75,-672.76,NEGATIVE
2025-10-26 04:00:00,FRN.Flow-In.Ave.15Minutes.3Hours.MIXED-COMPUTED-REV,-373.46,160.75,-534.21,NEGATIVE
2025-10-26 08:00:00,FRN.Flow-In.Ave.15Minutes.3Hours.MIXED-COMPUTED-REV,-394.70,160.75,-555.45,NEGATIVE
2025-10-26 09:00:00,FRN.Flow-In.Ave.15Minutes.3Hours.MIXED-COMPUTED-REV,-423.31,160.75,-584.06,NEGATIVE
2025-10-26 10:00:00,FRN.Flow-In.Ave.15Minutes.3Hours.MIXED-COMPUTED-REV,-89.39,119.21,-208.60,NEGATIVE
2025-10-26 11:00:00,FRN.Flow-In.Ave.15Minutes.3Hours.MIXED-COMPUTED-REV,-43.32,104.62,-147.94,NEGATIVE
2025-10-26 23:00:00,FRN.Flow-In.Ave.15Minutes.3Hours.MIXED-COMPUTED-REV,-66.84,127.65,-194.49,NEGATIVE
2025-10-28 20:00:00,FRN.Flow-In.Ave.15Minutes.3Hours.MIXED-COMPUTED-REV,-59.41,85.98,-145.40,NEGATIVE
2025-10-28 21:00:00,FRN.Flow-In.Ave.15Minutes.3Hours.MIXED-COMPUTED-REV,-75.15,85.98,-161.13,NEGATIVE
2025-10-28 22:00:00,FRN.Flow-In.Ave.15Minutes.3Hours.MIXED-COMPUTED-REV,-7.84,90.35,-98.19,NEGATIVE
2025-10-29 18:00:00,FRN.Flow-In.Ave.15Minutes.3Hours.MIXED-COMPUTED-REV,-13.46,64.56,-78.02,NEGATIVE
2025-10-29 19:00:00,FRN.Flow-In.Ave.15Minutes.3Hours.MIXED-COMPUTED-REV,-123.54,64.17,-187.71,NEGATIVE
2025-10-29 20:00:00,FRN.Flow-In.Ave.15Minutes.3Hours.MIXED-COMPUTED-REV,-153.61,49.10,-202.71,NEGATIVE
2025-10-29 21:00:00,FRN.Flow-In.Ave.15Minutes.3Hours.MIXED-COMPUTED-REV,-158.49,64.56,-223.05,NEGATIVE
2025-10-29 22:00:00,FRN.Flow-In.Ave.15Minutes.3Hours.MIXED-COMPUTED-REV,-29.34,66.05,-95.39,NEGATIVE
2025-10-29 23:00:00,FRN.Flow-In.Ave.15Minutes.3Hours.MIXED-COMPUTED-REV,-74.31,66.05,-140.36,NEGATIVE
2025-10-30 00:00:00,FRN.Flow-In.Ave.15Minutes.3Hours.MIXED-COMPUTED-REV,-213.97,66.05,-280.02,NEGATIVE
2025-10-30 01:00:00,FRN.Flow-In.Ave.15Minutes.3Hours.MIXED-COMPUTED-REV,-260.77,66.05,-326.82,NEGATIVE
2025-10-30 02:00:00,FRN.Flow-In.Ave.15Minutes.3Hours.MIXED-COMPUTED-REV,-1.82,49.10,-50.92,NEGATIVE
2025-10-30 06:00:00,FRN.Flow-In.Ave.15Minutes.3Hours.MIXED-COMPUTED-REV,-13.54,-1.82,-11.72,NEGATIVE
2025-10-30 07:00:00,FRN.Flow-In.Ave.15Minutes.3Hours.MIXED-COMPUTED-REV,-66.58,18.59,-85.16,NEGATIVE
2025-10-30 14:00:00,FRN.Flow-In.Ave.15Minutes.3Hours.MIXED-COMPUTED-REV,-37.81,49.10,-86.91,NEGATIVE
2025-10-30 15:00:00,FRN.Flow-In.Ave.15Minutes.3Hours.MIXED-COMPUTED-REV,-36.28,49.10,-85.39,NEGATIVE
2025-10-30 21:00:00,FRN.Flow-In.Ave.15Minutes.3Hours.MIXED-COMPUTED-REV,-24.17,42.72,-66.89,NEGATIVE
2025-10-30 22:00:00,FRN.Flow-In.Ave.15Minutes.3Hours.MIXED-COMPUTED-REV,-38.27,39.09,-77.36,NEGATIVE
2025-10-31 10:00:00,FRN.Flow-In.Ave.15Minutes.3Hours.MIXED-COMPUTED-REV,-3.96,29.44,-33.40,NEGATIVE
2025-10-31 11:00:00,FRN.Flow-In.Ave.15Minutes.3Hours.MIXED-COMPUTED-REV,-15.95,30.40,-46.35,NEGATIVE
2025-10-31 13:00:00,FRN.Flow-In.Ave.15Minutes.3Hours.MIXED-COMPUTED-REV,-18.63,30.40,-49.03,NEGATIVE
2025-10-31 19:00:00,FRN.Flow-In.Ave.15Minutes.3Hours.MIXED-COMPUTED-REV,-3.20,14.39,-17.59,NEGATIVE
2025-10-31 20:00:00,FRN.Flow-In.Ave.15Minutes.3Hours.MIXED-COMPUTED-REV,-31.11,14.39,-45.50,NEGATIVE
2025-10-31 21:00:00,FRN.Flow-In.Ave.15Minutes.3Hours.MIXED-COMPUTED-REV,-4.00,8.48,-12.48,NEGATIVE
2025-11-01 02:00:00,FRN.Flow-In.Ave.15Minutes.3Hours.MIXED-COMPUTED-REV,-59.65,42.84,-102.49,NEGATIVE
2025-11-01 03:00:00,FRN.Flow-In.Ave.15Minutes.3Hours.MIXED-COMPUTED-REV,-29.17,52.00,-81.17,NEGATIVE
2025-11-01 04:00:00,FRN.Flow-In.Ave.15Minutes.3Hours.MIXED-COMPUTED-REV,-6.39,52.00,-58.39,NEGATIVE
2025-11-01 09:00:00,FRN.Flow-In.Ave.15Minutes.3Hours.MIXED-COMPUTED-REV,-0.75,52.39,-53.13,NEGATIVE
2025-11-02 04:00:00,FRN.Flow-In.Ave.15Minutes.3Hours.MIXED-COMPUTED-REV,-2.69,39.89,-42.58,NEGATIVE
2025-11-02 05:00:00,FRN.Flow-In.Ave.15Minutes.3Hours.MIXED-COMPUTED-REV,-14.63,30.05,-44.68,NEGATIVE
2025-11-02 10:00:00,FRN.Flow-In.Ave.15Minutes.3Hours.MIXED-COMPUTED-REV,-7.80,11.72,-19.52,NEGATIVE
2025-11-02 11:00:00,FRN.Flow-In.Ave.15Minutes.3Hours.MIXED-COMPUTED-REV,-170.71,1.65,-172.36,NEGATIVE
2025-11-02 12:00:00,FRN.Flow-In.Ave.15Minutes.3Hours.MIXED-COMPUTED-REV,-223.29,-1.19,-222.11,NEGATIVE
2025-11-02 14:00:00,FRN.Flow-In.Ave.15Minutes.3Hours.MIXED-COMPUTED-REV,-1.30,-1.30,0.00,NEGATIVE
2025-11-02 15:00:00,FRN.Flow-In.Ave.15Minutes.3Hours.MIXED-COMPUTED-REV,-21.55,-1.30,-20.25,NEGATIVE
2025-11-02 17:00:00,FRN.Flow-In.Ave.15Minutes.3Hours.MIXED-COMPUTED-REV,-1.19,-1.30,0.12,NEGATIVE
2025-11-02 20:00:00,FRN.Flow-In.Ave.15Minutes.3Hours.MIXED-COMPUTED-REV,-29.92,-1.19,-28.74,NEGATIVE
2025-11-02 21:00:00,FRN.Flow-In.Ave.15Minutes.3Hours.MIXED-COMPUTED-REV,-69.40,-1.19,-68.21,NEGATIVE
2025-11-02 22:00:00,FRN.Flow-In.Ave.15Minutes.3Hours.MIXED-COMPUTED-REV,-121.95,-1.19,-120.77,NEGATIVE
2025-11-02 23:00:00,FRN.Flow-In.Ave.15Minutes.3Hours.MIXED-COMPUTED-REV,-174.86,1.65,-176.51,NEGATIVE
2025-11-03 00:00:00,FRN.Flow-In.Ave.15Minutes.3Hours.MIXED-COMPUTED-REV,-193.30,10.89,-204.19,NEGATIVE
2025-11-03 01:00:00,FRN.Flow-In.Ave.15Minutes.3Hours.MIXED-COMPUTED-REV,-111.96,11.72,-123.69,NEGATIVE
2025-11-03 05:00:00,FRN.Flow-In.Ave.15Minutes.3Hours.MIXED-COMPUTED-REV,-48.74,22.87,-71.61,NEGATIVE
2025-11-03 19:00:00,FRN.Flow-In.Ave.15Minutes.3Hours.MIXED-COMPUTED-REV,-11.53,117.73,-129.26,NEGATIVE
2025-11-03 20:00:00,FRN.Flow-In.Ave.15Minutes.3Hours.MIXED-COMPUTED-REV,-0.47,262.74,-263.21,NEGATIVE
2025-11-04 11:00:00,FRN.Flow-In.Ave.15Minutes.3Hours.MIXED-COMPUTED-REV,-23.75,101.56,-125.31,NEGATIVE
2025-11-04 12:00:00,FRN.Flow-In.Ave.15Minutes.3Hours.MIXED-COMPUTED-REV,-72.19,105.06,-177.25,NEGATIVE
2025-11-04 13:00:00,FRN.Flow-In.Ave.15Minutes.3Hours.MIXED-COMPUTED-REV,-19.15,105.06,-124.21,NEGATIVE
2025-11-04 19:00:00,FRN.Flow-In.Ave.15Minutes.3Hours.MIXED-COMPUTED-REV,-14.75,105.06,-119.81,NEGATIVE
2025-11-05 04:00:00,FRN.Flow-In.Ave.15Minutes.3Hours.MIXED-COMPUTED-REV,630.93,259.31,371.62,SPIKE
2025-11-06 06:00:00,FRN.Flow-In.Ave.15Minutes.3Hours.MIXED-COMPUTED-REV,-1.62,203.81,-205.43,NEGATIVE
2025-11-07 00:00:00,FRN.Flow-In.Ave.15Minutes.3Hours.MIXED-COMPUTED-REV,-124.24,196.52,-320.75,NEGATIVE
2025-11-07 01:00:00,FRN.Flow-In.Ave.15Minutes.3Hours.MIXED-COMPUTED-REV,-185.71,176.78,-362.49,NEGATIVE
2025-11-07 02:00:00,FRN.Flow-In.Ave.15Minutes.3Hours.MIXED-COMPUTED-REV,-16.35,176.02,-192.37,NEGATIVE
2025-11-15 01:00:00,FRN.Flow-In.Ave.15Minutes.3Hours.MIXED-COMPUTED-REV,-42.61,44.25,-86.87,NEGATIVE
2025-11-16 00:00:00,FRN.Flow-In.Ave.15Minutes.3Hours.MIXED-COMPUTED-REV,-10.02,5.11,-15.12,NEGATIVE
2025-11-16 01:00:00,FRN.Flow-In.Ave.15Minutes.3Hours.MIXED-COMPUTED-REV,-33.98,5.11,-39.09,NEGATIVE
2025-11-16 02:00:00,FRN.Flow-In.Ave.15Minutes.3Hours.MIXED-COMPUTED-REV,-36.94,3.86,-40.80,NEGATIVE
2025-11-16 03:00:00,FRN.Flow-In.Ave.15Minutes.3Hours.MIXED-COMPUTED-REV,-6.73,3.86,-10.59,NEGATIVE
2025-11-16 07:00:00,FRN.Flow-In.Ave.15Minutes.3Hours.MIXED-COMPUTED-REV,-16.30,1.61,-17.91,NEGATIVE
2025-11-16 08:00:00,FRN.Flow-In.Ave.15Minutes.3Hours.MIXED-COMPUTED-REV,-38.63,0.89,-39.52,NEGATIVE
2025-11-16 09:00:00,FRN.Flow-In.Ave.15Minutes.3Hours.MIXED-COMPUTED-REV,-21.92,-1.71,-20.21,NEGATIVE
2025-11-16 10:00:00,FRN.Flow-In.Ave.15Minutes.3Hours.MIXED-COMPUTED-REV,-4.08,-1.71,-2.36,NEGATIVE
2025-11-16 11:00:00,FRN.Flow-In.Ave.15Minutes.3Hours.MIXED-COMPUTED-REV,-1.71,-1.71,0.00,NEGATIVE
2025-11-16 12:00:00,FRN.Flow-In.Ave.15Minutes.3Hours.MIXED-COMPUTED-REV,-9.93,-4.08,-5.85,NEGATIVE
2025-11-16 19:00:00,FRN.Flow-In.Ave.15Minutes.3Hours.MIXED-COMPUTED-REV,-29.53,-4.08,-25.46,NEGATIVE
2025-11-16 20:00:00,FRN.Flow-In.Ave.15Minutes.3Hours.MIXED-COMPUTED-REV,-36.93,-1.71,-35.22,NEGATIVE
2025-11-16 21:00:00,FRN.Flow-In.Ave.15Minutes.3Hours.MIXED-COMPUTED-REV,-11.33,0.62,-11.95,NEGATIVE
2025-11-17 00:00:00,FRN.Flow-In.Ave.15Minutes.3Hours.MIXED-COMPUTED-REV,-6.55,6.30,-12.85,NEGATIVE
2025-11-17 01:00:00,FRN.Flow-In.Ave.15Minutes.3Hours.MIXED-COMPUTED-REV,-28.88,6.40,-35.28,NEGATIVE
2025-11-17 02:00:00,FRN.Flow-In.Ave.15Minutes.3Hours.MIXED-COMPUTED-REV,-45.10,11.99,-57.09,NEGATIVE
2025-11-17 03:00:00,FRN.Flow-In.Ave.15Minutes.3Hours.MIXED-COMPUTED-REV,-27.25,18.48,-45.73,NEGATIVE
2025-11-17 04:00:00,FRN.Flow-In.Ave.15Minutes.3Hours.MIXED-COMPUTED-REV,-5.05,18.48,-23.53,NEGATIVE
2025-11-17 12:00:00,FRN.Flow-In.Ave.15Minutes.3Hours.MIXED-COMPUTED-REV,319.50,68.01,251.50,SPIKE
2025-11-18 23:00:00,FRN.Flow-In.Ave.15Minutes.3Hours.MIXED-COMPUTED-REV,-38.93,49.44,-88.37,NEGATIVE
2025-11-19 00:00:00,FRN.Flow-In.Ave.15Minutes.3Hours.MIXED-COMPUTED-REV,-77.61,47.36,-124.97,NEGATIVE
2025-11-25 19:00:00,FRN.Flow-In.Ave.15Minutes.3Hours.MIXED-COMPUTED-REV,-36.07,57.16,-93.23,NEGATIVE
2025-11-25 23:00:00,FRN.Flow-In.Ave.15Minutes.3Hours.MIXED-COMPUTED-REV,-54.86,65.27,-120.13,NEGATIVE
2025-11-26 00:00:00,FRN.Flow-In.Ave.15Minutes.3Hours.MIXED-COMPUTED-REV,-123.21,65.13,-188.34,NEGATIVE
2025-11-26 01:00:00,FRN.Flow-In.Ave.15Minutes.3Hours.MIXED-COMPUTED-REV,-27.25,65.13,-92.38,NEGATIVE
2025-12-17 09:00:00,FRN.Flow-In.Ave.15Minutes.3Hours.MIXED-COMPUTED-REV,532.46,252.72,279.75,SPIKE
2025-12-17 10:00:00,FRN.Flow-In.Ave.15Minutes.3Hours.MIXED-COMPUTED-REV,579.86,252.72,327.14,SPIKE
2025-12-17 11:00:00,FRN.Flow-In.Ave.15Minutes.3Hours.MIXED-COMPUTED-REV,616.13,252.72,363.41,SPIKE
2025-12-17 12:00:00,FRN.Flow-In.Ave.15Minutes.3Hours.MIXED-COMPUTED-REV,652.49,252.72,399.78,SPIKE
2025-12-17 13:00:00,FRN.Flow-In.Ave.15Minutes.3Hours.MIXED-COMPUTED-REV,621.73,252.72,369.02,SPIKE
2025-12-18 19:00:00,FRN.Flow-In.Ave.15Minutes.3Hours.MIXED-COMPUTED-REV,1223.90,957.74,266.16,SPIKE
2025-12-18 20:00:00,FRN.Flow-In.Ave.15Minutes.3Hours.MIXED-COMPUTED-REV,1314.71,960.90,353.81,SPIKE
2025-12-26 12:00:00,FRN.Flow-In.Ave.15Minutes.3Hours.MIXED-COMPUTED-REV,850.60,574.56,276.05,SPIKE
2025-12-26 13:00:00,FRN.Flow-In.Ave.15Minutes.3Hours.MIXED-COMPUTED-REV,905.01,571.60,333.41,SPIKE
2025-12-26 14:00:00,FRN.Flow-In.Ave.15Minutes.3Hours.MIXED-COMPUTED-REV,879.00,571.12,307.88,SPIKE
2026-02-16 17:00:00,FRN.Flow-In.Ave.15Minutes.3Hours.MIXED-COMPUTED-REV,1193.53,705.60,487.93,SPIKE
2026-03-01 10:00:00,FRN.Flow-In.Ave.15Minutes.3Hours.MIXED-COMPUTED-REV,1206.85,935.95,270.90,SPIKE
2026-03-01 11:00:00,FRN.Flow-In.Ave.15Minutes.3Hours.MIXED-COMPUTED-REV,1219.35,923.77,295.58,SPIKE
2026-03-04 18:00:00,FRN.Flow-In.Ave.15Minutes.3Hours.MIXED-COMPUTED-REV,345.22,686.05,-340.83,SPIKE
2026-03-09 23:00:00,FRN.Flow-In.Ave.15Minutes.3Hours.MIXED-COMPUTED-REV,203.03,453.40,-250.37,SPIKE
2026-03-10 12:00:00,FRN.Flow-In.Ave.15Minutes.3Hours.MIXED-COMPUTED-REV,196.59,481.20,-284.61,SPIKE
2026-03-10 13:00:00,FRN.Flow-In.Ave.15Minutes.3Hours.MIXED-COMPUTED-REV,207.83,481.20,-273.37,SPIKE
2026-03-10 23:00:00,FRN.Flow-In.Ave.15Minutes.3Hours.MIXED-COMPUTED-REV,194.84,476.55,-281.71,SPIKE
2026-03-11 00:00:00,FRN.Flow-In.Ave.15Minutes.3Hours.MIXED-COMPUTED-REV,-57.80,476.55,-534.35,"SPIKE,NEGATIVE"
2026-03-11 01:00:00,FRN.Flow-In.Ave.15Minutes.3Hours.MIXED-COMPUTED-REV,-22.22,476.55,-498.77,"SPIKE,NEGATIVE"
2026-03-11 23:00:00,FRN.Flow-In.Ave.15Minutes.3Hours.MIXED-COMPUTED-REV,-104.05,456.28,-560.33,NEGATIVE
2026-03-12 00:00:00,FRN.Flow-In.Ave.15Minutes.3Hours.MIXED-COMPUTED-REV,-19.89,356.34,-376.22,NEGATIVE
2026-03-17 00:00:00,FRN.Flow-In.Ave.15Minutes.3Hours.MIXED-COMPUTED-REV,735.53,449.28,286.26,SPIKE
2026-03-17 18:00:00,FRN.Flow-In.Ave.15Minutes.3Hours.MIXED-COMPUTED-REV,157.34,446.79,-289.45,SPIKE
2026-03-17 19:00:00,FRN.Flow-In.Ave.15Minutes.3Hours.MIXED-COMPUTED-REV,25.71,446.73,-421.02,SPIKE
2026-03-18 13:00:00,FRN.Flow-In.Ave.15Minutes.3Hours.MIXED-COMPUTED-REV,169.27,445.86,-276.59,SPIKE
2026-03-18 14:00:00,FRN.Flow-In.Ave.15Minutes.3Hours.MIXED-COMPUTED-REV,156.40,431.81,-275.41,SPIKE
2026-03-21 10:00:00,FRN.Flow-In.Ave.15Minutes.3Hours.MIXED-COMPUTED-REV,714.11,280.15,433.96,SPIKE
2026-03-21 20:00:00,FRN.Flow-In.Ave.15Minutes.3Hours.MIXED-COMPUTED-REV,-156.14,340.70,-496.84,NEGATIVE
2026-03-22 18:00:00,FRN.Flow-In.Ave.15Minutes.3Hours.MIXED-COMPUTED-REV,-168.41,302.84,-471.25,NEGATIVE
2026-03-22 19:00:00,FRN.Flow-In.Ave.15Minutes.3Hours.MIXED-COMPUTED-REV,-11.23,302.84,-314.07,NEGATIVE
2026-03-25 23:00:00,FRN.Flow-In.Ave.15Minutes.3Hours.MIXED-COMPUTED-REV,-101.33,308.44,-409.76,NEGATIVE
2026-03-26 00:00:00,FRN.Flow-In.Ave.15Minutes.3Hours.MIXED-COMPUTED-REV,-137.35,308.44,-445.78,NEGATIVE
2026-03-26 20:00:00,FRN.Flow-In.Ave.15Minutes.3Hours.MIXED-COMPUTED-REV,-168.93,247.44,-416.37,NEGATIVE
2026-03-26 21:00:00,FRN.Flow-In.Ave.15Minutes.3Hours.MIXED-COMPUTED-REV,-242.46,247.44,-489.90,NEGATIVE
2026-03-26 22:00:00,FRN.Flow-In.Ave.15Minutes.3Hours.MIXED-COMPUTED-REV,-205.70,223.28,-428.98,NEGATIVE
2026-03-26 23:00:00,FRN.Flow-In.Ave.15Minutes.3Hours.MIXED-COMPUTED-REV,-21.86,223.28,-245.14,NEGATIVE
2026-03-30 04:00:00,FRN.Flow-In.Ave.15Minutes.3Hours.MIXED-COMPUTED-REV,-46.49,51.93,-98.42,NEGATIVE
2026-03-30 12:00:00,FRN.Flow-In.Ave.15Minutes.3Hours.MIXED-COMPUTED-REV,-133.29,76.03,-209.32,NEGATIVE
2026-03-30 13:00:00,FRN.Flow-In.Ave.15Minutes.3Hours.MIXED-COMPUTED-REV,-207.27,88.31,-295.58,NEGATIVE
2026-04-01 00:00:00,FRN.Flow-In.Ave.15Minutes.3Hours.MIXED-COMPUTED-REV,-22.33,175.05,-197.38,NEGATIVE
2026-04-01 01:00:00,FRN.Flow-In.Ave.15Minutes.3Hours.MIXED-COMPUTED-REV,-157.87,175.05,-332.92,NEGATIVE
2026-04-10 05:00:00,FRN.Flow-In.Ave.15Minutes.3Hours.MIXED-COMPUTED-REV,-48.41,179.25,-227.66,NEGATIVE
2026-04-11 01:00:00,FRN.Flow-In.Ave.15Minutes.3Hours.MIXED-COMPUTED-REV,535.39,103.84,431.55,SPIKE
2026-04-11 02:00:00,FRN.Flow-In.Ave.15Minutes.3Hours.MIXED-COMPUTED-REV,662.64,103.84,558.80,SPIKE
2026-04-11 03:00:00,FRN.Flow-In.Ave.15Minutes.3Hours.MIXED-COMPUTED-REV,523.25,103.84,419.40,SPIKE
2026-04-12 01:00:00,FRN.Flow-In.Ave.15Minutes.3Hours.MIXED-COMPUTED-REV,1339.75,550.42,789.33,SPIKE
2026-04-14 02:00:00,FRN.Flow-In.Ave.15Minutes.3Hours.MIXED-COMPUTED-REV,66.09,361.78,-295.69,SPIKE
2026-04-15 13:00:00,FRN.Flow-In.Ave.15Minutes.3Hours.MIXED-COMPUTED-REV,827.33,402.48,424.86,SPIKE
2026-04-24 22:00:00,FRN.Flow-In.Ave.15Minutes.3Hours.MIXED-COMPUTED-REV,-117.93,123.13,-241.06,NEGATIVE
2026-04-24 23:00:00,FRN.Flow-In.Ave.15Minutes.3Hours.MIXED-COMPUTED-REV,-197.56,123.13,-320.69,NEGATIVE
2026-04-25 00:00:00,FRN.Flow-In.Ave.15Minutes.3Hours.MIXED-COMPUTED-REV,-90.51,123.13,-213.64,NEGATIVE
2026-04-25 08:00:00,FRN.Flow-In.Ave.15Minutes.3Hours.MIXED-COMPUTED-REV,-90.48,230.05,-320.53,NEGATIVE
2026-04-25 22:00:00,FRN.Flow-In.Ave.15Minutes.3Hours.MIXED-COMPUTED-REV,-77.56,244.08,-321.64,NEGATIVE
2026-04-25 23:00:00,FRN.Flow-In.Ave.15Minutes.3Hours.MIXED-COMPUTED-REV,-184.61,244.08,-428.69,NEGATIVE
2026-04-26 00:00:00,FRN.Flow-In.Ave.15Minutes.3Hours.MIXED-COMPUTED-REV,-50.64,244.08,-294.72,NEGATIVE
2026-04-26 19:00:00,FRN.Flow-In.Ave.15Minutes.3Hours.MIXED-COMPUTED-REV,-11.29,190.75,-202.05,NEGATIVE
2026-04-26 20:00:00,FRN.Flow-In.Ave.15Minutes.3Hours.MIXED-COMPUTED-REV,-91.54,190.23,-281.77,NEGATIVE
2026-04-27 00:00:00,FRN.Flow-In.Ave.15Minutes.3Hours.MIXED-COMPUTED-REV,-77.84,190.23,-268.06,NEGATIVE
2026-04-28 01:00:00,FRN.Flow-In.Ave.15Minutes.3Hours.MIXED-COMPUTED-REV,-78.57,82.33,-160.89,NEGATIVE
2026-04-28 02:00:00,FRN.Flow-In.Ave.15Minutes.3Hours.MIXED-COMPUTED-REV,-145.22,69.18,-214.40,NEGATIVE
2026-04-29 04:00:00,FRN.Flow-In.Ave.15Minutes.3Hours.MIXED-COMPUTED-REV,-10.82,56.31,-67.13,NEGATIVE
2026-04-29 05:00:00,FRN.Flow-In.Ave.15Minutes.3Hours.MIXED-COMPUTED-REV,-37.57,68.57,-106.14,NEGATIVE
2026-04-30 17:00:00,FRN.Flow-In.Ave.15Minutes.3Hours.MIXED-COMPUTED-REV,-25.96,83.10,-109.05,NEGATIVE
2026-05-01 06:00:00,FRN.Flow-In.Ave.15Minutes.3Hours.MIXED-COMPUTED-REV,380.18,56.53,323.65,SPIKE
2026-05-01 07:00:00,FRN.Flow-In.Ave.15Minutes.3Hours.MIXED-COMPUTED-REV,339.73,56.53,283.20,SPIKE
2026-05-01 20:00:00,FRN.Flow-In.Ave.15Minutes.3Hours.MIXED-COMPUTED-REV,324.23,56.53,267.70,SPIKE
2026-05-01 22:00:00,FRN.Flow-In.Ave.15Minutes.3Hours.MIXED-COMPUTED-REV,-78.23,56.53,-134.76,NEGATIVE
2026-05-01 23:00:00,FRN.Flow-In.Ave.15Minutes.3Hours.MIXED-COMPUTED-REV,-212.14,56.53,-268.67,"SPIKE,NEGATIVE"
2026-05-02 00:00:00,FRN.Flow-In.Ave.15Minutes.3Hours.MIXED-COMPUTED-REV,-24.01,56.53,-80.54,NEGATIVE
2026-05-02 08:00:00,FRN.Flow-In.Ave.15Minutes.3Hours.MIXED-COMPUTED-REV,338.36,56.53,281.83,SPIKE
2026-05-02 14:00:00,FRN.Flow-In.Ave.15Minutes.3Hours.MIXED-COMPUTED-REV,-10.89,69.14,-80.03,NEGATIVE
2026-05-02 15:00:00,FRN.Flow-In.Ave.15Minutes.3Hours.MIXED-COMPUTED-REV,-24.44,83.20,-107.63,NEGATIVE
2026-05-03 05:00:00,FRN.Flow-In.Ave.15Minutes.3Hours.MIXED-COMPUTED-REV,352.06,96.83,255.23,SPIKE
2026-05-03 11:00:00,FRN.Flow-In.Ave.15Minutes.3Hours.MIXED-COMPUTED-REV,365.49,69.94,295.55,SPIKE
2026-05-03 12:00:00,FRN.Flow-In.Ave.15Minutes.3Hours.MIXED-COMPUTED-REV,378.79,69.35,309.45,SPIKE
2026-05-04 04:00:00,FRN.Flow-In.Ave.15Minutes.3Hours.MIXED-COMPUTED-REV,379.58,56.53,323.05,SPIKE
2026-05-04 05:00:00,FRN.Flow-In.Ave.15Minutes.3Hours.MIXED-COMPUTED-REV,622.03,56.53,565.50,SPIKE
2026-05-04 06:00:00,FRN.Flow-In.Ave.15Minutes.3Hours.MIXED-COMPUTED-REV,622.11,56.53,565.58,SPIKE
2026-05-04 11:00:00,FRN.Flow-In.Ave.15Minutes.3Hours.MIXED-COMPUTED-REV,-24.30,56.53,-80.83,NEGATIVE
2026-05-04 12:00:00,FRN.Flow-In.Ave.15Minutes.3Hours.MIXED-COMPUTED-REV,-226.37,56.53,-282.90,NEGATIVE
2026-05-04 13:00:00,FRN.Flow-In.Ave.15Minutes.3Hours.MIXED-COMPUTED-REV,-266.79,96.85,-363.64,NEGATIVE
2026-05-04 14:00:00,FRN.Flow-In.Ave.15Minutes.3Hours.MIXED-COMPUTED-REV,-185.99,96.85,-282.84,NEGATIVE
2026-05-04 17:00:00,FRN.Flow-In.Ave.15Minutes.3Hours.MIXED-COMPUTED-REV,-51.22,56.53,-107.75,NEGATIVE
2026-05-05 06:00:00,FRN.Flow-In.Ave.15Minutes.3Hours.MIXED-COMPUTED-REV,-78.20,56.33,-134.53,NEGATIVE
2026-05-05 07:00:00,FRN.Flow-In.Ave.15Minutes.3Hours.MIXED-COMPUTED-REV,-118.71,56.52,-175.24,NEGATIVE
2026-05-05 09:00:00,FRN.Flow-In.Ave.15Minutes.3Hours.MIXED-COMPUTED-REV,-11.17,55.39,-66.56,NEGATIVE
2026-05-05 11:00:00,FRN.Flow-In.Ave.15Minutes.3Hours.MIXED-COMPUTED-REV,-199.81,55.17,-254.98,NEGATIVE
2026-05-05 12:00:00,FRN.Flow-In.Ave.15Minutes.3Hours.MIXED-COMPUTED-REV,-65.22,55.17,-120.38,NEGATIVE
2026-05-05 13:00:00,FRN.Flow-In.Ave.15Minutes.3Hours.MIXED-COMPUTED-REV,-51.95,55.04,-106.99,NEGATIVE
2026-05-06 01:00:00,FRN.Flow-In.Ave.15Minutes.3Hours.MIXED-COMPUTED-REV,-38.37,65.11,-103.48,NEGATIVE
2026-05-06 02:00:00,FRN.Flow-In.Ave.15Minutes.3Hours.MIXED-COMPUTED-REV,-240.26,65.11,-305.37,NEGATIVE
2026-05-06 03:00:00,FRN.Flow-In.Ave.15Minutes.3Hours.MIXED-COMPUTED-REV,-159.23,65.11,-224.34,NEGATIVE
2026-05-06 04:00:00,FRN.Flow-In.Ave.15Minutes.3Hours.MIXED-COMPUTED-REV,-37.85,65.11,-102.96,NEGATIVE
2026-05-06 07:00:00,FRN.Flow-In.Ave.15Minutes.3Hours.MIXED-COMPUTED-REV,380.45,65.11,315.34,SPIKE
2026-05-06 21:00:00,FRN.Flow-In.Ave.15Minutes.3Hours.MIXED-COMPUTED-REV,388.74,65.11,323.63,SPIKE
2026-05-06 22:00:00,FRN.Flow-In.Ave.15Minutes.3Hours.MIXED-COMPUTED-REV,348.28,65.11,283.17,SPIKE
2026-05-07 04:00:00,FRN.Flow-In.Ave.15Minutes.3Hours.MIXED-COMPUTED-REV,-15.80,65.11,-80.91,NEGATIVE
2026-05-07 05:00:00,FRN.Flow-In.Ave.15Minutes.3Hours.MIXED-COMPUTED-REV,-218.06,65.11,-283.17,"SPIKE,NEGATIVE"
2026-05-07 06:00:00,FRN.Flow-In.Ave.15Minutes.3Hours.MIXED-COMPUTED-REV,-258.52,65.11,-323.63,"SPIKE,NEGATIVE"
2026-05-07 07:00:00,FRN.Flow-In.Ave.15Minutes.3Hours.MIXED-COMPUTED-REV,-177.61,65.11,-242.72,NEGATIVE
2026-05-07 21:00:00,FRN.Flow-In.Ave.15Minutes.3Hours.MIXED-COMPUTED-REV,334.80,65.11,269.69,SPIKE
2026-05-07 23:00:00,FRN.Flow-In.Ave.15Minutes.3Hours.MIXED-COMPUTED-REV,-69.73,65.11,-134.84,NEGATIVE
2026-05-08 00:00:00,FRN.Flow-In.Ave.15Minutes.3Hours.MIXED-COMPUTED-REV,-204.58,65.11,-269.69,NEGATIVE
2026-05-08 01:00:00,FRN.Flow-In.Ave.15Minutes.3Hours.MIXED-COMPUTED-REV,-15.80,65.11,-80.91,NEGATIVE
2026-05-08 12:00:00,FRN.Flow-In.Ave.15Minutes.3Hours.MIXED-COMPUTED-REV,-137.35,65.09,-202.44,NEGATIVE
2026-05-08 13:00:00,FRN.Flow-In.Ave.15Minutes.3Hours.MIXED-COMPUTED-REV,-15.87,65.09,-80.97,NEGATIVE
2026-05-08 18:00:00,FRN.Flow-In.Ave.15Minutes.3Hours.MIXED-COMPUTED-REV,-177.85,65.01,-242.86,NEGATIVE
2026-05-08 19:00:00,FRN.Flow-In.Ave.15Minutes.3Hours.MIXED-COMPUTED-REV,-258.78,65.01,-323.79,NEGATIVE
2026-05-08 20:00:00,FRN.Flow-In.Ave.15Minutes.3Hours.MIXED-COMPUTED-REV,-218.30,65.01,-283.31,NEGATIVE
2026-05-08 21:00:00,FRN.Flow-In.Ave.15Minutes.3Hours.MIXED-COMPUTED-REV,-15.91,65.01,-80.92,NEGATIVE
2026-05-09 01:00:00,FRN.Flow-In.Ave.15Minutes.3Hours.MIXED-COMPUTED-REV,-69.61,65.09,-134.70,NEGATIVE
2026-05-09 02:00:00,FRN.Flow-In.Ave.15Minutes.3Hours.MIXED-COMPUTED-REV,-110.02,65.09,-175.11,NEGATIVE
2026-05-10 07:00:00,FRN.Flow-In.Ave.15Minutes.3Hours.MIXED-COMPUTED-REV,389.24,65.44,323.80,SPIKE
2026-05-10 08:00:00,FRN.Flow-In.Ave.15Minutes.3Hours.MIXED-COMPUTED-REV,348.82,65.44,283.39,SPIKE
2026-05-10 12:00:00,FRN.Flow-In.Ave.15Minutes.3Hours.MIXED-COMPUTED-REV,-150.54,65.44,-215.97,NEGATIVE
2026-05-10 13:00:00,FRN.Flow-In.Ave.15Minutes.3Hours.MIXED-COMPUTED-REV,-164.11,51.63,-215.73,NEGATIVE
2026-05-10 16:00:00,FRN.Flow-In.Ave.15Minutes.3Hours.MIXED-COMPUTED-REV,-15.80,24.80,-40.60,NEGATIVE
2026-05-10 17:00:00,FRN.Flow-In.Ave.15Minutes.3Hours.MIXED-COMPUTED-REV,-177.61,24.80,-202.41,NEGATIVE
2026-05-10 18:00:00,FRN.Flow-In.Ave.15Minutes.3Hours.MIXED-COMPUTED-REV,-15.80,24.80,-40.60,NEGATIVE
2026-05-10 21:00:00,FRN.Flow-In.Ave.15Minutes.3Hours.MIXED-COMPUTED-REV,-42.71,24.80,-67.51,NEGATIVE
2026-05-10 23:00:00,FRN.Flow-In.Ave.15Minutes.3Hours.MIXED-COMPUTED-REV,-15.58,11.37,-26.95,NEGATIVE
2026-05-11 00:00:00,FRN.Flow-In.Ave.15Minutes.3Hours.MIXED-COMPUTED-REV,-217.63,24.79,-242.42,NEGATIVE
2026-05-11 01:00:00,FRN.Flow-In.Ave.15Minutes.3Hours.MIXED-COMPUTED-REV,-258.06,24.80,-282.86,NEGATIVE
2026-05-11 02:00:00,FRN.Flow-In.Ave.15Minutes.3Hours.MIXED-COMPUTED-REV,-177.24,24.83,-202.07,NEGATIVE
2026-05-11 10:00:00,FRN.Flow-In.Ave.15Minutes.3Hours.MIXED-COMPUTED-REV,-69.49,51.46,-120.95,NEGATIVE
2026-05-11 11:00:00,FRN.Flow-In.Ave.15Minutes.3Hours.MIXED-COMPUTED-REV,-163.78,65.11,-228.89,NEGATIVE
2026-05-11 15:00:00,FRN.Flow-In.Ave.15Minutes.3Hours.MIXED-COMPUTED-REV,-204.42,65.25,-269.67,NEGATIVE
2026-05-11 16:00:00,FRN.Flow-In.Ave.15Minutes.3Hours.MIXED-COMPUTED-REV,-446.81,65.26,-512.07,NEGATIVE
2026-05-11 17:00:00,FRN.Flow-In.Ave.15Minutes.3Hours.MIXED-COMPUTED-REV,-258.29,65.43,-323.72,NEGATIVE
2026-05-12 06:00:00,FRN.Flow-In.Ave.15Minutes.3Hours.MIXED-COMPUTED-REV,375.40,65.26,310.13,SPIKE
2026-05-12 07:00:00,FRN.Flow-In.Ave.15Minutes.3Hours.MIXED-COMPUTED-REV,388.76,65.26,323.49,SPIKE
2026-05-13 02:00:00,FRN.Flow-In.Ave.15Minutes.3Hours.MIXED-COMPUTED-REV,-81.94,65.33,-147.27,NEGATIVE
2026-05-13 03:00:00,FRN.Flow-In.Ave.15Minutes.3Hours.MIXED-COMPUTED-REV,-257.20,65.56,-322.76,"SPIKE,NEGATIVE"
2026-05-13 04:00:00,FRN.Flow-In.Ave.15Minutes.3Hours.MIXED-COMPUTED-REV,-297.79,65.71,-363.51,"SPIKE,NEGATIVE"
2026-05-13 05:00:00,FRN.Flow-In.Ave.15Minutes.3Hours.MIXED-COMPUTED-REV,-149.95,65.74,-215.69,NEGATIVE
2026-05-13 18:00:00,FRN.Flow-In.Ave.15Minutes.3Hours.MIXED-COMPUTED-REV,-150.60,78.99,-229.60,NEGATIVE
2026-05-13 19:00:00,FRN.Flow-In.Ave.15Minutes.3Hours.MIXED-COMPUTED-REV,-164.09,92.04,-256.13,NEGATIVE
2026-05-13 22:00:00,FRN.Flow-In.Ave.15Minutes.3Hours.MIXED-COMPUTED-REV,-69.95,78.59,-148.54,NEGATIVE
2026-05-13 23:00:00,FRN.Flow-In.Ave.15Minutes.3Hours.MIXED-COMPUTED-REV,-393.25,65.11,-458.36,NEGATIVE
2026-05-14 00:00:00,FRN.Flow-In.Ave.15Minutes.3Hours.MIXED-COMPUTED-REV,-312.12,65.11,-377.23,NEGATIVE
2026-05-14 01:00:00,FRN.Flow-In.Ave.15Minutes.3Hours.MIXED-COMPUTED-REV,-217.70,65.11,-282.81,NEGATIVE
2026-05-14 02:00:00,FRN.Flow-In.Ave.15Minutes.3Hours.MIXED-COMPUTED-REV,-29.16,65.11,-94.27,NEGATIVE
2026-05-14 03:00:00,FRN.Flow-In.Ave.15Minutes.3Hours.MIXED-COMPUTED-REV,-123.31,65.11,-188.42,NEGATIVE
2026-05-14 04:00:00,FRN.Flow-In.Ave.15Minutes.3Hours.MIXED-COMPUTED-REV,-150.23,65.11,-215.34,NEGATIVE
2026-05-14 09:00:00,FRN.Flow-In.Ave.15Minutes.3Hours.MIXED-COMPUTED-REV,65.11,65.11,0.00,FLAT
2026-05-14 10:00:00,FRN.Flow-In.Ave.15Minutes.3Hours.MIXED-COMPUTED-REV,65.11,65.11,0.00,FLAT
2026-05-14 11:00:00,FRN.Flow-In.Ave.15Minutes.3Hours.MIXED-COMPUTED-REV,65.11,65.11,0.00,FLAT
2026-05-14 12:00:00,FRN.Flow-In.Ave.15Minutes.3Hours.MIXED-COMPUTED-REV,65.11,65.11,0.00,FLAT
2026-05-14 13:00:00,FRN.Flow-In.Ave.15Minutes.3Hours.MIXED-COMPUTED-REV,65.11,65.11,0.00,FLAT
2026-05-14 14:00:00,FRN.Flow-In.Ave.15Minutes.3Hours.MIXED-COMPUTED-REV,65.11,65.11,0.00,FLAT
2026-05-14 15:00:00,FRN.Flow-In.Ave.15Minutes.3Hours.MIXED-COMPUTED-REV,65.11,65.11,0.00,FLAT
2026-05-14 16:00:00,FRN.Flow-In.Ave.15Minutes.3Hours.MIXED-COMPUTED-REV,65.11,65.11,0.00,FLAT
2026-05-14 17:00:00,FRN.Flow-In.Ave.15Minutes.3Hours.MIXED-COMPUTED-REV,65.11,65.11,0.00,FLAT
2026-05-14 18:00:00,FRN.Flow-In.Ave.15Minutes.3Hours.MIXED-COMPUTED-REV,65.11,65.11,0.00,FLAT
2026-05-14 19:00:00,FRN.Flow-In.Ave.15Minutes.3Hours.MIXED-COMPUTED-REV,65.11,65.11,0.00,FLAT
2026-05-14 20:00:00,FRN.Flow-In.Ave.15Minutes.3Hours.MIXED-COMPUTED-REV,65.11,65.11,0.00,FLAT
2026-05-14 21:00:00,FRN.Flow-In.Ave.15Minutes.3Hours.MIXED-COMPUTED-REV,65.11,65.11,0.00,FLAT
2026-05-14 22:00:00,FRN.Flow-In.Ave.15Minutes.3Hours.MIXED-COMPUTED-REV,65.11,65.11,0.00,FLAT
2026-05-14 23:00:00,FRN.Flow-In.Ave.15Minutes.3Hours.MIXED-COMPUTED-REV,65.11,65.11,0.00,FLAT
2026-05-15 01:00:00,FRN.Flow-In.Ave.15Minutes.3Hours.MIXED-COMPUTED-REV,-123.31,65.11,-188.42,NEGATIVE
2026-05-15 02:00:00,FRN.Flow-In.Ave.15Minutes.3Hours.MIXED-COMPUTED-REV,-257.90,65.11,-323.01,"SPIKE,NEGATIVE"
2026-05-15 03:00:00,FRN.Flow-In.Ave.15Minutes.3Hours.MIXED-COMPUTED-REV,-244.44,65.11,-309.55,"SPIKE,NEGATIVE"
2026-05-15 04:00:00,FRN.Flow-In.Ave.15Minutes.3Hours.MIXED-COMPUTED-REV,-69.48,65.11,-134.59,NEGATIVE
2026-05-15 05:00:00,FRN.Flow-In.Ave.15Minutes.3Hours.MIXED-COMPUTED-REV,65.11,65.11,0.00,FLAT
2026-05-15 06:00:00,FRN.Flow-In.Ave.15Minutes.3Hours.MIXED-COMPUTED-REV,65.11,65.11,0.00,FLAT
2026-05-15 07:00:00,FRN.Flow-In.Ave.15Minutes.3Hours.MIXED-COMPUTED-REV,65.11,65.11,0.00,FLAT
2026-05-15 08:00:00,FRN.Flow-In.Ave.15Minutes.3Hours.MIXED-COMPUTED-REV,65.11,65.11,0.00,FLAT
2026-05-15 09:00:00,FRN.Flow-In.Ave.15Minutes.3Hours.MIXED-COMPUTED-REV,65.11,65.11,0.00,FLAT
2026-05-15 10:00:00,FRN.Flow-In.Ave.15Minutes.3Hours.MIXED-COMPUTED-REV,65.11,65.11,0.00,FLAT
2026-05-15 11:00:00,FRN.Flow-In.Ave.15Minutes.3Hours.MIXED-COMPUTED-REV,65.11,65.11,0.00,FLAT
2026-05-15 12:00:00,FRN.Flow-In.Ave.15Minutes.3Hours.MIXED-COMPUTED-REV,65.11,65.11,0.00,FLAT
2026-05-15 13:00:00,FRN.Flow-In.Ave.15Minutes.3Hours.MIXED-COMPUTED-REV,65.11,65.11,0.00,FLAT
2026-05-15 14:00:00,FRN.Flow-In.Ave.15Minutes.3Hours.MIXED-COMPUTED-REV,65.11,65.11,0.00,FLAT
2026-05-15 15:00:00,FRN.Flow-In.Ave.15Minutes.3Hours.MIXED-COMPUTED-REV,65.11,65.11,0.00,FLAT
2026-05-15 16:00:00,FRN.Flow-In.Ave.15Minutes.3Hours.MIXED-COMPUTED-REV,65.11,65.11,0.00,FLAT
2026-05-15 17:00:00,FRN.Flow-In.Ave.15Minutes.3Hours.MIXED-COMPUTED-REV,65.11,65.11,0.00,FLAT
2026-05-15 18:00:00,FRN.Flow-In.Ave.15Minutes.3Hours.MIXED-COMPUTED-REV,65.11,65.11,0.00,FLAT
2026-05-15 19:00:00,FRN.Flow-In.Ave.15Minutes.3Hours.MIXED-COMPUTED-REV,65.11,65.11,0.00,FLAT
2026-05-15 20:00:00,FRN.Flow-In.Ave.15Minutes.3Hours.MIXED-COMPUTED-REV,65.11,65.11,0.00,FLAT
2026-05-15 23:00:00,FRN.Flow-In.Ave.15Minutes.3Hours.MIXED-COMPUTED-REV,-69.13,65.11,-134.24,NEGATIVE
2026-05-16 00:00:00,FRN.Flow-In.Ave.15Minutes.3Hours.MIXED-COMPUTED-REV,-243.89,65.11,-309.00,"SPIKE,NEGATIVE"
2026-05-16 01:00:00,FRN.Flow-In.Ave.15Minutes.3Hours.MIXED-COMPUTED-REV,-257.42,65.11,-322.53,"SPIKE,NEGATIVE"
2026-05-16 02:00:00,FRN.Flow-In.Ave.15Minutes.3Hours.MIXED-COMPUTED-REV,-109.61,65.11,-174.72,NEGATIVE
2026-05-16 09:00:00,FRN.Flow-In.Ave.15Minutes.3Hours.MIXED-COMPUTED-REV,-91.35,30.89,-122.23,NEGATIVE
2026-05-16 10:00:00,FRN.Flow-In.Ave.15Minutes.3Hours.MIXED-COMPUTED-REV,-212.88,25.47,-238.34,NEGATIVE
2026-05-16 11:00:00,FRN.Flow-In.Ave.15Minutes.3Hours.MIXED-COMPUTED-REV,-136.48,-69.13,-67.35,NEGATIVE
2026-05-16 16:00:00,FRN.Flow-In.Ave.15Minutes.3Hours.MIXED-COMPUTED-REV,-135.81,32.80,-168.61,NEGATIVE
2026-05-16 17:00:00,FRN.Flow-In.Ave.15Minutes.3Hours.MIXED-COMPUTED-REV,-174.19,32.80,-206.99,NEGATIVE
2026-05-16 18:00:00,FRN.Flow-In.Ave.15Minutes.3Hours.MIXED-COMPUTED-REV,-93.51,32.80,-126.31,NEGATIVE
2026-05-16 21:00:00,FRN.Flow-In.Ave.15Minutes.3Hours.MIXED-COMPUTED-REV,-183.95,39.03,-222.98,NEGATIVE
2026-05-16 22:00:00,FRN.Flow-In.Ave.15Minutes.3Hours.MIXED-COMPUTED-REV,-211.38,56.69,-268.07,NEGATIVE
2026-05-16 23:00:00,FRN.Flow-In.Ave.15Minutes.3Hours.MIXED-COMPUTED-REV,-81.38,67.47,-148.86,NEGATIVE
2026-05-17 17:00:00,FRN.Flow-In.Ave.15Minutes.3Hours.MIXED-COMPUTED-REV,-48.25,68.74,-116.99,NEGATIVE
2026-05-17 18:00:00,FRN.Flow-In.Ave.15Minutes.3Hours.MIXED-COMPUTED-REV,-169.44,68.74,-238.18,NEGATIVE
2026-05-17 19:00:00,FRN.Flow-In.Ave.15Minutes.3Hours.MIXED-COMPUTED-REV,-209.72,68.74,-278.46,"SPIKE,NEGATIVE"
2026-05-17 20:00:00,FRN.Flow-In.Ave.15Minutes.3Hours.MIXED-COMPUTED-REV,-101.70,68.74,-170.44,NEGATIVE
2026-05-18 00:00:00,FRN.Flow-In.Ave.15Minutes.3Hours.MIXED-COMPUTED-REV,-154.66,74.84,-229.51,NEGATIVE
2026-05-18 01:00:00,FRN.Flow-In.Ave.15Minutes.3Hours.MIXED-COMPUTED-REV,-235.44,80.42,-315.86,"SPIKE,NEGATIVE"
2026-05-18 02:00:00,FRN.Flow-In.Ave.15Minutes.3Hours.MIXED-COMPUTED-REV,-195.02,85.04,-280.06,NEGATIVE
2026-05-18 16:00:00,FRN.Flow-In.Ave.15Minutes.3Hours.MIXED-COMPUTED-REV,-46.93,87.90,-134.83,NEGATIVE
2026-05-18 17:00:00,FRN.Flow-In.Ave.15Minutes.3Hours.MIXED-COMPUTED-REV,-222.20,87.90,-310.10,"SPIKE,NEGATIVE"
2026-05-18 18:00:00,FRN.Flow-In.Ave.15Minutes.3Hours.MIXED-COMPUTED-REV,-235.64,87.90,-323.54,"SPIKE,NEGATIVE"
2026-05-18 19:00:00,FRN.Flow-In.Ave.15Minutes.3Hours.MIXED-COMPUTED-REV,-100.81,87.90,-188.71,NEGATIVE
2026-05-18 22:00:00,FRN.Flow-In.Ave.15Minutes.3Hours.MIXED-COMPUTED-REV,-154.22,87.90,-242.12,NEGATIVE
2026-05-18 23:00:00,FRN.Flow-In.Ave.15Minutes.3Hours.MIXED-COMPUTED-REV,-234.97,87.90,-322.88,"SPIKE,NEGATIVE"
2026-05-19 00:00:00,FRN.Flow-In.Ave.15Minutes.3Hours.MIXED-COMPUTED-REV,-194.60,87.90,-282.50,"SPIKE,NEGATIVE"
2026-05-19 02:00:00,FRN.Flow-In.Ave.15Minutes.3Hours.MIXED-COMPUTED-REV,88.06,88.06,0.00,FLAT
2026-05-19 03:00:00,FRN.Flow-In.Ave.15Minutes.3Hours.MIXED-COMPUTED-REV,88.06,88.06,0.00,FLAT
2026-05-19 04:00:00,FRN.Flow-In.Ave.15Minutes.3Hours.MIXED-COMPUTED-REV,88.06,88.06,0.00,FLAT
2026-05-19 05:00:00,FRN.Flow-In.Ave.15Minutes.3Hours.MIXED-COMPUTED-REV,88.06,88.06,0.00,FLAT
2026-05-19 06:00:00,FRN.Flow-In.Ave.15Minutes.3Hours.MIXED-COMPUTED-REV,88.06,88.06,0.00,FLAT
2026-05-19 07:00:00,FRN.Flow-In.Ave.15Minutes.3Hours.MIXED-COMPUTED-REV,88.06,88.06,0.00,FLAT
2026-05-19 08:00:00,FRN.Flow-In.Ave.15Minutes.3Hours.MIXED-COMPUTED-REV,88.06,88.06,0.00,FLAT
2026-05-19 09:00:00,FRN.Flow-In.Ave.15Minutes.3Hours.MIXED-COMPUTED-REV,88.06,88.06,0.00,FLAT
2026-05-19 10:00:00,FRN.Flow-In.Ave.15Minutes.3Hours.MIXED-COMPUTED-REV,88.06,88.06,0.00,FLAT
2026-05-19 11:00:00,FRN.Flow-In.Ave.15Minutes.3Hours.MIXED-COMPUTED-REV,88.06,88.06,0.00,FLAT
2026-05-19 12:00:00,FRN.Flow-In.Ave.15Minutes.3Hours.MIXED-COMPUTED-REV,88.06,88.06,0.00,FLAT
2026-05-19 13:00:00,FRN.Flow-In.Ave.15Minutes.3Hours.MIXED-COMPUTED-REV,88.06,88.06,0.00,FLAT
2026-05-19 14:00:00,FRN.Flow-In.Ave.15Minutes.3Hours.MIXED-COMPUTED-REV,88.06,88.06,0.00,FLAT
2026-05-19 17:00:00,FRN.Flow-In.Ave.15Minutes.3Hours.MIXED-COMPUTED-REV,-100.23,88.06,-188.29,NEGATIVE
2026-05-19 18:00:00,FRN.Flow-In.Ave.15Minutes.3Hours.MIXED-COMPUTED-REV,-234.62,88.06,-322.68,"SPIKE,NEGATIVE"
2026-05-19 19:00:00,FRN.Flow-In.Ave.15Minutes.3Hours.MIXED-COMPUTED-REV,-221.09,88.06,-309.15,"SPIKE,NEGATIVE"
2026-05-19 20:00:00,FRN.Flow-In.Ave.15Minutes.3Hours.MIXED-COMPUTED-REV,-46.34,88.06,-134.40,NEGATIVE
2026-05-20 02:00:00,FRN.Flow-In.Ave.15Minutes.3Hours.MIXED-COMPUTED-REV,-45.72,87.90,-133.62,NEGATIVE
2026-05-20 03:00:00,FRN.Flow-In.Ave.15Minutes.3Hours.MIXED-COMPUTED-REV,-220.42,87.81,-308.23,NEGATIVE
2026-05-20 04:00:00,FRN.Flow-In.Ave.15Minutes.3Hours.MIXED-COMPUTED-REV,-233.98,74.48,-308.46,NEGATIVE
2026-05-20 05:00:00,FRN.Flow-In.Ave.15Minutes.3Hours.MIXED-COMPUTED-REV,-18.99,74.30,-93.29,NEGATIVE
2026-05-20 09:00:00,FRN.Flow-In.Ave.15Minutes.3Hours.MIXED-COMPUTED-REV,-113.41,74.30,-187.71,NEGATIVE
2026-05-20 17:00:00,FRN.Flow-In.Ave.15Minutes.3Hours.MIXED-COMPUTED-REV,-19.63,7.81,-27.44,NEGATIVE
2026-05-20 18:00:00,FRN.Flow-In.Ave.15Minutes.3Hours.MIXED-COMPUTED-REV,-32.98,47.76,-80.74,NEGATIVE
2026-05-20 19:00:00,FRN.Flow-In.Ave.15Minutes.3Hours.MIXED-COMPUTED-REV,-180.46,47.76,-228.22,NEGATIVE
2026-05-20 20:00:00,FRN.Flow-In.Ave.15Minutes.3Hours.MIXED-COMPUTED-REV,-126.69,47.76,-174.44,NEGATIVE
2026-05-20 21:00:00,FRN.Flow-In.Ave.15Minutes.3Hours.MIXED-COMPUTED-REV,-113.26,74.30,-187.56,NEGATIVE
2026-05-20 23:00:00,FRN.Flow-In.Ave.15Minutes.3Hours.MIXED-COMPUTED-REV,-153.28,87.81,-241.09,NEGATIVE
2026-05-21 00:00:00,FRN.Flow-In.Ave.15Minutes.3Hours.MIXED-COMPUTED-REV,-233.65,74.30,-307.95,NEGATIVE
2026-05-21 01:00:00,FRN.Flow-In.Ave.15Minutes.3Hours.MIXED-COMPUTED-REV,-193.36,74.30,-267.65,NEGATIVE
2026-05-21 12:00:00,FRN.Flow-In.Ave.15Minutes.3Hours.MIXED-COMPUTED-REV,-19.21,87.91,-107.12,NEGATIVE
2026-05-21 16:00:00,FRN.Flow-In.Ave.15Minutes.3Hours.MIXED-COMPUTED-REV,-46.05,87.91,-133.96,NEGATIVE
2026-05-21 17:00:00,FRN.Flow-In.Ave.15Minutes.3Hours.MIXED-COMPUTED-REV,-220.15,87.91,-308.06,NEGATIVE
2026-05-21 18:00:00,FRN.Flow-In.Ave.15Minutes.3Hours.MIXED-COMPUTED-REV,-233.45,87.91,-321.36,NEGATIVE
2026-05-21 19:00:00,FRN.Flow-In.Ave.15Minutes.3Hours.MIXED-COMPUTED-REV,-99.48,87.91,-187.39,NEGATIVE
2026-05-22 01:00:00,FRN.Flow-In.Ave.15Minutes.3Hours.MIXED-COMPUTED-REV,-152.69,87.99,-240.68,NEGATIVE
2026-05-22 02:00:00,FRN.Flow-In.Ave.15Minutes.3Hours.MIXED-COMPUTED-REV,-233.08,87.99,-321.08,"SPIKE,NEGATIVE"
2026-05-22 03:00:00,FRN.Flow-In.Ave.15Minutes.3Hours.MIXED-COMPUTED-REV,-152.83,87.99,-240.82,NEGATIVE
2026-05-22 15:00:00,FRN.Flow-In.Ave.15Minutes.3Hours.MIXED-COMPUTED-REV,-99.45,70.86,-170.31,NEGATIVE
2026-05-22 16:00:00,FRN.Flow-In.Ave.15Minutes.3Hours.MIXED-COMPUTED-REV,-233.24,70.86,-304.10,NEGATIVE
2026-05-22 17:00:00,FRN.Flow-In.Ave.15Minutes.3Hours.MIXED-COMPUTED-REV,-219.77,70.86,-290.62,"SPIKE,NEGATIVE"
2026-05-22 18:00:00,FRN.Flow-In.Ave.15Minutes.3Hours.MIXED-COMPUTED-REV,-45.86,70.86,-116.72,NEGATIVE
2026-05-22 20:00:00,FRN.Flow-In.Ave.15Minutes.3Hours.MIXED-COMPUTED-REV,-193.03,69.84,-262.87,"SPIKE,NEGATIVE"
2026-05-22 21:00:00,FRN.Flow-In.Ave.15Minutes.3Hours.MIXED-COMPUTED-REV,-233.43,69.84,-303.26,"SPIKE,NEGATIVE"
2026-05-22 22:00:00,FRN.Flow-In.Ave.15Minutes.3Hours.MIXED-COMPUTED-REV,-155.83,69.84,-225.66,NEGATIVE
2026-05-23 03:00:00,FRN.Flow-In.Ave.15Minutes.3Hours.MIXED-COMPUTED-REV,-37.08,56.86,-93.94,NEGATIVE
2026-05-23 16:00:00,FRN.Flow-In.Ave.15Minutes.3Hours.MIXED-COMPUTED-REV,-173.02,68.96,-241.98,NEGATIVE
2026-05-23 17:00:00,FRN.Flow-In.Ave.15Minutes.3Hours.MIXED-COMPUTED-REV,-253.60,68.96,-322.56,"SPIKE,NEGATIVE"
2026-05-23 18:00:00,FRN.Flow-In.Ave.15Minutes.3Hours.MIXED-COMPUTED-REV,-213.30,68.76,-282.06,"SPIKE,NEGATIVE"
2026-05-23 19:00:00,FRN.Flow-In.Ave.15Minutes.3Hours.MIXED-COMPUTED-REV,-11.84,68.76,-80.61,NEGATIVE
2026-05-23 21:00:00,FRN.Flow-In.Ave.15Minutes.3Hours.MIXED-COMPUTED-REV,-172.88,68.76,-241.64,NEGATIVE
2026-05-23 22:00:00,FRN.Flow-In.Ave.15Minutes.3Hours.MIXED-COMPUTED-REV,-253.32,28.44,-281.76,"SPIKE,NEGATIVE"
2026-05-23 23:00:00,FRN.Flow-In.Ave.15Minutes.3Hours.MIXED-COMPUTED-REV,-212.95,28.44,-241.40,NEGATIVE
2026-05-24 00:00:00,FRN.Flow-In.Ave.15Minutes.3Hours.MIXED-COMPUTED-REV,-11.47,28.44,-39.92,NEGATIVE
2026-05-24 05:00:00,FRN.Flow-In.Ave.15Minutes.3Hours.MIXED-COMPUTED-REV,-11.46,28.44,-39.90,NEGATIVE
2026-05-24 06:00:00,FRN.Flow-In.Ave.15Minutes.3Hours.MIXED-COMPUTED-REV,-11.56,68.71,-80.27,NEGATIVE
2026-05-24 10:00:00,FRN.Flow-In.Ave.15Minutes.3Hours.MIXED-COMPUTED-REV,-38.51,68.71,-107.22,NEGATIVE
2026-05-24 14:00:00,FRN.Flow-In.Ave.15Minutes.3Hours.MIXED-COMPUTED-REV,-11.71,61.57,-73.27,NEGATIVE
2026-05-24 15:00:00,FRN.Flow-In.Ave.15Minutes.3Hours.MIXED-COMPUTED-REV,-11.71,61.57,-73.27,NEGATIVE
2026-05-24 22:00:00,FRN.Flow-In.Ave.15Minutes.3Hours.MIXED-COMPUTED-REV,-95.82,35.81,-131.64,NEGATIVE
2026-05-24 23:00:00,FRN.Flow-In.Ave.15Minutes.3Hours.MIXED-COMPUTED-REV,-272.19,35.81,-308.00,NEGATIVE
2026-05-25 00:00:00,FRN.Flow-In.Ave.15Minutes.3Hours.MIXED-COMPUTED-REV,-285.70,35.63,-321.32,NEGATIVE
2026-05-25 01:00:00,FRN.Flow-In.Ave.15Minutes.3Hours.MIXED-COMPUTED-REV,-151.36,35.59,-186.95,NEGATIVE
2026-05-25 04:00:00,FRN.Flow-In.Ave.15Minutes.3Hours.MIXED-COMPUTED-REV,318.41,35.59,282.82,SPIKE
2026-05-25 06:00:00,FRN.Flow-In.Ave.15Minutes.3Hours.MIXED-COMPUTED-REV,-3.66,35.59,-39.25,NEGATIVE
2026-05-25 07:00:00,FRN.Flow-In.Ave.15Minutes.3Hours.MIXED-COMPUTED-REV,-245.25,35.59,-280.84,"SPIKE,NEGATIVE"
2026-05-25 08:00:00,FRN.Flow-In.Ave.15Minutes.3Hours.MIXED-COMPUTED-REV,-205.22,23.09,-228.31,NEGATIVE
2026-05-25 09:00:00,FRN.Flow-In.Ave.15Minutes.3Hours.MIXED-COMPUTED-REV,-4.24,22.19,-26.44,NEGATIVE
2026-05-25 18:00:00,FRN.Flow-In.Ave.15Minutes.3Hours.MIXED-COMPUTED-REV,-111.77,22.19,-133.97,NEGATIVE
2026-05-25 19:00:00,FRN.Flow-In.Ave.15Minutes.3Hours.MIXED-COMPUTED-REV,-44.79,35.59,-80.38,NEGATIVE
2026-05-25 20:00:00,FRN.Flow-In.Ave.15Minutes.3Hours.MIXED-COMPUTED-REV,-84.98,35.59,-120.57,NEGATIVE
2026-05-25 21:00:00,FRN.Flow-In.Ave.15Minutes.3Hours.MIXED-COMPUTED-REV,-125.17,35.59,-160.76,NEGATIVE
2026-05-25 22:00:00,FRN.Flow-In.Ave.15Minutes.3Hours.MIXED-COMPUTED-REV,-192.15,35.59,-227.74,NEGATIVE
2026-05-25 23:00:00,FRN.Flow-In.Ave.15Minutes.3Hours.MIXED-COMPUTED-REV,-18.00,35.59,-53.59,NEGATIVE
2026-05-26 03:00:00,FRN.Flow-In.Ave.15Minutes.3Hours.MIXED-COMPUTED-REV,-4.60,22.19,-26.79,NEGATIVE
2026-05-26 04:00:00,FRN.Flow-In.Ave.15Minutes.3Hours.MIXED-COMPUTED-REV,-58.19,-4.60,-53.59,NEGATIVE
2026-05-26 11:00:00,FRN.Flow-In.Ave.15Minutes.3Hours.MIXED-COMPUTED-REV,-98.50,-4.60,-93.90,NEGATIVE
2026-05-26 12:00:00,FRN.Flow-In.Ave.15Minutes.3Hours.MIXED-COMPUTED-REV,-205.78,-4.60,-201.18,NEGATIVE
2026-05-26 13:00:00,FRN.Flow-In.Ave.15Minutes.3Hours.MIXED-COMPUTED-REV,-58.28,-44.71,-13.56,NEGATIVE
2026-05-26 15:00:00,FRN.Flow-In.Ave.15Minutes.3Hours.MIXED-COMPUTED-REV,-4.60,-44.71,40.11,NEGATIVE
2026-05-26 16:00:00,FRN.Flow-In.Ave.15Minutes.3Hours.MIXED-COMPUTED-REV,-44.79,-44.71,-0.08,NEGATIVE
2026-05-26 17:00:00,FRN.Flow-In.Ave.15Minutes.3Hours.MIXED-COMPUTED-REV,-205.55,-4.60,-200.95,NEGATIVE
2026-05-26 18:00:00,FRN.Flow-In.Ave.15Minutes.3Hours.MIXED-COMPUTED-REV,-245.74,-4.60,-241.14,NEGATIVE
2026-05-26 19:00:00,FRN.Flow-In.Ave.15Minutes.3Hours.MIXED-COMPUTED-REV,-205.55,-4.60,-200.95,NEGATIVE
2026-05-26 20:00:00,FRN.Flow-In.Ave.15Minutes.3Hours.MIXED-COMPUTED-REV,-44.79,-4.60,-40.19,NEGATIVE
2026-05-26 22:00:00,FRN.Flow-In.Ave.15Minutes.3Hours.MIXED-COMPUTED-REV,-44.71,-4.60,-40.11,NEGATIVE
2026-05-26 23:00:00,FRN.Flow-In.Ave.15Minutes.3Hours.MIXED-COMPUTED-REV,-312.32,-17.94,-294.38,NEGATIVE
2026-05-27 00:00:00,FRN.Flow-In.Ave.15Minutes.3Hours.MIXED-COMPUTED-REV,-472.81,-17.94,-454.86,NEGATIVE
2026-05-27 01:00:00,FRN.Flow-In.Ave.15Minutes.3Hours.MIXED-COMPUTED-REV,-312.28,-17.94,-294.34,NEGATIVE
2026-05-27 11:00:00,FRN.Flow-In.Ave.15Minutes.3Hours.MIXED-COMPUTED-REV,-17.94,22.21,-40.15,NEGATIVE
2026-05-27 12:00:00,FRN.Flow-In.Ave.15Minutes.3Hours.MIXED-COMPUTED-REV,-191.93,22.21,-214.14,NEGATIVE
2026-05-27 13:00:00,FRN.Flow-In.Ave.15Minutes.3Hours.MIXED-COMPUTED-REV,-258.85,22.21,-281.06,NEGATIVE
2026-05-27 14:00:00,FRN.Flow-In.Ave.15Minutes.3Hours.MIXED-COMPUTED-REV,-178.55,22.21,-200.75,NEGATIVE
2026-05-27 15:00:00,FRN.Flow-In.Ave.15Minutes.3Hours.MIXED-COMPUTED-REV,-44.71,22.21,-66.92,NEGATIVE
2026-05-27 19:00:00,FRN.Flow-In.Ave.15Minutes.3Hours.MIXED-COMPUTED-REV,-17.94,22.21,-40.15,NEGATIVE
2026-05-27 22:00:00,FRN.Flow-In.Ave.15Minutes.3Hours.MIXED-COMPUTED-REV,-4.52,-4.52,0.00,NEGATIVE
2026-05-27 23:00:00,FRN.Flow-In.Ave.15Minutes.3Hours.MIXED-COMPUTED-REV,-17.89,-17.89,0.00,NEGATIVE
2026-05-28 00:00:00,FRN.Flow-In.Ave.15Minutes.3Hours.MIXED-COMPUTED-REV,-151.60,-4.52,-147.08,NEGATIVE
2026-05-28 01:00:00,FRN.Flow-In.Ave.15Minutes.3Hours.MIXED-COMPUTED-REV,-245.20,7.34,-252.53,NEGATIVE
2026-05-28 02:00:00,FRN.Flow-In.Ave.15Minutes.3Hours.MIXED-COMPUTED-REV,-218.45,22.21,-240.66,NEGATIVE
2026-05-28 04:00:00,FRN.Flow-In.Ave.15Minutes.3Hours.MIXED-COMPUTED-REV,423.51,35.59,387.92,SPIKE
2026-05-28 05:00:00,FRN.Flow-In.Ave.15Minutes.3Hours.MIXED-COMPUTED-REV,437.68,35.59,402.09,SPIKE
2026-05-28 09:00:00,FRN.Flow-In.Ave.15Minutes.3Hours.MIXED-COMPUTED-REV,-33.18,35.59,-68.77,NEGATIVE
2026-05-28 10:00:00,FRN.Flow-In.Ave.15Minutes.3Hours.MIXED-COMPUTED-REV,-72.92,47.18,-120.10,NEGATIVE
2026-05-28 11:00:00,FRN.Flow-In.Ave.15Minutes.3Hours.MIXED-COMPUTED-REV,-46.21,47.37,-93.58,NEGATIVE
2026-05-28 18:00:00,FRN.Flow-In.Ave.15Minutes.3Hours.MIXED-COMPUTED-REV,-126.45,47.18,-173.63,NEGATIVE
2026-05-28 19:00:00,FRN.Flow-In.Ave.15Minutes.3Hours.MIXED-COMPUTED-REV,-219.83,18.39,-238.22,NEGATIVE
2026-05-28 20:00:00,FRN.Flow-In.Ave.15Minutes.3Hours.MIXED-COMPUTED-REV,-85.90,7.34,-93.24,NEGATIVE
2026-05-29 02:00:00,FRN.Flow-In.Ave.15Minutes.3Hours.MIXED-COMPUTED-REV,-37.53,18.39,-55.92,NEGATIVE
2026-05-29 04:00:00,FRN.Flow-In.Ave.15Minutes.3Hours.MIXED-COMPUTED-REV,-114.80,-37.53,-77.27,NEGATIVE
2026-05-29 05:00:00,FRN.Flow-In.Ave.15Minutes.3Hours.MIXED-COMPUTED-REV,-248.52,-61.30,-187.21,NEGATIVE
2026-05-29 06:00:00,FRN.Flow-In.Ave.15Minutes.3Hours.MIXED-COMPUTED-REV,-315.38,-61.30,-254.08,NEGATIVE
2026-05-29 07:00:00,FRN.Flow-In.Ave.15Minutes.3Hours.MIXED-COMPUTED-REV,-328.61,-37.53,-291.08,NEGATIVE
2026-05-29 08:00:00,FRN.Flow-In.Ave.15Minutes.3Hours.MIXED-COMPUTED-REV,-74.67,-37.53,-37.14,NEGATIVE
2026-05-29 11:00:00,FRN.Flow-In.Ave.15Minutes.3Hours.MIXED-COMPUTED-REV,-61.30,-48.66,-12.65,NEGATIVE
2026-05-29 12:00:00,FRN.Flow-In.Ave.15Minutes.3Hours.MIXED-COMPUTED-REV,-141.53,-48.66,-92.87,NEGATIVE
2026-05-29 13:00:00,FRN.Flow-In.Ave.15Minutes.3Hours.MIXED-COMPUTED-REV,-128.29,-48.66,-79.63,NEGATIVE
2026-05-29 15:00:00,FRN.Flow-In.Ave.15Minutes.3Hours.MIXED-COMPUTED-REV,-34.72,-48.66,13.94,NEGATIVE
2026-05-29 16:00:00,FRN.Flow-In.Ave.15Minutes.3Hours.MIXED-COMPUTED-REV,-88.32,-48.66,-39.66,NEGATIVE
2026-05-29 17:00:00,FRN.Flow-In.Ave.15Minutes.3Hours.MIXED-COMPUTED-REV,-115.23,-35.50,-79.73,NEGATIVE
2026-05-29 18:00:00,FRN.Flow-In.Ave.15Minutes.3Hours.MIXED-COMPUTED-REV,-8.73,-34.72,26.00,NEGATIVE
2026-05-29 19:00:00,FRN.Flow-In.Ave.15Minutes.3Hours.MIXED-COMPUTED-REV,-22.04,-34.72,12.68,NEGATIVE
2026-05-29 20:00:00,FRN.Flow-In.Ave.15Minutes.3Hours.MIXED-COMPUTED-REV,-48.66,-34.72,-13.94,NEGATIVE
2026-05-29 21:00:00,FRN.Flow-In.Ave.15Minutes.3Hours.MIXED-COMPUTED-REV,-62.14,-34.72,-27.42,NEGATIVE
2026-05-29 22:00:00,FRN.Flow-In.Ave.15Minutes.3Hours.MIXED-COMPUTED-REV,-35.50,-35.50,0.00,NEGATIVE
2026-05-29 23:00:00,FRN.Flow-In.Ave.15Minutes.3Hours.MIXED-COMPUTED-REV,-88.80,-35.50,-53.29,NEGATIVE
2026-05-30 07:00:00,FRN.Flow-In.Ave.15Minutes.3Hours.MIXED-COMPUTED-REV,-133.51,31.43,-164.93,NEGATIVE
2026-05-30 08:00:00,FRN.Flow-In.Ave.15Minutes.3Hours.MIXED-COMPUTED-REV,-267.02,31.43,-298.45,NEGATIVE
2026-05-30 09:00:00,FRN.Flow-In.Ave.15Minutes.3Hours.MIXED-COMPUTED-REV,-253.94,38.59,-292.53,NEGATIVE
2026-05-30 10:00:00,FRN.Flow-In.Ave.15Minutes.3Hours.MIXED-COMPUTED-REV,-80.79,40.76,-121.55,NEGATIVE
2026-05-30 17:00:00,FRN.Flow-In.Ave.15Minutes.3Hours.MIXED-COMPUTED-REV,-134.61,-27.06,-107.55,NEGATIVE
2026-05-30 18:00:00,FRN.Flow-In.Ave.15Minutes.3Hours.MIXED-COMPUTED-REV,-267.76,-27.06,-240.70,NEGATIVE
2026-05-30 19:00:00,FRN.Flow-In.Ave.15Minutes.3Hours.MIXED-COMPUTED-REV,-254.34,-27.06,-227.28,NEGATIVE
2026-05-30 20:00:00,FRN.Flow-In.Ave.15Minutes.3Hours.MIXED-COMPUTED-REV,-81.04,26.33,-107.37,NEGATIVE
2026-05-31 00:00:00,FRN.Flow-In.Ave.15Minutes.3Hours.MIXED-COMPUTED-REV,-27.06,51.99,-79.05,NEGATIVE
2026-05-31 01:00:00,FRN.Flow-In.Ave.15Minutes.3Hours.MIXED-COMPUTED-REV,-187.08,39.11,-226.19,NEGATIVE
2026-05-31 02:00:00,FRN.Flow-In.Ave.15Minutes.3Hours.MIXED-COMPUTED-REV,-40.69,38.59,-79.28,NEGATIVE
2026-05-31 03:00:00,FRN.Flow-In.Ave.15Minutes.3Hours.MIXED-COMPUTED-REV,-134.69,26.33,-161.03,NEGATIVE
2026-05-31 04:00:00,FRN.Flow-In.Ave.15Minutes.3Hours.MIXED-COMPUTED-REV,-188.00,-27.06,-160.94,NEGATIVE
2026-05-31 13:00:00,FRN.Flow-In.Ave.15Minutes.3Hours.MIXED-COMPUTED-REV,-41.55,-108.32,66.76,NEGATIVE
2026-05-31 14:00:00,FRN.Flow-In.Ave.15Minutes.3Hours.MIXED-COMPUTED-REV,-202.34,-94.08,-108.26,NEGATIVE
2026-05-31 15:00:00,FRN.Flow-In.Ave.15Minutes.3Hours.MIXED-COMPUTED-REV,-269.37,-94.08,-175.29,NEGATIVE
2026-05-31 16:00:00,FRN.Flow-In.Ave.15Minutes.3Hours.MIXED-COMPUTED-REV,-349.48,-41.55,-307.92,NEGATIVE
2026-05-31 17:00:00,FRN.Flow-In.Ave.15Minutes.3Hours.MIXED-COMPUTED-REV,-148.64,26.33,-174.97,NEGATIVE
2026-05-31 20:00:00,FRN.Flow-In.Ave.15Minutes.3Hours.MIXED-COMPUTED-REV,-108.32,39.11,-147.42,NEGATIVE
2026-05-31 21:00:00,FRN.Flow-In.Ave.15Minutes.3Hours.MIXED-COMPUTED-REV,-295.50,39.11,-334.60,NEGATIVE
2026-05-31 22:00:00,FRN.Flow-In.Ave.15Minutes.3Hours.MIXED-COMPUTED-REV,-215.05,39.11,-254.16,NEGATIVE
2026-05-31 23:00:00,FRN.Flow-In.Ave.15Minutes.3Hours.MIXED-COMPUTED-REV,-147.79,39.11,-186.89,NEGATIVE
2026-06-01 00:00:00,FRN.Flow-In.Ave.15Minutes.3Hours.MIXED-COMPUTED-REV,-214.27,39.11,-253.38,NEGATIVE
2026-06-01 01:00:00,FRN.Flow-In.Ave.15Minutes.3Hours.MIXED-COMPUTED-REV,-187.52,52.10,-239.62,NEGATIVE
2026-06-01 02:00:00,FRN.Flow-In.Ave.15Minutes.3Hours.MIXED-COMPUTED-REV,-94.08,52.69,-146.77,NEGATIVE
2026-06-01 16:00:00,FRN.Flow-In.Ave.15Minutes.3Hours.MIXED-COMPUTED-REV,-81.31,53.15,-134.46,NEGATIVE
2026-06-01 17:00:00,FRN.Flow-In.Ave.15Minutes.3Hours.MIXED-COMPUTED-REV,-254.81,53.15,-307.96,"SPIKE,NEGATIVE"
2026-06-01 18:00:00,FRN.Flow-In.Ave.15Minutes.3Hours.MIXED-COMPUTED-REV,-268.03,53.15,-321.18,"SPIKE,NEGATIVE"
2026-06-01 19:00:00,FRN.Flow-In.Ave.15Minutes.3Hours.MIXED-COMPUTED-REV,-134.31,53.15,-187.46,NEGATIVE
2026-06-02 12:00:00,FRN.Flow-In.Ave.15Minutes.3Hours.MIXED-COMPUTED-REV,-26.78,53.26,-80.04,NEGATIVE
2026-06-02 13:00:00,FRN.Flow-In.Ave.15Minutes.3Hours.MIXED-COMPUTED-REV,-26.78,53.26,-80.04,NEGATIVE
2026-06-02 17:00:00,FRN.Flow-In.Ave.15Minutes.3Hours.MIXED-COMPUTED-REV,-227.37,53.26,-280.63,"SPIKE,NEGATIVE"
2026-06-02 18:00:00,FRN.Flow-In.Ave.15Minutes.3Hours.MIXED-COMPUTED-REV,-267.37,53.26,-320.63,"SPIKE,NEGATIVE"
2026-06-02 19:00:00,FRN.Flow-In.Ave.15Minutes.3Hours.MIXED-COMPUTED-REV,-187.14,53.26,-240.40,NEGATIVE
2026-06-03 09:00:00,FRN.Flow-In.Ave.15Minutes.3Hours.MIXED-COMPUTED-REV,-80.19,53.05,-133.24,NEGATIVE
2026-06-03 10:00:00,FRN.Flow-In.Ave.15Minutes.3Hours.MIXED-COMPUTED-REV,-280.28,39.75,-320.02,NEGATIVE
2026-06-03 11:00:00,FRN.Flow-In.Ave.15Minutes.3Hours.MIXED-COMPUTED-REV,-280.18,39.66,-319.84,NEGATIVE
2026-06-03 12:00:00,FRN.Flow-In.Ave.15Minutes.3Hours.MIXED-COMPUTED-REV,-240.16,-26.96,-213.20,NEGATIVE
2026-06-03 13:00:00,FRN.Flow-In.Ave.15Minutes.3Hours.MIXED-COMPUTED-REV,-146.89,-27.18,-119.71,NEGATIVE
2026-06-03 14:00:00,FRN.Flow-In.Ave.15Minutes.3Hours.MIXED-COMPUTED-REV,-26.96,-27.18,0.21,NEGATIVE
2026-06-03 18:00:00,FRN.Flow-In.Ave.15Minutes.3Hours.MIXED-COMPUTED-REV,-133.58,-27.18,-106.40,NEGATIVE
2026-06-03 19:00:00,FRN.Flow-In.Ave.15Minutes.3Hours.MIXED-COMPUTED-REV,-266.85,-27.18,-239.67,NEGATIVE
2026-06-03 20:00:00,FRN.Flow-In.Ave.15Minutes.3Hours.MIXED-COMPUTED-REV,-253.50,-27.18,-226.32,NEGATIVE
2026-06-03 21:00:00,FRN.Flow-In.Ave.15Minutes.3Hours.MIXED-COMPUTED-REV,-120.33,-27.18,-93.15,NEGATIVE
2026-06-03 22:00:00,FRN.Flow-In.Ave.15Minutes.3Hours.MIXED-COMPUTED-REV,-186.88,-26.96,-159.91,NEGATIVE
2026-06-03 23:00:00,FRN.Flow-In.Ave.15Minutes.3Hours.MIXED-COMPUTED-REV,-266.77,-26.96,-239.80,NEGATIVE
2026-06-04 00:00:00,FRN.Flow-In.Ave.15Minutes.3Hours.MIXED-COMPUTED-REV,-226.93,12.43,-239.36,NEGATIVE
2026-06-04 01:00:00,FRN.Flow-In.Ave.15Minutes.3Hours.MIXED-COMPUTED-REV,-27.18,12.48,-39.66,NEGATIVE
2026-06-04 11:00:00,FRN.Flow-In.Ave.15Minutes.3Hours.MIXED-COMPUTED-REV,-54.17,52.15,-106.32,NEGATIVE
2026-06-04 14:00:00,FRN.Flow-In.Ave.15Minutes.3Hours.MIXED-COMPUTED-REV,-67.44,52.15,-119.59,NEGATIVE
2026-06-04 15:00:00,FRN.Flow-In.Ave.15Minutes.3Hours.MIXED-COMPUTED-REV,-227.14,52.06,-279.20,"SPIKE,NEGATIVE"
2026-06-04 16:00:00,FRN.Flow-In.Ave.15Minutes.3Hours.MIXED-COMPUTED-REV,-213.89,39.74,-253.62,"SPIKE,NEGATIVE"
2026-06-04 17:00:00,FRN.Flow-In.Ave.15Minutes.3Hours.MIXED-COMPUTED-REV,-41.06,39.74,-80.80,NEGATIVE
2026-06-05 01:00:00,FRN.Flow-In.Ave.15Minutes.3Hours.MIXED-COMPUTED-REV,-132.76,39.74,-172.50,NEGATIVE
2026-06-05 02:00:00,FRN.Flow-In.Ave.15Minutes.3Hours.MIXED-COMPUTED-REV,-265.51,52.06,-317.57,NEGATIVE
2026-06-05 03:00:00,FRN.Flow-In.Ave.15Minutes.3Hours.MIXED-COMPUTED-REV,-252.31,52.06,-304.37,NEGATIVE
2026-06-05 04:00:00,FRN.Flow-In.Ave.15Minutes.3Hours.MIXED-COMPUTED-REV,-53.13,52.06,-105.19,NEGATIVE
2026-06-05 06:00:00,FRN.Flow-In.Ave.15Minutes.3Hours.MIXED-COMPUTED-REV,318.72,52.06,266.66,SPIKE
2026-06-05 08:00:00,FRN.Flow-In.Ave.15Minutes.3Hours.MIXED-COMPUTED-REV,-79.61,51.71,-131.31,NEGATIVE
2026-06-05 09:00:00,FRN.Flow-In.Ave.15Minutes.3Hours.MIXED-COMPUTED-REV,-212.42,51.71,-264.13,"SPIKE,NEGATIVE"
2026-06-05 10:00:00,FRN.Flow-In.Ave.15Minutes.3Hours.MIXED-COMPUTED-REV,-79.86,51.67,-131.53,NEGATIVE
2026-06-05 22:00:00,FRN.Flow-In.Ave.15Minutes.3Hours.MIXED-COMPUTED-REV,-1.16,51.75,-52.91,NEGATIVE
2026-06-05 23:00:00,FRN.Flow-In.Ave.15Minutes.3Hours.MIXED-COMPUTED-REV,-173.45,51.75,-225.20,NEGATIVE
2026-06-06 00:00:00,FRN.Flow-In.Ave.15Minutes.3Hours.MIXED-COMPUTED-REV,-266.16,51.71,-317.87,"SPIKE,NEGATIVE"
2026-06-06 01:00:00,FRN.Flow-In.Ave.15Minutes.3Hours.MIXED-COMPUTED-REV,-213.03,51.67,-264.69,"SPIKE,NEGATIVE"
2026-06-06 02:00:00,FRN.Flow-In.Ave.15Minutes.3Hours.MIXED-COMPUTED-REV,-40.54,51.66,-92.20,NEGATIVE
2026-06-06 11:00:00,FRN.Flow-In.Ave.15Minutes.3Hours.MIXED-COMPUTED-REV,-107.43,12.65,-120.07,NEGATIVE
2026-06-06 12:00:00,FRN.Flow-In.Ave.15Minutes.3Hours.MIXED-COMPUTED-REV,-67.64,12.65,-80.28,NEGATIVE
2026-06-06 13:00:00,FRN.Flow-In.Ave.15Minutes.3Hours.MIXED-COMPUTED-REV,-187.86,12.65,-200.50,NEGATIVE
2026-06-06 14:00:00,FRN.Flow-In.Ave.15Minutes.3Hours.MIXED-COMPUTED-REV,-94.67,12.65,-107.32,NEGATIVE
2026-06-06 15:00:00,FRN.Flow-In.Ave.15Minutes.3Hours.MIXED-COMPUTED-REV,-41.24,12.65,-53.88,NEGATIVE
2026-06-06 18:00:00,FRN.Flow-In.Ave.15Minutes.3Hours.MIXED-COMPUTED-REV,-54.59,-41.24,-13.35,NEGATIVE
2026-06-06 22:00:00,FRN.Flow-In.Ave.15Minutes.3Hours.MIXED-COMPUTED-REV,-54.31,-41.24,-13.07,NEGATIVE
2026-06-06 23:00:00,FRN.Flow-In.Ave.15Minutes.3Hours.MIXED-COMPUTED-REV,-267.41,-41.24,-226.17,NEGATIVE
2026-06-07 00:00:00,FRN.Flow-In.Ave.15Minutes.3Hours.MIXED-COMPUTED-REV,-227.31,-14.18,-213.13,NEGATIVE
2026-06-07 01:00:00,FRN.Flow-In.Ave.15Minutes.3Hours.MIXED-COMPUTED-REV,-213.85,38.90,-252.76,NEGATIVE
2026-06-07 02:00:00,FRN.Flow-In.Ave.15Minutes.3Hours.MIXED-COMPUTED-REV,-54.05,51.69,-105.74,NEGATIVE
2026-06-07 03:00:00,FRN.Flow-In.Ave.15Minutes.3Hours.MIXED-COMPUTED-REV,-80.72,51.69,-132.41,NEGATIVE
2026-06-07 04:00:00,FRN.Flow-In.Ave.15Minutes.3Hours.MIXED-COMPUTED-REV,-120.65,51.69,-172.34,NEGATIVE
2026-06-07 05:00:00,FRN.Flow-In.Ave.15Minutes.3Hours.MIXED-COMPUTED-REV,-14.18,38.90,-53.08,NEGATIVE
2026-06-07 15:00:00,FRN.Flow-In.Ave.15Minutes.3Hours.MIXED-COMPUTED-REV,-81.30,51.72,-133.02,NEGATIVE
2026-06-07 16:00:00,FRN.Flow-In.Ave.15Minutes.3Hours.MIXED-COMPUTED-REV,-254.30,51.72,-306.02,"SPIKE,NEGATIVE"
2026-06-07 17:00:00,FRN.Flow-In.Ave.15Minutes.3Hours.MIXED-COMPUTED-REV,-267.61,51.72,-319.33,"SPIKE,NEGATIVE"
2026-06-07 18:00:00,FRN.Flow-In.Ave.15Minutes.3Hours.MIXED-COMPUTED-REV,-134.54,51.77,-186.31,NEGATIVE
2026-06-08 02:00:00,FRN.Flow-In.Ave.15Minutes.3Hours.MIXED-COMPUTED-REV,-186.59,51.79,-238.38,NEGATIVE
2026-06-08 03:00:00,FRN.Flow-In.Ave.15Minutes.3Hours.MIXED-COMPUTED-REV,-266.30,51.81,-318.11,"SPIKE,NEGATIVE"
2026-06-08 04:00:00,FRN.Flow-In.Ave.15Minutes.3Hours.MIXED-COMPUTED-REV,-226.54,51.89,-278.43,"SPIKE,NEGATIVE"
2026-06-08 05:00:00,FRN.Flow-In.Ave.15Minutes.3Hours.MIXED-COMPUTED-REV,-27.22,52.05,-79.27,NEGATIVE
2026-06-09 00:00:00,FRN.Flow-In.Ave.15Minutes.3Hours.MIXED-COMPUTED-REV,-27.84,52.42,-80.26,NEGATIVE
2026-06-09 01:00:00,FRN.Flow-In.Ave.15Minutes.3Hours.MIXED-COMPUTED-REV,-414.33,52.42,-466.74,NEGATIVE
2026-06-09 02:00:00,FRN.Flow-In.Ave.15Minutes.3Hours.MIXED-COMPUTED-REV,-467.51,52.33,-519.83,NEGATIVE
2026-06-09 03:00:00,FRN.Flow-In.Ave.15Minutes.3Hours.MIXED-COMPUTED-REV,-27.56,52.16,-79.72,NEGATIVE
2026-06-09 07:00:00,FRN.Flow-In.Ave.15Minutes.3Hours.MIXED-COMPUTED-REV,-134.44,12.44,-146.88,NEGATIVE
2026-06-09 08:00:00,FRN.Flow-In.Ave.15Minutes.3Hours.MIXED-COMPUTED-REV,-400.78,12.44,-413.22,NEGATIVE
2026-06-09 09:00:00,FRN.Flow-In.Ave.15Minutes.3Hours.MIXED-COMPUTED-REV,-480.66,12.44,-493.09,NEGATIVE
2026-06-09 10:00:00,FRN.Flow-In.Ave.15Minutes.3Hours.MIXED-COMPUTED-REV,-121.28,-27.56,-93.73,NEGATIVE
2026-06-09 14:00:00,FRN.Flow-In.Ave.15Minutes.3Hours.MIXED-COMPUTED-REV,-54.16,-54.38,0.22,NEGATIVE
2026-06-09 17:00:00,FRN.Flow-In.Ave.15Minutes.3Hours.MIXED-COMPUTED-REV,-80.93,-80.93,0.00,NEGATIVE
2026-06-09 18:00:00,FRN.Flow-In.Ave.15Minutes.3Hours.MIXED-COMPUTED-REV,-187.25,-94.20,-93.05,NEGATIVE
2026-06-09 19:00:00,FRN.Flow-In.Ave.15Minutes.3Hours.MIXED-COMPUTED-REV,-120.46,-94.20,-26.26,NEGATIVE
2026-06-09 22:00:00,FRN.Flow-In.Ave.15Minutes.3Hours.MIXED-COMPUTED-REV,-120.23,-54.16,-66.07,NEGATIVE
2026-06-09 23:00:00,FRN.Flow-In.Ave.15Minutes.3Hours.MIXED-COMPUTED-REV,-319.75,-27.65,-292.10,NEGATIVE
2026-06-10 00:00:00,FRN.Flow-In.Ave.15Minutes.3Hours.MIXED-COMPUTED-REV,-413.18,-27.65,-385.53,NEGATIVE
2026-06-10 01:00:00,FRN.Flow-In.Ave.15Minutes.3Hours.MIXED-COMPUTED-REV,-293.58,-27.65,-265.93,NEGATIVE
2026-06-10 02:00:00,FRN.Flow-In.Ave.15Minutes.3Hours.MIXED-COMPUTED-REV,-54.38,-27.65,-26.73,NEGATIVE
2026-06-10 04:00:00,FRN.Flow-In.Ave.15Minutes.3Hours.MIXED-COMPUTED-REV,-94.20,12.06,-106.26,NEGATIVE
2026-06-10 05:00:00,FRN.Flow-In.Ave.15Minutes.3Hours.MIXED-COMPUTED-REV,-200.47,12.06,-212.53,NEGATIVE
2026-06-10 06:00:00,FRN.Flow-In.Ave.15Minutes.3Hours.MIXED-COMPUTED-REV,-227.03,51.77,-278.80,"SPIKE,NEGATIVE"
2026-06-10 07:00:00,FRN.Flow-In.Ave.15Minutes.3Hours.MIXED-COMPUTED-REV,-27.65,51.77,-79.42,NEGATIVE
2026-06-11 00:00:00,FRN.Flow-In.Ave.15Minutes.3Hours.MIXED-COMPUTED-REV,-79.98,51.82,-131.80,NEGATIVE
2026-06-11 01:00:00,FRN.Flow-In.Ave.15Minutes.3Hours.MIXED-COMPUTED-REV,-252.26,51.82,-304.08,"SPIKE,NEGATIVE"
2026-06-11 02:00:00,FRN.Flow-In.Ave.15Minutes.3Hours.MIXED-COMPUTED-REV,-397.89,51.82,-449.71,"SPIKE,NEGATIVE"
2026-06-11 03:00:00,FRN.Flow-In.Ave.15Minutes.3Hours.MIXED-COMPUTED-REV,-437.43,52.02,-489.45,"SPIKE,NEGATIVE"
2026-06-11 04:00:00,FRN.Flow-In.Ave.15Minutes.3Hours.MIXED-COMPUTED-REV,-278.18,52.02,-330.19,"SPIKE,NEGATIVE"
2026-06-11 05:00:00,FRN.Flow-In.Ave.15Minutes.3Hours.MIXED-COMPUTED-REV,-92.57,52.02,-144.58,NEGATIVE
2026-06-11 16:00:00,FRN.Flow-In.Ave.15Minutes.3Hours.MIXED-COMPUTED-REV,-79.79,53.04,-132.83,NEGATIVE
2026-06-11 17:00:00,FRN.Flow-In.Ave.15Minutes.3Hours.MIXED-COMPUTED-REV,-251.99,53.04,-305.03,"SPIKE,NEGATIVE"
2026-06-11 18:00:00,FRN.Flow-In.Ave.15Minutes.3Hours.MIXED-COMPUTED-REV,-265.13,53.12,-318.24,"SPIKE,NEGATIVE"
2026-06-11 19:00:00,FRN.Flow-In.Ave.15Minutes.3Hours.MIXED-COMPUTED-REV,-132.42,53.12,-185.54,NEGATIVE
2026-06-12 02:00:00,FRN.Flow-In.Ave.15Minutes.3Hours.MIXED-COMPUTED-REV,-26.20,40.00,-66.20,NEGATIVE
2026-06-12 03:00:00,FRN.Flow-In.Ave.15Minutes.3Hours.MIXED-COMPUTED-REV,-224.86,40.00,-264.86,NEGATIVE
2026-06-12 04:00:00,FRN.Flow-In.Ave.15Minutes.3Hours.MIXED-COMPUTED-REV,-251.35,40.00,-291.35,NEGATIVE
2026-06-12 08:00:00,FRN.Flow-In.Ave.15Minutes.3Hours.MIXED-COMPUTED-REV,-52.69,40.00,-92.69,NEGATIVE
2026-06-12 09:00:00,FRN.Flow-In.Ave.15Minutes.3Hours.MIXED-COMPUTED-REV,-264.60,13.57,-278.16,NEGATIVE
2026-06-12 10:00:00,FRN.Flow-In.Ave.15Minutes.3Hours.MIXED-COMPUTED-REV,-224.86,13.57,-238.43,NEGATIVE
2026-06-12 11:00:00,FRN.Flow-In.Ave.15Minutes.3Hours.MIXED-COMPUTED-REV,-26.20,0.28,-26.49,NEGATIVE
2026-06-12 18:00:00,FRN.Flow-In.Ave.15Minutes.3Hours.MIXED-COMPUTED-REV,-184.90,13.57,-198.47,NEGATIVE
2026-06-12 19:00:00,FRN.Flow-In.Ave.15Minutes.3Hours.MIXED-COMPUTED-REV,-264.29,13.57,-277.85,NEGATIVE
2026-06-12 20:00:00,FRN.Flow-In.Ave.15Minutes.3Hours.MIXED-COMPUTED-REV,-224.59,-26.13,-198.47,NEGATIVE
2026-06-12 21:00:00,FRN.Flow-In.Ave.15Minutes.3Hours.MIXED-COMPUTED-REV,-26.13,-26.13,0.00,NEGATIVE
2026-06-12 23:00:00,FRN.Flow-In.Ave.15Minutes.3Hours.MIXED-COMPUTED-REV,-131.79,39.98,-171.77,NEGATIVE
2026-06-13 00:00:00,FRN.Flow-In.Ave.15Minutes.3Hours.MIXED-COMPUTED-REV,-263.98,40.04,-304.02,NEGATIVE
2026-06-13 01:00:00,FRN.Flow-In.Ave.15Minutes.3Hours.MIXED-COMPUTED-REV,-370.18,40.04,-410.23,NEGATIVE
2026-06-13 02:00:00,FRN.Flow-In.Ave.15Minutes.3Hours.MIXED-COMPUTED-REV,-198.22,40.04,-238.26,NEGATIVE
2026-06-13 08:00:00,FRN.Flow-In.Ave.15Minutes.3Hours.MIXED-COMPUTED-REV,-92.87,39.98,-132.85,NEGATIVE
2026-06-13 09:00:00,FRN.Flow-In.Ave.15Minutes.3Hours.MIXED-COMPUTED-REV,-26.45,39.98,-66.42,NEGATIVE
2026-06-13 16:00:00,FRN.Flow-In.Ave.15Minutes.3Hours.MIXED-COMPUTED-REV,-132.72,-26.45,-106.28,NEGATIVE
2026-06-13 17:00:00,FRN.Flow-In.Ave.15Minutes.3Hours.MIXED-COMPUTED-REV,-265.57,-26.45,-239.12,NEGATIVE
2026-06-13 18:00:00,FRN.Flow-In.Ave.15Minutes.3Hours.MIXED-COMPUTED-REV,-252.28,-79.40,-172.88,NEGATIVE
2026-06-13 19:00:00,FRN.Flow-In.Ave.15Minutes.3Hours.MIXED-COMPUTED-REV,-79.59,-79.59,0.00,NEGATIVE
2026-06-13 21:00:00,FRN.Flow-In.Ave.15Minutes.3Hours.MIXED-COMPUTED-REV,-79.40,-79.59,0.18,NEGATIVE
2026-06-13 22:00:00,FRN.Flow-In.Ave.15Minutes.3Hours.MIXED-COMPUTED-REV,-265.12,-79.59,-185.53,NEGATIVE
2026-06-13 23:00:00,FRN.Flow-In.Ave.15Minutes.3Hours.MIXED-COMPUTED-REV,-450.68,-79.59,-371.09,NEGATIVE
2026-06-14 00:00:00,FRN.Flow-In.Ave.15Minutes.3Hours.MIXED-COMPUTED-REV,-490.21,-79.59,-410.62,NEGATIVE
2026-06-14 01:00:00,FRN.Flow-In.Ave.15Minutes.3Hours.MIXED-COMPUTED-REV,-502.96,-79.59,-423.37,NEGATIVE
2026-06-14 02:00:00,FRN.Flow-In.Ave.15Minutes.3Hours.MIXED-COMPUTED-REV,-396.77,-79.59,-317.18,NEGATIVE
2026-06-14 03:00:00,FRN.Flow-In.Ave.15Minutes.3Hours.MIXED-COMPUTED-REV,-211.29,-79.59,-131.71,NEGATIVE
2026-06-14 06:00:00,FRN.Flow-In.Ave.15Minutes.3Hours.MIXED-COMPUTED-REV,-356.72,-211.29,-145.43,NEGATIVE
2026-06-14 07:00:00,FRN.Flow-In.Ave.15Minutes.3Hours.MIXED-COMPUTED-REV,-714.02,-105.61,-608.41,NEGATIVE
2026-06-14 08:00:00,FRN.Flow-In.Ave.15Minutes.3Hours.MIXED-COMPUTED-REV,-409.86,-211.29,-198.57,NEGATIVE
2026-06-14 16:00:00,FRN.Flow-In.Ave.15Minutes.3Hours.MIXED-COMPUTED-REV,-224.93,-198.14,-26.79,NEGATIVE
2026-06-14 17:00:00,FRN.Flow-In.Ave.15Minutes.3Hours.MIXED-COMPUTED-REV,-423.73,-198.14,-225.59,NEGATIVE
2026-06-14 18:00:00,FRN.Flow-In.Ave.15Minutes.3Hours.MIXED-COMPUTED-REV,-264.67,-198.14,-66.53,NEGATIVE
2026-06-14 19:00:00,FRN.Flow-In.Ave.15Minutes.3Hours.MIXED-COMPUTED-REV,-105.61,-171.51,65.90,NEGATIVE
2026-06-14 20:00:00,FRN.Flow-In.Ave.15Minutes.3Hours.MIXED-COMPUTED-REV,-224.62,-144.84,-79.78,NEGATIVE
2026-06-14 21:00:00,FRN.Flow-In.Ave.15Minutes.3Hours.MIXED-COMPUTED-REV,-264.32,-105.61,-158.71,NEGATIVE
2026-06-14 22:00:00,FRN.Flow-In.Ave.15Minutes.3Hours.MIXED-COMPUTED-REV,-198.14,-105.61,-92.54,NEGATIVE
2026-06-14 23:00:00,FRN.Flow-In.Ave.15Minutes.3Hours.MIXED-COMPUTED-REV,-171.51,-105.61,-65.90,NEGATIVE
2026-06-15 00:00:00,FRN.Flow-In.Ave.15Minutes.3Hours.MIXED-COMPUTED-REV,-264.01,-105.61,-158.40,NEGATIVE
2026-06-15 01:00:00,FRN.Flow-In.Ave.15Minutes.3Hours.MIXED-COMPUTED-REV,-250.79,-105.61,-145.18,NEGATIVE
2026-06-15 02:00:00,FRN.Flow-In.Ave.15Minutes.3Hours.MIXED-COMPUTED-REV,-211.00,-105.61,-105.39,NEGATIVE
2026-06-15 03:00:00,FRN.Flow-In.Ave.15Minutes.3Hours.MIXED-COMPUTED-REV,-210.87,-105.61,-105.26,NEGATIVE
2026-06-15 04:00:00,FRN.Flow-In.Ave.15Minutes.3Hours.MIXED-COMPUTED-REV,-65.60,-144.84,79.24,NEGATIVE
2026-06-15 05:00:00,FRN.Flow-In.Ave.15Minutes.3Hours.MIXED-COMPUTED-REV,-52.39,-144.84,92.45,NEGATIVE
2026-06-15 07:00:00,FRN.Flow-In.Ave.15Minutes.3Hours.MIXED-COMPUTED-REV,-144.84,-105.61,-39.23,NEGATIVE
2026-06-15 10:00:00,FRN.Flow-In.Ave.15Minutes.3Hours.MIXED-COMPUTED-REV,687.48,-65.60,753.08,SPIKE
2026-06-15 15:00:00,FRN.Flow-In.Ave.15Minutes.3Hours.MIXED-COMPUTED-REV,-79.64,0.43,-80.08,NEGATIVE
2026-06-15 16:00:00,FRN.Flow-In.Ave.15Minutes.3Hours.MIXED-COMPUTED-REV,-251.68,13.19,-264.87,NEGATIVE
2026-06-15 17:00:00,FRN.Flow-In.Ave.15Minutes.3Hours.MIXED-COMPUTED-REV,-264.86,39.39,-304.26,NEGATIVE
2026-06-15 18:00:00,FRN.Flow-In.Ave.15Minutes.3Hours.MIXED-COMPUTED-REV,-132.64,52.74,-185.37,NEGATIVE
2026-06-15 22:00:00,FRN.Flow-In.Ave.15Minutes.3Hours.MIXED-COMPUTED-REV,-184.88,52.79,-237.67,NEGATIVE
2026-06-15 23:00:00,FRN.Flow-In.Ave.15Minutes.3Hours.MIXED-COMPUTED-REV,-264.10,52.77,-316.87,"SPIKE,NEGATIVE"
2026-06-16 00:00:00,FRN.Flow-In.Ave.15Minutes.3Hours.MIXED-COMPUTED-REV,-224.48,52.74,-277.22,"SPIKE,NEGATIVE"
2026-06-16 01:00:00,FRN.Flow-In.Ave.15Minutes.3Hours.MIXED-COMPUTED-REV,-26.35,52.50,-78.85,NEGATIVE
2026-06-16 17:00:00,FRN.Flow-In.Ave.15Minutes.3Hours.MIXED-COMPUTED-REV,-27.47,51.67,-79.14,NEGATIVE
2026-06-16 18:00:00,FRN.Flow-In.Ave.15Minutes.3Hours.MIXED-COMPUTED-REV,-225.30,51.67,-276.96,"SPIKE,NEGATIVE"
2026-06-16 19:00:00,FRN.Flow-In.Ave.15Minutes.3Hours.MIXED-COMPUTED-REV,-264.86,51.66,-316.52,"SPIKE,NEGATIVE"
2026-06-16 20:00:00,FRN.Flow-In.Ave.15Minutes.3Hours.MIXED-COMPUTED-REV,-185.71,12.42,-198.13,NEGATIVE
2026-06-17 01:00:00,FRN.Flow-In.Ave.15Minutes.3Hours.MIXED-COMPUTED-REV,-198.23,-40.83,-157.40,NEGATIVE
2026-06-17 02:00:00,FRN.Flow-In.Ave.15Minutes.3Hours.MIXED-COMPUTED-REV,-448.21,-78.82,-369.39,NEGATIVE
2026-06-17 03:00:00,FRN.Flow-In.Ave.15Minutes.3Hours.MIXED-COMPUTED-REV,-540.08,-78.82,-461.25,NEGATIVE
2026-06-17 04:00:00,FRN.Flow-In.Ave.15Minutes.3Hours.MIXED-COMPUTED-REV,-329.05,-79.65,-249.39,NEGATIVE
2026-06-17 05:00:00,FRN.Flow-In.Ave.15Minutes.3Hours.MIXED-COMPUTED-REV,-78.82,-80.55,1.73,NEGATIVE
2026-06-17 07:00:00,FRN.Flow-In.Ave.15Minutes.3Hours.MIXED-COMPUTED-REV,-79.65,-133.00,53.35,NEGATIVE
2026-06-17 08:00:00,FRN.Flow-In.Ave.15Minutes.3Hours.MIXED-COMPUTED-REV,-251.82,-80.55,-171.26,NEGATIVE
2026-06-17 09:00:00,FRN.Flow-In.Ave.15Minutes.3Hours.MIXED-COMPUTED-REV,-133.00,-79.65,-53.35,NEGATIVE
2026-06-17 12:00:00,FRN.Flow-In.Ave.15Minutes.3Hours.MIXED-COMPUTED-REV,-40.83,-133.33,92.50,NEGATIVE
2026-06-17 13:00:00,FRN.Flow-In.Ave.15Minutes.3Hours.MIXED-COMPUTED-REV,-252.61,-186.51,-66.10,NEGATIVE
2026-06-17 14:00:00,FRN.Flow-In.Ave.15Minutes.3Hours.MIXED-COMPUTED-REV,-186.51,-133.33,-53.18,NEGATIVE
2026-06-17 16:00:00,FRN.Flow-In.Ave.15Minutes.3Hours.MIXED-COMPUTED-REV,-80.55,-80.55,0.00,NEGATIVE
2026-06-17 17:00:00,FRN.Flow-In.Ave.15Minutes.3Hours.MIXED-COMPUTED-REV,-252.43,-80.29,-172.14,NEGATIVE
2026-06-17 18:00:00,FRN.Flow-In.Ave.15Minutes.3Hours.MIXED-COMPUTED-REV,-265.62,-80.29,-185.33,NEGATIVE
2026-06-17 19:00:00,FRN.Flow-In.Ave.15Minutes.3Hours.MIXED-COMPUTED-REV,-133.33,-80.29,-53.04,NEGATIVE
2026-06-17 21:00:00,FRN.Flow-In.Ave.15Minutes.3Hours.MIXED-COMPUTED-REV,-27.48,-40.83,13.34,NEGATIVE
2026-06-17 22:00:00,FRN.Flow-In.Ave.15Minutes.3Hours.MIXED-COMPUTED-REV,-238.87,-27.48,-211.39,NEGATIVE
2026-06-17 23:00:00,FRN.Flow-In.Ave.15Minutes.3Hours.MIXED-COMPUTED-REV,-450.07,-27.48,-422.58,NEGATIVE
2026-06-18 00:00:00,FRN.Flow-In.Ave.15Minutes.3Hours.MIXED-COMPUTED-REV,-502.77,-27.48,-475.29,NEGATIVE
2026-06-18 01:00:00,FRN.Flow-In.Ave.15Minutes.3Hours.MIXED-COMPUTED-REV,-291.45,-27.48,-263.97,NEGATIVE
2026-06-18 02:00:00,FRN.Flow-In.Ave.15Minutes.3Hours.MIXED-COMPUTED-REV,-80.29,-27.48,-52.81,NEGATIVE
2026-06-18 13:00:00,FRN.Flow-In.Ave.15Minutes.3Hours.MIXED-COMPUTED-REV,-185.85,12.07,-197.93,NEGATIVE
2026-06-18 14:00:00,FRN.Flow-In.Ave.15Minutes.3Hours.MIXED-COMPUTED-REV,-265.02,38.49,-303.51,NEGATIVE
2026-06-18 15:00:00,FRN.Flow-In.Ave.15Minutes.3Hours.MIXED-COMPUTED-REV,-238.62,51.66,-290.28,NEGATIVE
2026-06-18 16:00:00,FRN.Flow-In.Ave.15Minutes.3Hours.MIXED-COMPUTED-REV,-212.06,51.66,-263.72,NEGATIVE
2026-06-18 17:00:00,FRN.Flow-In.Ave.15Minutes.3Hours.MIXED-COMPUTED-REV,-264.71,51.66,-316.37,NEGATIVE
2026-06-18 18:00:00,FRN.Flow-In.Ave.15Minutes.3Hours.MIXED-COMPUTED-REV,-251.53,51.66,-303.19,NEGATIVE
2026-06-18 19:00:00,FRN.Flow-In.Ave.15Minutes.3Hours.MIXED-COMPUTED-REV,-80.16,51.66,-131.82,NEGATIVE
2026-06-18 23:00:00,FRN.Flow-In.Ave.15Minutes.3Hours.MIXED-COMPUTED-REV,-132.71,51.66,-184.37,NEGATIVE
2026-06-19 00:00:00,FRN.Flow-In.Ave.15Minutes.3Hours.MIXED-COMPUTED-REV,-264.40,51.66,-316.06,NEGATIVE
2026-06-19 01:00:00,FRN.Flow-In.Ave.15Minutes.3Hours.MIXED-COMPUTED-REV,-238.06,51.66,-289.72,NEGATIVE
2026-06-19 03:00:00,FRN.Flow-In.Ave.15Minutes.3Hours.MIXED-COMPUTED-REV,367.72,51.66,316.06,SPIKE
2026-06-19 04:00:00,FRN.Flow-In.Ave.15Minutes.3Hours.MIXED-COMPUTED-REV,354.55,51.66,302.89,SPIKE
2026-06-19 06:00:00,FRN.Flow-In.Ave.15Minutes.3Hours.MIXED-COMPUTED-REV,51.66,51.66,0.00,FLAT
2026-06-19 07:00:00,FRN.Flow-In.Ave.15Minutes.3Hours.MIXED-COMPUTED-REV,51.66,51.66,0.00,FLAT
2026-06-19 08:00:00,FRN.Flow-In.Ave.15Minutes.3Hours.MIXED-COMPUTED-REV,51.66,51.66,0.00,FLAT
2026-06-19 09:00:00,FRN.Flow-In.Ave.15Minutes.3Hours.MIXED-COMPUTED-REV,51.66,51.66,0.00,FLAT
2026-06-19 10:00:00,FRN.Flow-In.Ave.15Minutes.3Hours.MIXED-COMPUTED-REV,51.66,51.66,0.00,FLAT
2026-06-19 11:00:00,FRN.Flow-In.Ave.15Minutes.3Hours.MIXED-COMPUTED-REV,51.66,51.66,0.00,FLAT
2026-06-19 12:00:00,FRN.Flow-In.Ave.15Minutes.3Hours.MIXED-COMPUTED-REV,51.66,51.66,0.00,FLAT
2026-06-19 13:00:00,FRN.Flow-In.Ave.15Minutes.3Hours.MIXED-COMPUTED-REV,51.66,51.66,0.00,FLAT
2026-06-19 14:00:00,FRN.Flow-In.Ave.15Minutes.3Hours.MIXED-COMPUTED-REV,51.66,51.66,0.00,FLAT
2026-06-19 15:00:00,FRN.Flow-In.Ave.15Minutes.3Hours.MIXED-COMPUTED-REV,51.66,51.66,0.00,FLAT
2026-06-19 16:00:00,FRN.Flow-In.Ave.15Minutes.3Hours.MIXED-COMPUTED-REV,51.66,51.66,0.00,FLAT
2026-06-19 17:00:00,FRN.Flow-In.Ave.15Minutes.3Hours.MIXED-COMPUTED-REV,51.66,51.66,0.00,FLAT
2026-06-19 18:00:00,FRN.Flow-In.Ave.15Minutes.3Hours.MIXED-COMPUTED-REV,-27.35,51.66,-79.01,NEGATIVE
2026-06-19 19:00:00,FRN.Flow-In.Ave.15Minutes.3Hours.MIXED-COMPUTED-REV,-224.89,51.66,-276.55,"SPIKE,NEGATIVE"
2026-06-19 20:00:00,FRN.Flow-In.Ave.15Minutes.3Hours.MIXED-COMPUTED-REV,-264.40,51.66,-316.06,"SPIKE,NEGATIVE"
2026-06-19 21:00:00,FRN.Flow-In.Ave.15Minutes.3Hours.MIXED-COMPUTED-REV,-185.38,51.66,-237.04,NEGATIVE
2026-06-20 04:00:00,FRN.Flow-In.Ave.15Minutes.3Hours.MIXED-COMPUTED-REV,-79.41,-79.64,0.23,NEGATIVE
2026-06-20 05:00:00,FRN.Flow-In.Ave.15Minutes.3Hours.MIXED-COMPUTED-REV,-250.50,-79.77,-170.73,NEGATIVE
2026-06-20 06:00:00,FRN.Flow-In.Ave.15Minutes.3Hours.MIXED-COMPUTED-REV,-263.85,-79.77,-184.08,NEGATIVE
2026-06-20 07:00:00,FRN.Flow-In.Ave.15Minutes.3Hours.MIXED-COMPUTED-REV,-132.45,-79.77,-52.68,NEGATIVE
2026-06-20 09:00:00,FRN.Flow-In.Ave.15Minutes.3Hours.MIXED-COMPUTED-REV,-79.77,-79.64,-0.13,NEGATIVE
2026-06-20 10:00:00,FRN.Flow-In.Ave.15Minutes.3Hours.MIXED-COMPUTED-REV,-250.63,-79.64,-170.99,NEGATIVE
2026-06-20 11:00:00,FRN.Flow-In.Ave.15Minutes.3Hours.MIXED-COMPUTED-REV,-263.77,-79.77,-184.00,NEGATIVE
2026-06-20 12:00:00,FRN.Flow-In.Ave.15Minutes.3Hours.MIXED-COMPUTED-REV,-132.34,-79.77,-52.57,NEGATIVE
2026-06-20 14:00:00,FRN.Flow-In.Ave.15Minutes.3Hours.MIXED-COMPUTED-REV,-79.64,-79.77,0.13,NEGATIVE
2026-06-20 15:00:00,FRN.Flow-In.Ave.15Minutes.3Hours.MIXED-COMPUTED-REV,-250.33,-79.77,-170.56,NEGATIVE
2026-06-20 16:00:00,FRN.Flow-In.Ave.15Minutes.3Hours.MIXED-COMPUTED-REV,-263.46,-132.16,-131.30,NEGATIVE
2026-06-20 17:00:00,FRN.Flow-In.Ave.15Minutes.3Hours.MIXED-COMPUTED-REV,-132.16,-132.34,0.18,NEGATIVE
2026-06-20 21:00:00,FRN.Flow-In.Ave.15Minutes.3Hours.MIXED-COMPUTED-REV,-184.45,-79.77,-104.68,NEGATIVE
2026-06-20 22:00:00,FRN.Flow-In.Ave.15Minutes.3Hours.MIXED-COMPUTED-REV,-263.15,-79.64,-183.51,NEGATIVE
2026-06-20 23:00:00,FRN.Flow-In.Ave.15Minutes.3Hours.MIXED-COMPUTED-REV,-223.80,-27.44,-196.35,NEGATIVE
2026-06-21 00:00:00,FRN.Flow-In.Ave.15Minutes.3Hours.MIXED-COMPUTED-REV,-27.04,-27.04,0.00,NEGATIVE
2026-06-21 03:00:00,FRN.Flow-In.Ave.15Minutes.3Hours.MIXED-COMPUTED-REV,-27.44,12.31,-39.75,NEGATIVE
2026-06-21 04:00:00,FRN.Flow-In.Ave.15Minutes.3Hours.MIXED-COMPUTED-REV,-225.20,12.31,-237.51,NEGATIVE
2026-06-21 05:00:00,FRN.Flow-In.Ave.15Minutes.3Hours.MIXED-COMPUTED-REV,-264.76,12.31,-277.07,"SPIKE,NEGATIVE"
2026-06-21 06:00:00,FRN.Flow-In.Ave.15Minutes.3Hours.MIXED-COMPUTED-REV,-185.65,12.31,-197.96,NEGATIVE
2026-06-21 16:00:00,FRN.Flow-In.Ave.15Minutes.3Hours.MIXED-COMPUTED-REV,-80.05,-66.72,-13.33,NEGATIVE
2026-06-21 17:00:00,FRN.Flow-In.Ave.15Minutes.3Hours.MIXED-COMPUTED-REV,-251.27,-40.35,-210.92,NEGATIVE
2026-06-21 18:00:00,FRN.Flow-In.Ave.15Minutes.3Hours.MIXED-COMPUTED-REV,-264.44,12.11,-276.55,NEGATIVE
2026-06-21 19:00:00,FRN.Flow-In.Ave.15Minutes.3Hours.MIXED-COMPUTED-REV,-132.73,12.19,-144.92,NEGATIVE
2026-06-21 22:00:00,FRN.Flow-In.Ave.15Minutes.3Hours.MIXED-COMPUTED-REV,-185.18,38.49,-223.67,NEGATIVE
2026-06-21 23:00:00,FRN.Flow-In.Ave.15Minutes.3Hours.MIXED-COMPUTED-REV,-264.13,38.49,-302.62,NEGATIVE
2026-06-22 00:00:00,FRN.Flow-In.Ave.15Minutes.3Hours.MIXED-COMPUTED-REV,-224.65,38.49,-263.14,NEGATIVE
2026-06-22 01:00:00,FRN.Flow-In.Ave.15Minutes.3Hours.MIXED-COMPUTED-REV,-66.72,38.49,-105.21,NEGATIVE
2026-06-22 02:00:00,FRN.Flow-In.Ave.15Minutes.3Hours.MIXED-COMPUTED-REV,-184.94,38.49,-223.43,NEGATIVE
2026-06-22 03:00:00,FRN.Flow-In.Ave.15Minutes.3Hours.MIXED-COMPUTED-REV,-250.67,38.49,-289.16,NEGATIVE
2026-06-22 04:00:00,FRN.Flow-In.Ave.15Minutes.3Hours.MIXED-COMPUTED-REV,-40.35,12.19,-52.54,NEGATIVE
2026-06-22 16:00:00,FRN.Flow-In.Ave.15Minutes.3Hours.MIXED-COMPUTED-REV,-27.21,20.66,-47.86,NEGATIVE
2026-06-22 17:00:00,FRN.Flow-In.Ave.15Minutes.3Hours.MIXED-COMPUTED-REV,-224.38,24.17,-248.55,NEGATIVE
2026-06-22 18:00:00,FRN.Flow-In.Ave.15Minutes.3Hours.MIXED-COMPUTED-REV,-263.81,24.17,-287.98,NEGATIVE
2026-06-22 19:00:00,FRN.Flow-In.Ave.15Minutes.3Hours.MIXED-COMPUTED-REV,-263.73,24.17,-287.90,NEGATIVE
2026-06-22 20:00:00,FRN.Flow-In.Ave.15Minutes.3Hours.MIXED-COMPUTED-REV,-263.51,20.66,-284.17,NEGATIVE
2026-06-22 21:00:00,FRN.Flow-In.Ave.15Minutes.3Hours.MIXED-COMPUTED-REV,-262.36,-13.60,-248.76,NEGATIVE
2026-06-22 22:00:00,FRN.Flow-In.Ave.15Minutes.3Hours.MIXED-COMPUTED-REV,-180.28,-13.78,-166.49,NEGATIVE
2026-06-23 01:00:00,FRN.Flow-In.Ave.15Minutes.3Hours.MIXED-COMPUTED-REV,-171.31,-13.78,-157.53,NEGATIVE
2026-06-23 02:00:00,FRN.Flow-In.Ave.15Minutes.3Hours.MIXED-COMPUTED-REV,-249.79,-13.78,-236.00,NEGATIVE
2026-06-23 03:00:00,FRN.Flow-In.Ave.15Minutes.3Hours.MIXED-COMPUTED-REV,-210.38,-13.78,-196.60,NEGATIVE
2026-06-23 04:00:00,FRN.Flow-In.Ave.15Minutes.3Hours.MIXED-COMPUTED-REV,-13.60,-13.78,0.18,NEGATIVE
2026-06-23 08:00:00,FRN.Flow-In.Ave.15Minutes.3Hours.MIXED-COMPUTED-REV,-13.78,-13.78,0.00,NEGATIVE
2026-06-23 09:00:00,FRN.Flow-In.Ave.15Minutes.3Hours.MIXED-COMPUTED-REV,-197.55,-13.78,-183.77,NEGATIVE
2026-06-23 10:00:00,FRN.Flow-In.Ave.15Minutes.3Hours.MIXED-COMPUTED-REV,-66.44,-13.78,-52.66,NEGATIVE
2026-06-23 17:00:00,FRN.Flow-In.Ave.15Minutes.3Hours.MIXED-COMPUTED-REV,-14.26,64.78,-79.03,NEGATIVE
2026-06-23 18:00:00,FRN.Flow-In.Ave.15Minutes.3Hours.MIXED-COMPUTED-REV,-211.19,64.57,-275.76,NEGATIVE
2026-06-23 19:00:00,FRN.Flow-In.Ave.15Minutes.3Hours.MIXED-COMPUTED-REV,-486.11,51.84,-537.95,NEGATIVE
2026-06-23 20:00:00,FRN.Flow-In.Ave.15Minutes.3Hours.MIXED-COMPUTED-REV,-996.01,-13.78,-982.23,"SPIKE,NEGATIVE"
2026-06-23 21:00:00,FRN.Flow-In.Ave.15Minutes.3Hours.MIXED-COMPUTED-REV,-916.86,51.84,-968.70,"SPIKE,NEGATIVE"
2026-06-23 22:00:00,FRN.Flow-In.Ave.15Minutes.3Hours.MIXED-COMPUTED-REV,-406.27,64.57,-470.84,NEGATIVE
2026-06-23 23:00:00,FRN.Flow-In.Ave.15Minutes.3Hours.MIXED-COMPUTED-REV,771.03,64.78,706.25,SPIKE
2026-06-24 00:00:00,FRN.Flow-In.Ave.15Minutes.3Hours.MIXED-COMPUTED-REV,1006.42,64.57,941.86,SPIKE
2026-06-24 05:00:00,FRN.Flow-In.Ave.15Minutes.3Hours.MIXED-COMPUTED-REV,-118.31,-118.31,0.00,NEGATIVE
2026-06-24 06:00:00,FRN.Flow-In.Ave.15Minutes.3Hours.MIXED-COMPUTED-REV,-249.18,-144.62,-104.56,NEGATIVE
2026-06-24 07:00:00,FRN.Flow-In.Ave.15Minutes.3Hours.MIXED-COMPUTED-REV,-236.12,-118.71,-117.41,NEGATIVE
2026-06-24 08:00:00,FRN.Flow-In.Ave.15Minutes.3Hours.MIXED-COMPUTED-REV,-65.97,-118.31,52.35,NEGATIVE
2026-06-24 13:00:00,FRN.Flow-In.Ave.15Minutes.3Hours.MIXED-COMPUTED-REV,-170.59,-144.62,-25.96,NEGATIVE
2026-06-24 14:00:00,FRN.Flow-In.Ave.15Minutes.3Hours.MIXED-COMPUTED-REV,-249.22,-144.90,-104.32,NEGATIVE
2026-06-24 15:00:00,FRN.Flow-In.Ave.15Minutes.3Hours.MIXED-COMPUTED-REV,-210.14,-144.90,-65.24,NEGATIVE
2026-06-24 16:00:00,FRN.Flow-In.Ave.15Minutes.3Hours.MIXED-COMPUTED-REV,-144.62,-144.90,0.28,NEGATIVE
2026-06-24 17:00:00,FRN.Flow-In.Ave.15Minutes.3Hours.MIXED-COMPUTED-REV,-236.15,-144.90,-91.24,NEGATIVE
2026-06-24 18:00:00,FRN.Flow-In.Ave.15Minutes.3Hours.MIXED-COMPUTED-REV,-249.31,-144.90,-104.40,NEGATIVE
2026-06-24 19:00:00,FRN.Flow-In.Ave.15Minutes.3Hours.MIXED-COMPUTED-REV,-118.71,-144.62,25.92,NEGATIVE
2026-06-24 21:00:00,FRN.Flow-In.Ave.15Minutes.3Hours.MIXED-COMPUTED-REV,-171.86,-118.71,-53.15,NEGATIVE
2026-06-24 22:00:00,FRN.Flow-In.Ave.15Minutes.3Hours.MIXED-COMPUTED-REV,-250.40,-118.71,-131.69,NEGATIVE
2026-06-24 23:00:00,FRN.Flow-In.Ave.15Minutes.3Hours.MIXED-COMPUTED-REV,-210.79,-118.71,-92.09,NEGATIVE
2026-06-25 00:00:00,FRN.Flow-In.Ave.15Minutes.3Hours.MIXED-COMPUTED-REV,-144.90,-118.71,-26.20,NEGATIVE
2026-06-25 01:00:00,FRN.Flow-In.Ave.15Minutes.3Hours.MIXED-COMPUTED-REV,-236.66,-118.71,-117.96,NEGATIVE
2026-06-25 02:00:00,FRN.Flow-In.Ave.15Minutes.3Hours.MIXED-COMPUTED-REV,-249.78,-118.58,-131.21,NEGATIVE
2026-06-25 03:00:00,FRN.Flow-In.Ave.15Minutes.3Hours.MIXED-COMPUTED-REV,-118.58,11.83,-130.41,NEGATIVE
2026-06-25 17:00:00,FRN.Flow-In.Ave.15Minutes.3Hours.MIXED-COMPUTED-REV,-66.11,64.96,-131.06,NEGATIVE
2026-06-25 18:00:00,FRN.Flow-In.Ave.15Minutes.3Hours.MIXED-COMPUTED-REV,-236.63,64.96,-301.59,NEGATIVE
2026-06-25 19:00:00,FRN.Flow-In.Ave.15Minutes.3Hours.MIXED-COMPUTED-REV,-249.89,64.96,-314.84,NEGATIVE
2026-06-25 20:00:00,FRN.Flow-In.Ave.15Minutes.3Hours.MIXED-COMPUTED-REV,-118.91,64.96,-183.87,NEGATIVE
2026-06-25 22:00:00,FRN.Flow-In.Ave.15Minutes.3Hours.MIXED-COMPUTED-REV,-170.93,64.96,-235.89,NEGATIVE
2026-06-25 23:00:00,FRN.Flow-In.Ave.15Minutes.3Hours.MIXED-COMPUTED-REV,-249.35,50.94,-300.28,NEGATIVE
2026-06-26 00:00:00,FRN.Flow-In.Ave.15Minutes.3Hours.MIXED-COMPUTED-REV,-209.95,12.19,-222.14,NEGATIVE
2026-06-26 01:00:00,FRN.Flow-In.Ave.15Minutes.3Hours.MIXED-COMPUTED-REV,-26.54,-26.54,0.00,NEGATIVE
2026-06-26 02:00:00,FRN.Flow-In.Ave.15Minutes.3Hours.MIXED-COMPUTED-REV,-118.03,-26.54,-91.48,NEGATIVE
2026-06-26 03:00:00,FRN.Flow-In.Ave.15Minutes.3Hours.MIXED-COMPUTED-REV,-248.84,-26.54,-222.30,NEGATIVE
2026-06-26 04:00:00,FRN.Flow-In.Ave.15Minutes.3Hours.MIXED-COMPUTED-REV,-157.27,-66.11,-91.17,NEGATIVE
2026-06-26 12:00:00,FRN.Flow-In.Ave.15Minutes.3Hours.MIXED-COMPUTED-REV,-106.39,-26.54,-79.84,NEGATIVE
2026-06-26 13:00:00,FRN.Flow-In.Ave.15Minutes.3Hours.MIXED-COMPUTED-REV,-67.19,-26.54,-40.65,NEGATIVE
2026-06-26 15:00:00,FRN.Flow-In.Ave.15Minutes.3Hours.MIXED-COMPUTED-REV,-14.95,-39.97,25.02,NEGATIVE
2026-06-26 16:00:00,FRN.Flow-In.Ave.15Minutes.3Hours.MIXED-COMPUTED-REV,-211.19,-39.97,-171.21,NEGATIVE
2026-06-26 17:00:00,FRN.Flow-In.Ave.15Minutes.3Hours.MIXED-COMPUTED-REV,-250.47,-39.97,-210.50,NEGATIVE
2026-06-26 18:00:00,FRN.Flow-In.Ave.15Minutes.3Hours.MIXED-COMPUTED-REV,-171.98,-40.96,-131.02,NEGATIVE
2026-06-26 22:00:00,FRN.Flow-In.Ave.15Minutes.3Hours.MIXED-COMPUTED-REV,-40.96,-40.96,0.00,NEGATIVE
2026-06-26 23:00:00,FRN.Flow-In.Ave.15Minutes.3Hours.MIXED-COMPUTED-REV,-184.50,-40.96,-143.54,NEGATIVE
2026-06-27 00:00:00,FRN.Flow-In.Ave.15Minutes.3Hours.MIXED-COMPUTED-REV,-327.92,-40.96,-286.97,NEGATIVE
2026-06-27 01:00:00,FRN.Flow-In.Ave.15Minutes.3Hours.MIXED-COMPUTED-REV,-432.23,-39.97,-392.25,NEGATIVE
2026-06-27 02:00:00,FRN.Flow-In.Ave.15Minutes.3Hours.MIXED-COMPUTED-REV,-118.43,-14.95,-103.48,NEGATIVE
2026-06-27 03:00:00,FRN.Flow-In.Ave.15Minutes.3Hours.MIXED-COMPUTED-REV,-39.97,-39.97,0.00,NEGATIVE
2026-06-27 04:00:00,FRN.Flow-In.Ave.15Minutes.3Hours.MIXED-COMPUTED-REV,-53.12,-40.96,-12.17,NEGATIVE
2026-06-27 05:00:00,FRN.Flow-In.Ave.15Minutes.3Hours.MIXED-COMPUTED-REV,-197.05,-40.96,-156.10,NEGATIVE
2026-06-27 06:00:00,FRN.Flow-In.Ave.15Minutes.3Hours.MIXED-COMPUTED-REV,-66.51,-39.97,-26.54,NEGATIVE
2026-06-27 14:00:00,FRN.Flow-In.Ave.15Minutes.3Hours.MIXED-COMPUTED-REV,-14.71,-53.12,38.41,NEGATIVE
2026-06-27 15:00:00,FRN.Flow-In.Ave.15Minutes.3Hours.MIXED-COMPUTED-REV,-210.63,-53.12,-157.50,NEGATIVE
2026-06-27 16:00:00,FRN.Flow-In.Ave.15Minutes.3Hours.MIXED-COMPUTED-REV,-249.95,-53.12,-196.82,NEGATIVE
2026-06-27 17:00:00,FRN.Flow-In.Ave.15Minutes.3Hours.MIXED-COMPUTED-REV,-171.64,-66.51,-105.13,NEGATIVE
2026-06-27 21:00:00,FRN.Flow-In.Ave.15Minutes.3Hours.MIXED-COMPUTED-REV,-119.20,-27.21,-91.98,NEGATIVE
2026-06-27 22:00:00,FRN.Flow-In.Ave.15Minutes.3Hours.MIXED-COMPUTED-REV,-249.44,-27.21,-222.23,NEGATIVE
2026-06-27 23:00:00,FRN.Flow-In.Ave.15Minutes.3Hours.MIXED-COMPUTED-REV,-236.24,-27.21,-209.03,NEGATIVE
2026-06-28 00:00:00,FRN.Flow-In.Ave.15Minutes.3Hours.MIXED-COMPUTED-REV,-105.71,-27.21,-78.50,NEGATIVE
2026-06-28 01:00:00,FRN.Flow-In.Ave.15Minutes.3Hours.MIXED-COMPUTED-REV,-157.77,-27.21,-130.55,NEGATIVE
2026-06-28 02:00:00,FRN.Flow-In.Ave.15Minutes.3Hours.MIXED-COMPUTED-REV,-79.66,-27.21,-52.44,NEGATIVE
2026-06-28 03:00:00,FRN.Flow-In.Ave.15Minutes.3Hours.MIXED-COMPUTED-REV,-79.43,-27.21,-52.22,NEGATIVE
2026-06-28 04:00:00,FRN.Flow-In.Ave.15Minutes.3Hours.MIXED-COMPUTED-REV,-27.21,24.18,-51.40,NEGATIVE
2026-06-28 05:00:00,FRN.Flow-In.Ave.15Minutes.3Hours.MIXED-COMPUTED-REV,-105.35,50.31,-155.66,NEGATIVE
2026-06-28 06:00:00,FRN.Flow-In.Ave.15Minutes.3Hours.MIXED-COMPUTED-REV,-66.43,50.31,-116.74,NEGATIVE
2026-06-28 18:00:00,FRN.Flow-In.Ave.15Minutes.3Hours.MIXED-COMPUTED-REV,-66.81,63.35,-130.16,NEGATIVE
2026-06-28 19:00:00,FRN.Flow-In.Ave.15Minutes.3Hours.MIXED-COMPUTED-REV,-236.01,63.35,-299.36,NEGATIVE
2026-06-28 20:00:00,FRN.Flow-In.Ave.15Minutes.3Hours.MIXED-COMPUTED-REV,-249.03,63.35,-312.38,NEGATIVE
2026-06-28 21:00:00,FRN.Flow-In.Ave.15Minutes.3Hours.MIXED-COMPUTED-REV,-118.87,63.35,-182.22,NEGATIVE
2026-06-29 01:00:00,FRN.Flow-In.Ave.15Minutes.3Hours.MIXED-COMPUTED-REV,-67.48,-15.05,-52.44,NEGATIVE
2026-06-29 02:00:00,FRN.Flow-In.Ave.15Minutes.3Hours.MIXED-COMPUTED-REV,-237.57,-15.05,-222.52,NEGATIVE
2026-06-29 03:00:00,FRN.Flow-In.Ave.15Minutes.3Hours.MIXED-COMPUTED-REV,-381.32,-15.05,-366.27,NEGATIVE
2026-06-29 04:00:00,FRN.Flow-In.Ave.15Minutes.3Hours.MIXED-COMPUTED-REV,-381.09,-15.05,-366.04,NEGATIVE
2026-06-29 05:00:00,FRN.Flow-In.Ave.15Minutes.3Hours.MIXED-COMPUTED-REV,-27.91,-15.05,-12.86,NEGATIVE
2026-06-29 10:00:00,FRN.Flow-In.Ave.15Minutes.3Hours.MIXED-COMPUTED-REV,-15.05,63.35,-78.40,NEGATIVE
2026-06-29 11:00:00,FRN.Flow-In.Ave.15Minutes.3Hours.MIXED-COMPUTED-REV,-211.13,63.35,-274.48,"SPIKE,NEGATIVE"
2026-06-29 12:00:00,FRN.Flow-In.Ave.15Minutes.3Hours.MIXED-COMPUTED-REV,-250.34,63.35,-313.69,"SPIKE,NEGATIVE"
2026-06-29 13:00:00,FRN.Flow-In.Ave.15Minutes.3Hours.MIXED-COMPUTED-REV,-171.92,50.56,-222.48,NEGATIVE
2026-06-30 00:00:00,FRN.Flow-In.Ave.15Minutes.3Hours.MIXED-COMPUTED-REV,-119.20,63.35,-182.55,NEGATIVE
2026-06-30 01:00:00,FRN.Flow-In.Ave.15Minutes.3Hours.MIXED-COMPUTED-REV,-249.87,63.35,-313.22,"SPIKE,NEGATIVE"
2026-06-30 02:00:00,FRN.Flow-In.Ave.15Minutes.3Hours.MIXED-COMPUTED-REV,-236.83,63.35,-300.18,"SPIKE,NEGATIVE"
2026-06-30 03:00:00,FRN.Flow-In.Ave.15Minutes.3Hours.MIXED-COMPUTED-REV,-197.53,63.37,-260.89,"SPIKE,NEGATIVE"
2026-06-30 04:00:00,FRN.Flow-In.Ave.15Minutes.3Hours.MIXED-COMPUTED-REV,-236.56,63.37,-299.93,"SPIKE,NEGATIVE"
2026-06-30 05:00:00,FRN.Flow-In.Ave.15Minutes.3Hours.MIXED-COMPUTED-REV,-249.67,63.37,-313.04,"SPIKE,NEGATIVE"
2026-06-30 06:00:00,FRN.Flow-In.Ave.15Minutes.3Hours.MIXED-COMPUTED-REV,-119.16,63.37,-182.53,NEGATIVE
2026-06-30 20:00:00,FRN.Flow-In.Ave.15Minutes.3Hours.MIXED-COMPUTED-REV,-14.78,63.41,-78.18,NEGATIVE
2026-06-30 21:00:00,FRN.Flow-In.Ave.15Minutes.3Hours.MIXED-COMPUTED-REV,-210.17,63.41,-273.57,NEGATIVE
2026-06-30 22:00:00,FRN.Flow-In.Ave.15Minutes.3Hours.MIXED-COMPUTED-REV,-249.25,63.41,-312.66,NEGATIVE
2026-06-30 23:00:00,FRN.Flow-In.Ave.15Minutes.3Hours.MIXED-COMPUTED-REV,-170.91,63.41,-234.32,NEGATIVE
2026-07-01 00:00:00,FRN.Flow-In.Ave.15Minutes.3Hours.MIXED-COMPUTED-REV,-14.21,63.41,-77.62,NEGATIVE
2026-07-01 01:00:00,FRN.Flow-In.Ave.15Minutes.3Hours.MIXED-COMPUTED-REV,-170.13,63.37,-233.50,NEGATIVE
2026-07-01 02:00:00,FRN.Flow-In.Ave.15Minutes.3Hours.MIXED-COMPUTED-REV,-247.95,63.37,-311.32,NEGATIVE
2026-07-01 03:00:00,FRN.Flow-In.Ave.15Minutes.3Hours.MIXED-COMPUTED-REV,-208.75,63.37,-272.11,NEGATIVE
2026-07-01 04:00:00,FRN.Flow-In.Ave.15Minutes.3Hours.MIXED-COMPUTED-REV,-13.28,-13.28,0.00,NEGATIVE
2026-07-01 13:00:00,FRN.Flow-In.Ave.15Minutes.3Hours.MIXED-COMPUTED-REV,-13.99,-13.28,-0.71,NEGATIVE
2026-07-01 14:00:00,FRN.Flow-In.Ave.15Minutes.3Hours.MIXED-COMPUTED-REV,-209.42,-13.28,-196.14,NEGATIVE
2026-07-01 15:00:00,FRN.Flow-In.Ave.15Minutes.3Hours.MIXED-COMPUTED-REV,-248.62,-13.28,-235.33,NEGATIVE
2026-07-01 16:00:00,FRN.Flow-In.Ave.15Minutes.3Hours.MIXED-COMPUTED-REV,-170.63,-13.28,-157.35,NEGATIVE
2026-07-01 19:00:00,FRN.Flow-In.Ave.15Minutes.3Hours.MIXED-COMPUTED-REV,-66.43,24.41,-90.84,NEGATIVE
2026-07-01 20:00:00,FRN.Flow-In.Ave.15Minutes.3Hours.MIXED-COMPUTED-REV,-235.24,24.41,-259.65,NEGATIVE
2026-07-01 21:00:00,FRN.Flow-In.Ave.15Minutes.3Hours.MIXED-COMPUTED-REV,-247.89,24.41,-272.30,NEGATIVE
2026-07-01 22:00:00,FRN.Flow-In.Ave.15Minutes.3Hours.MIXED-COMPUTED-REV,-117.53,24.41,-141.94,NEGATIVE
2026-07-02 01:00:00,FRN.Flow-In.Ave.15Minutes.3Hours.MIXED-COMPUTED-REV,-64.95,24.41,-89.36,NEGATIVE
2026-07-02 02:00:00,FRN.Flow-In.Ave.15Minutes.3Hours.MIXED-COMPUTED-REV,-236.07,36.12,-272.20,"SPIKE,NEGATIVE"
2026-07-02 03:00:00,FRN.Flow-In.Ave.15Minutes.3Hours.MIXED-COMPUTED-REV,-253.91,47.13,-301.03,"SPIKE,NEGATIVE"
2026-07-02 04:00:00,FRN.Flow-In.Ave.15Minutes.3Hours.MIXED-COMPUTED-REV,-129.18,47.16,-176.34,NEGATIVE
2026-07-02 21:00:00,FRN.Flow-In.Ave.15Minutes.3Hours.MIXED-COMPUTED-REV,-185.83,47.27,-233.10,NEGATIVE
2026-07-02 22:00:00,FRN.Flow-In.Ave.15Minutes.3Hours.MIXED-COMPUTED-REV,-263.39,47.27,-310.66,"SPIKE,NEGATIVE"
2026-07-02 23:00:00,FRN.Flow-In.Ave.15Minutes.3Hours.MIXED-COMPUTED-REV,-224.24,47.27,-271.51,"SPIKE,NEGATIVE"
2026-07-03 00:00:00,FRN.Flow-In.Ave.15Minutes.3Hours.MIXED-COMPUTED-REV,-42.52,47.27,-89.79,NEGATIVE
2026-07-03 01:00:00,FRN.Flow-In.Ave.15Minutes.3Hours.MIXED-COMPUTED-REV,-134.03,47.27,-181.30,NEGATIVE
2026-07-03 02:00:00,FRN.Flow-In.Ave.15Minutes.3Hours.MIXED-COMPUTED-REV,-264.29,47.27,-311.56,"SPIKE,NEGATIVE"
2026-07-03 03:00:00,FRN.Flow-In.Ave.15Minutes.3Hours.MIXED-COMPUTED-REV,-251.24,47.34,-298.59,"SPIKE,NEGATIVE"
2026-07-03 04:00:00,FRN.Flow-In.Ave.15Minutes.3Hours.MIXED-COMPUTED-REV,-81.81,47.40,-129.21,NEGATIVE
2026-07-03 22:00:00,FRN.Flow-In.Ave.15Minutes.3Hours.MIXED-COMPUTED-REV,-187.19,48.02,-235.22,NEGATIVE
2026-07-03 23:00:00,FRN.Flow-In.Ave.15Minutes.3Hours.MIXED-COMPUTED-REV,-265.02,48.02,-313.04,"SPIKE,NEGATIVE"
2026-07-04 00:00:00,FRN.Flow-In.Ave.15Minutes.3Hours.MIXED-COMPUTED-REV,-224.24,48.02,-272.27,"SPIKE,NEGATIVE"
2026-07-04 01:00:00,FRN.Flow-In.Ave.15Minutes.3Hours.MIXED-COMPUTED-REV,-104.64,48.02,-152.66,NEGATIVE
2026-07-04 02:00:00,FRN.Flow-In.Ave.15Minutes.3Hours.MIXED-COMPUTED-REV,-219.40,47.91,-267.31,"SPIKE,NEGATIVE"
2026-07-04 03:00:00,FRN.Flow-In.Ave.15Minutes.3Hours.MIXED-COMPUTED-REV,-257.35,47.73,-305.08,"SPIKE,NEGATIVE"
2026-07-04 04:00:00,FRN.Flow-In.Ave.15Minutes.3Hours.MIXED-COMPUTED-REV,-179.24,47.56,-226.81,NEGATIVE
2026-07-04 14:00:00,FRN.Flow-In.Ave.15Minutes.3Hours.MIXED-COMPUTED-REV,-75.68,-75.68,0.00,NEGATIVE
2026-07-04 15:00:00,FRN.Flow-In.Ave.15Minutes.3Hours.MIXED-COMPUTED-REV,-244.96,14.77,-259.74,NEGATIVE
2026-07-04 16:00:00,FRN.Flow-In.Ave.15Minutes.3Hours.MIXED-COMPUTED-REV,-258.18,15.08,-273.26,NEGATIVE
2026-07-04 17:00:00,FRN.Flow-In.Ave.15Minutes.3Hours.MIXED-COMPUTED-REV,-128.30,15.86,-144.16,NEGATIVE
2026-07-04 21:00:00,FRN.Flow-In.Ave.15Minutes.3Hours.MIXED-COMPUTED-REV,-179.58,40.75,-220.33,NEGATIVE
2026-07-04 22:00:00,FRN.Flow-In.Ave.15Minutes.3Hours.MIXED-COMPUTED-REV,-257.40,15.08,-272.48,NEGATIVE
2026-07-04 23:00:00,FRN.Flow-In.Ave.15Minutes.3Hours.MIXED-COMPUTED-REV,-296.16,14.77,-310.93,NEGATIVE
2026-07-05 00:00:00,FRN.Flow-In.Ave.15Minutes.3Hours.MIXED-COMPUTED-REV,-295.82,-75.68,-220.13,NEGATIVE
2026-07-05 01:00:00,FRN.Flow-In.Ave.15Minutes.3Hours.MIXED-COMPUTED-REV,-256.75,-90.90,-165.86,NEGATIVE
2026-07-05 02:00:00,FRN.Flow-In.Ave.15Minutes.3Hours.MIXED-COMPUTED-REV,-179.15,-90.90,-88.25,NEGATIVE
2026-07-05 10:00:00,FRN.Flow-In.Ave.15Minutes.3Hours.MIXED-COMPUTED-REV,-90.90,-90.90,0.00,NEGATIVE
2026-07-05 11:00:00,FRN.Flow-In.Ave.15Minutes.3Hours.MIXED-COMPUTED-REV,-414.54,-90.90,-323.65,NEGATIVE
2026-07-05 12:00:00,FRN.Flow-In.Ave.15Minutes.3Hours.MIXED-COMPUTED-REV,-750.70,-90.90,-659.81,NEGATIVE
2026-07-05 13:00:00,FRN.Flow-In.Ave.15Minutes.3Hours.MIXED-COMPUTED-REV,-543.60,-77.62,-465.98,NEGATIVE
2026-07-05 17:00:00,FRN.Flow-In.Ave.15Minutes.3Hours.MIXED-COMPUTED-REV,-298.03,39.16,-337.19,NEGATIVE
2026-07-05 18:00:00,FRN.Flow-In.Ave.15Minutes.3Hours.MIXED-COMPUTED-REV,-388.46,39.16,-427.62,NEGATIVE
2026-07-05 19:00:00,FRN.Flow-In.Ave.15Minutes.3Hours.MIXED-COMPUTED-REV,-129.51,39.16,-168.67,NEGATIVE
2026-07-05 21:00:00,FRN.Flow-In.Ave.15Minutes.3Hours.MIXED-COMPUTED-REV,-77.62,39.16,-116.78,NEGATIVE
2026-07-05 22:00:00,FRN.Flow-In.Ave.15Minutes.3Hours.MIXED-COMPUTED-REV,-245.62,38.72,-284.34,NEGATIVE
2026-07-05 23:00:00,FRN.Flow-In.Ave.15Minutes.3Hours.MIXED-COMPUTED-REV,-258.42,38.72,-297.14,NEGATIVE
2026-07-06 00:00:00,FRN.Flow-In.Ave.15Minutes.3Hours.MIXED-COMPUTED-REV,-129.05,38.72,-167.77,NEGATIVE
2026-07-06 10:00:00,FRN.Flow-In.Ave.15Minutes.3Hours.MIXED-COMPUTED-REV,-25.91,51.66,-77.57,NEGATIVE
2026-07-06 11:00:00,FRN.Flow-In.Ave.15Minutes.3Hours.MIXED-COMPUTED-REV,-64.69,51.66,-116.35,NEGATIVE
2026-07-06 12:00:00,FRN.Flow-In.Ave.15Minutes.3Hours.MIXED-COMPUTED-REV,-12.98,51.66,-64.64,NEGATIVE
2026-07-06 13:00:00,FRN.Flow-In.Ave.15Minutes.3Hours.MIXED-COMPUTED-REV,-38.83,51.66,-90.49,NEGATIVE
2026-07-06 20:00:00,FRN.Flow-In.Ave.15Minutes.3Hours.MIXED-COMPUTED-REV,-25.83,51.66,-77.49,NEGATIVE
2026-07-06 21:00:00,FRN.Flow-In.Ave.15Minutes.3Hours.MIXED-COMPUTED-REV,-219.55,12.93,-232.48,NEGATIVE
2026-07-06 22:00:00,FRN.Flow-In.Ave.15Minutes.3Hours.MIXED-COMPUTED-REV,-258.29,12.88,-271.17,"SPIKE,NEGATIVE"
2026-07-06 23:00:00,FRN.Flow-In.Ave.15Minutes.3Hours.MIXED-COMPUTED-REV,-180.80,12.88,-193.68,NEGATIVE
2026-07-07 07:00:00,FRN.Flow-In.Ave.15Minutes.3Hours.MIXED-COMPUTED-REV,-78.03,-0.34,-77.69,NEGATIVE
2026-07-07 08:00:00,FRN.Flow-In.Ave.15Minutes.3Hours.MIXED-COMPUTED-REV,-246.92,-25.83,-221.09,NEGATIVE
2026-07-07 09:00:00,FRN.Flow-In.Ave.15Minutes.3Hours.MIXED-COMPUTED-REV,-259.93,-78.03,-181.90,NEGATIVE
2026-07-07 10:00:00,FRN.Flow-In.Ave.15Minutes.3Hours.MIXED-COMPUTED-REV,-143.07,-26.08,-116.99,NEGATIVE
2026-07-07 11:00:00,FRN.Flow-In.Ave.15Minutes.3Hours.MIXED-COMPUTED-REV,-220.60,-0.34,-220.26,NEGATIVE
2026-07-07 12:00:00,FRN.Flow-In.Ave.15Minutes.3Hours.MIXED-COMPUTED-REV,-337.31,-0.34,-336.97,NEGATIVE
2026-07-07 13:00:00,FRN.Flow-In.Ave.15Minutes.3Hours.MIXED-COMPUTED-REV,-246.64,-26.08,-220.56,NEGATIVE
2026-07-07 14:00:00,FRN.Flow-In.Ave.15Minutes.3Hours.MIXED-COMPUTED-REV,-0.34,-78.03,77.69,NEGATIVE
2026-07-07 19:00:00,FRN.Flow-In.Ave.15Minutes.3Hours.MIXED-COMPUTED-REV,-181.67,-78.03,-103.64,NEGATIVE
2026-07-07 20:00:00,FRN.Flow-In.Ave.15Minutes.3Hours.MIXED-COMPUTED-REV,-259.35,-77.77,-181.57,NEGATIVE
2026-07-07 21:00:00,FRN.Flow-In.Ave.15Minutes.3Hours.MIXED-COMPUTED-REV,-220.43,-77.64,-142.79,NEGATIVE
2026-07-07 22:00:00,FRN.Flow-In.Ave.15Minutes.3Hours.MIXED-COMPUTED-REV,-26.08,-77.64,51.56,NEGATIVE
2026-07-08 00:00:00,FRN.Flow-In.Ave.15Minutes.3Hours.MIXED-COMPUTED-REV,-129.55,-77.64,-51.91,NEGATIVE
2026-07-08 01:00:00,FRN.Flow-In.Ave.15Minutes.3Hours.MIXED-COMPUTED-REV,-258.98,-26.08,-232.90,NEGATIVE
2026-07-08 02:00:00,FRN.Flow-In.Ave.15Minutes.3Hours.MIXED-COMPUTED-REV,-246.03,-26.08,-219.96,NEGATIVE
2026-07-08 03:00:00,FRN.Flow-In.Ave.15Minutes.3Hours.MIXED-COMPUTED-REV,-77.77,-77.64,-0.13,NEGATIVE
2026-07-08 09:00:00,FRN.Flow-In.Ave.15Minutes.3Hours.MIXED-COMPUTED-REV,-77.64,-129.36,51.72,NEGATIVE
2026-07-08 10:00:00,FRN.Flow-In.Ave.15Minutes.3Hours.MIXED-COMPUTED-REV,-245.73,-77.77,-167.96,NEGATIVE
2026-07-08 11:00:00,FRN.Flow-In.Ave.15Minutes.3Hours.MIXED-COMPUTED-REV,-258.66,-77.77,-180.89,NEGATIVE
2026-07-08 12:00:00,FRN.Flow-In.Ave.15Minutes.3Hours.MIXED-COMPUTED-REV,-129.36,-77.77,-51.59,NEGATIVE
2026-07-08 14:00:00,FRN.Flow-In.Ave.15Minutes.3Hours.MIXED-COMPUTED-REV,-129.39,-77.64,-51.75,NEGATIVE
2026-07-08 15:00:00,FRN.Flow-In.Ave.15Minutes.3Hours.MIXED-COMPUTED-REV,-258.68,-77.64,-181.04,NEGATIVE
2026-07-08 16:00:00,FRN.Flow-In.Ave.15Minutes.3Hours.MIXED-COMPUTED-REV,-258.67,-77.64,-181.03,NEGATIVE
2026-07-08 17:00:00,FRN.Flow-In.Ave.15Minutes.3Hours.MIXED-COMPUTED-REV,-258.44,-77.64,-180.80,NEGATIVE
2026-07-08 18:00:00,FRN.Flow-In.Ave.15Minutes.3Hours.MIXED-COMPUTED-REV,-335.60,-77.64,-257.96,NEGATIVE
2026-07-08 19:00:00,FRN.Flow-In.Ave.15Minutes.3Hours.MIXED-COMPUTED-REV,-322.67,-77.64,-245.03,NEGATIVE
2026-07-08 20:00:00,FRN.Flow-In.Ave.15Minutes.3Hours.MIXED-COMPUTED-REV,-77.57,-115.92,38.34,NEGATIVE
2026-07-09 02:00:00,FRN.Flow-In.Ave.15Minutes.3Hours.MIXED-COMPUTED-REV,-128.81,-77.57,-51.23,NEGATIVE
2026-07-09 03:00:00,FRN.Flow-In.Ave.15Minutes.3Hours.MIXED-COMPUTED-REV,-257.71,-25.62,-232.09,NEGATIVE
2026-07-09 04:00:00,FRN.Flow-In.Ave.15Minutes.3Hours.MIXED-COMPUTED-REV,-231.93,-25.62,-206.31,NEGATIVE
2026-07-09 08:00:00,FRN.Flow-In.Ave.15Minutes.3Hours.MIXED-COMPUTED-REV,-115.92,38.77,-154.69,NEGATIVE
2026-07-09 09:00:00,FRN.Flow-In.Ave.15Minutes.3Hours.MIXED-COMPUTED-REV,-257.71,38.77,-296.48,NEGATIVE
2026-07-09 10:00:00,FRN.Flow-In.Ave.15Minutes.3Hours.MIXED-COMPUTED-REV,-128.81,12.86,-141.67,NEGATIVE
2026-07-09 15:00:00,FRN.Flow-In.Ave.15Minutes.3Hours.MIXED-COMPUTED-REV,-25.62,-115.92,90.30,NEGATIVE
2026-07-09 16:00:00,FRN.Flow-In.Ave.15Minutes.3Hours.MIXED-COMPUTED-REV,-218.87,-76.98,-141.89,NEGATIVE
2026-07-09 17:00:00,FRN.Flow-In.Ave.15Minutes.3Hours.MIXED-COMPUTED-REV,-257.61,-25.94,-231.67,NEGATIVE
2026-07-09 18:00:00,FRN.Flow-In.Ave.15Minutes.3Hours.MIXED-COMPUTED-REV,-180.37,-25.94,-154.43,NEGATIVE
2026-07-09 21:00:00,FRN.Flow-In.Ave.15Minutes.3Hours.MIXED-COMPUTED-REV,-76.98,-25.94,-51.04,NEGATIVE
2026-07-09 22:00:00,FRN.Flow-In.Ave.15Minutes.3Hours.MIXED-COMPUTED-REV,-244.21,-25.62,-218.60,NEGATIVE
2026-07-09 23:00:00,FRN.Flow-In.Ave.15Minutes.3Hours.MIXED-COMPUTED-REV,-295.88,-0.07,-295.81,NEGATIVE
2026-07-10 00:00:00,FRN.Flow-In.Ave.15Minutes.3Hours.MIXED-COMPUTED-REV,-361.23,-0.07,-361.16,NEGATIVE
2026-07-10 01:00:00,FRN.Flow-In.Ave.15Minutes.3Hours.MIXED-COMPUTED-REV,-271.59,-0.07,-271.52,NEGATIVE
2026-07-10 02:00:00,FRN.Flow-In.Ave.15Minutes.3Hours.MIXED-COMPUTED-REV,-219.93,-25.62,-194.31,NEGATIVE
2026-07-10 03:00:00,FRN.Flow-In.Ave.15Minutes.3Hours.MIXED-COMPUTED-REV,-25.94,-25.94,0.00,NEGATIVE
2026-07-10 08:00:00,FRN.Flow-In.Ave.15Minutes.3Hours.MIXED-COMPUTED-REV,-0.07,-0.07,0.00,NEGATIVE
2026-07-10 09:00:00,FRN.Flow-In.Ave.15Minutes.3Hours.MIXED-COMPUTED-REV,-38.87,-25.91,-12.96,NEGATIVE
2026-07-10 14:00:00,FRN.Flow-In.Ave.15Minutes.3Hours.MIXED-COMPUTED-REV,-180.89,12.90,-193.79,NEGATIVE
2026-07-10 15:00:00,FRN.Flow-In.Ave.15Minutes.3Hours.MIXED-COMPUTED-REV,-258.41,12.90,-271.31,NEGATIVE
2026-07-10 16:00:00,FRN.Flow-In.Ave.15Minutes.3Hours.MIXED-COMPUTED-REV,-219.65,12.90,-232.55,NEGATIVE
2026-07-10 17:00:00,FRN.Flow-In.Ave.15Minutes.3Hours.MIXED-COMPUTED-REV,-25.91,12.90,-38.81,NEGATIVE
2026-07-10 21:00:00,FRN.Flow-In.Ave.15Minutes.3Hours.MIXED-COMPUTED-REV,-77.42,-25.91,-51.51,NEGATIVE
2026-07-10 22:00:00,FRN.Flow-In.Ave.15Minutes.3Hours.MIXED-COMPUTED-REV,-245.18,-25.91,-219.27,NEGATIVE
2026-07-10 23:00:00,FRN.Flow-In.Ave.15Minutes.3Hours.MIXED-COMPUTED-REV,-258.09,-64.38,-193.71,NEGATIVE
2026-07-11 00:00:00,FRN.Flow-In.Ave.15Minutes.3Hours.MIXED-COMPUTED-REV,-129.03,-64.38,-64.65,NEGATIVE
2026-07-11 03:00:00,FRN.Flow-In.Ave.15Minutes.3Hours.MIXED-COMPUTED-REV,-64.38,-64.38,0.00,NEGATIVE
2026-07-11 04:00:00,FRN.Flow-In.Ave.15Minutes.3Hours.MIXED-COMPUTED-REV,-64.38,-64.38,0.00,NEGATIVE
2026-07-11 08:00:00,FRN.Flow-In.Ave.15Minutes.3Hours.MIXED-COMPUTED-REV,-244.88,-77.92,-166.96,NEGATIVE
2026-07-11 09:00:00,FRN.Flow-In.Ave.15Minutes.3Hours.MIXED-COMPUTED-REV,-257.77,-77.92,-179.85,NEGATIVE
2026-07-11 10:00:00,FRN.Flow-In.Ave.15Minutes.3Hours.MIXED-COMPUTED-REV,-206.12,-77.92,-128.20,NEGATIVE
2026-07-11 11:00:00,FRN.Flow-In.Ave.15Minutes.3Hours.MIXED-COMPUTED-REV,-231.71,-64.38,-167.33,NEGATIVE
2026-07-11 12:00:00,FRN.Flow-In.Ave.15Minutes.3Hours.MIXED-COMPUTED-REV,-257.45,-64.38,-193.08,NEGATIVE
2026-07-11 13:00:00,FRN.Flow-In.Ave.15Minutes.3Hours.MIXED-COMPUTED-REV,-180.17,-25.59,-154.59,NEGATIVE
2026-07-11 16:00:00,FRN.Flow-In.Ave.15Minutes.3Hours.MIXED-COMPUTED-REV,-128.64,-77.92,-50.72,NEGATIVE
2026-07-11 17:00:00,FRN.Flow-In.Ave.15Minutes.3Hours.MIXED-COMPUTED-REV,-257.59,-128.64,-128.95,NEGATIVE
2026-07-11 18:00:00,FRN.Flow-In.Ave.15Minutes.3Hours.MIXED-COMPUTED-REV,-245.03,-128.64,-116.39,NEGATIVE
2026-07-11 19:00:00,FRN.Flow-In.Ave.15Minutes.3Hours.MIXED-COMPUTED-REV,-77.92,-128.64,50.72,NEGATIVE
2026-07-12 01:00:00,FRN.Flow-In.Ave.15Minutes.3Hours.MIXED-COMPUTED-REV,-25.59,-25.59,0.00,NEGATIVE
2026-07-12 02:00:00,FRN.Flow-In.Ave.15Minutes.3Hours.MIXED-COMPUTED-REV,-218.29,-25.59,-192.70,NEGATIVE
2026-07-12 03:00:00,FRN.Flow-In.Ave.15Minutes.3Hours.MIXED-COMPUTED-REV,-385.21,-77.87,-307.34,NEGATIVE
2026-07-12 04:00:00,FRN.Flow-In.Ave.15Minutes.3Hours.MIXED-COMPUTED-REV,-475.01,-77.92,-397.09,NEGATIVE
2026-07-12 05:00:00,FRN.Flow-In.Ave.15Minutes.3Hours.MIXED-COMPUTED-REV,-295.06,-77.92,-217.14,NEGATIVE
2026-07-12 06:00:00,FRN.Flow-In.Ave.15Minutes.3Hours.MIXED-COMPUTED-REV,-128.11,-77.92,-50.19,NEGATIVE
2026-07-12 12:00:00,FRN.Flow-In.Ave.15Minutes.3Hours.MIXED-COMPUTED-REV,-77.87,-77.87,0.00,NEGATIVE
2026-07-12 13:00:00,FRN.Flow-In.Ave.15Minutes.3Hours.MIXED-COMPUTED-REV,-244.79,-77.87,-166.91,NEGATIVE
2026-07-12 14:00:00,FRN.Flow-In.Ave.15Minutes.3Hours.MIXED-COMPUTED-REV,-257.71,-77.87,-179.84,NEGATIVE
2026-07-12 15:00:00,FRN.Flow-In.Ave.15Minutes.3Hours.MIXED-COMPUTED-REV,-142.31,-77.87,-64.43,NEGATIVE
2026-07-12 16:00:00,FRN.Flow-In.Ave.15Minutes.3Hours.MIXED-COMPUTED-REV,-142.14,-77.87,-64.26,NEGATIVE
2026-07-12 17:00:00,FRN.Flow-In.Ave.15Minutes.3Hours.MIXED-COMPUTED-REV,-257.44,-77.85,-179.59,NEGATIVE
2026-07-12 18:00:00,FRN.Flow-In.Ave.15Minutes.3Hours.MIXED-COMPUTED-REV,-244.63,0.12,-244.76,NEGATIVE
2026-07-12 19:00:00,FRN.Flow-In.Ave.15Minutes.3Hours.MIXED-COMPUTED-REV,-78.06,38.71,-116.77,NEGATIVE
2026-07-13 02:00:00,FRN.Flow-In.Ave.15Minutes.3Hours.MIXED-COMPUTED-REV,-77.85,0.12,-77.98,NEGATIVE
2026-07-13 03:00:00,FRN.Flow-In.Ave.15Minutes.3Hours.MIXED-COMPUTED-REV,-245.03,11.92,-256.95,NEGATIVE
2026-07-13 04:00:00,FRN.Flow-In.Ave.15Minutes.3Hours.MIXED-COMPUTED-REV,-257.65,11.92,-269.57,NEGATIVE
2026-07-13 08:00:00,FRN.Flow-In.Ave.15Minutes.3Hours.MIXED-COMPUTED-REV,-64.52,11.92,-76.43,NEGATIVE
2026-07-13 09:00:00,FRN.Flow-In.Ave.15Minutes.3Hours.MIXED-COMPUTED-REV,-206.40,11.92,-218.32,NEGATIVE
2026-07-13 10:00:00,FRN.Flow-In.Ave.15Minutes.3Hours.MIXED-COMPUTED-REV,-90.76,11.92,-102.68,NEGATIVE
2026-07-13 17:00:00,FRN.Flow-In.Ave.15Minutes.3Hours.MIXED-COMPUTED-REV,-194.16,11.65,-205.81,NEGATIVE
2026-07-13 18:00:00,FRN.Flow-In.Ave.15Minutes.3Hours.MIXED-COMPUTED-REV,-322.88,11.92,-334.80,NEGATIVE
2026-07-13 19:00:00,FRN.Flow-In.Ave.15Minutes.3Hours.MIXED-COMPUTED-REV,-220.02,11.92,-231.94,NEGATIVE
2026-07-13 20:00:00,FRN.Flow-In.Ave.15Minutes.3Hours.MIXED-COMPUTED-REV,-14.14,11.65,-25.79,NEGATIVE
2026-07-14 01:00:00,FRN.Flow-In.Ave.15Minutes.3Hours.MIXED-COMPUTED-REV,-25.85,50.30,-76.16,NEGATIVE
2026-07-14 02:00:00,FRN.Flow-In.Ave.15Minutes.3Hours.MIXED-COMPUTED-REV,-218.63,50.30,-268.93,"SPIKE,NEGATIVE"
2026-07-14 03:00:00,FRN.Flow-In.Ave.15Minutes.3Hours.MIXED-COMPUTED-REV,-257.13,25.76,-282.89,"SPIKE,NEGATIVE"
2026-07-14 04:00:00,FRN.Flow-In.Ave.15Minutes.3Hours.MIXED-COMPUTED-REV,-179.93,12.04,-191.98,NEGATIVE
2026-07-14 15:00:00,FRN.Flow-In.Ave.15Minutes.3Hours.MIXED-COMPUTED-REV,-180.96,12.04,-193.01,NEGATIVE
2026-07-14 16:00:00,FRN.Flow-In.Ave.15Minutes.3Hours.MIXED-COMPUTED-REV,-258.14,12.04,-270.18,NEGATIVE
2026-07-14 17:00:00,FRN.Flow-In.Ave.15Minutes.3Hours.MIXED-COMPUTED-REV,-347.91,12.04,-359.95,"SPIKE,NEGATIVE"
2026-07-14 18:00:00,FRN.Flow-In.Ave.15Minutes.3Hours.MIXED-COMPUTED-REV,-322.05,0.18,-322.23,"SPIKE,NEGATIVE"
2026-07-14 19:00:00,FRN.Flow-In.Ave.15Minutes.3Hours.MIXED-COMPUTED-REV,-257.82,-51.04,-206.78,NEGATIVE
2026-07-14 20:00:00,FRN.Flow-In.Ave.15Minutes.3Hours.MIXED-COMPUTED-REV,-129.38,-63.78,-65.60,NEGATIVE
2026-07-15 01:00:00,FRN.Flow-In.Ave.15Minutes.3Hours.MIXED-COMPUTED-REV,-140.82,-102.23,-38.59,NEGATIVE
2026-07-15 02:00:00,FRN.Flow-In.Ave.15Minutes.3Hours.MIXED-COMPUTED-REV,-102.23,-102.23,0.00,NEGATIVE
2026-07-15 03:00:00,FRN.Flow-In.Ave.15Minutes.3Hours.MIXED-COMPUTED-REV,-179.06,-115.13,-63.93,NEGATIVE
2026-07-15 04:00:00,FRN.Flow-In.Ave.15Minutes.3Hours.MIXED-COMPUTED-REV,-63.78,-115.13,51.35,NEGATIVE
2026-07-15 05:00:00,FRN.Flow-In.Ave.15Minutes.3Hours.MIXED-COMPUTED-REV,-115.13,-115.13,0.00,NEGATIVE
2026-07-15 06:00:00,FRN.Flow-In.Ave.15Minutes.3Hours.MIXED-COMPUTED-REV,-51.04,-102.23,51.19,NEGATIVE
2026-07-15 07:00:00,FRN.Flow-In.Ave.15Minutes.3Hours.MIXED-COMPUTED-REV,-140.60,-77.74,-62.85,NEGATIVE
2026-07-15 08:00:00,FRN.Flow-In.Ave.15Minutes.3Hours.MIXED-COMPUTED-REV,-243.07,-64.05,-179.02,NEGATIVE
2026-07-15 09:00:00,FRN.Flow-In.Ave.15Minutes.3Hours.MIXED-COMPUTED-REV,-191.90,-63.78,-128.12,NEGATIVE
2026-07-15 10:00:00,FRN.Flow-In.Ave.15Minutes.3Hours.MIXED-COMPUTED-REV,-64.05,-63.78,-0.27,NEGATIVE
2026-07-15 15:00:00,FRN.Flow-In.Ave.15Minutes.3Hours.MIXED-COMPUTED-REV,-128.77,-64.05,-64.73,NEGATIVE
2026-07-15 16:00:00,FRN.Flow-In.Ave.15Minutes.3Hours.MIXED-COMPUTED-REV,-256.64,-63.78,-192.86,NEGATIVE
2026-07-15 17:00:00,FRN.Flow-In.Ave.15Minutes.3Hours.MIXED-COMPUTED-REV,-243.92,-51.04,-192.89,NEGATIVE
2026-07-15 18:00:00,FRN.Flow-In.Ave.15Minutes.3Hours.MIXED-COMPUTED-REV,-77.74,-26.14,-51.60,NEGATIVE
2026-07-15 23:00:00,FRN.Flow-In.Ave.15Minutes.3Hours.MIXED-COMPUTED-REV,-26.14,0.45,-26.59,NEGATIVE
2026-07-16 00:00:00,FRN.Flow-In.Ave.15Minutes.3Hours.MIXED-COMPUTED-REV,-204.64,-26.14,-178.50,NEGATIVE
2026-07-16 01:00:00,FRN.Flow-In.Ave.15Minutes.3Hours.MIXED-COMPUTED-REV,-204.27,-77.74,-126.53,NEGATIVE
2026-07-16 02:00:00,FRN.Flow-In.Ave.15Minutes.3Hours.MIXED-COMPUTED-REV,-165.75,-77.74,-88.01,NEGATIVE
2026-07-16 08:00:00,FRN.Flow-In.Ave.15Minutes.3Hours.MIXED-COMPUTED-REV,-178.69,-178.69,0.00,NEGATIVE
2026-07-16 09:00:00,FRN.Flow-In.Ave.15Minutes.3Hours.MIXED-COMPUTED-REV,-255.55,-179.39,-76.16,NEGATIVE
2026-07-16 10:00:00,FRN.Flow-In.Ave.15Minutes.3Hours.MIXED-COMPUTED-REV,-204.60,-179.39,-25.21,NEGATIVE
2026-07-16 11:00:00,FRN.Flow-In.Ave.15Minutes.3Hours.MIXED-COMPUTED-REV,-230.17,-179.39,-50.78,NEGATIVE
2026-07-16 12:00:00,FRN.Flow-In.Ave.15Minutes.3Hours.MIXED-COMPUTED-REV,-255.84,-179.39,-76.44,NEGATIVE
2026-07-16 13:00:00,FRN.Flow-In.Ave.15Minutes.3Hours.MIXED-COMPUTED-REV,-179.39,-178.69,-0.71,NEGATIVE
2026-07-16 14:00:00,FRN.Flow-In.Ave.15Minutes.3Hours.MIXED-COMPUTED-REV,-65.04,-165.75,100.72,NEGATIVE
2026-07-16 15:00:00,FRN.Flow-In.Ave.15Minutes.3Hours.MIXED-COMPUTED-REV,-219.35,-178.69,-40.66,NEGATIVE
2026-07-16 16:00:00,FRN.Flow-In.Ave.15Minutes.3Hours.MIXED-COMPUTED-REV,-257.89,-179.39,-78.50,NEGATIVE
2026-07-16 17:00:00,FRN.Flow-In.Ave.15Minutes.3Hours.MIXED-COMPUTED-REV,-180.90,-180.42,-0.48,NEGATIVE
2026-07-16 18:00:00,FRN.Flow-In.Ave.15Minutes.3Hours.MIXED-COMPUTED-REV,-26.87,-180.42,153.55,NEGATIVE
2026-07-16 19:00:00,FRN.Flow-In.Ave.15Minutes.3Hours.MIXED-COMPUTED-REV,-180.66,-180.42,-0.24,NEGATIVE
2026-07-16 20:00:00,FRN.Flow-In.Ave.15Minutes.3Hours.MIXED-COMPUTED-REV,-257.57,-180.42,-77.15,NEGATIVE
2026-07-16 21:00:00,FRN.Flow-In.Ave.15Minutes.3Hours.MIXED-COMPUTED-REV,-219.12,-180.42,-38.70,NEGATIVE
2026-07-16 22:00:00,FRN.Flow-In.Ave.15Minutes.3Hours.MIXED-COMPUTED-REV,-26.83,-179.39,152.56,NEGATIVE
2026-07-17 02:00:00,FRN.Flow-In.Ave.15Minutes.3Hours.MIXED-COMPUTED-REV,-26.75,-26.75,0.00,NEGATIVE
2026-07-17 03:00:00,FRN.Flow-In.Ave.15Minutes.3Hours.MIXED-COMPUTED-REV,-218.84,-26.75,-192.08,NEGATIVE
2026-07-17 04:00:00,FRN.Flow-In.Ave.15Minutes.3Hours.MIXED-COMPUTED-REV,-257.25,-26.75,-230.50,NEGATIVE
2026-07-17 05:00:00,FRN.Flow-In.Ave.15Minutes.3Hours.MIXED-COMPUTED-REV,-180.42,-26.75,-153.67,NEGATIVE
2026-07-17 14:00:00,FRN.Flow-In.Ave.15Minutes.3Hours.MIXED-COMPUTED-REV,-26.67,-26.67,0.00,NEGATIVE
2026-07-17 15:00:00,FRN.Flow-In.Ave.15Minutes.3Hours.MIXED-COMPUTED-REV,-218.56,-26.67,-191.88,NEGATIVE
2026-07-17 16:00:00,FRN.Flow-In.Ave.15Minutes.3Hours.MIXED-COMPUTED-REV,-256.93,-26.67,-230.26,NEGATIVE
2026-07-17 17:00:00,FRN.Flow-In.Ave.15Minutes.3Hours.MIXED-COMPUTED-REV,-180.18,-26.59,-153.59,NEGATIVE
2026-07-17 21:00:00,FRN.Flow-In.Ave.15Minutes.3Hours.MIXED-COMPUTED-REV,-26.59,11.70,-38.30,NEGATIVE
2026-07-17 22:00:00,FRN.Flow-In.Ave.15Minutes.3Hours.MIXED-COMPUTED-REV,-218.28,11.70,-229.98,NEGATIVE
2026-07-17 23:00:00,FRN.Flow-In.Ave.15Minutes.3Hours.MIXED-COMPUTED-REV,-256.61,11.70,-268.32,NEGATIVE
2026-07-18 00:00:00,FRN.Flow-In.Ave.15Minutes.3Hours.MIXED-COMPUTED-REV,-179.90,11.70,-191.61,NEGATIVE
2026-07-18 01:00:00,FRN.Flow-In.Ave.15Minutes.3Hours.MIXED-COMPUTED-REV,-115.70,-26.59,-89.11,NEGATIVE
2026-07-18 02:00:00,FRN.Flow-In.Ave.15Minutes.3Hours.MIXED-COMPUTED-REV,-243.11,-26.67,-216.44,NEGATIVE
2026-07-18 03:00:00,FRN.Flow-In.Ave.15Minutes.3Hours.MIXED-COMPUTED-REV,-255.71,-77.44,-178.27,NEGATIVE
2026-07-18 04:00:00,FRN.Flow-In.Ave.15Minutes.3Hours.MIXED-COMPUTED-REV,-127.97,-77.44,-50.53,NEGATIVE
2026-07-18 13:00:00,FRN.Flow-In.Ave.15Minutes.3Hours.MIXED-COMPUTED-REV,-77.44,-115.70,38.26,NEGATIVE
2026-07-18 14:00:00,FRN.Flow-In.Ave.15Minutes.3Hours.MIXED-COMPUTED-REV,-243.22,-77.44,-165.78,NEGATIVE
2026-07-18 15:00:00,FRN.Flow-In.Ave.15Minutes.3Hours.MIXED-COMPUTED-REV,-255.97,-77.18,-178.80,NEGATIVE
2026-07-18 16:00:00,FRN.Flow-In.Ave.15Minutes.3Hours.MIXED-COMPUTED-REV,-255.84,-0.51,-255.33,NEGATIVE
2026-07-18 17:00:00,FRN.Flow-In.Ave.15Minutes.3Hours.MIXED-COMPUTED-REV,-255.67,-0.51,-255.16,NEGATIVE
2026-07-18 18:00:00,FRN.Flow-In.Ave.15Minutes.3Hours.MIXED-COMPUTED-REV,-255.65,-77.18,-178.48,NEGATIVE
2026-07-18 19:00:00,FRN.Flow-In.Ave.15Minutes.3Hours.MIXED-COMPUTED-REV,-128.26,-77.44,-50.82,NEGATIVE
2026-07-18 21:00:00,FRN.Flow-In.Ave.15Minutes.3Hours.MIXED-COMPUTED-REV,-77.18,-128.08,50.90,NEGATIVE
2026-07-18 22:00:00,FRN.Flow-In.Ave.15Minutes.3Hours.MIXED-COMPUTED-REV,-242.61,-128.26,-114.34,NEGATIVE
2026-07-18 23:00:00,FRN.Flow-In.Ave.15Minutes.3Hours.MIXED-COMPUTED-REV,-255.33,-128.26,-127.07,NEGATIVE
2026-07-19 00:00:00,FRN.Flow-In.Ave.15Minutes.3Hours.MIXED-COMPUTED-REV,-128.08,-128.26,0.19,NEGATIVE
2026-07-19 03:00:00,FRN.Flow-In.Ave.15Minutes.3Hours.MIXED-COMPUTED-REV,-0.51,-128.26,127.76,NEGATIVE
2026-07-19 05:00:00,FRN.Flow-In.Ave.15Minutes.3Hours.MIXED-COMPUTED-REV,-127.40,-128.08,0.68,NEGATIVE
2026-07-19 06:00:00,FRN.Flow-In.Ave.15Minutes.3Hours.MIXED-COMPUTED-REV,-203.71,-127.40,-76.31,NEGATIVE
2026-07-19 07:00:00,FRN.Flow-In.Ave.15Minutes.3Hours.MIXED-COMPUTED-REV,-344.53,-116.11,-228.43,NEGATIVE
2026-07-19 08:00:00,FRN.Flow-In.Ave.15Minutes.3Hours.MIXED-COMPUTED-REV,-562.82,-77.18,-485.65,NEGATIVE
2026-07-19 09:00:00,FRN.Flow-In.Ave.15Minutes.3Hours.MIXED-COMPUTED-REV,-831.69,-116.11,-715.59,NEGATIVE
2026-07-19 10:00:00,FRN.Flow-In.Ave.15Minutes.3Hours.MIXED-COMPUTED-REV,-550.46,-127.40,-423.06,NEGATIVE
2026-07-19 14:00:00,FRN.Flow-In.Ave.15Minutes.3Hours.MIXED-COMPUTED-REV,-116.11,-116.11,0.00,NEGATIVE
2026-07-19 15:00:00,FRN.Flow-In.Ave.15Minutes.3Hours.MIXED-COMPUTED-REV,-244.01,-116.11,-127.91,NEGATIVE
2026-07-19 16:00:00,FRN.Flow-In.Ave.15Minutes.3Hours.MIXED-COMPUTED-REV,-179.98,-116.11,-63.87,NEGATIVE
2026-07-19 20:00:00,FRN.Flow-In.Ave.15Minutes.3Hours.MIXED-COMPUTED-REV,-65.19,12.18,-77.37,NEGATIVE
2026-07-19 21:00:00,FRN.Flow-In.Ave.15Minutes.3Hours.MIXED-COMPUTED-REV,-243.99,12.18,-256.17,NEGATIVE
2026-07-19 22:00:00,FRN.Flow-In.Ave.15Minutes.3Hours.MIXED-COMPUTED-REV,-205.50,12.18,-217.68,NEGATIVE
2026-07-19 23:00:00,FRN.Flow-In.Ave.15Minutes.3Hours.MIXED-COMPUTED-REV,-243.68,12.18,-255.86,NEGATIVE
2026-07-20 00:00:00,FRN.Flow-In.Ave.15Minutes.3Hours.MIXED-COMPUTED-REV,-256.45,-26.55,-229.89,NEGATIVE
2026-07-20 01:00:00,FRN.Flow-In.Ave.15Minutes.3Hours.MIXED-COMPUTED-REV,-52.00,-26.55,-25.44,NEGATIVE
2026-07-20 09:00:00,FRN.Flow-In.Ave.15Minutes.3Hours.MIXED-COMPUTED-REV,-179.46,-61.03,-118.43,NEGATIVE
2026-07-20 10:00:00,FRN.Flow-In.Ave.15Minutes.3Hours.MIXED-COMPUTED-REV,-256.22,-61.03,-195.19,NEGATIVE
2026-07-20 11:00:00,FRN.Flow-In.Ave.15Minutes.3Hours.MIXED-COMPUTED-REV,-218.10,-61.03,-157.07,NEGATIVE
2026-07-20 12:00:00,FRN.Flow-In.Ave.15Minutes.3Hours.MIXED-COMPUTED-REV,-26.55,-52.00,25.44,NEGATIVE
2026-07-20 16:00:00,FRN.Flow-In.Ave.15Minutes.3Hours.MIXED-COMPUTED-REV,-115.30,3.67,-118.96,NEGATIVE
2026-07-20 17:00:00,FRN.Flow-In.Ave.15Minutes.3Hours.MIXED-COMPUTED-REV,-233.89,3.67,-237.55,NEGATIVE
2026-07-20 18:00:00,FRN.Flow-In.Ave.15Minutes.3Hours.MIXED-COMPUTED-REV,-218.82,3.67,-222.49,NEGATIVE
2026-07-20 19:00:00,FRN.Flow-In.Ave.15Minutes.3Hours.MIXED-COMPUTED-REV,-61.03,3.67,-64.70,NEGATIVE
2026-07-20 20:00:00,FRN.Flow-In.Ave.15Minutes.3Hours.MIXED-COMPUTED-REV,-69.33,3.67,-72.99,NEGATIVE
2026-07-20 21:00:00,FRN.Flow-In.Ave.15Minutes.3Hours.MIXED-COMPUTED-REV,-240.38,3.67,-244.05,NEGATIVE
2026-07-20 22:00:00,FRN.Flow-In.Ave.15Minutes.3Hours.MIXED-COMPUTED-REV,-201.45,3.67,-205.12,NEGATIVE
2026-07-20 23:00:00,FRN.Flow-In.Ave.15Minutes.3Hours.MIXED-COMPUTED-REV,-98.51,3.67,-102.17,NEGATIVE
2026-07-21 10:00:00,FRN.Flow-In.Ave.15Minutes.3Hours.MIXED-COMPUTED-REV,-21.69,16.65,-38.34,NEGATIVE
2026-07-21 11:00:00,FRN.Flow-In.Ave.15Minutes.3Hours.MIXED-COMPUTED-REV,-174.59,16.65,-191.24,NEGATIVE
2026-07-21 12:00:00,FRN.Flow-In.Ave.15Minutes.3Hours.MIXED-COMPUTED-REV,-212.96,16.65,-229.60,NEGATIVE
2026-07-21 13:00:00,FRN.Flow-In.Ave.15Minutes.3Hours.MIXED-COMPUTED-REV,-174.79,3.67,-178.45,NEGATIVE
2026-07-21 14:00:00,FRN.Flow-In.Ave.15Minutes.3Hours.MIXED-COMPUTED-REV,-22.01,0.29,-22.30,NEGATIVE
2026-07-21 18:00:00,FRN.Flow-In.Ave.15Minutes.3Hours.MIXED-COMPUTED-REV,-166.04,0.29,-166.33,NEGATIVE
2026-07-21 19:00:00,FRN.Flow-In.Ave.15Minutes.3Hours.MIXED-COMPUTED-REV,-200.26,0.29,-200.55,NEGATIVE
2026-07-21 20:00:00,FRN.Flow-In.Ave.15Minutes.3Hours.MIXED-COMPUTED-REV,-132.69,0.29,-132.98,NEGATIVE
2026-07-21 23:00:00,FRN.Flow-In.Ave.15Minutes.3Hours.MIXED-COMPUTED-REV,-114.52,-22.01,-92.51,NEGATIVE
2026-07-22 00:00:00,FRN.Flow-In.Ave.15Minutes.3Hours.MIXED-COMPUTED-REV,-241.57,-22.01,-219.56,NEGATIVE
2026-07-22 01:00:00,FRN.Flow-In.Ave.15Minutes.3Hours.MIXED-COMPUTED-REV,-228.87,-12.80,-216.07,NEGATIVE
2026-07-22 02:00:00,FRN.Flow-In.Ave.15Minutes.3Hours.MIXED-COMPUTED-REV,-63.70,0.29,-63.99,NEGATIVE
2026-07-22 10:00:00,FRN.Flow-In.Ave.15Minutes.3Hours.MIXED-COMPUTED-REV,-165.10,-12.80,-152.30,NEGATIVE
2026-07-22 11:00:00,FRN.Flow-In.Ave.15Minutes.3Hours.MIXED-COMPUTED-REV,-241.25,-50.81,-190.44,NEGATIVE
2026-07-22 12:00:00,FRN.Flow-In.Ave.15Minutes.3Hours.MIXED-COMPUTED-REV,-203.18,-50.81,-152.37,NEGATIVE
2026-07-22 13:00:00,FRN.Flow-In.Ave.15Minutes.3Hours.MIXED-COMPUTED-REV,-12.80,-50.81,38.01,NEGATIVE
2026-07-22 15:00:00,FRN.Flow-In.Ave.15Minutes.3Hours.MIXED-COMPUTED-REV,-164.86,-38.49,-126.37,NEGATIVE
2026-07-22 16:00:00,FRN.Flow-In.Ave.15Minutes.3Hours.MIXED-COMPUTED-REV,-240.93,-50.81,-190.12,NEGATIVE
2026-07-22 17:00:00,FRN.Flow-In.Ave.15Minutes.3Hours.MIXED-COMPUTED-REV,-164.86,-63.91,-100.95,NEGATIVE
2026-07-22 21:00:00,FRN.Flow-In.Ave.15Minutes.3Hours.MIXED-COMPUTED-REV,-50.81,-64.22,13.41,NEGATIVE
2026-07-22 22:00:00,FRN.Flow-In.Ave.15Minutes.3Hours.MIXED-COMPUTED-REV,-63.91,-114.76,50.85,NEGATIVE
2026-07-22 23:00:00,FRN.Flow-In.Ave.15Minutes.3Hours.MIXED-COMPUTED-REV,-153.09,-114.76,-38.33,NEGATIVE
2026-07-23 00:00:00,FRN.Flow-In.Ave.15Minutes.3Hours.MIXED-COMPUTED-REV,-229.48,-114.76,-114.72,NEGATIVE
2026-07-23 01:00:00,FRN.Flow-In.Ave.15Minutes.3Hours.MIXED-COMPUTED-REV,-127.63,-64.22,-63.41,NEGATIVE
2026-07-23 02:00:00,FRN.Flow-In.Ave.15Minutes.3Hours.MIXED-COMPUTED-REV,-38.49,-64.22,25.73,NEGATIVE
2026-07-23 03:00:00,FRN.Flow-In.Ave.15Minutes.3Hours.MIXED-COMPUTED-REV,-114.76,-64.22,-50.54,NEGATIVE
2026-07-23 04:00:00,FRN.Flow-In.Ave.15Minutes.3Hours.MIXED-COMPUTED-REV,-242.02,-63.97,-178.05,NEGATIVE
2026-07-23 05:00:00,FRN.Flow-In.Ave.15Minutes.3Hours.MIXED-COMPUTED-REV,-229.31,-63.91,-165.39,NEGATIVE
2026-07-23 06:00:00,FRN.Flow-In.Ave.15Minutes.3Hours.MIXED-COMPUTED-REV,-63.97,-63.91,-0.05,NEGATIVE
2026-07-23 09:00:00,FRN.Flow-In.Ave.15Minutes.3Hours.MIXED-COMPUTED-REV,-64.22,-64.89,0.67,NEGATIVE
2026-07-23 10:00:00,FRN.Flow-In.Ave.15Minutes.3Hours.MIXED-COMPUTED-REV,-229.65,-64.89,-164.76,NEGATIVE
2026-07-23 11:00:00,FRN.Flow-In.Ave.15Minutes.3Hours.MIXED-COMPUTED-REV,-242.46,-64.89,-177.57,NEGATIVE
2026-07-23 12:00:00,FRN.Flow-In.Ave.15Minutes.3Hours.MIXED-COMPUTED-REV,-115.44,-64.22,-51.23,NEGATIVE
2026-07-23 18:00:00,FRN.Flow-In.Ave.15Minutes.3Hours.MIXED-COMPUTED-REV,-115.69,-51.06,-64.63,NEGATIVE
2026-07-23 19:00:00,FRN.Flow-In.Ave.15Minutes.3Hours.MIXED-COMPUTED-REV,-242.76,-51.01,-191.75,NEGATIVE
2026-07-23 20:00:00,FRN.Flow-In.Ave.15Minutes.3Hours.MIXED-COMPUTED-REV,-230.04,-51.01,-179.04,NEGATIVE
2026-07-23 21:00:00,FRN.Flow-In.Ave.15Minutes.3Hours.MIXED-COMPUTED-REV,-64.89,-51.01,-13.88,NEGATIVE
2026-07-24 00:00:00,FRN.Flow-In.Ave.15Minutes.3Hours.MIXED-COMPUTED-REV,-13.98,24.60,-38.58,NEGATIVE
2026-07-24 01:00:00,FRN.Flow-In.Ave.15Minutes.3Hours.MIXED-COMPUTED-REV,-204.07,24.60,-228.67,NEGATIVE
2026-07-24 02:00:00,FRN.Flow-In.Ave.15Minutes.3Hours.MIXED-COMPUTED-REV,-241.93,-13.98,-227.95,NEGATIVE
2026-07-24 03:00:00,FRN.Flow-In.Ave.15Minutes.3Hours.MIXED-COMPUTED-REV,-165.70,-51.01,-114.69,NEGATIVE
2026-07-24 06:00:00,FRN.Flow-In.Ave.15Minutes.3Hours.MIXED-COMPUTED-REV,-51.06,-63.80,12.74,NEGATIVE
2026-07-24 07:00:00,FRN.Flow-In.Ave.15Minutes.3Hours.MIXED-COMPUTED-REV,-51.01,-63.80,12.80,NEGATIVE
2026-07-24 12:00:00,FRN.Flow-In.Ave.15Minutes.3Hours.MIXED-COMPUTED-REV,-114.69,-63.80,-50.89,NEGATIVE
2026-07-24 13:00:00,FRN.Flow-In.Ave.15Minutes.3Hours.MIXED-COMPUTED-REV,-241.18,-63.80,-177.37,NEGATIVE
2026-07-24 14:00:00,FRN.Flow-In.Ave.15Minutes.3Hours.MIXED-COMPUTED-REV,-228.43,-63.80,-164.63,NEGATIVE
2026-07-24 15:00:00,FRN.Flow-In.Ave.15Minutes.3Hours.MIXED-COMPUTED-REV,-63.80,-63.80,0.00,NEGATIVE
2026-07-24 17:00:00,FRN.Flow-In.Ave.15Minutes.3Hours.MIXED-COMPUTED-REV,-63.80,-63.80,0.00,NEGATIVE
2026-07-24 18:00:00,FRN.Flow-In.Ave.15Minutes.3Hours.MIXED-COMPUTED-REV,-228.44,-63.80,-164.63,NEGATIVE
2026-07-24 19:00:00,FRN.Flow-In.Ave.15Minutes.3Hours.MIXED-COMPUTED-REV,-241.14,-63.80,-177.34,NEGATIVE
2026-07-24 20:00:00,FRN.Flow-In.Ave.15Minutes.3Hours.MIXED-COMPUTED-REV,-114.73,-63.80,-50.92,NEGATIVE
2026-07-24 22:00:00,FRN.Flow-In.Ave.15Minutes.3Hours.MIXED-COMPUTED-REV,-13.80,-63.80,50.00,NEGATIVE
2026-07-24 23:00:00,FRN.Flow-In.Ave.15Minutes.3Hours.MIXED-COMPUTED-REV,-203.53,-63.80,-139.72,NEGATIVE
2026-07-25 00:00:00,FRN.Flow-In.Ave.15Minutes.3Hours.MIXED-COMPUTED-REV,-367.58,-113.90,-253.67,NEGATIVE
2026-07-25 01:00:00,FRN.Flow-In.Ave.15Minutes.3Hours.MIXED-COMPUTED-REV,-455.65,-113.90,-341.75,NEGATIVE
2026-07-25 02:00:00,FRN.Flow-In.Ave.15Minutes.3Hours.MIXED-COMPUTED-REV,-278.36,-63.80,-214.56,NEGATIVE
2026-07-25 03:00:00,FRN.Flow-In.Ave.15Minutes.3Hours.MIXED-COMPUTED-REV,-113.90,-63.80,-50.10,NEGATIVE
2026-07-25 10:00:00,FRN.Flow-In.Ave.15Minutes.3Hours.MIXED-COMPUTED-REV,-12.63,-12.63,0.00,NEGATIVE
2026-07-25 11:00:00,FRN.Flow-In.Ave.15Minutes.3Hours.MIXED-COMPUTED-REV,-201.89,-12.63,-189.26,NEGATIVE
2026-07-25 12:00:00,FRN.Flow-In.Ave.15Minutes.3Hours.MIXED-COMPUTED-REV,-239.94,-12.63,-227.31,NEGATIVE
2026-07-25 13:00:00,FRN.Flow-In.Ave.15Minutes.3Hours.MIXED-COMPUTED-REV,-164.37,-12.63,-151.74,NEGATIVE
2026-07-25 20:00:00,FRN.Flow-In.Ave.15Minutes.3Hours.MIXED-COMPUTED-REV,-165.51,24.62,-190.13,NEGATIVE
2026-07-25 21:00:00,FRN.Flow-In.Ave.15Minutes.3Hours.MIXED-COMPUTED-REV,-368.32,24.62,-392.95,"SPIKE,NEGATIVE"
2026-07-25 22:00:00,FRN.Flow-In.Ave.15Minutes.3Hours.MIXED-COMPUTED-REV,-507.59,24.62,-532.22,"SPIKE,NEGATIVE"
2026-07-25 23:00:00,FRN.Flow-In.Ave.15Minutes.3Hours.MIXED-COMPUTED-REV,-406.02,24.62,-430.64,NEGATIVE
2026-07-26 00:00:00,FRN.Flow-In.Ave.15Minutes.3Hours.MIXED-COMPUTED-REV,-355.19,24.62,-379.81,NEGATIVE
2026-07-26 01:00:00,FRN.Flow-In.Ave.15Minutes.3Hours.MIXED-COMPUTED-REV,-241.12,24.62,-265.75,NEGATIVE
2026-07-26 02:00:00,FRN.Flow-In.Ave.15Minutes.3Hours.MIXED-COMPUTED-REV,-152.46,24.62,-177.08,NEGATIVE
2026-07-26 03:00:00,FRN.Flow-In.Ave.15Minutes.3Hours.MIXED-COMPUTED-REV,-0.63,24.62,-25.26,NEGATIVE
2026-07-26 11:00:00,FRN.Flow-In.Ave.15Minutes.3Hours.MIXED-COMPUTED-REV,-64.41,-14.16,-50.25,NEGATIVE
2026-07-26 12:00:00,FRN.Flow-In.Ave.15Minutes.3Hours.MIXED-COMPUTED-REV,-228.93,-14.16,-214.78,NEGATIVE
2026-07-26 13:00:00,FRN.Flow-In.Ave.15Minutes.3Hours.MIXED-COMPUTED-REV,-241.72,-14.16,-227.56,NEGATIVE
2026-07-26 14:00:00,FRN.Flow-In.Ave.15Minutes.3Hours.MIXED-COMPUTED-REV,-115.37,-0.63,-114.73,NEGATIVE
2026-07-26 19:00:00,FRN.Flow-In.Ave.15Minutes.3Hours.MIXED-COMPUTED-REV,-14.16,-14.16,0.00,NEGATIVE
2026-07-26 20:00:00,FRN.Flow-In.Ave.15Minutes.3Hours.MIXED-COMPUTED-REV,-203.57,-14.16,-189.41,NEGATIVE
2026-07-26 21:00:00,FRN.Flow-In.Ave.15Minutes.3Hours.MIXED-COMPUTED-REV,-241.45,-14.16,-227.29,NEGATIVE
2026-07-26 22:00:00,FRN.Flow-In.Ave.15Minutes.3Hours.MIXED-COMPUTED-REV,-165.61,-63.78,-101.82,NEGATIVE
2026-07-26 23:00:00,FRN.Flow-In.Ave.15Minutes.3Hours.MIXED-COMPUTED-REV,-102.25,-64.15,-38.10,NEGATIVE
2026-07-27 00:00:00,FRN.Flow-In.Ave.15Minutes.3Hours.MIXED-COMPUTED-REV,-228.24,-64.15,-164.10,NEGATIVE
2026-07-27 01:00:00,FRN.Flow-In.Ave.15Minutes.3Hours.MIXED-COMPUTED-REV,-240.73,-64.15,-176.59,NEGATIVE
2026-07-27 05:00:00,FRN.Flow-In.Ave.15Minutes.3Hours.MIXED-COMPUTED-REV,-63.78,-64.15,0.36,NEGATIVE
2026-07-27 06:00:00,FRN.Flow-In.Ave.15Minutes.3Hours.MIXED-COMPUTED-REV,-152.13,-64.26,-87.87,NEGATIVE
2026-07-27 10:00:00,FRN.Flow-In.Ave.15Minutes.3Hours.MIXED-COMPUTED-REV,-64.15,-64.15,0.00,NEGATIVE
2026-07-27 11:00:00,FRN.Flow-In.Ave.15Minutes.3Hours.MIXED-COMPUTED-REV,-228.17,-63.78,-164.38,NEGATIVE
2026-07-27 12:00:00,FRN.Flow-In.Ave.15Minutes.3Hours.MIXED-COMPUTED-REV,-240.81,-63.78,-177.02,NEGATIVE
2026-07-27 13:00:00,FRN.Flow-In.Ave.15Minutes.3Hours.MIXED-COMPUTED-REV,-114.80,-63.78,-51.02,NEGATIVE
2026-07-27 16:00:00,FRN.Flow-In.Ave.15Minutes.3Hours.MIXED-COMPUTED-REV,-64.26,-64.15,-0.12,NEGATIVE
2026-07-27 17:00:00,FRN.Flow-In.Ave.15Minutes.3Hours.MIXED-COMPUTED-REV,-227.90,-64.26,-163.64,NEGATIVE
2026-07-27 18:00:00,FRN.Flow-In.Ave.15Minutes.3Hours.MIXED-COMPUTED-REV,-240.49,-113.71,-126.77,NEGATIVE
2026-07-27 19:00:00,FRN.Flow-In.Ave.15Minutes.3Hours.MIXED-COMPUTED-REV,-114.61,-64.26,-50.35,NEGATIVE
2026-07-28 00:00:00,FRN.Flow-In.Ave.15Minutes.3Hours.MIXED-COMPUTED-REV,-164.72,-64.26,-100.45,NEGATIVE
2026-07-28 01:00:00,FRN.Flow-In.Ave.15Minutes.3Hours.MIXED-COMPUTED-REV,-240.05,-64.26,-175.79,NEGATIVE
2026-07-28 02:00:00,FRN.Flow-In.Ave.15Minutes.3Hours.MIXED-COMPUTED-REV,-202.17,-64.26,-137.91,NEGATIVE
2026-07-28 03:00:00,FRN.Flow-In.Ave.15Minutes.3Hours.MIXED-COMPUTED-REV,-25.99,-64.70,38.72,NEGATIVE
2026-07-28 04:00:00,FRN.Flow-In.Ave.15Minutes.3Hours.MIXED-COMPUTED-REV,-113.71,-64.70,-49.01,NEGATIVE
2026-07-28 05:00:00,FRN.Flow-In.Ave.15Minutes.3Hours.MIXED-COMPUTED-REV,-239.37,-64.70,-174.67,NEGATIVE
2026-07-28 06:00:00,FRN.Flow-In.Ave.15Minutes.3Hours.MIXED-COMPUTED-REV,-226.86,-63.75,-163.11,NEGATIVE
2026-07-28 07:00:00,FRN.Flow-In.Ave.15Minutes.3Hours.MIXED-COMPUTED-REV,-63.75,-63.75,0.00,NEGATIVE
2026-07-28 12:00:00,FRN.Flow-In.Ave.15Minutes.3Hours.MIXED-COMPUTED-REV,-115.17,-64.70,-50.47,NEGATIVE
2026-07-28 13:00:00,FRN.Flow-In.Ave.15Minutes.3Hours.MIXED-COMPUTED-REV,-241.54,-64.70,-176.84,NEGATIVE
2026-07-28 14:00:00,FRN.Flow-In.Ave.15Minutes.3Hours.MIXED-COMPUTED-REV,-228.91,-64.70,-164.21,NEGATIVE
2026-07-28 15:00:00,FRN.Flow-In.Ave.15Minutes.3Hours.MIXED-COMPUTED-REV,-64.70,-64.70,0.00,NEGATIVE
2026-07-28 18:00:00,FRN.Flow-In.Ave.15Minutes.3Hours.MIXED-COMPUTED-REV,-14.10,-63.75,49.65,NEGATIVE
2026-07-28 19:00:00,FRN.Flow-In.Ave.15Minutes.3Hours.MIXED-COMPUTED-REV,-203.36,-14.10,-189.27,NEGATIVE
2026-07-28 20:00:00,FRN.Flow-In.Ave.15Minutes.3Hours.MIXED-COMPUTED-REV,-241.22,-13.93,-227.28,NEGATIVE
2026-07-28 21:00:00,FRN.Flow-In.Ave.15Minutes.3Hours.MIXED-COMPUTED-REV,-165.51,-13.93,-151.58,NEGATIVE
2026-07-29 01:00:00,FRN.Flow-In.Ave.15Minutes.3Hours.MIXED-COMPUTED-REV,-203.04,23.76,-226.80,NEGATIVE
2026-07-29 02:00:00,FRN.Flow-In.Ave.15Minutes.3Hours.MIXED-COMPUTED-REV,-467.53,23.80,-491.32,"SPIKE,NEGATIVE"
2026-07-29 03:00:00,FRN.Flow-In.Ave.15Minutes.3Hours.MIXED-COMPUTED-REV,-505.26,23.80,-529.05,"SPIKE,NEGATIVE"
2026-07-29 04:00:00,FRN.Flow-In.Ave.15Minutes.3Hours.MIXED-COMPUTED-REV,-278.42,23.80,-302.22,NEGATIVE
2026-07-29 05:00:00,FRN.Flow-In.Ave.15Minutes.3Hours.MIXED-COMPUTED-REV,-13.93,23.76,-37.69,NEGATIVE
2026-07-29 15:00:00,FRN.Flow-In.Ave.15Minutes.3Hours.MIXED-COMPUTED-REV,-164.86,11.41,-176.27,NEGATIVE
2026-07-29 16:00:00,FRN.Flow-In.Ave.15Minutes.3Hours.MIXED-COMPUTED-REV,-240.38,11.41,-251.79,"SPIKE,NEGATIVE"
2026-07-29 17:00:00,FRN.Flow-In.Ave.15Minutes.3Hours.MIXED-COMPUTED-REV,-202.64,11.60,-214.24,NEGATIVE
2026-07-29 18:00:00,FRN.Flow-In.Ave.15Minutes.3Hours.MIXED-COMPUTED-REV,-13.93,23.87,-37.80,NEGATIVE
2026-07-29 22:00:00,FRN.Flow-In.Ave.15Minutes.3Hours.MIXED-COMPUTED-REV,-13.77,11.41,-25.18,NEGATIVE
2026-07-29 23:00:00,FRN.Flow-In.Ave.15Minutes.3Hours.MIXED-COMPUTED-REV,-126.85,-13.77,-113.07,NEGATIVE
2026-07-30 01:00:00,FRN.Flow-In.Ave.15Minutes.3Hours.MIXED-COMPUTED-REV,-38.77,-38.77,0.00,NEGATIVE
2026-07-30 02:00:00,FRN.Flow-In.Ave.15Minutes.3Hours.MIXED-COMPUTED-REV,-126.63,-38.77,-87.86,NEGATIVE
2026-07-30 03:00:00,FRN.Flow-In.Ave.15Minutes.3Hours.MIXED-COMPUTED-REV,-453.11,-38.77,-414.34,NEGATIVE
2026-07-30 04:00:00,FRN.Flow-In.Ave.15Minutes.3Hours.MIXED-COMPUTED-REV,-352.59,-38.77,-313.82,NEGATIVE
2026-07-30 08:00:00,FRN.Flow-In.Ave.15Minutes.3Hours.MIXED-COMPUTED-REV,-113.99,-63.98,-50.01,NEGATIVE
2026-07-30 09:00:00,FRN.Flow-In.Ave.15Minutes.3Hours.MIXED-COMPUTED-REV,-114.08,-63.98,-50.10,NEGATIVE
2026-07-30 11:00:00,FRN.Flow-In.Ave.15Minutes.3Hours.MIXED-COMPUTED-REV,-164.05,-63.98,-100.07,NEGATIVE
2026-07-30 12:00:00,FRN.Flow-In.Ave.15Minutes.3Hours.MIXED-COMPUTED-REV,-239.27,-63.98,-175.29,NEGATIVE
2026-07-30 13:00:00,FRN.Flow-In.Ave.15Minutes.3Hours.MIXED-COMPUTED-REV,-201.68,-113.83,-87.85,NEGATIVE
2026-07-30 14:00:00,FRN.Flow-In.Ave.15Minutes.3Hours.MIXED-COMPUTED-REV,-13.77,-113.83,100.06,NEGATIVE
2026-07-30 16:00:00,FRN.Flow-In.Ave.15Minutes.3Hours.MIXED-COMPUTED-REV,-63.98,-63.98,0.00,NEGATIVE
2026-07-30 17:00:00,FRN.Flow-In.Ave.15Minutes.3Hours.MIXED-COMPUTED-REV,-226.71,-63.51,-163.21,NEGATIVE
2026-07-30 18:00:00,FRN.Flow-In.Ave.15Minutes.3Hours.MIXED-COMPUTED-REV,-239.09,-63.98,-175.11,NEGATIVE
2026-07-30 19:00:00,FRN.Flow-In.Ave.15Minutes.3Hours.MIXED-COMPUTED-REV,-113.83,-64.20,-49.63,NEGATIVE
2026-07-30 23:00:00,FRN.Flow-In.Ave.15Minutes.3Hours.MIXED-COMPUTED-REV,-63.51,-64.20,0.70,NEGATIVE
2026-07-31 00:00:00,FRN.Flow-In.Ave.15Minutes.3Hours.MIXED-COMPUTED-REV,-226.12,-63.98,-162.14,NEGATIVE
2026-07-31 01:00:00,FRN.Flow-In.Ave.15Minutes.3Hours.MIXED-COMPUTED-REV,-238.63,-63.51,-175.12,NEGATIVE
2026-07-31 02:00:00,FRN.Flow-In.Ave.15Minutes.3Hours.MIXED-COMPUTED-REV,-113.53,-13.77,-99.76,NEGATIVE
2026-07-31 06:00:00,FRN.Flow-In.Ave.15Minutes.3Hours.MIXED-COMPUTED-REV,-64.20,-63.51,-0.70,NEGATIVE
2026-07-31 07:00:00,FRN.Flow-In.Ave.15Minutes.3Hours.MIXED-COMPUTED-REV,-227.81,-13.99,-213.82,NEGATIVE
2026-07-31 08:00:00,FRN.Flow-In.Ave.15Minutes.3Hours.MIXED-COMPUTED-REV,-240.46,23.52,-263.99,NEGATIVE
2026-07-31 09:00:00,FRN.Flow-In.Ave.15Minutes.3Hours.MIXED-COMPUTED-REV,-114.66,23.52,-138.18,NEGATIVE
2026-07-31 16:00:00,FRN.Flow-In.Ave.15Minutes.3Hours.MIXED-COMPUTED-REV,-165.06,23.52,-188.58,NEGATIVE
2026-07-31 17:00:00,FRN.Flow-In.Ave.15Minutes.3Hours.MIXED-COMPUTED-REV,-240.46,23.52,-263.98,NEGATIVE
2026-07-31 18:00:00,FRN.Flow-In.Ave.15Minutes.3Hours.MIXED-COMPUTED-REV,-202.61,23.52,-226.13,NEGATIVE
2026-07-31 19:00:00,FRN.Flow-In.Ave.15Minutes.3Hours.MIXED-COMPUTED-REV,-13.99,24.04,-38.03,NEGATIVE
2026-07-31 23:00:00,FRN.Flow-In.Ave.15Minutes.3Hours.MIXED-COMPUTED-REV,-63.93,23.52,-87.45,NEGATIVE
2026-08-01 00:00:00,FRN.Flow-In.Ave.15Minutes.3Hours.MIXED-COMPUTED-REV,-227.13,-13.99,-213.14,NEGATIVE
2026-08-01 01:00:00,FRN.Flow-In.Ave.15Minutes.3Hours.MIXED-COMPUTED-REV,-239.68,-63.93,-175.76,NEGATIVE
2026-08-01 02:00:00,FRN.Flow-In.Ave.15Minutes.3Hours.MIXED-COMPUTED-REV,-114.13,-63.93,-50.20,NEGATIVE
2026-08-01 08:00:00,FRN.Flow-In.Ave.15Minutes.3Hours.MIXED-COMPUTED-REV,-189.23,-76.43,-112.80,NEGATIVE
2026-08-01 09:00:00,FRN.Flow-In.Ave.15Minutes.3Hours.MIXED-COMPUTED-REV,-289.58,-76.43,-213.15,NEGATIVE
2026-08-01 10:00:00,FRN.Flow-In.Ave.15Minutes.3Hours.MIXED-COMPUTED-REV,-276.90,-76.43,-200.47,NEGATIVE
2026-08-01 11:00:00,FRN.Flow-In.Ave.15Minutes.3Hours.MIXED-COMPUTED-REV,-276.70,-101.12,-175.58,NEGATIVE
2026-08-01 12:00:00,FRN.Flow-In.Ave.15Minutes.3Hours.MIXED-COMPUTED-REV,-239.03,-114.13,-124.91,NEGATIVE
2026-08-01 13:00:00,FRN.Flow-In.Ave.15Minutes.3Hours.MIXED-COMPUTED-REV,-163.87,-114.13,-49.74,NEGATIVE
2026-08-01 15:00:00,FRN.Flow-In.Ave.15Minutes.3Hours.MIXED-COMPUTED-REV,-0.96,-163.27,162.31,NEGATIVE
2026-08-01 16:00:00,FRN.Flow-In.Ave.15Minutes.3Hours.MIXED-COMPUTED-REV,-101.12,-163.27,62.15,NEGATIVE
2026-08-01 17:00:00,FRN.Flow-In.Ave.15Minutes.3Hours.MIXED-COMPUTED-REV,-201.46,-163.27,-38.19,NEGATIVE
2026-08-01 18:00:00,FRN.Flow-In.Ave.15Minutes.3Hours.MIXED-COMPUTED-REV,-176.54,-163.27,-13.27,NEGATIVE
2026-08-01 19:00:00,FRN.Flow-In.Ave.15Minutes.3Hours.MIXED-COMPUTED-REV,-76.43,-163.27,86.84,NEGATIVE
2026-08-01 22:00:00,FRN.Flow-In.Ave.15Minutes.3Hours.MIXED-COMPUTED-REV,-13.59,-76.43,62.84,NEGATIVE
2026-08-01 23:00:00,FRN.Flow-In.Ave.15Minutes.3Hours.MIXED-COMPUTED-REV,-201.07,-13.59,-187.48,NEGATIVE
2026-08-02 00:00:00,FRN.Flow-In.Ave.15Minutes.3Hours.MIXED-COMPUTED-REV,-313.44,-13.59,-299.84,NEGATIVE
2026-08-02 01:00:00,FRN.Flow-In.Ave.15Minutes.3Hours.MIXED-COMPUTED-REV,-425.68,-13.59,-412.08,NEGATIVE
2026-08-02 02:00:00,FRN.Flow-In.Ave.15Minutes.3Hours.MIXED-COMPUTED-REV,-275.62,-13.59,-262.03,NEGATIVE
2026-08-02 03:00:00,FRN.Flow-In.Ave.15Minutes.3Hours.MIXED-COMPUTED-REV,-163.27,-14.21,-149.06,NEGATIVE
2026-08-02 12:00:00,FRN.Flow-In.Ave.15Minutes.3Hours.MIXED-COMPUTED-REV,-163.12,-163.27,0.15,NEGATIVE
2026-08-02 13:00:00,FRN.Flow-In.Ave.15Minutes.3Hours.MIXED-COMPUTED-REV,-238.15,-163.27,-74.88,NEGATIVE
2026-08-02 14:00:00,FRN.Flow-In.Ave.15Minutes.3Hours.MIXED-COMPUTED-REV,-200.94,-163.27,-37.67,NEGATIVE
2026-08-02 15:00:00,FRN.Flow-In.Ave.15Minutes.3Hours.MIXED-COMPUTED-REV,-14.21,-163.27,149.06,NEGATIVE
2026-08-02 16:00:00,FRN.Flow-In.Ave.15Minutes.3Hours.MIXED-COMPUTED-REV,-14.12,-163.59,149.47,NEGATIVE
2026-08-02 17:00:00,FRN.Flow-In.Ave.15Minutes.3Hours.MIXED-COMPUTED-REV,-200.93,-163.59,-37.34,NEGATIVE
2026-08-02 18:00:00,FRN.Flow-In.Ave.15Minutes.3Hours.MIXED-COMPUTED-REV,-313.35,-163.59,-149.76,NEGATIVE
2026-08-02 19:00:00,FRN.Flow-In.Ave.15Minutes.3Hours.MIXED-COMPUTED-REV,-426.56,-163.59,-262.96,NEGATIVE
2026-08-02 20:00:00,FRN.Flow-In.Ave.15Minutes.3Hours.MIXED-COMPUTED-REV,-277.34,-163.59,-113.75,NEGATIVE
2026-08-02 21:00:00,FRN.Flow-In.Ave.15Minutes.3Hours.MIXED-COMPUTED-REV,-164.63,-164.15,-0.48,NEGATIVE
2026-08-02 22:00:00,FRN.Flow-In.Ave.15Minutes.3Hours.MIXED-COMPUTED-REV,-14.10,-164.63,150.53,NEGATIVE
2026-08-02 23:00:00,FRN.Flow-In.Ave.15Minutes.3Hours.MIXED-COMPUTED-REV,-164.15,-164.63,0.48,NEGATIVE
2026-08-03 00:00:00,FRN.Flow-In.Ave.15Minutes.3Hours.MIXED-COMPUTED-REV,-239.26,-164.63,-74.63,NEGATIVE
2026-08-03 01:00:00,FRN.Flow-In.Ave.15Minutes.3Hours.MIXED-COMPUTED-REV,-276.67,-164.63,-112.04,NEGATIVE
2026-08-03 02:00:00,FRN.Flow-In.Ave.15Minutes.3Hours.MIXED-COMPUTED-REV,-276.37,-164.15,-112.23,NEGATIVE
2026-08-03 03:00:00,FRN.Flow-In.Ave.15Minutes.3Hours.MIXED-COMPUTED-REV,-238.70,-163.59,-75.10,NEGATIVE
2026-08-03 04:00:00,FRN.Flow-In.Ave.15Minutes.3Hours.MIXED-COMPUTED-REV,-163.59,-164.15,0.55,NEGATIVE
2026-08-03 08:00:00,FRN.Flow-In.Ave.15Minutes.3Hours.MIXED-COMPUTED-REV,-151.23,-163.59,12.36,NEGATIVE
2026-08-03 09:00:00,FRN.Flow-In.Ave.15Minutes.3Hours.MIXED-COMPUTED-REV,-388.62,-163.59,-225.03,NEGATIVE
2026-08-03 10:00:00,FRN.Flow-In.Ave.15Minutes.3Hours.MIXED-COMPUTED-REV,-188.93,-163.59,-25.33,NEGATIVE
2026-08-03 15:00:00,FRN.Flow-In.Ave.15Minutes.3Hours.MIXED-COMPUTED-REV,-138.91,-151.23,12.32,NEGATIVE
2026-08-03 16:00:00,FRN.Flow-In.Ave.15Minutes.3Hours.MIXED-COMPUTED-REV,-525.87,-138.91,-386.96,NEGATIVE
2026-08-03 17:00:00,FRN.Flow-In.Ave.15Minutes.3Hours.MIXED-COMPUTED-REV,-575.74,-137.48,-438.26,NEGATIVE
2026-08-03 18:00:00,FRN.Flow-In.Ave.15Minutes.3Hours.MIXED-COMPUTED-REV,-338.42,-137.48,-200.94,NEGATIVE
2026-08-03 20:00:00,FRN.Flow-In.Ave.15Minutes.3Hours.MIXED-COMPUTED-REV,-26.21,-137.48,111.27,NEGATIVE
2026-08-03 21:00:00,FRN.Flow-In.Ave.15Minutes.3Hours.MIXED-COMPUTED-REV,-225.65,-26.21,-199.44,NEGATIVE
2026-08-03 22:00:00,FRN.Flow-In.Ave.15Minutes.3Hours.MIXED-COMPUTED-REV,-362.53,24.29,-386.81,NEGATIVE
2026-08-03 23:00:00,FRN.Flow-In.Ave.15Minutes.3Hours.MIXED-COMPUTED-REV,-399.64,36.75,-436.39,NEGATIVE
2026-08-04 00:00:00,FRN.Flow-In.Ave.15Minutes.3Hours.MIXED-COMPUTED-REV,-249.97,36.75,-286.72,NEGATIVE
2026-08-04 01:00:00,FRN.Flow-In.Ave.15Minutes.3Hours.MIXED-COMPUTED-REV,-187.50,36.75,-224.26,NEGATIVE
2026-08-04 02:00:00,FRN.Flow-In.Ave.15Minutes.3Hours.MIXED-COMPUTED-REV,-137.48,36.75,-174.23,NEGATIVE
2026-08-04 17:00:00,FRN.Flow-In.Ave.15Minutes.3Hours.MIXED-COMPUTED-REV,-112.59,49.16,-161.75,NEGATIVE
2026-08-04 18:00:00,FRN.Flow-In.Ave.15Minutes.3Hours.MIXED-COMPUTED-REV,-398.69,49.16,-447.85,NEGATIVE
2026-08-04 19:00:00,FRN.Flow-In.Ave.15Minutes.3Hours.MIXED-COMPUTED-REV,-448.44,61.48,-509.92,NEGATIVE
2026-08-04 20:00:00,FRN.Flow-In.Ave.15Minutes.3Hours.MIXED-COMPUTED-REV,-249.32,61.48,-310.80,NEGATIVE
2026-08-04 21:00:00,FRN.Flow-In.Ave.15Minutes.3Hours.MIXED-COMPUTED-REV,-62.67,49.16,-111.83,NEGATIVE
2026-08-04 22:00:00,FRN.Flow-In.Ave.15Minutes.3Hours.MIXED-COMPUTED-REV,-12.94,49.02,-61.96,NEGATIVE
2026-08-04 23:00:00,FRN.Flow-In.Ave.15Minutes.3Hours.MIXED-COMPUTED-REV,-174.50,-12.94,-161.56,NEGATIVE
2026-08-05 00:00:00,FRN.Flow-In.Ave.15Minutes.3Hours.MIXED-COMPUTED-REV,-236.49,-12.94,-223.56,NEGATIVE
2026-08-05 01:00:00,FRN.Flow-In.Ave.15Minutes.3Hours.MIXED-COMPUTED-REV,-236.57,-12.94,-223.64,NEGATIVE
2026-08-05 02:00:00,FRN.Flow-In.Ave.15Minutes.3Hours.MIXED-COMPUTED-REV,-112.41,-12.94,-99.47,NEGATIVE
2026-08-05 09:00:00,FRN.Flow-In.Ave.15Minutes.3Hours.MIXED-COMPUTED-REV,-174.27,-12.94,-161.34,NEGATIVE
2026-08-05 10:00:00,FRN.Flow-In.Ave.15Minutes.3Hours.MIXED-COMPUTED-REV,-199.16,23.60,-222.76,NEGATIVE
2026-08-05 11:00:00,FRN.Flow-In.Ave.15Minutes.3Hours.MIXED-COMPUTED-REV,-112.35,23.60,-135.96,NEGATIVE
2026-08-05 16:00:00,FRN.Flow-In.Ave.15Minutes.3Hours.MIXED-COMPUTED-REV,-114.11,48.54,-162.65,NEGATIVE
2026-08-05 17:00:00,FRN.Flow-In.Ave.15Minutes.3Hours.MIXED-COMPUTED-REV,-239.05,48.54,-287.59,NEGATIVE
2026-08-05 18:00:00,FRN.Flow-In.Ave.15Minutes.3Hours.MIXED-COMPUTED-REV,-226.51,48.54,-275.05,NEGATIVE
2026-08-05 19:00:00,FRN.Flow-In.Ave.15Minutes.3Hours.MIXED-COMPUTED-REV,-64.00,48.54,-112.53,NEGATIVE
2026-08-05 23:00:00,FRN.Flow-In.Ave.15Minutes.3Hours.MIXED-COMPUTED-REV,-163.60,48.54,-212.14,NEGATIVE
2026-08-06 00:00:00,FRN.Flow-In.Ave.15Minutes.3Hours.MIXED-COMPUTED-REV,-238.29,48.54,-286.82,NEGATIVE
2026-08-06 01:00:00,FRN.Flow-In.Ave.15Minutes.3Hours.MIXED-COMPUTED-REV,-200.69,23.60,-224.29,NEGATIVE
2026-08-06 02:00:00,FRN.Flow-In.Ave.15Minutes.3Hours.MIXED-COMPUTED-REV,-13.33,23.60,-36.93,NEGATIVE
2026-08-06 10:00:00,FRN.Flow-In.Ave.15Minutes.3Hours.MIXED-COMPUTED-REV,-63.17,23.60,-86.77,NEGATIVE
2026-08-06 11:00:00,FRN.Flow-In.Ave.15Minutes.3Hours.MIXED-COMPUTED-REV,-225.37,-13.33,-212.04,NEGATIVE
2026-08-06 12:00:00,FRN.Flow-In.Ave.15Minutes.3Hours.MIXED-COMPUTED-REV,-237.92,-13.33,-224.60,NEGATIVE
2026-08-06 13:00:00,FRN.Flow-In.Ave.15Minutes.3Hours.MIXED-COMPUTED-REV,-113.18,-13.33,-99.86,NEGATIVE
2026-08-06 16:00:00,FRN.Flow-In.Ave.15Minutes.3Hours.MIXED-COMPUTED-REV,-63.05,24.02,-87.07,NEGATIVE
2026-08-06 17:00:00,FRN.Flow-In.Ave.15Minutes.3Hours.MIXED-COMPUTED-REV,-225.12,24.02,-249.14,NEGATIVE
2026-08-06 18:00:00,FRN.Flow-In.Ave.15Minutes.3Hours.MIXED-COMPUTED-REV,-237.61,24.02,-261.63,NEGATIVE
2026-08-06 19:00:00,FRN.Flow-In.Ave.15Minutes.3Hours.MIXED-COMPUTED-REV,-112.99,24.02,-137.01,NEGATIVE
2026-08-06 23:00:00,FRN.Flow-In.Ave.15Minutes.3Hours.MIXED-COMPUTED-REV,-162.57,-13.05,-149.52,NEGATIVE
2026-08-07 00:00:00,FRN.Flow-In.Ave.15Minutes.3Hours.MIXED-COMPUTED-REV,-237.12,-13.05,-224.08,NEGATIVE
2026-08-07 01:00:00,FRN.Flow-In.Ave.15Minutes.3Hours.MIXED-COMPUTED-REV,-199.71,-13.05,-186.66,NEGATIVE
2026-08-07 02:00:00,FRN.Flow-In.Ave.15Minutes.3Hours.MIXED-COMPUTED-REV,-13.05,-13.05,0.00,NEGATIVE
2026-08-07 10:00:00,FRN.Flow-In.Ave.15Minutes.3Hours.MIXED-COMPUTED-REV,-13.17,-13.76,0.59,NEGATIVE
2026-08-07 11:00:00,FRN.Flow-In.Ave.15Minutes.3Hours.MIXED-COMPUTED-REV,-199.81,-13.76,-186.05,NEGATIVE
2026-08-07 12:00:00,FRN.Flow-In.Ave.15Minutes.3Hours.MIXED-COMPUTED-REV,-237.21,-13.76,-223.45,NEGATIVE
2026-08-07 13:00:00,FRN.Flow-In.Ave.15Minutes.3Hours.MIXED-COMPUTED-REV,-200.01,-13.76,-186.25,NEGATIVE
2026-08-07 14:00:00,FRN.Flow-In.Ave.15Minutes.3Hours.MIXED-COMPUTED-REV,-199.94,-13.76,-186.18,NEGATIVE
2026-08-07 15:00:00,FRN.Flow-In.Ave.15Minutes.3Hours.MIXED-COMPUTED-REV,-237.32,-112.43,-124.89,NEGATIVE
2026-08-07 16:00:00,FRN.Flow-In.Ave.15Minutes.3Hours.MIXED-COMPUTED-REV,-200.08,-112.43,-87.65,NEGATIVE
2026-08-07 17:00:00,FRN.Flow-In.Ave.15Minutes.3Hours.MIXED-COMPUTED-REV,-13.76,-112.43,98.67,NEGATIVE
2026-08-07 19:00:00,FRN.Flow-In.Ave.15Minutes.3Hours.MIXED-COMPUTED-REV,-162.30,-112.43,-49.88,NEGATIVE
2026-08-07 20:00:00,FRN.Flow-In.Ave.15Minutes.3Hours.MIXED-COMPUTED-REV,-236.64,-112.43,-124.22,NEGATIVE
2026-08-07 21:00:00,FRN.Flow-In.Ave.15Minutes.3Hours.MIXED-COMPUTED-REV,-199.31,-112.43,-86.88,NEGATIVE
2026-08-07 22:00:00,FRN.Flow-In.Ave.15Minutes.3Hours.MIXED-COMPUTED-REV,-13.46,-112.43,98.96,NEGATIVE
2026-08-08 00:00:00,FRN.Flow-In.Ave.15Minutes.3Hours.MIXED-COMPUTED-REV,-112.43,-111.97,-0.46,NEGATIVE
2026-08-08 01:00:00,FRN.Flow-In.Ave.15Minutes.3Hours.MIXED-COMPUTED-REV,-236.02,-111.97,-124.05,NEGATIVE
2026-08-08 02:00:00,FRN.Flow-In.Ave.15Minutes.3Hours.MIXED-COMPUTED-REV,-347.18,-111.97,-235.21,NEGATIVE
2026-08-08 03:00:00,FRN.Flow-In.Ave.15Minutes.3Hours.MIXED-COMPUTED-REV,-309.86,-13.76,-296.10,NEGATIVE
2026-08-08 04:00:00,FRN.Flow-In.Ave.15Minutes.3Hours.MIXED-COMPUTED-REV,-12.78,-13.55,0.78,NEGATIVE
2026-08-08 12:00:00,FRN.Flow-In.Ave.15Minutes.3Hours.MIXED-COMPUTED-REV,-111.97,-62.82,-49.15,NEGATIVE
2026-08-08 13:00:00,FRN.Flow-In.Ave.15Minutes.3Hours.MIXED-COMPUTED-REV,-235.90,-13.55,-222.34,NEGATIVE
2026-08-08 14:00:00,FRN.Flow-In.Ave.15Minutes.3Hours.MIXED-COMPUTED-REV,-199.00,-13.55,-185.44,NEGATIVE
2026-08-08 15:00:00,FRN.Flow-In.Ave.15Minutes.3Hours.MIXED-COMPUTED-REV,-13.55,-13.55,0.00,NEGATIVE
2026-08-08 18:00:00,FRN.Flow-In.Ave.15Minutes.3Hours.MIXED-COMPUTED-REV,-113.07,-13.55,-99.52,NEGATIVE
2026-08-08 19:00:00,FRN.Flow-In.Ave.15Minutes.3Hours.MIXED-COMPUTED-REV,-249.80,-37.73,-212.07,NEGATIVE
2026-08-08 20:00:00,FRN.Flow-In.Ave.15Minutes.3Hours.MIXED-COMPUTED-REV,-398.68,-62.54,-336.14,NEGATIVE
2026-08-08 21:00:00,FRN.Flow-In.Ave.15Minutes.3Hours.MIXED-COMPUTED-REV,-361.18,-62.54,-298.64,NEGATIVE
2026-08-08 22:00:00,FRN.Flow-In.Ave.15Minutes.3Hours.MIXED-COMPUTED-REV,-224.32,-62.54,-161.78,NEGATIVE
2026-08-08 23:00:00,FRN.Flow-In.Ave.15Minutes.3Hours.MIXED-COMPUTED-REV,-62.82,-62.54,-0.28,NEGATIVE
2026-08-09 01:00:00,FRN.Flow-In.Ave.15Minutes.3Hours.MIXED-COMPUTED-REV,-12.85,-37.73,24.88,NEGATIVE
2026-08-09 02:00:00,FRN.Flow-In.Ave.15Minutes.3Hours.MIXED-COMPUTED-REV,-198.85,-37.73,-161.12,NEGATIVE
2026-08-09 03:00:00,FRN.Flow-In.Ave.15Minutes.3Hours.MIXED-COMPUTED-REV,-211.29,-37.73,-173.56,NEGATIVE
2026-08-09 04:00:00,FRN.Flow-In.Ave.15Minutes.3Hours.MIXED-COMPUTED-REV,-37.73,-62.54,24.81,NEGATIVE
2026-08-09 07:00:00,FRN.Flow-In.Ave.15Minutes.3Hours.MIXED-COMPUTED-REV,-62.54,-100.47,37.92,NEGATIVE
2026-08-09 08:00:00,FRN.Flow-In.Ave.15Minutes.3Hours.MIXED-COMPUTED-REV,-124.68,-100.47,-24.22,NEGATIVE
2026-08-09 14:00:00,FRN.Flow-In.Ave.15Minutes.3Hours.MIXED-COMPUTED-REV,-100.47,-100.47,0.00,NEGATIVE
2026-08-09 15:00:00,FRN.Flow-In.Ave.15Minutes.3Hours.MIXED-COMPUTED-REV,-137.59,-100.47,-37.12,NEGATIVE
2026-08-09 16:00:00,FRN.Flow-In.Ave.15Minutes.3Hours.MIXED-COMPUTED-REV,-186.98,-62.57,-124.42,NEGATIVE
2026-08-09 17:00:00,FRN.Flow-In.Ave.15Minutes.3Hours.MIXED-COMPUTED-REV,-199.12,-62.57,-136.56,NEGATIVE
2026-08-09 18:00:00,FRN.Flow-In.Ave.15Minutes.3Hours.MIXED-COMPUTED-REV,-322.86,-62.57,-260.29,NEGATIVE
2026-08-09 19:00:00,FRN.Flow-In.Ave.15Minutes.3Hours.MIXED-COMPUTED-REV,-273.18,-62.57,-210.61,NEGATIVE
2026-08-09 20:00:00,FRN.Flow-In.Ave.15Minutes.3Hours.MIXED-COMPUTED-REV,-112.05,-100.47,-11.58,NEGATIVE
2026-08-09 23:00:00,FRN.Flow-In.Ave.15Minutes.3Hours.MIXED-COMPUTED-REV,-62.57,-100.47,37.90,NEGATIVE
2026-08-10 00:00:00,FRN.Flow-In.Ave.15Minutes.3Hours.MIXED-COMPUTED-REV,-235.63,-100.47,-135.16,NEGATIVE
2026-08-10 01:00:00,FRN.Flow-In.Ave.15Minutes.3Hours.MIXED-COMPUTED-REV,-408.35,-100.47,-307.89,NEGATIVE
2026-08-10 02:00:00,FRN.Flow-In.Ave.15Minutes.3Hours.MIXED-COMPUTED-REV,-408.07,-100.47,-307.61,NEGATIVE
2026-08-10 03:00:00,FRN.Flow-In.Ave.15Minutes.3Hours.MIXED-COMPUTED-REV,-173.18,-112.05,-61.14,NEGATIVE
2026-08-10 07:00:00,FRN.Flow-In.Ave.15Minutes.3Hours.MIXED-COMPUTED-REV,-62.02,-112.05,50.03,NEGATIVE
2026-08-10 08:00:00,FRN.Flow-In.Ave.15Minutes.3Hours.MIXED-COMPUTED-REV,-234.98,-62.57,-172.42,NEGATIVE
2026-08-10 09:00:00,FRN.Flow-In.Ave.15Minutes.3Hours.MIXED-COMPUTED-REV,-197.95,-62.57,-135.39,NEGATIVE
2026-08-10 10:00:00,FRN.Flow-In.Ave.15Minutes.3Hours.MIXED-COMPUTED-REV,-12.78,-86.02,73.24,NEGATIVE
2026-08-10 14:00:00,FRN.Flow-In.Ave.15Minutes.3Hours.MIXED-COMPUTED-REV,-12.73,-173.18,160.45,NEGATIVE
2026-08-10 15:00:00,FRN.Flow-In.Ave.15Minutes.3Hours.MIXED-COMPUTED-REV,-197.90,-86.02,-111.88,NEGATIVE
2026-08-10 16:00:00,FRN.Flow-In.Ave.15Minutes.3Hours.MIXED-COMPUTED-REV,-247.31,-62.02,-185.29,NEGATIVE
2026-08-10 17:00:00,FRN.Flow-In.Ave.15Minutes.3Hours.MIXED-COMPUTED-REV,-407.57,-62.02,-345.55,NEGATIVE
2026-08-10 18:00:00,FRN.Flow-In.Ave.15Minutes.3Hours.MIXED-COMPUTED-REV,-345.59,-62.02,-283.58,NEGATIVE
2026-08-10 19:00:00,FRN.Flow-In.Ave.15Minutes.3Hours.MIXED-COMPUTED-REV,-222.06,-62.02,-160.04,NEGATIVE
2026-08-10 20:00:00,FRN.Flow-In.Ave.15Minutes.3Hours.MIXED-COMPUTED-REV,-24.63,-24.63,0.00,NEGATIVE
2026-08-10 21:00:00,FRN.Flow-In.Ave.15Minutes.3Hours.MIXED-COMPUTED-REV,-86.02,-12.93,-73.10,NEGATIVE
2026-08-10 22:00:00,FRN.Flow-In.Ave.15Minutes.3Hours.MIXED-COMPUTED-REV,-271.18,-12.78,-258.40,NEGATIVE
2026-08-10 23:00:00,FRN.Flow-In.Ave.15Minutes.3Hours.MIXED-COMPUTED-REV,-420.08,-12.73,-407.35,NEGATIVE
2026-08-11 00:00:00,FRN.Flow-In.Ave.15Minutes.3Hours.MIXED-COMPUTED-REV,-396.27,-12.73,-383.55,NEGATIVE
2026-08-11 01:00:00,FRN.Flow-In.Ave.15Minutes.3Hours.MIXED-COMPUTED-REV,-260.48,-12.93,-247.56,NEGATIVE
2026-08-11 02:00:00,FRN.Flow-In.Ave.15Minutes.3Hours.MIXED-COMPUTED-REV,-12.93,-24.63,11.71,NEGATIVE
2026-08-11 13:00:00,FRN.Flow-In.Ave.15Minutes.3Hours.MIXED-COMPUTED-REV,-62.05,-61.92,-0.14,NEGATIVE
2026-08-11 14:00:00,FRN.Flow-In.Ave.15Minutes.3Hours.MIXED-COMPUTED-REV,-222.82,-61.92,-160.90,NEGATIVE
2026-08-11 15:00:00,FRN.Flow-In.Ave.15Minutes.3Hours.MIXED-COMPUTED-REV,-235.19,-61.92,-173.27,NEGATIVE
2026-08-11 16:00:00,FRN.Flow-In.Ave.15Minutes.3Hours.MIXED-COMPUTED-REV,-123.87,-61.92,-61.96,NEGATIVE
2026-08-11 17:00:00,FRN.Flow-In.Ave.15Minutes.3Hours.MIXED-COMPUTED-REV,-123.69,-61.92,-61.78,NEGATIVE
2026-08-11 18:00:00,FRN.Flow-In.Ave.15Minutes.3Hours.MIXED-COMPUTED-REV,-234.86,-61.92,-172.94,NEGATIVE
2026-08-11 19:00:00,FRN.Flow-In.Ave.15Minutes.3Hours.MIXED-COMPUTED-REV,-222.50,-61.92,-160.59,NEGATIVE
2026-08-11 20:00:00,FRN.Flow-In.Ave.15Minutes.3Hours.MIXED-COMPUTED-REV,-61.92,-62.05,0.14,NEGATIVE
2026-08-11 22:00:00,FRN.Flow-In.Ave.15Minutes.3Hours.MIXED-COMPUTED-REV,-98.80,-110.94,12.15,NEGATIVE
2026-08-11 23:00:00,FRN.Flow-In.Ave.15Minutes.3Hours.MIXED-COMPUTED-REV,-222.19,-110.94,-111.24,NEGATIVE
2026-08-12 00:00:00,FRN.Flow-In.Ave.15Minutes.3Hours.MIXED-COMPUTED-REV,-197.51,-110.94,-86.57,NEGATIVE
2026-08-12 01:00:00,FRN.Flow-In.Ave.15Minutes.3Hours.MIXED-COMPUTED-REV,-160.40,-110.94,-49.45,NEGATIVE
2026-08-12 02:00:00,FRN.Flow-In.Ave.15Minutes.3Hours.MIXED-COMPUTED-REV,-184.91,-110.94,-73.97,NEGATIVE
2026-08-12 03:00:00,FRN.Flow-In.Ave.15Minutes.3Hours.MIXED-COMPUTED-REV,-61.64,-98.80,37.15,NEGATIVE
2026-08-12 08:00:00,FRN.Flow-In.Ave.15Minutes.3Hours.MIXED-COMPUTED-REV,-110.94,-73.78,-37.16,NEGATIVE
2026-08-12 09:00:00,FRN.Flow-In.Ave.15Minutes.3Hours.MIXED-COMPUTED-REV,-234.20,-98.80,-135.40,NEGATIVE
2026-08-12 10:00:00,FRN.Flow-In.Ave.15Minutes.3Hours.MIXED-COMPUTED-REV,-221.87,-110.38,-111.49,NEGATIVE
2026-08-12 11:00:00,FRN.Flow-In.Ave.15Minutes.3Hours.MIXED-COMPUTED-REV,-61.64,-110.38,48.74,NEGATIVE
2026-08-12 16:00:00,FRN.Flow-In.Ave.15Minutes.3Hours.MIXED-COMPUTED-REV,-110.75,-85.05,-25.70,NEGATIVE
2026-08-12 17:00:00,FRN.Flow-In.Ave.15Minutes.3Hours.MIXED-COMPUTED-REV,-233.87,-85.05,-148.82,NEGATIVE
2026-08-12 18:00:00,FRN.Flow-In.Ave.15Minutes.3Hours.MIXED-COMPUTED-REV,-221.56,-85.05,-136.51,NEGATIVE
2026-08-12 19:00:00,FRN.Flow-In.Ave.15Minutes.3Hours.MIXED-COMPUTED-REV,-73.78,-85.05,11.27,NEGATIVE
2026-08-12 20:00:00,FRN.Flow-In.Ave.15Minutes.3Hours.MIXED-COMPUTED-REV,-110.38,-85.05,-25.33,NEGATIVE
2026-08-12 21:00:00,FRN.Flow-In.Ave.15Minutes.3Hours.MIXED-COMPUTED-REV,-306.86,-73.78,-233.08,NEGATIVE
2026-08-12 22:00:00,FRN.Flow-In.Ave.15Minutes.3Hours.MIXED-COMPUTED-REV,-294.32,-61.64,-232.68,NEGATIVE
2026-08-12 23:00:00,FRN.Flow-In.Ave.15Minutes.3Hours.MIXED-COMPUTED-REV,-97.55,-60.22,-37.33,NEGATIVE
2026-08-13 00:00:00,FRN.Flow-In.Ave.15Minutes.3Hours.MIXED-COMPUTED-REV,-85.05,-23.23,-61.82,NEGATIVE
2026-08-13 01:00:00,FRN.Flow-In.Ave.15Minutes.3Hours.MIXED-COMPUTED-REV,-158.64,-60.22,-98.42,NEGATIVE
2026-08-13 02:00:00,FRN.Flow-In.Ave.15Minutes.3Hours.MIXED-COMPUTED-REV,-219.99,-73.78,-146.21,NEGATIVE
2026-08-13 03:00:00,FRN.Flow-In.Ave.15Minutes.3Hours.MIXED-COMPUTED-REV,-60.22,-85.05,24.83,NEGATIVE
2026-08-13 09:00:00,FRN.Flow-In.Ave.15Minutes.3Hours.MIXED-COMPUTED-REV,-23.23,-23.23,0.00,NEGATIVE
2026-08-13 13:00:00,FRN.Flow-In.Ave.15Minutes.3Hours.MIXED-COMPUTED-REV,-158.47,-10.99,-147.48,NEGATIVE
2026-08-13 14:00:00,FRN.Flow-In.Ave.15Minutes.3Hours.MIXED-COMPUTED-REV,-231.98,-10.99,-220.99,NEGATIVE
2026-08-13 15:00:00,FRN.Flow-In.Ave.15Minutes.3Hours.MIXED-COMPUTED-REV,-195.17,-10.99,-184.18,NEGATIVE
2026-08-13 16:00:00,FRN.Flow-In.Ave.15Minutes.3Hours.MIXED-COMPUTED-REV,-11.27,-10.99,-0.27,NEGATIVE
2026-08-13 20:00:00,FRN.Flow-In.Ave.15Minutes.3Hours.MIXED-COMPUTED-REV,-109.58,-10.99,-98.59,NEGATIVE
2026-08-13 21:00:00,FRN.Flow-In.Ave.15Minutes.3Hours.MIXED-COMPUTED-REV,-231.91,-10.99,-220.92,NEGATIVE
2026-08-13 22:00:00,FRN.Flow-In.Ave.15Minutes.3Hours.MIXED-COMPUTED-REV,-219.26,-10.90,-208.36,NEGATIVE
2026-08-13 23:00:00,FRN.Flow-In.Ave.15Minutes.3Hours.MIXED-COMPUTED-REV,-59.58,-10.99,-48.58,NEGATIVE
2026-08-14 01:00:00,FRN.Flow-In.Ave.15Minutes.3Hours.MIXED-COMPUTED-REV,-10.99,-59.58,48.58,NEGATIVE
2026-08-14 02:00:00,FRN.Flow-In.Ave.15Minutes.3Hours.MIXED-COMPUTED-REV,-195.88,-11.27,-184.62,NEGATIVE
2026-08-14 03:00:00,FRN.Flow-In.Ave.15Minutes.3Hours.MIXED-COMPUTED-REV,-232.79,-10.99,-221.80,NEGATIVE
2026-08-14 04:00:00,FRN.Flow-In.Ave.15Minutes.3Hours.MIXED-COMPUTED-REV,-158.64,-10.90,-147.74,NEGATIVE
2026-08-14 10:00:00,FRN.Flow-In.Ave.15Minutes.3Hours.MIXED-COMPUTED-REV,-10.90,-10.99,0.09,NEGATIVE
2026-08-14 11:00:00,FRN.Flow-In.Ave.15Minutes.3Hours.MIXED-COMPUTED-REV,-195.74,-10.90,-184.83,NEGATIVE
2026-08-14 12:00:00,FRN.Flow-In.Ave.15Minutes.3Hours.MIXED-COMPUTED-REV,-232.85,24.76,-257.61,NEGATIVE
2026-08-14 13:00:00,FRN.Flow-In.Ave.15Minutes.3Hours.MIXED-COMPUTED-REV,-159.26,24.76,-184.02,NEGATIVE
2026-08-14 18:00:00,FRN.Flow-In.Ave.15Minutes.3Hours.MIXED-COMPUTED-REV,-159.83,-10.90,-148.93,NEGATIVE
2026-08-14 19:00:00,FRN.Flow-In.Ave.15Minutes.3Hours.MIXED-COMPUTED-REV,-233.65,-11.56,-222.09,NEGATIVE
2026-08-14 20:00:00,FRN.Flow-In.Ave.15Minutes.3Hours.MIXED-COMPUTED-REV,-196.68,-12.00,-184.68,NEGATIVE
2026-08-14 21:00:00,FRN.Flow-In.Ave.15Minutes.3Hours.MIXED-COMPUTED-REV,-12.00,-12.00,0.00,NEGATIVE
2026-08-15 02:00:00,FRN.Flow-In.Ave.15Minutes.3Hours.MIXED-COMPUTED-REV,-11.56,-61.00,49.44,NEGATIVE
2026-08-15 03:00:00,FRN.Flow-In.Ave.15Minutes.3Hours.MIXED-COMPUTED-REV,-195.67,-61.00,-134.66,NEGATIVE
2026-08-15 04:00:00,FRN.Flow-In.Ave.15Minutes.3Hours.MIXED-COMPUTED-REV,-232.53,-61.00,-171.53,NEGATIVE
2026-08-15 05:00:00,FRN.Flow-In.Ave.15Minutes.3Hours.MIXED-COMPUTED-REV,-232.65,-110.05,-122.60,NEGATIVE
2026-08-15 06:00:00,FRN.Flow-In.Ave.15Minutes.3Hours.MIXED-COMPUTED-REV,-232.74,-159.32,-73.42,NEGATIVE
2026-08-15 07:00:00,FRN.Flow-In.Ave.15Minutes.3Hours.MIXED-COMPUTED-REV,-232.88,-110.05,-122.84,NEGATIVE
2026-08-15 08:00:00,FRN.Flow-In.Ave.15Minutes.3Hours.MIXED-COMPUTED-REV,-159.32,-109.85,-49.47,NEGATIVE
2026-08-15 10:00:00,FRN.Flow-In.Ave.15Minutes.3Hours.MIXED-COMPUTED-REV,-61.00,-61.00,0.00,NEGATIVE
2026-08-15 11:00:00,FRN.Flow-In.Ave.15Minutes.3Hours.MIXED-COMPUTED-REV,-220.40,-61.00,-159.39,NEGATIVE
2026-08-15 12:00:00,FRN.Flow-In.Ave.15Minutes.3Hours.MIXED-COMPUTED-REV,-232.66,-61.00,-171.66,NEGATIVE
2026-08-15 13:00:00,FRN.Flow-In.Ave.15Minutes.3Hours.MIXED-COMPUTED-REV,-110.05,-61.00,-49.04,NEGATIVE
2026-08-15 16:00:00,FRN.Flow-In.Ave.15Minutes.3Hours.MIXED-COMPUTED-REV,-60.86,-110.05,49.18,NEGATIVE
2026-08-15 17:00:00,FRN.Flow-In.Ave.15Minutes.3Hours.MIXED-COMPUTED-REV,-220.08,-109.85,-110.23,NEGATIVE
2026-08-15 18:00:00,FRN.Flow-In.Ave.15Minutes.3Hours.MIXED-COMPUTED-REV,-232.33,-61.00,-171.33,NEGATIVE
2026-08-15 19:00:00,FRN.Flow-In.Ave.15Minutes.3Hours.MIXED-COMPUTED-REV,-109.85,-60.86,-48.99,NEGATIVE
2026-08-16 01:00:00,FRN.Flow-In.Ave.15Minutes.3Hours.MIXED-COMPUTED-REV,-11.67,-11.67,0.00,NEGATIVE
2026-08-16 02:00:00,FRN.Flow-In.Ave.15Minutes.3Hours.MIXED-COMPUTED-REV,-195.16,24.91,-220.07,NEGATIVE
2026-08-16 03:00:00,FRN.Flow-In.Ave.15Minutes.3Hours.MIXED-COMPUTED-REV,-231.88,24.91,-256.79,NEGATIVE
2026-08-16 04:00:00,FRN.Flow-In.Ave.15Minutes.3Hours.MIXED-COMPUTED-REV,-158.56,-11.63,-146.93,NEGATIVE
2026-08-16 08:00:00,FRN.Flow-In.Ave.15Minutes.3Hours.MIXED-COMPUTED-REV,-158.35,24.91,-183.26,NEGATIVE
2026-08-16 09:00:00,FRN.Flow-In.Ave.15Minutes.3Hours.MIXED-COMPUTED-REV,-231.67,24.91,-256.58,NEGATIVE
2026-08-16 10:00:00,FRN.Flow-In.Ave.15Minutes.3Hours.MIXED-COMPUTED-REV,-195.01,24.91,-219.92,NEGATIVE
2026-08-16 11:00:00,FRN.Flow-In.Ave.15Minutes.3Hours.MIXED-COMPUTED-REV,-11.71,24.91,-36.62,NEGATIVE
2026-08-16 16:00:00,FRN.Flow-In.Ave.15Minutes.3Hours.MIXED-COMPUTED-REV,-11.63,-11.63,0.00,NEGATIVE
2026-08-16 17:00:00,FRN.Flow-In.Ave.15Minutes.3Hours.MIXED-COMPUTED-REV,-194.72,24.91,-219.63,NEGATIVE
2026-08-16 18:00:00,FRN.Flow-In.Ave.15Minutes.3Hours.MIXED-COMPUTED-REV,-231.34,24.95,-256.29,NEGATIVE
2026-08-16 19:00:00,FRN.Flow-In.Ave.15Minutes.3Hours.MIXED-COMPUTED-REV,-158.10,24.95,-183.05,NEGATIVE
2026-08-17 00:00:00,FRN.Flow-In.Ave.15Minutes.3Hours.MIXED-COMPUTED-REV,-110.43,24.99,-135.42,NEGATIVE
2026-08-17 01:00:00,FRN.Flow-In.Ave.15Minutes.3Hours.MIXED-COMPUTED-REV,-233.44,24.99,-258.43,NEGATIVE
2026-08-17 02:00:00,FRN.Flow-In.Ave.15Minutes.3Hours.MIXED-COMPUTED-REV,-221.02,24.99,-246.01,NEGATIVE
2026-08-17 03:00:00,FRN.Flow-In.Ave.15Minutes.3Hours.MIXED-COMPUTED-REV,-61.03,24.99,-86.02,NEGATIVE
2026-08-17 08:00:00,FRN.Flow-In.Ave.15Minutes.3Hours.MIXED-COMPUTED-REV,-110.24,24.80,-135.04,NEGATIVE
2026-08-17 09:00:00,FRN.Flow-In.Ave.15Minutes.3Hours.MIXED-COMPUTED-REV,-233.18,24.80,-257.98,NEGATIVE
2026-08-17 10:00:00,FRN.Flow-In.Ave.15Minutes.3Hours.MIXED-COMPUTED-REV,-220.90,24.80,-245.70,NEGATIVE
2026-08-17 11:00:00,FRN.Flow-In.Ave.15Minutes.3Hours.MIXED-COMPUTED-REV,-61.22,24.80,-86.02,NEGATIVE
2026-08-17 17:00:00,FRN.Flow-In.Ave.15Minutes.3Hours.MIXED-COMPUTED-REV,-159.23,49.77,-209.00,NEGATIVE
2026-08-17 18:00:00,FRN.Flow-In.Ave.15Minutes.3Hours.MIXED-COMPUTED-REV,-232.85,24.80,-257.65,"SPIKE,NEGATIVE"
2026-08-17 19:00:00,FRN.Flow-In.Ave.15Minutes.3Hours.MIXED-COMPUTED-REV,-196.04,24.80,-220.84,NEGATIVE
2026-08-17 20:00:00,FRN.Flow-In.Ave.15Minutes.3Hours.MIXED-COMPUTED-REV,-12.00,24.80,-36.81,NEGATIVE
2026-08-18 03:00:00,FRN.Flow-In.Ave.15Minutes.3Hours.MIXED-COMPUTED-REV,-60.94,24.80,-85.74,NEGATIVE
2026-08-18 04:00:00,FRN.Flow-In.Ave.15Minutes.3Hours.MIXED-COMPUTED-REV,-220.26,24.80,-245.06,NEGATIVE
2026-08-18 05:00:00,FRN.Flow-In.Ave.15Minutes.3Hours.MIXED-COMPUTED-REV,-232.51,24.89,-257.40,NEGATIVE
2026-08-18 06:00:00,FRN.Flow-In.Ave.15Minutes.3Hours.MIXED-COMPUTED-REV,-109.96,49.35,-159.32,NEGATIVE
2026-08-18 10:00:00,FRN.Flow-In.Ave.15Minutes.3Hours.MIXED-COMPUTED-REV,-11.84,61.61,-73.45,NEGATIVE
2026-08-18 11:00:00,FRN.Flow-In.Ave.15Minutes.3Hours.MIXED-COMPUTED-REV,-195.46,49.35,-244.81,NEGATIVE
2026-08-18 12:00:00,FRN.Flow-In.Ave.15Minutes.3Hours.MIXED-COMPUTED-REV,-232.18,24.89,-257.07,NEGATIVE
2026-08-18 13:00:00,FRN.Flow-In.Ave.15Minutes.3Hours.MIXED-COMPUTED-REV,-158.73,-11.84,-146.90,NEGATIVE
2026-08-18 21:00:00,FRN.Flow-In.Ave.15Minutes.3Hours.MIXED-COMPUTED-REV,-60.66,24.89,-85.55,NEGATIVE
2026-08-18 22:00:00,FRN.Flow-In.Ave.15Minutes.3Hours.MIXED-COMPUTED-REV,-219.62,-11.84,-207.78,NEGATIVE
2026-08-18 23:00:00,FRN.Flow-In.Ave.15Minutes.3Hours.MIXED-COMPUTED-REV,-231.85,-60.66,-171.18,NEGATIVE
2026-08-19 00:00:00,FRN.Flow-In.Ave.15Minutes.3Hours.MIXED-COMPUTED-REV,-231.71,-60.66,-171.05,NEGATIVE
2026-08-19 01:00:00,FRN.Flow-In.Ave.15Minutes.3Hours.MIXED-COMPUTED-REV,-243.73,-60.39,-183.34,NEGATIVE
2026-08-19 02:00:00,FRN.Flow-In.Ave.15Minutes.3Hours.MIXED-COMPUTED-REV,-402.31,24.89,-427.20,NEGATIVE
2026-08-19 03:00:00,FRN.Flow-In.Ave.15Minutes.3Hours.MIXED-COMPUTED-REV,-402.18,49.41,-451.59,NEGATIVE
2026-08-19 04:00:00,FRN.Flow-In.Ave.15Minutes.3Hours.MIXED-COMPUTED-REV,-158.00,49.41,-207.41,NEGATIVE
2026-08-19 10:00:00,FRN.Flow-In.Ave.15Minutes.3Hours.MIXED-COMPUTED-REV,-109.19,-109.19,0.00,NEGATIVE
2026-08-19 11:00:00,FRN.Flow-In.Ave.15Minutes.3Hours.MIXED-COMPUTED-REV,-231.19,-109.19,-122.00,NEGATIVE
2026-08-19 12:00:00,FRN.Flow-In.Ave.15Minutes.3Hours.MIXED-COMPUTED-REV,-218.99,-109.19,-109.80,NEGATIVE
2026-08-19 13:00:00,FRN.Flow-In.Ave.15Minutes.3Hours.MIXED-COMPUTED-REV,-60.39,-109.19,48.80,NEGATIVE
2026-08-19 20:00:00,FRN.Flow-In.Ave.15Minutes.3Hours.MIXED-COMPUTED-REV,-157.85,24.92,-182.77,NEGATIVE
2026-08-19 21:00:00,FRN.Flow-In.Ave.15Minutes.3Hours.MIXED-COMPUTED-REV,-230.89,24.92,-255.81,NEGATIVE
2026-08-19 22:00:00,FRN.Flow-In.Ave.15Minutes.3Hours.MIXED-COMPUTED-REV,-230.81,-11.42,-219.39,NEGATIVE
2026-08-19 23:00:00,FRN.Flow-In.Ave.15Minutes.3Hours.MIXED-COMPUTED-REV,-230.61,-11.42,-219.18,NEGATIVE
2026-08-20 00:00:00,FRN.Flow-In.Ave.15Minutes.3Hours.MIXED-COMPUTED-REV,-230.52,-11.42,-219.10,NEGATIVE
2026-08-20 01:00:00,FRN.Flow-In.Ave.15Minutes.3Hours.MIXED-COMPUTED-REV,-194.01,24.92,-218.93,NEGATIVE
2026-08-20 02:00:00,FRN.Flow-In.Ave.15Minutes.3Hours.MIXED-COMPUTED-REV,-11.42,24.92,-36.34,NEGATIVE
2026-08-20 09:00:00,FRN.Flow-In.Ave.15Minutes.3Hours.MIXED-COMPUTED-REV,-158.52,-11.68,-146.84,NEGATIVE
2026-08-20 10:00:00,FRN.Flow-In.Ave.15Minutes.3Hours.MIXED-COMPUTED-REV,-231.90,-11.60,-220.30,NEGATIVE
2026-08-20 11:00:00,FRN.Flow-In.Ave.15Minutes.3Hours.MIXED-COMPUTED-REV,-195.21,-11.60,-183.61,NEGATIVE
2026-08-20 12:00:00,FRN.Flow-In.Ave.15Minutes.3Hours.MIXED-COMPUTED-REV,-11.77,-11.60,-0.17,NEGATIVE
2026-08-20 16:00:00,FRN.Flow-In.Ave.15Minutes.3Hours.MIXED-COMPUTED-REV,-11.68,24.92,-36.61,NEGATIVE
2026-08-20 17:00:00,FRN.Flow-In.Ave.15Minutes.3Hours.MIXED-COMPUTED-REV,-194.92,24.92,-219.84,NEGATIVE
2026-08-20 18:00:00,FRN.Flow-In.Ave.15Minutes.3Hours.MIXED-COMPUTED-REV,-231.57,24.92,-256.49,NEGATIVE
2026-08-20 19:00:00,FRN.Flow-In.Ave.15Minutes.3Hours.MIXED-COMPUTED-REV,-158.27,24.92,-183.19,NEGATIVE
2026-08-20 22:00:00,FRN.Flow-In.Ave.15Minutes.3Hours.MIXED-COMPUTED-REV,-11.60,25.02,-36.62,NEGATIVE
2026-08-20 23:00:00,FRN.Flow-In.Ave.15Minutes.3Hours.MIXED-COMPUTED-REV,-194.63,25.02,-219.65,NEGATIVE
2026-08-21 00:00:00,FRN.Flow-In.Ave.15Minutes.3Hours.MIXED-COMPUTED-REV,-231.23,25.02,-256.26,NEGATIVE
2026-08-21 01:00:00,FRN.Flow-In.Ave.15Minutes.3Hours.MIXED-COMPUTED-REV,-158.02,25.02,-183.04,NEGATIVE
2026-08-21 11:00:00,FRN.Flow-In.Ave.15Minutes.3Hours.MIXED-COMPUTED-REV,-109.02,-109.02,0.00,NEGATIVE
2026-08-21 12:00:00,FRN.Flow-In.Ave.15Minutes.3Hours.MIXED-COMPUTED-REV,-230.90,-78.33,-152.57,NEGATIVE
2026-08-21 13:00:00,FRN.Flow-In.Ave.15Minutes.3Hours.MIXED-COMPUTED-REV,-218.73,-78.33,-140.40,NEGATIVE
2026-08-21 14:00:00,FRN.Flow-In.Ave.15Minutes.3Hours.MIXED-COMPUTED-REV,-182.13,-78.33,-103.80,NEGATIVE
2026-08-21 15:00:00,FRN.Flow-In.Ave.15Minutes.3Hours.MIXED-COMPUTED-REV,-218.77,-78.33,-140.45,NEGATIVE
2026-08-21 16:00:00,FRN.Flow-In.Ave.15Minutes.3Hours.MIXED-COMPUTED-REV,-231.26,-78.33,-152.94,NEGATIVE
2026-08-21 17:00:00,FRN.Flow-In.Ave.15Minutes.3Hours.MIXED-COMPUTED-REV,-109.73,-78.33,-31.40,NEGATIVE
2026-08-21 19:00:00,FRN.Flow-In.Ave.15Minutes.3Hours.MIXED-COMPUTED-REV,-255.28,-109.02,-146.26,NEGATIVE
2026-08-21 20:00:00,FRN.Flow-In.Ave.15Minutes.3Hours.MIXED-COMPUTED-REV,-594.85,-109.73,-485.13,NEGATIVE
2026-08-21 21:00:00,FRN.Flow-In.Ave.15Minutes.3Hours.MIXED-COMPUTED-REV,-290.10,-109.73,-180.37,NEGATIVE
2026-08-22 00:00:00,FRN.Flow-In.Ave.15Minutes.3Hours.MIXED-COMPUTED-REV,-78.33,-174.54,96.21,NEGATIVE
2026-08-22 01:00:00,FRN.Flow-In.Ave.15Minutes.3Hours.MIXED-COMPUTED-REV,-222.52,-174.54,-47.99,NEGATIVE
2026-08-22 02:00:00,FRN.Flow-In.Ave.15Minutes.3Hours.MIXED-COMPUTED-REV,-185.04,-138.30,-46.74,NEGATIVE
2026-08-22 03:00:00,FRN.Flow-In.Ave.15Minutes.3Hours.MIXED-COMPUTED-REV,-2.51,-109.73,107.21,NEGATIVE
2026-08-22 06:00:00,FRN.Flow-In.Ave.15Minutes.3Hours.MIXED-COMPUTED-REV,-99.35,-47.40,-51.95,NEGATIVE
2026-08-22 07:00:00,FRN.Flow-In.Ave.15Minutes.3Hours.MIXED-COMPUTED-REV,-220.74,-47.40,-173.34,NEGATIVE
2026-08-22 08:00:00,FRN.Flow-In.Ave.15Minutes.3Hours.MIXED-COMPUTED-REV,-207.70,-47.40,-160.30,NEGATIVE
2026-08-22 09:00:00,FRN.Flow-In.Ave.15Minutes.3Hours.MIXED-COMPUTED-REV,-47.40,-47.40,0.00,NEGATIVE
2026-08-22 12:00:00,FRN.Flow-In.Ave.15Minutes.3Hours.MIXED-COMPUTED-REV,-174.54,-84.86,-89.68,NEGATIVE
2026-08-22 13:00:00,FRN.Flow-In.Ave.15Minutes.3Hours.MIXED-COMPUTED-REV,-210.95,-99.35,-111.60,NEGATIVE
2026-08-22 14:00:00,FRN.Flow-In.Ave.15Minutes.3Hours.MIXED-COMPUTED-REV,-138.30,-84.86,-53.44,NEGATIVE
2026-08-22 20:00:00,FRN.Flow-In.Ave.15Minutes.3Hours.MIXED-COMPUTED-REV,-84.86,-32.08,-52.78,NEGATIVE
2026-08-22 21:00:00,FRN.Flow-In.Ave.15Minutes.3Hours.MIXED-COMPUTED-REV,-276.24,-32.08,-244.17,NEGATIVE
2026-08-22 22:00:00,FRN.Flow-In.Ave.15Minutes.3Hours.MIXED-COMPUTED-REV,-457.37,-31.58,-425.79,NEGATIVE
2026-08-22 23:00:00,FRN.Flow-In.Ave.15Minutes.3Hours.MIXED-COMPUTED-REV,-494.37,-31.58,-462.79,NEGATIVE
2026-08-23 00:00:00,FRN.Flow-In.Ave.15Minutes.3Hours.MIXED-COMPUTED-REV,-421.76,-32.08,-389.69,NEGATIVE
2026-08-23 01:00:00,FRN.Flow-In.Ave.15Minutes.3Hours.MIXED-COMPUTED-REV,-226.77,-32.08,-194.69,NEGATIVE
2026-08-23 02:00:00,FRN.Flow-In.Ave.15Minutes.3Hours.MIXED-COMPUTED-REV,-32.08,-32.08,0.00,NEGATIVE
2026-08-23 07:00:00,FRN.Flow-In.Ave.15Minutes.3Hours.MIXED-COMPUTED-REV,-31.58,-54.04,22.46,NEGATIVE
2026-08-23 08:00:00,FRN.Flow-In.Ave.15Minutes.3Hours.MIXED-COMPUTED-REV,-189.68,-54.04,-135.64,NEGATIVE
2026-08-23 09:00:00,FRN.Flow-In.Ave.15Minutes.3Hours.MIXED-COMPUTED-REV,-80.44,-36.02,-44.43,NEGATIVE
2026-08-23 12:00:00,FRN.Flow-In.Ave.15Minutes.3Hours.MIXED-COMPUTED-REV,-36.02,-36.02,0.00,NEGATIVE
2026-08-23 13:00:00,FRN.Flow-In.Ave.15Minutes.3Hours.MIXED-COMPUTED-REV,-75.72,-36.02,-39.70,NEGATIVE
2026-08-23 14:00:00,FRN.Flow-In.Ave.15Minutes.3Hours.MIXED-COMPUTED-REV,-54.04,-36.02,-18.02,NEGATIVE
2026-08-23 15:00:00,FRN.Flow-In.Ave.15Minutes.3Hours.MIXED-COMPUTED-REV,-200.98,-36.02,-164.96,NEGATIVE
2026-08-23 16:00:00,FRN.Flow-In.Ave.15Minutes.3Hours.MIXED-COMPUTED-REV,-213.20,-36.02,-177.19,NEGATIVE
2026-08-23 17:00:00,FRN.Flow-In.Ave.15Minutes.3Hours.MIXED-COMPUTED-REV,-91.86,-36.02,-55.85,NEGATIVE
2026-08-23 21:00:00,FRN.Flow-In.Ave.15Minutes.3Hours.MIXED-COMPUTED-REV,-6.79,-75.72,68.93,NEGATIVE
2026-08-23 22:00:00,FRN.Flow-In.Ave.15Minutes.3Hours.MIXED-COMPUTED-REV,-346.03,-54.04,-291.99,NEGATIVE
2026-08-23 23:00:00,FRN.Flow-In.Ave.15Minutes.3Hours.MIXED-COMPUTED-REV,-539.79,-62.38,-477.41,NEGATIVE
2026-08-24 00:00:00,FRN.Flow-In.Ave.15Minutes.3Hours.MIXED-COMPUTED-REV,-637.71,-75.72,-562.00,NEGATIVE
2026-08-24 01:00:00,FRN.Flow-In.Ave.15Minutes.3Hours.MIXED-COMPUTED-REV,-376.61,-75.72,-300.89,NEGATIVE
2026-08-24 02:00:00,FRN.Flow-In.Ave.15Minutes.3Hours.MIXED-COMPUTED-REV,-189.90,-62.38,-127.53,NEGATIVE
2026-08-24 03:00:00,FRN.Flow-In.Ave.15Minutes.3Hours.MIXED-COMPUTED-REV,-14.08,-62.38,48.30,NEGATIVE
2026-08-24 06:00:00,FRN.Flow-In.Ave.15Minutes.3Hours.MIXED-COMPUTED-REV,-110.34,46.21,-156.54,NEGATIVE
2026-08-24 07:00:00,FRN.Flow-In.Ave.15Minutes.3Hours.MIXED-COMPUTED-REV,-231.09,46.21,-277.29,NEGATIVE
2026-08-24 08:00:00,FRN.Flow-In.Ave.15Minutes.3Hours.MIXED-COMPUTED-REV,-98.18,46.21,-144.39,NEGATIVE
2026-08-24 11:00:00,FRN.Flow-In.Ave.15Minutes.3Hours.MIXED-COMPUTED-REV,-62.38,46.45,-108.82,NEGATIVE
2026-08-24 12:00:00,FRN.Flow-In.Ave.15Minutes.3Hours.MIXED-COMPUTED-REV,-98.66,46.45,-145.11,NEGATIVE
2026-08-25 00:00:00,FRN.Flow-In.Ave.15Minutes.3Hours.MIXED-COMPUTED-REV,-158.08,58.51,-216.59,NEGATIVE
2026-08-25 01:00:00,FRN.Flow-In.Ave.15Minutes.3Hours.MIXED-COMPUTED-REV,-230.25,58.51,-288.76,"SPIKE,NEGATIVE"
2026-08-25 02:00:00,FRN.Flow-In.Ave.15Minutes.3Hours.MIXED-COMPUTED-REV,-193.86,58.51,-252.37,"SPIKE,NEGATIVE"
2026-08-25 03:00:00,FRN.Flow-In.Ave.15Minutes.3Hours.MIXED-COMPUTED-REV,-12.76,58.47,-71.23,NEGATIVE
2026-08-25 10:00:00,FRN.Flow-In.Ave.15Minutes.3Hours.MIXED-COMPUTED-REV,-61.43,-61.43,0.00,NEGATIVE
2026-08-25 11:00:00,FRN.Flow-In.Ave.15Minutes.3Hours.MIXED-COMPUTED-REV,-218.39,-110.29,-108.10,NEGATIVE
2026-08-25 12:00:00,FRN.Flow-In.Ave.15Minutes.3Hours.MIXED-COMPUTED-REV,-230.68,-111.85,-118.83,NEGATIVE
2026-08-25 13:00:00,FRN.Flow-In.Ave.15Minutes.3Hours.MIXED-COMPUTED-REV,-110.29,-110.29,0.00,NEGATIVE
2026-08-25 17:00:00,FRN.Flow-In.Ave.15Minutes.3Hours.MIXED-COMPUTED-REV,-111.85,-13.65,-98.20,NEGATIVE
2026-08-25 18:00:00,FRN.Flow-In.Ave.15Minutes.3Hours.MIXED-COMPUTED-REV,-233.31,-13.65,-219.66,NEGATIVE
2026-08-25 19:00:00,FRN.Flow-In.Ave.15Minutes.3Hours.MIXED-COMPUTED-REV,-221.16,-13.65,-207.52,NEGATIVE
2026-08-25 20:00:00,FRN.Flow-In.Ave.15Minutes.3Hours.MIXED-COMPUTED-REV,-136.06,-13.65,-122.41,NEGATIVE
2026-08-25 21:00:00,FRN.Flow-In.Ave.15Minutes.3Hours.MIXED-COMPUTED-REV,-232.93,-61.43,-171.50,NEGATIVE
2026-08-25 22:00:00,FRN.Flow-In.Ave.15Minutes.3Hours.MIXED-COMPUTED-REV,-451.10,-110.29,-340.81,NEGATIVE
2026-08-25 23:00:00,FRN.Flow-In.Ave.15Minutes.3Hours.MIXED-COMPUTED-REV,-450.96,-111.85,-339.11,NEGATIVE
2026-08-26 00:00:00,FRN.Flow-In.Ave.15Minutes.3Hours.MIXED-COMPUTED-REV,-232.55,-110.29,-122.26,NEGATIVE
2026-08-26 01:00:00,FRN.Flow-In.Ave.15Minutes.3Hours.MIXED-COMPUTED-REV,-13.65,-13.65,0.00,NEGATIVE
2026-08-26 08:00:00,FRN.Flow-In.Ave.15Minutes.3Hours.MIXED-COMPUTED-REV,-1.96,-13.65,11.69,NEGATIVE
2026-08-26 09:00:00,FRN.Flow-In.Ave.15Minutes.3Hours.MIXED-COMPUTED-REV,-183.61,-13.65,-169.96,NEGATIVE
2026-08-26 10:00:00,FRN.Flow-In.Ave.15Minutes.3Hours.MIXED-COMPUTED-REV,-219.96,-13.65,-206.31,NEGATIVE
2026-08-26 11:00:00,FRN.Flow-In.Ave.15Minutes.3Hours.MIXED-COMPUTED-REV,-147.33,-13.65,-133.69,NEGATIVE
2026-08-26 15:00:00,FRN.Flow-In.Ave.15Minutes.3Hours.MIXED-COMPUTED-REV,-147.12,-98.13,-48.99,NEGATIVE
2026-08-26 16:00:00,FRN.Flow-In.Ave.15Minutes.3Hours.MIXED-COMPUTED-REV,-219.78,-98.13,-121.65,NEGATIVE
2026-08-26 17:00:00,FRN.Flow-In.Ave.15Minutes.3Hours.MIXED-COMPUTED-REV,-183.62,-98.13,-85.49,NEGATIVE
2026-08-26 18:00:00,FRN.Flow-In.Ave.15Minutes.3Hours.MIXED-COMPUTED-REV,-2.26,-98.13,95.87,NEGATIVE
2026-08-26 19:00:00,FRN.Flow-In.Ave.15Minutes.3Hours.MIXED-COMPUTED-REV,-2.08,-98.13,96.06,NEGATIVE
2026-08-26 20:00:00,FRN.Flow-In.Ave.15Minutes.3Hours.MIXED-COMPUTED-REV,-183.09,-98.13,-84.96,NEGATIVE
2026-08-26 21:00:00,FRN.Flow-In.Ave.15Minutes.3Hours.MIXED-COMPUTED-REV,-219.29,-98.13,-121.16,NEGATIVE
2026-08-26 22:00:00,FRN.Flow-In.Ave.15Minutes.3Hours.MIXED-COMPUTED-REV,-158.89,-2.26,-156.63,NEGATIVE
2026-08-26 23:00:00,FRN.Flow-In.Ave.15Minutes.3Hours.MIXED-COMPUTED-REV,-134.56,-2.26,-132.29,NEGATIVE
2026-08-27 00:00:00,FRN.Flow-In.Ave.15Minutes.3Hours.MIXED-COMPUTED-REV,-218.95,-2.26,-216.68,NEGATIVE
2026-08-27 01:00:00,FRN.Flow-In.Ave.15Minutes.3Hours.MIXED-COMPUTED-REV,-206.81,-98.10,-108.71,NEGATIVE
2026-08-27 02:00:00,FRN.Flow-In.Ave.15Minutes.3Hours.MIXED-COMPUTED-REV,-98.13,-98.10,-0.03,NEGATIVE
2026-08-27 11:00:00,FRN.Flow-In.Ave.15Minutes.3Hours.MIXED-COMPUTED-REV,-98.10,-98.10,0.00,NEGATIVE
2026-08-27 12:00:00,FRN.Flow-In.Ave.15Minutes.3Hours.MIXED-COMPUTED-REV,-218.49,-61.74,-156.75,NEGATIVE
2026-08-27 13:00:00,FRN.Flow-In.Ave.15Minutes.3Hours.MIXED-COMPUTED-REV,-206.43,-61.74,-144.68,NEGATIVE
2026-08-27 14:00:00,FRN.Flow-In.Ave.15Minutes.3Hours.MIXED-COMPUTED-REV,-49.82,-61.74,11.93,NEGATIVE
2026-08-27 18:00:00,FRN.Flow-In.Ave.15Minutes.3Hours.MIXED-COMPUTED-REV,-146.08,-86.45,-59.63,NEGATIVE
2026-08-27 19:00:00,FRN.Flow-In.Ave.15Minutes.3Hours.MIXED-COMPUTED-REV,-218.28,-86.45,-131.84,NEGATIVE
2026-08-27 20:00:00,FRN.Flow-In.Ave.15Minutes.3Hours.MIXED-COMPUTED-REV,-194.20,-98.10,-96.10,NEGATIVE
2026-08-27 21:00:00,FRN.Flow-In.Ave.15Minutes.3Hours.MIXED-COMPUTED-REV,-169.95,-98.10,-71.85,NEGATIVE
2026-08-27 22:00:00,FRN.Flow-In.Ave.15Minutes.3Hours.MIXED-COMPUTED-REV,-217.95,-98.10,-119.85,NEGATIVE
2026-08-27 23:00:00,FRN.Flow-In.Ave.15Minutes.3Hours.MIXED-COMPUTED-REV,-205.93,-98.10,-107.83,NEGATIVE
2026-08-28 00:00:00,FRN.Flow-In.Ave.15Minutes.3Hours.MIXED-COMPUTED-REV,-61.74,-86.45,24.70,NEGATIVE
2026-08-28 01:00:00,FRN.Flow-In.Ave.15Minutes.3Hours.MIXED-COMPUTED-REV,-98.57,-86.45,-12.12,NEGATIVE
2026-08-28 02:00:00,FRN.Flow-In.Ave.15Minutes.3Hours.MIXED-COMPUTED-REV,-340.01,-86.45,-253.56,NEGATIVE
2026-08-28 03:00:00,FRN.Flow-In.Ave.15Minutes.3Hours.MIXED-COMPUTED-REV,-412.38,-98.37,-314.01,NEGATIVE
2026-08-28 04:00:00,FRN.Flow-In.Ave.15Minutes.3Hours.MIXED-COMPUTED-REV,-86.45,-98.37,11.92,NEGATIVE
2026-08-28 08:00:00,FRN.Flow-In.Ave.15Minutes.3Hours.MIXED-COMPUTED-REV,-146.63,-98.37,-48.26,NEGATIVE
2026-08-28 09:00:00,FRN.Flow-In.Ave.15Minutes.3Hours.MIXED-COMPUTED-REV,-1.85,-98.17,96.32,NEGATIVE
2026-08-28 13:00:00,FRN.Flow-In.Ave.15Minutes.3Hours.MIXED-COMPUTED-REV,-98.37,-86.45,-11.92,NEGATIVE
2026-08-28 14:00:00,FRN.Flow-In.Ave.15Minutes.3Hours.MIXED-COMPUTED-REV,-219.02,-86.45,-132.57,NEGATIVE
2026-08-28 15:00:00,FRN.Flow-In.Ave.15Minutes.3Hours.MIXED-COMPUTED-REV,-206.96,-86.08,-120.88,NEGATIVE
2026-08-28 16:00:00,FRN.Flow-In.Ave.15Minutes.3Hours.MIXED-COMPUTED-REV,-62.16,-62.16,0.00,NEGATIVE
2026-08-28 17:00:00,FRN.Flow-In.Ave.15Minutes.3Hours.MIXED-COMPUTED-REV,-98.17,-37.75,-60.42,NEGATIVE
2026-08-28 18:00:00,FRN.Flow-In.Ave.15Minutes.3Hours.MIXED-COMPUTED-REV,-218.68,-37.75,-180.93,NEGATIVE
2026-08-28 19:00:00,FRN.Flow-In.Ave.15Minutes.3Hours.MIXED-COMPUTED-REV,-182.53,-62.16,-120.37,NEGATIVE
2026-08-28 23:00:00,FRN.Flow-In.Ave.15Minutes.3Hours.MIXED-COMPUTED-REV,-86.08,-86.08,0.00,NEGATIVE
2026-08-29 00:00:00,FRN.Flow-In.Ave.15Minutes.3Hours.MIXED-COMPUTED-REV,-278.69,-86.08,-192.61,NEGATIVE
2026-08-29 01:00:00,FRN.Flow-In.Ave.15Minutes.3Hours.MIXED-COMPUTED-REV,-242.42,-86.08,-156.34,NEGATIVE
2026-08-29 02:00:00,FRN.Flow-In.Ave.15Minutes.3Hours.MIXED-COMPUTED-REV,-278.42,-86.08,-192.34,NEGATIVE
2026-08-29 03:00:00,FRN.Flow-In.Ave.15Minutes.3Hours.MIXED-COMPUTED-REV,-37.75,-86.08,48.33,NEGATIVE
2026-08-29 07:00:00,FRN.Flow-In.Ave.15Minutes.3Hours.MIXED-COMPUTED-REV,-145.87,-37.54,-108.33,NEGATIVE
2026-08-29 08:00:00,FRN.Flow-In.Ave.15Minutes.3Hours.MIXED-COMPUTED-REV,-217.99,-1.45,-216.54,NEGATIVE
2026-08-29 09:00:00,FRN.Flow-In.Ave.15Minutes.3Hours.MIXED-COMPUTED-REV,-181.83,-37.54,-144.29,NEGATIVE
2026-08-29 10:00:00,FRN.Flow-In.Ave.15Minutes.3Hours.MIXED-COMPUTED-REV,-1.45,-37.75,36.30,NEGATIVE
2026-08-29 14:00:00,FRN.Flow-In.Ave.15Minutes.3Hours.MIXED-COMPUTED-REV,-109.59,-109.59,0.00,NEGATIVE
2026-08-29 15:00:00,FRN.Flow-In.Ave.15Minutes.3Hours.MIXED-COMPUTED-REV,-169.64,-109.59,-60.04,NEGATIVE
2026-08-29 16:00:00,FRN.Flow-In.Ave.15Minutes.3Hours.MIXED-COMPUTED-REV,-145.62,-109.59,-36.03,NEGATIVE
2026-08-29 17:00:00,FRN.Flow-In.Ave.15Minutes.3Hours.MIXED-COMPUTED-REV,-37.54,-109.59,72.05,NEGATIVE
2026-08-29 20:00:00,FRN.Flow-In.Ave.15Minutes.3Hours.MIXED-COMPUTED-REV,-1.29,-108.55,107.26,NEGATIVE
2026-08-29 21:00:00,FRN.Flow-In.Ave.15Minutes.3Hours.MIXED-COMPUTED-REV,-181.21,-108.55,-72.66,NEGATIVE
2026-08-29 22:00:00,FRN.Flow-In.Ave.15Minutes.3Hours.MIXED-COMPUTED-REV,-217.23,-108.55,-108.68,NEGATIVE
2026-08-29 23:00:00,FRN.Flow-In.Ave.15Minutes.3Hours.MIXED-COMPUTED-REV,-145.29,-108.55,-36.74,NEGATIVE
2026-08-30 00:00:00,FRN.Flow-In.Ave.15Minutes.3Hours.MIXED-COMPUTED-REV,-120.96,-108.55,-12.41,NEGATIVE
2026-08-30 01:00:00,FRN.Flow-In.Ave.15Minutes.3Hours.MIXED-COMPUTED-REV,-419.95,-108.55,-311.40,NEGATIVE
2026-08-30 02:00:00,FRN.Flow-In.Ave.15Minutes.3Hours.MIXED-COMPUTED-REV,-503.52,-108.55,-394.97,NEGATIVE
2026-08-30 03:00:00,FRN.Flow-In.Ave.15Minutes.3Hours.MIXED-COMPUTED-REV,-347.66,-37.54,-310.12,NEGATIVE
2026-08-30 08:00:00,FRN.Flow-In.Ave.15Minutes.3Hours.MIXED-COMPUTED-REV,-108.55,-120.96,12.41,NEGATIVE
2026-08-30 09:00:00,FRN.Flow-In.Ave.15Minutes.3Hours.MIXED-COMPUTED-REV,-216.18,-144.38,-71.80,NEGATIVE
2026-08-30 10:00:00,FRN.Flow-In.Ave.15Minutes.3Hours.MIXED-COMPUTED-REV,-144.38,-144.38,0.00,NEGATIVE
2026-08-30 16:00:00,FRN.Flow-In.Ave.15Minutes.3Hours.MIXED-COMPUTED-REV,-0.66,-0.66,0.00,NEGATIVE
2026-08-30 17:00:00,FRN.Flow-In.Ave.15Minutes.3Hours.MIXED-COMPUTED-REV,-372.55,-0.66,-371.89,NEGATIVE
2026-08-30 18:00:00,FRN.Flow-In.Ave.15Minutes.3Hours.MIXED-COMPUTED-REV,-925.17,-0.66,-924.51,NEGATIVE
2026-08-30 19:00:00,FRN.Flow-In.Ave.15Minutes.3Hours.MIXED-COMPUTED-REV,-1009.42,-108.55,-900.86,NEGATIVE
2026-08-30 20:00:00,FRN.Flow-In.Ave.15Minutes.3Hours.MIXED-COMPUTED-REV,-709.39,-108.55,-600.84,NEGATIVE
2026-08-30 21:00:00,FRN.Flow-In.Ave.15Minutes.3Hours.MIXED-COMPUTED-REV,-336.51,-0.66,-335.85,NEGATIVE
2026-08-30 22:00:00,FRN.Flow-In.Ave.15Minutes.3Hours.MIXED-COMPUTED-REV,-264.06,23.20,-287.26,NEGATIVE
2026-08-30 23:00:00,FRN.Flow-In.Ave.15Minutes.3Hours.MIXED-COMPUTED-REV,-263.94,23.64,-287.58,NEGATIVE
2026-08-31 00:00:00,FRN.Flow-In.Ave.15Minutes.3Hours.MIXED-COMPUTED-REV,-191.84,23.64,-215.48,NEGATIVE
2026-08-31 01:00:00,FRN.Flow-In.Ave.15Minutes.3Hours.MIXED-COMPUTED-REV,-143.82,23.64,-167.47,NEGATIVE
2026-08-31 07:00:00,FRN.Flow-In.Ave.15Minutes.3Hours.MIXED-COMPUTED-REV,-120.50,23.20,-143.70,NEGATIVE
2026-08-31 15:00:00,FRN.Flow-In.Ave.15Minutes.3Hours.MIXED-COMPUTED-REV,-143.62,71.84,-215.46,NEGATIVE
2026-08-31 16:00:00,FRN.Flow-In.Ave.15Minutes.3Hours.MIXED-COMPUTED-REV,-215.59,60.49,-276.08,NEGATIVE
2026-08-31 17:00:00,FRN.Flow-In.Ave.15Minutes.3Hours.MIXED-COMPUTED-REV,-179.83,36.15,-215.97,NEGATIVE
2026-08-31 18:00:00,FRN.Flow-In.Ave.15Minutes.3Hours.MIXED-COMPUTED-REV,-0.19,24.44,-24.64,NEGATIVE
2026-08-31 21:00:00,FRN.Flow-In.Ave.15Minutes.3Hours.MIXED-COMPUTED-REV,-47.63,24.44,-72.07,NEGATIVE
2026-08-31 22:00:00,FRN.Flow-In.Ave.15Minutes.3Hours.MIXED-COMPUTED-REV,-203.25,-0.19,-203.06,NEGATIVE
2026-08-31 23:00:00,FRN.Flow-In.Ave.15Minutes.3Hours.MIXED-COMPUTED-REV,-203.19,-47.63,-155.56,NEGATIVE
2026-09-01 05:00:00,FRN.Flow-In.Ave.15Minutes.3Hours.MIXED-COMPUTED-REV,-143.16,-47.63,-95.53,NEGATIVE
2026-09-01 06:00:00,FRN.Flow-In.Ave.15Minutes.3Hours.MIXED-COMPUTED-REV,-227.04,-47.31,-179.73,NEGATIVE
2026-09-01 07:00:00,FRN.Flow-In.Ave.15Minutes.3Hours.MIXED-COMPUTED-REV,-310.63,-47.63,-263.00,NEGATIVE
2026-09-01 08:00:00,FRN.Flow-In.Ave.15Minutes.3Hours.MIXED-COMPUTED-REV,-250.63,-118.99,-131.65,NEGATIVE
2026-09-01 09:00:00,FRN.Flow-In.Ave.15Minutes.3Hours.MIXED-COMPUTED-REV,-202.79,-118.99,-83.80,NEGATIVE
2026-09-01 10:00:00,FRN.Flow-In.Ave.15Minutes.3Hours.MIXED-COMPUTED-REV,-118.99,-118.99,0.00,NEGATIVE
2026-09-01 11:00:00,FRN.Flow-In.Ave.15Minutes.3Hours.MIXED-COMPUTED-REV,-178.49,-94.91,-83.59,NEGATIVE
2026-09-01 12:00:00,FRN.Flow-In.Ave.15Minutes.3Hours.MIXED-COMPUTED-REV,-214.33,-94.91,-119.42,NEGATIVE
2026-09-01 13:00:00,FRN.Flow-In.Ave.15Minutes.3Hours.MIXED-COMPUTED-REV,-142.74,-118.99,-23.75,NEGATIVE
2026-09-01 18:00:00,FRN.Flow-In.Ave.15Minutes.3Hours.MIXED-COMPUTED-REV,-47.31,-118.99,71.68,NEGATIVE
2026-09-01 19:00:00,FRN.Flow-In.Ave.15Minutes.3Hours.MIXED-COMPUTED-REV,-202.34,-94.91,-107.44,NEGATIVE
2026-09-01 20:00:00,FRN.Flow-In.Ave.15Minutes.3Hours.MIXED-COMPUTED-REV,-214.23,-47.31,-166.92,NEGATIVE
2026-09-01 21:00:00,FRN.Flow-In.Ave.15Minutes.3Hours.MIXED-COMPUTED-REV,-94.91,12.77,-107.67,NEGATIVE
2026-09-02 00:00:00,FRN.Flow-In.Ave.15Minutes.3Hours.MIXED-COMPUTED-REV,-154.12,12.77,-166.89,NEGATIVE
2026-09-02 01:00:00,FRN.Flow-In.Ave.15Minutes.3Hours.MIXED-COMPUTED-REV,-261.35,12.77,-274.11,NEGATIVE
2026-09-02 02:00:00,FRN.Flow-In.Ave.15Minutes.3Hours.MIXED-COMPUTED-REV,-189.87,36.42,-226.30,NEGATIVE
2026-09-02 10:00:00,FRN.Flow-In.Ave.15Minutes.3Hours.MIXED-COMPUTED-REV,-47.37,71.77,-119.14,NEGATIVE
2026-09-02 11:00:00,FRN.Flow-In.Ave.15Minutes.3Hours.MIXED-COMPUTED-REV,-131.05,71.83,-202.88,NEGATIVE
2026-09-02 12:00:00,FRN.Flow-In.Ave.15Minutes.3Hours.MIXED-COMPUTED-REV,-143.20,71.84,-215.04,NEGATIVE
2026-09-02 13:00:00,FRN.Flow-In.Ave.15Minutes.3Hours.MIXED-COMPUTED-REV,-36.17,71.84,-108.01,NEGATIVE
2026-09-03 01:00:00,FRN.Flow-In.Ave.15Minutes.3Hours.MIXED-COMPUTED-REV,-108.42,82.39,-190.81,NEGATIVE
2026-09-03 02:00:00,FRN.Flow-In.Ave.15Minutes.3Hours.MIXED-COMPUTED-REV,-227.92,82.39,-310.31,NEGATIVE
2026-09-03 03:00:00,FRN.Flow-In.Ave.15Minutes.3Hours.MIXED-COMPUTED-REV,-72.82,82.39,-155.21,NEGATIVE
2026-09-03 06:00:00,FRN.Flow-In.Ave.15Minutes.3Hours.MIXED-COMPUTED-REV,-1.18,58.61,-59.79,NEGATIVE
2026-09-03 11:00:00,FRN.Flow-In.Ave.15Minutes.3Hours.MIXED-COMPUTED-REV,-72.73,22.79,-95.51,NEGATIVE
2026-09-03 13:00:00,FRN.Flow-In.Ave.15Minutes.3Hours.MIXED-COMPUTED-REV,-132.38,22.78,-155.16,NEGATIVE
2026-09-03 14:00:00,FRN.Flow-In.Ave.15Minutes.3Hours.MIXED-COMPUTED-REV,-37.22,22.79,-60.01,NEGATIVE
2026-09-03 15:00:00,FRN.Flow-In.Ave.15Minutes.3Hours.MIXED-COMPUTED-REV,-73.18,33.30,-106.48,NEGATIVE
2026-09-03 22:00:00,FRN.Flow-In.Ave.15Minutes.3Hours.MIXED-COMPUTED-REV,-73.43,33.30,-106.73,NEGATIVE
2026-09-03 23:00:00,FRN.Flow-In.Ave.15Minutes.3Hours.MIXED-COMPUTED-REV,-192.88,34.25,-227.13,NEGATIVE
2026-09-04 00:00:00,FRN.Flow-In.Ave.15Minutes.3Hours.MIXED-COMPUTED-REV,-121.53,34.25,-155.78,NEGATIVE
2026-09-04 04:00:00,FRN.Flow-In.Ave.15Minutes.3Hours.MIXED-COMPUTED-REV,-73.93,104.58,-178.50,NEGATIVE
2026-09-04 05:00:00,FRN.Flow-In.Ave.15Minutes.3Hours.MIXED-COMPUTED-REV,-38.11,104.68,-142.80,NEGATIVE
2026-09-04 12:00:00,FRN.Flow-In.Ave.15Minutes.3Hours.MIXED-COMPUTED-REV,-170.09,104.79,-274.88,NEGATIVE
2026-09-06 14:00:00,FRN.Flow-In.Ave.15Minutes.3Hours.MIXED-COMPUTED-REV,320.35,68.71,251.64,SPIKE
2026-09-06 15:00:00,FRN.Flow-In.Ave.15Minutes.3Hours.MIXED-COMPUTED-REV,428.25,68.71,359.54,SPIKE
2026-09-06 16:00:00,FRN.Flow-In.Ave.15Minutes.3Hours.MIXED-COMPUTED-REV,536.26,68.71,467.55,SPIKE
2026-09-06 17:00:00,FRN.Flow-In.Ave.15Minutes.3Hours.MIXED-COMPUTED-REV,392.47,68.71,323.76,SPIKE
2026-09-07 04:00:00,FRN.Flow-In.Ave.15Minutes.3Hours.MIXED-COMPUTED-REV,-15.29,68.68,-83.97,NEGATIVE
2026-09-07 05:00:00,FRN.Flow-In.Ave.15Minutes.3Hours.MIXED-COMPUTED-REV,-135.30,68.55,-203.86,NEGATIVE
2026-09-07 06:00:00,FRN.Flow-In.Ave.15Minutes.3Hours.MIXED-COMPUTED-REV,-75.30,68.45,-143.75,NEGATIVE
2026-09-07 07:00:00,FRN.Flow-In.Ave.15Minutes.3Hours.MIXED-COMPUTED-REV,-123.30,56.71,-180.01,NEGATIVE
2026-09-07 08:00:00,FRN.Flow-In.Ave.15Minutes.3Hours.MIXED-COMPUTED-REV,-3.29,56.71,-60.00,NEGATIVE
2026-09-07 09:00:00,FRN.Flow-In.Ave.15Minutes.3Hours.MIXED-COMPUTED-REV,-27.30,56.71,-84.00,NEGATIVE
2026-09-07 16:00:00,FRN.Flow-In.Ave.15Minutes.3Hours.MIXED-COMPUTED-REV,-3.53,-75.30,71.77,NEGATIVE
2026-09-07 17:00:00,FRN.Flow-In.Ave.15Minutes.3Hours.MIXED-COMPUTED-REV,-183.30,-75.30,-108.00,NEGATIVE
2026-09-07 18:00:00,FRN.Flow-In.Ave.15Minutes.3Hours.MIXED-COMPUTED-REV,-219.14,-27.30,-191.85,NEGATIVE
2026-09-07 19:00:00,FRN.Flow-In.Ave.15Minutes.3Hours.MIXED-COMPUTED-REV,-147.15,-3.53,-143.62,NEGATIVE
2026-09-07 22:00:00,FRN.Flow-In.Ave.15Minutes.3Hours.MIXED-COMPUTED-REV,-98.91,-3.53,-95.38,NEGATIVE
2026-09-07 23:00:00,FRN.Flow-In.Ave.15Minutes.3Hours.MIXED-COMPUTED-REV,-230.59,-86.57,-144.02,NEGATIVE
2026-09-08 00:00:00,FRN.Flow-In.Ave.15Minutes.3Hours.MIXED-COMPUTED-REV,-362.12,-86.57,-275.55,NEGATIVE
2026-09-08 01:00:00,FRN.Flow-In.Ave.15Minutes.3Hours.MIXED-COMPUTED-REV,-361.85,-86.57,-275.28,NEGATIVE
2026-09-08 02:00:00,FRN.Flow-In.Ave.15Minutes.3Hours.MIXED-COMPUTED-REV,-409.38,-86.57,-322.81,NEGATIVE
2026-09-08 03:00:00,FRN.Flow-In.Ave.15Minutes.3Hours.MIXED-COMPUTED-REV,-230.05,-86.57,-143.49,NEGATIVE
2026-09-08 04:00:00,FRN.Flow-In.Ave.15Minutes.3Hours.MIXED-COMPUTED-REV,-86.62,-86.57,-0.06,NEGATIVE
2026-09-08 09:00:00,FRN.Flow-In.Ave.15Minutes.3Hours.MIXED-COMPUTED-REV,-86.57,-38.79,-47.78,NEGATIVE
2026-09-08 10:00:00,FRN.Flow-In.Ave.15Minutes.3Hours.MIXED-COMPUTED-REV,-206.01,-38.79,-167.22,NEGATIVE
2026-09-08 11:00:00,FRN.Flow-In.Ave.15Minutes.3Hours.MIXED-COMPUTED-REV,-158.23,-38.79,-119.44,NEGATIVE
2026-09-08 12:00:00,FRN.Flow-In.Ave.15Minutes.3Hours.MIXED-COMPUTED-REV,-38.79,-38.79,0.00,NEGATIVE
2026-09-08 18:00:00,FRN.Flow-In.Ave.15Minutes.3Hours.MIXED-COMPUTED-REV,-38.79,56.77,-95.56,NEGATIVE
2026-09-08 19:00:00,FRN.Flow-In.Ave.15Minutes.3Hours.MIXED-COMPUTED-REV,-146.29,21.15,-167.44,NEGATIVE
2026-09-08 20:00:00,FRN.Flow-In.Ave.15Minutes.3Hours.MIXED-COMPUTED-REV,-2.96,-2.96,0.00,NEGATIVE
2026-09-08 22:00:00,FRN.Flow-In.Ave.15Minutes.3Hours.MIXED-COMPUTED-REV,-14.70,-2.96,-11.74,NEGATIVE
2026-09-08 23:00:00,FRN.Flow-In.Ave.15Minutes.3Hours.MIXED-COMPUTED-REV,-169.76,21.15,-190.90,NEGATIVE
2026-09-09 00:00:00,FRN.Flow-In.Ave.15Minutes.3Hours.MIXED-COMPUTED-REV,-217.48,44.85,-262.33,NEGATIVE
2026-09-09 01:00:00,FRN.Flow-In.Ave.15Minutes.3Hours.MIXED-COMPUTED-REV,-134.01,56.77,-190.78,NEGATIVE
2026-09-09 07:00:00,FRN.Flow-In.Ave.15Minutes.3Hours.MIXED-COMPUTED-REV,-74.26,-2.96,-71.30,NEGATIVE
2026-09-09 08:00:00,FRN.Flow-In.Ave.15Minutes.3Hours.MIXED-COMPUTED-REV,-134.05,-2.70,-131.34,NEGATIVE
2026-09-09 09:00:00,FRN.Flow-In.Ave.15Minutes.3Hours.MIXED-COMPUTED-REV,-14.80,21.15,-35.95,NEGATIVE
2026-09-09 16:00:00,FRN.Flow-In.Ave.15Minutes.3Hours.MIXED-COMPUTED-REV,-145.78,34.12,-179.90,NEGATIVE
2026-09-09 17:00:00,FRN.Flow-In.Ave.15Minutes.3Hours.MIXED-COMPUTED-REV,-217.28,34.12,-251.40,NEGATIVE
2026-09-09 18:00:00,FRN.Flow-In.Ave.15Minutes.3Hours.MIXED-COMPUTED-REV,-193.44,34.12,-227.55,NEGATIVE
2026-09-09 19:00:00,FRN.Flow-In.Ave.15Minutes.3Hours.MIXED-COMPUTED-REV,-133.71,34.12,-167.83,NEGATIVE
2026-09-09 20:00:00,FRN.Flow-In.Ave.15Minutes.3Hours.MIXED-COMPUTED-REV,-2.70,44.85,-47.55,NEGATIVE
2026-09-09 23:00:00,FRN.Flow-In.Ave.15Minutes.3Hours.MIXED-COMPUTED-REV,-109.40,68.71,-178.11,NEGATIVE
2026-09-10 00:00:00,FRN.Flow-In.Ave.15Minutes.3Hours.MIXED-COMPUTED-REV,-216.33,68.71,-285.04,NEGATIVE
2026-09-10 01:00:00,FRN.Flow-In.Ave.15Minutes.3Hours.MIXED-COMPUTED-REV,-144.68,34.12,-178.79,NEGATIVE
2026-09-10 12:00:00,FRN.Flow-In.Ave.15Minutes.3Hours.MIXED-COMPUTED-REV,-122.78,32.77,-155.54,NEGATIVE
2026-09-10 13:00:00,FRN.Flow-In.Ave.15Minutes.3Hours.MIXED-COMPUTED-REV,-194.94,32.77,-227.70,NEGATIVE
2026-09-10 14:00:00,FRN.Flow-In.Ave.15Minutes.3Hours.MIXED-COMPUTED-REV,-111.14,32.77,-143.90,NEGATIVE
2026-09-10 15:00:00,FRN.Flow-In.Ave.15Minutes.3Hours.MIXED-COMPUTED-REV,-27.25,20.73,-47.98,NEGATIVE
2026-09-10 19:00:00,FRN.Flow-In.Ave.15Minutes.3Hours.MIXED-COMPUTED-REV,-146.96,9.30,-156.26,NEGATIVE
2026-09-10 20:00:00,FRN.Flow-In.Ave.15Minutes.3Hours.MIXED-COMPUTED-REV,-218.85,-2.12,-216.73,NEGATIVE
2026-09-10 21:00:00,FRN.Flow-In.Ave.15Minutes.3Hours.MIXED-COMPUTED-REV,-182.88,-3.01,-179.88,NEGATIVE
2026-09-10 22:00:00,FRN.Flow-In.Ave.15Minutes.3Hours.MIXED-COMPUTED-REV,-3.01,-27.25,24.24,NEGATIVE
2026-09-11 01:00:00,FRN.Flow-In.Ave.15Minutes.3Hours.MIXED-COMPUTED-REV,-145.81,-27.25,-118.56,NEGATIVE
2026-09-11 02:00:00,FRN.Flow-In.Ave.15Minutes.3Hours.MIXED-COMPUTED-REV,-157.54,-3.01,-154.53,NEGATIVE
2026-09-11 03:00:00,FRN.Flow-In.Ave.15Minutes.3Hours.MIXED-COMPUTED-REV,-49.70,-2.12,-47.58,NEGATIVE
2026-09-11 06:00:00,FRN.Flow-In.Ave.15Minutes.3Hours.MIXED-COMPUTED-REV,-61.66,-49.70,-11.97,NEGATIVE
2026-09-11 08:00:00,FRN.Flow-In.Ave.15Minutes.3Hours.MIXED-COMPUTED-REV,-2.12,-49.70,47.58,NEGATIVE
2026-09-11 09:00:00,FRN.Flow-In.Ave.15Minutes.3Hours.MIXED-COMPUTED-REV,-181.74,-3.01,-178.73,NEGATIVE
2026-09-11 10:00:00,FRN.Flow-In.Ave.15Minutes.3Hours.MIXED-COMPUTED-REV,-217.87,-2.12,-215.75,NEGATIVE
2026-09-11 11:00:00,FRN.Flow-In.Ave.15Minutes.3Hours.MIXED-COMPUTED-REV,-146.31,10.18,-156.49,NEGATIVE
2026-09-11 16:00:00,FRN.Flow-In.Ave.15Minutes.3Hours.MIXED-COMPUTED-REV,-98.44,-2.12,-96.32,NEGATIVE
2026-09-11 17:00:00,FRN.Flow-In.Ave.15Minutes.3Hours.MIXED-COMPUTED-REV,-217.82,-2.12,-215.71,NEGATIVE
2026-09-11 18:00:00,FRN.Flow-In.Ave.15Minutes.3Hours.MIXED-COMPUTED-REV,-205.89,-2.12,-203.77,NEGATIVE
2026-09-11 19:00:00,FRN.Flow-In.Ave.15Minutes.3Hours.MIXED-COMPUTED-REV,-50.68,32.94,-83.62,NEGATIVE
2026-09-12 00:00:00,FRN.Flow-In.Ave.15Minutes.3Hours.MIXED-COMPUTED-REV,-145.94,56.81,-202.74,NEGATIVE
2026-09-12 01:00:00,FRN.Flow-In.Ave.15Minutes.3Hours.MIXED-COMPUTED-REV,-217.49,56.81,-274.29,NEGATIVE
2026-09-12 02:00:00,FRN.Flow-In.Ave.15Minutes.3Hours.MIXED-COMPUTED-REV,-181.71,32.98,-214.69,NEGATIVE
2026-09-12 03:00:00,FRN.Flow-In.Ave.15Minutes.3Hours.MIXED-COMPUTED-REV,-2.84,32.94,-35.77,NEGATIVE
2026-09-12 12:00:00,FRN.Flow-In.Ave.15Minutes.3Hours.MIXED-COMPUTED-REV,-145.68,-2.67,-143.01,NEGATIVE
2026-09-12 13:00:00,FRN.Flow-In.Ave.15Minutes.3Hours.MIXED-COMPUTED-REV,-217.15,21.18,-238.33,NEGATIVE
2026-09-12 14:00:00,FRN.Flow-In.Ave.15Minutes.3Hours.MIXED-COMPUTED-REV,-181.41,21.19,-202.61,NEGATIVE
2026-09-12 15:00:00,FRN.Flow-In.Ave.15Minutes.3Hours.MIXED-COMPUTED-REV,-2.75,32.98,-35.73,NEGATIVE
2026-09-12 18:00:00,FRN.Flow-In.Ave.15Minutes.3Hours.MIXED-COMPUTED-REV,-145.43,21.18,-166.61,NEGATIVE
2026-09-12 19:00:00,FRN.Flow-In.Ave.15Minutes.3Hours.MIXED-COMPUTED-REV,-181.12,21.18,-202.30,NEGATIVE
2026-09-12 20:00:00,FRN.Flow-In.Ave.15Minutes.3Hours.MIXED-COMPUTED-REV,-2.67,21.18,-23.85,NEGATIVE
2026-09-12 22:00:00,FRN.Flow-In.Ave.15Minutes.3Hours.MIXED-COMPUTED-REV,-26.39,21.18,-47.57,NEGATIVE
2026-09-12 23:00:00,FRN.Flow-In.Ave.15Minutes.3Hours.MIXED-COMPUTED-REV,-252.33,21.18,-273.51,NEGATIVE
2026-09-13 02:00:00,FRN.Flow-In.Ave.15Minutes.3Hours.MIXED-COMPUTED-REV,496.82,21.19,475.62,SPIKE
2026-09-13 03:00:00,FRN.Flow-In.Ave.15Minutes.3Hours.MIXED-COMPUTED-REV,377.89,21.19,356.70,SPIKE
2026-09-13 05:00:00,FRN.Flow-In.Ave.15Minutes.3Hours.MIXED-COMPUTED-REV,-121.63,21.18,-142.81,NEGATIVE
2026-09-13 06:00:00,FRN.Flow-In.Ave.15Minutes.3Hours.MIXED-COMPUTED-REV,-38.36,9.23,-47.59,NEGATIVE
2026-09-13 14:00:00,FRN.Flow-In.Ave.15Minutes.3Hours.MIXED-COMPUTED-REV,-2.67,-2.64,-0.03,NEGATIVE
2026-09-13 15:00:00,FRN.Flow-In.Ave.15Minutes.3Hours.MIXED-COMPUTED-REV,-62.15,-2.64,-59.51,NEGATIVE
2026-09-13 16:00:00,FRN.Flow-In.Ave.15Minutes.3Hours.MIXED-COMPUTED-REV,-62.15,-2.64,-59.51,NEGATIVE
2026-09-13 17:00:00,FRN.Flow-In.Ave.15Minutes.3Hours.MIXED-COMPUTED-REV,-97.84,-2.64,-95.20,NEGATIVE
2026-09-13 19:00:00,FRN.Flow-In.Ave.15Minutes.3Hours.MIXED-COMPUTED-REV,-2.67,9.30,-11.97,NEGATIVE
2026-09-13 20:00:00,FRN.Flow-In.Ave.15Minutes.3Hours.MIXED-COMPUTED-REV,-2.64,9.23,-11.87,NEGATIVE
2026-09-13 21:00:00,FRN.Flow-In.Ave.15Minutes.3Hours.MIXED-COMPUTED-REV,-109.64,-2.64,-107.00,NEGATIVE
2026-09-13 22:00:00,FRN.Flow-In.Ave.15Minutes.3Hours.MIXED-COMPUTED-REV,-145.27,-2.67,-142.60,NEGATIVE
2026-09-13 23:00:00,FRN.Flow-In.Ave.15Minutes.3Hours.MIXED-COMPUTED-REV,-133.29,-2.67,-130.62,NEGATIVE
2026-09-14 00:00:00,FRN.Flow-In.Ave.15Minutes.3Hours.MIXED-COMPUTED-REV,-133.29,-2.67,-130.62,NEGATIVE
2026-09-14 01:00:00,FRN.Flow-In.Ave.15Minutes.3Hours.MIXED-COMPUTED-REV,-85.76,-2.67,-83.09,NEGATIVE
2026-09-14 08:00:00,FRN.Flow-In.Ave.15Minutes.3Hours.MIXED-COMPUTED-REV,-49.85,-26.24,-23.61,NEGATIVE
2026-09-14 09:00:00,FRN.Flow-In.Ave.15Minutes.3Hours.MIXED-COMPUTED-REV,-204.23,-26.24,-177.99,NEGATIVE
2026-09-14 10:00:00,FRN.Flow-In.Ave.15Minutes.3Hours.MIXED-COMPUTED-REV,-121.18,-26.24,-94.95,NEGATIVE
2026-09-14 13:00:00,FRN.Flow-In.Ave.15Minutes.3Hours.MIXED-COMPUTED-REV,-26.24,-26.24,0.00,NEGATIVE
2026-09-14 14:00:00,FRN.Flow-In.Ave.15Minutes.3Hours.MIXED-COMPUTED-REV,-38.11,-26.24,-11.87,NEGATIVE
2026-09-14 16:00:00,FRN.Flow-In.Ave.15Minutes.3Hours.MIXED-COMPUTED-REV,-2.86,-38.11,35.24,NEGATIVE
2026-09-14 17:00:00,FRN.Flow-In.Ave.15Minutes.3Hours.MIXED-COMPUTED-REV,-181.79,-38.11,-143.69,NEGATIVE
2026-09-14 18:00:00,FRN.Flow-In.Ave.15Minutes.3Hours.MIXED-COMPUTED-REV,-217.58,-38.11,-179.47,NEGATIVE
2026-09-14 19:00:00,FRN.Flow-In.Ave.15Minutes.3Hours.MIXED-COMPUTED-REV,-146.00,-38.11,-107.90,NEGATIVE
2026-09-14 22:00:00,FRN.Flow-In.Ave.15Minutes.3Hours.MIXED-COMPUTED-REV,-145.75,-2.86,-142.89,NEGATIVE
2026-09-14 23:00:00,FRN.Flow-In.Ave.15Minutes.3Hours.MIXED-COMPUTED-REV,-217.23,9.37,-226.60,NEGATIVE
2026-09-15 00:00:00,FRN.Flow-In.Ave.15Minutes.3Hours.MIXED-COMPUTED-REV,-217.19,-2.86,-214.32,NEGATIVE
2026-09-15 01:00:00,FRN.Flow-In.Ave.15Minutes.3Hours.MIXED-COMPUTED-REV,-216.90,-26.24,-190.66,NEGATIVE
2026-09-15 02:00:00,FRN.Flow-In.Ave.15Minutes.3Hours.MIXED-COMPUTED-REV,-216.69,-38.11,-178.59,NEGATIVE
2026-09-15 03:00:00,FRN.Flow-In.Ave.15Minutes.3Hours.MIXED-COMPUTED-REV,-180.92,-50.19,-130.73,NEGATIVE
2026-09-15 12:00:00,FRN.Flow-In.Ave.15Minutes.3Hours.MIXED-COMPUTED-REV,-50.19,-2.61,-47.58,NEGATIVE
2026-09-15 13:00:00,FRN.Flow-In.Ave.15Minutes.3Hours.MIXED-COMPUTED-REV,-192.95,-2.50,-190.45,NEGATIVE
2026-09-15 14:00:00,FRN.Flow-In.Ave.15Minutes.3Hours.MIXED-COMPUTED-REV,-204.80,-2.46,-202.33,NEGATIVE
2026-09-15 15:00:00,FRN.Flow-In.Ave.15Minutes.3Hours.MIXED-COMPUTED-REV,-97.70,45.05,-142.75,NEGATIVE
2026-09-15 17:00:00,FRN.Flow-In.Ave.15Minutes.3Hours.MIXED-COMPUTED-REV,-2.50,56.83,-59.33,NEGATIVE
2026-09-15 18:00:00,FRN.Flow-In.Ave.15Minutes.3Hours.MIXED-COMPUTED-REV,-109.56,56.83,-166.39,NEGATIVE
2026-09-15 19:00:00,FRN.Flow-In.Ave.15Minutes.3Hours.MIXED-COMPUTED-REV,-2.61,45.05,-47.66,NEGATIVE
2026-09-15 20:00:00,FRN.Flow-In.Ave.15Minutes.3Hours.MIXED-COMPUTED-REV,-73.92,-2.25,-71.67,NEGATIVE
2026-09-15 21:00:00,FRN.Flow-In.Ave.15Minutes.3Hours.MIXED-COMPUTED-REV,-38.26,-2.46,-35.79,NEGATIVE
2026-09-15 22:00:00,FRN.Flow-In.Ave.15Minutes.3Hours.MIXED-COMPUTED-REV,-145.15,-2.50,-142.65,NEGATIVE
2026-09-15 23:00:00,FRN.Flow-In.Ave.15Minutes.3Hours.MIXED-COMPUTED-REV,-2.46,-2.50,0.04,NEGATIVE
2026-09-16 07:00:00,FRN.Flow-In.Ave.15Minutes.3Hours.MIXED-COMPUTED-REV,-2.25,-2.25,0.00,NEGATIVE
2026-09-16 08:00:00,FRN.Flow-In.Ave.15Minutes.3Hours.MIXED-COMPUTED-REV,-156.65,9.35,-166.00,NEGATIVE
2026-09-16 09:00:00,FRN.Flow-In.Ave.15Minutes.3Hours.MIXED-COMPUTED-REV,-168.62,9.35,-177.97,NEGATIVE
2026-09-16 10:00:00,FRN.Flow-In.Ave.15Minutes.3Hours.MIXED-COMPUTED-REV,-144.96,9.35,-154.32,NEGATIVE
2026-09-16 16:00:00,FRN.Flow-In.Ave.15Minutes.3Hours.MIXED-COMPUTED-REV,-49.60,-2.25,-47.35,NEGATIVE
2026-09-16 17:00:00,FRN.Flow-In.Ave.15Minutes.3Hours.MIXED-COMPUTED-REV,-322.13,-2.25,-319.88,NEGATIVE
2026-09-16 18:00:00,FRN.Flow-In.Ave.15Minutes.3Hours.MIXED-COMPUTED-REV,-369.37,-24.09,-345.27,NEGATIVE
2026-09-16 19:00:00,FRN.Flow-In.Ave.15Minutes.3Hours.MIXED-COMPUTED-REV,-108.49,-24.15,-84.34,NEGATIVE
2026-09-16 21:00:00,FRN.Flow-In.Ave.15Minutes.3Hours.MIXED-COMPUTED-REV,-24.89,-24.15,-0.73,NEGATIVE
2026-09-16 22:00:00,FRN.Flow-In.Ave.15Minutes.3Hours.MIXED-COMPUTED-REV,-273.29,-24.09,-249.19,NEGATIVE
2026-09-16 23:00:00,FRN.Flow-In.Ave.15Minutes.3Hours.MIXED-COMPUTED-REV,-391.44,9.35,-400.79,NEGATIVE
2026-09-17 00:00:00,FRN.Flow-In.Ave.15Minutes.3Hours.MIXED-COMPUTED-REV,-249.19,-0.73,-248.46,NEGATIVE
2026-09-17 01:00:00,FRN.Flow-In.Ave.15Minutes.3Hours.MIXED-COMPUTED-REV,-130.88,-24.09,-106.79,NEGATIVE
2026-09-17 06:00:00,FRN.Flow-In.Ave.15Minutes.3Hours.MIXED-COMPUTED-REV,-24.09,-24.09,0.00,NEGATIVE
2026-09-17 07:00:00,FRN.Flow-In.Ave.15Minutes.3Hours.MIXED-COMPUTED-REV,-24.15,-0.73,-23.42,NEGATIVE
2026-09-17 08:00:00,FRN.Flow-In.Ave.15Minutes.3Hours.MIXED-COMPUTED-REV,-130.73,-0.73,-129.99,NEGATIVE
2026-09-17 12:00:00,FRN.Flow-In.Ave.15Minutes.3Hours.MIXED-COMPUTED-REV,-0.73,22.90,-23.64,NEGATIVE
2026-09-17 13:00:00,FRN.Flow-In.Ave.15Minutes.3Hours.MIXED-COMPUTED-REV,-95.35,22.96,-118.31,NEGATIVE
2026-09-17 16:00:00,FRN.Flow-In.Ave.15Minutes.3Hours.MIXED-COMPUTED-REV,-36.20,34.68,-70.89,NEGATIVE
2026-09-17 17:00:00,FRN.Flow-In.Ave.15Minutes.3Hours.MIXED-COMPUTED-REV,-36.17,34.68,-70.85,NEGATIVE
2026-09-17 20:00:00,FRN.Flow-In.Ave.15Minutes.3Hours.MIXED-COMPUTED-REV,-71.80,58.65,-130.46,NEGATIVE
2026-09-17 21:00:00,FRN.Flow-In.Ave.15Minutes.3Hours.MIXED-COMPUTED-REV,-213.49,58.65,-272.14,NEGATIVE
2026-09-17 22:00:00,FRN.Flow-In.Ave.15Minutes.3Hours.MIXED-COMPUTED-REV,-142.46,58.65,-201.11,NEGATIVE
2026-09-18 08:00:00,FRN.Flow-In.Ave.15Minutes.3Hours.MIXED-COMPUTED-REV,-94.99,0.46,-95.45,NEGATIVE
2026-09-18 09:00:00,FRN.Flow-In.Ave.15Minutes.3Hours.MIXED-COMPUTED-REV,-213.24,0.46,-213.70,NEGATIVE
2026-09-18 10:00:00,FRN.Flow-In.Ave.15Minutes.3Hours.MIXED-COMPUTED-REV,-201.49,0.46,-201.95,NEGATIVE
2026-09-18 11:00:00,FRN.Flow-In.Ave.15Minutes.3Hours.MIXED-COMPUTED-REV,-47.98,34.68,-82.66,NEGATIVE
2026-09-18 13:00:00,FRN.Flow-In.Ave.15Minutes.3Hours.MIXED-COMPUTED-REV,-173.65,35.29,-208.94,NEGATIVE
2026-09-18 14:00:00,FRN.Flow-In.Ave.15Minutes.3Hours.MIXED-COMPUTED-REV,-208.53,1.06,-209.59,NEGATIVE
2026-09-18 15:00:00,FRN.Flow-In.Ave.15Minutes.3Hours.MIXED-COMPUTED-REV,-138.87,0.46,-139.33,NEGATIVE
2026-09-18 19:00:00,FRN.Flow-In.Ave.15Minutes.3Hours.MIXED-COMPUTED-REV,-45.94,0.46,-46.40,NEGATIVE
2026-09-18 20:00:00,FRN.Flow-In.Ave.15Minutes.3Hours.MIXED-COMPUTED-REV,-196.63,-45.94,-150.69,NEGATIVE
2026-09-18 21:00:00,FRN.Flow-In.Ave.15Minutes.3Hours.MIXED-COMPUTED-REV,-208.22,-45.94,-162.28,NEGATIVE
2026-09-18 22:00:00,FRN.Flow-In.Ave.15Minutes.3Hours.MIXED-COMPUTED-REV,-92.25,-45.94,-46.31,NEGATIVE
2026-09-19 03:00:00,FRN.Flow-In.Ave.15Minutes.3Hours.MIXED-COMPUTED-REV,-103.15,1.06,-104.21,NEGATIVE
2026-09-19 08:00:00,FRN.Flow-In.Ave.15Minutes.3Hours.MIXED-COMPUTED-REV,-57.08,1.06,-58.14,NEGATIVE
2026-09-19 09:00:00,FRN.Flow-In.Ave.15Minutes.3Hours.MIXED-COMPUTED-REV,-172.96,1.06,-174.02,NEGATIVE
2026-09-19 10:00:00,FRN.Flow-In.Ave.15Minutes.3Hours.MIXED-COMPUTED-REV,-92.12,24.06,-116.18,NEGATIVE
2026-09-19 14:00:00,FRN.Flow-In.Ave.15Minutes.3Hours.MIXED-COMPUTED-REV,-92.34,1.06,-93.39,NEGATIVE
2026-09-19 15:00:00,FRN.Flow-In.Ave.15Minutes.3Hours.MIXED-COMPUTED-REV,-208.19,1.06,-209.25,NEGATIVE
2026-09-19 16:00:00,FRN.Flow-In.Ave.15Minutes.3Hours.MIXED-COMPUTED-REV,-196.86,1.06,-197.92,NEGATIVE
2026-09-19 17:00:00,FRN.Flow-In.Ave.15Minutes.3Hours.MIXED-COMPUTED-REV,-46.51,24.06,-70.58,NEGATIVE
2026-09-20 01:00:00,FRN.Flow-In.Ave.15Minutes.3Hours.MIXED-COMPUTED-REV,-172.54,35.66,-208.20,NEGATIVE
2026-09-20 02:00:00,FRN.Flow-In.Ave.15Minutes.3Hours.MIXED-COMPUTED-REV,-207.02,34.92,-241.94,NEGATIVE
2026-09-20 03:00:00,FRN.Flow-In.Ave.15Minutes.3Hours.MIXED-COMPUTED-REV,-137.66,35.66,-173.32,NEGATIVE
2026-09-20 11:00:00,FRN.Flow-In.Ave.15Minutes.3Hours.MIXED-COMPUTED-REV,-172.17,1.07,-173.24,NEGATIVE
2026-09-20 12:00:00,FRN.Flow-In.Ave.15Minutes.3Hours.MIXED-COMPUTED-REV,-206.97,1.07,-208.04,NEGATIVE
2026-09-20 13:00:00,FRN.Flow-In.Ave.15Minutes.3Hours.MIXED-COMPUTED-REV,-138.06,23.67,-161.72,NEGATIVE
2026-09-20 17:00:00,FRN.Flow-In.Ave.15Minutes.3Hours.MIXED-COMPUTED-REV,-45.25,58.82,-104.07,NEGATIVE
2026-09-20 18:00:00,FRN.Flow-In.Ave.15Minutes.3Hours.MIXED-COMPUTED-REV,-195.11,34.92,-230.03,NEGATIVE
2026-09-20 19:00:00,FRN.Flow-In.Ave.15Minutes.3Hours.MIXED-COMPUTED-REV,-160.61,23.67,-184.27,NEGATIVE
2026-09-20 20:00:00,FRN.Flow-In.Ave.15Minutes.3Hours.MIXED-COMPUTED-REV,-10.97,1.07,-12.04,NEGATIVE
2026-09-20 23:00:00,FRN.Flow-In.Ave.15Minutes.3Hours.MIXED-COMPUTED-REV,-10.64,-10.97,0.33,NEGATIVE
2026-09-21 05:00:00,FRN.Flow-In.Ave.15Minutes.3Hours.MIXED-COMPUTED-REV,-44.57,-10.64,-33.94,NEGATIVE
2026-09-21 06:00:00,FRN.Flow-In.Ave.15Minutes.3Hours.MIXED-COMPUTED-REV,-90.62,-10.64,-79.98,NEGATIVE
2026-09-21 07:00:00,FRN.Flow-In.Ave.15Minutes.3Hours.MIXED-COMPUTED-REV,-102.13,1.24,-103.37,NEGATIVE
2026-09-21 08:00:00,FRN.Flow-In.Ave.15Minutes.3Hours.MIXED-COMPUTED-REV,-90.62,23.67,-114.29,NEGATIVE
2026-09-21 09:00:00,FRN.Flow-In.Ave.15Minutes.3Hours.MIXED-COMPUTED-REV,-44.58,35.92,-80.50,NEGATIVE
2026-09-21 10:00:00,FRN.Flow-In.Ave.15Minutes.3Hours.MIXED-COMPUTED-REV,-33.15,23.67,-56.81,NEGATIVE
2026-09-21 16:00:00,FRN.Flow-In.Ave.15Minutes.3Hours.MIXED-COMPUTED-REV,-136.56,-33.15,-103.42,NEGATIVE
2026-09-21 17:00:00,FRN.Flow-In.Ave.15Minutes.3Hours.MIXED-COMPUTED-REV,-205.67,-33.15,-172.53,NEGATIVE
2026-09-21 18:00:00,FRN.Flow-In.Ave.15Minutes.3Hours.MIXED-COMPUTED-REV,-171.29,1.24,-172.53,NEGATIVE
2026-09-21 22:00:00,FRN.Flow-In.Ave.15Minutes.3Hours.MIXED-COMPUTED-REV,-44.36,70.17,-114.53,NEGATIVE
2026-09-21 23:00:00,FRN.Flow-In.Ave.15Minutes.3Hours.MIXED-COMPUTED-REV,-193.74,70.17,-263.91,NEGATIVE
2026-09-22 00:00:00,FRN.Flow-In.Ave.15Minutes.3Hours.MIXED-COMPUTED-REV,-205.23,58.91,-264.14,NEGATIVE
2026-09-22 01:00:00,FRN.Flow-In.Ave.15Minutes.3Hours.MIXED-COMPUTED-REV,-90.38,35.92,-126.30,NEGATIVE
2026-09-22 10:00:00,FRN.Flow-In.Ave.15Minutes.3Hours.MIXED-COMPUTED-REV,-44.66,58.91,-103.57,NEGATIVE
2026-09-22 11:00:00,FRN.Flow-In.Ave.15Minutes.3Hours.MIXED-COMPUTED-REV,-194.19,58.91,-253.11,"SPIKE,NEGATIVE"
2026-09-22 12:00:00,FRN.Flow-In.Ave.15Minutes.3Hours.MIXED-COMPUTED-REV,-205.67,58.91,-264.58,"SPIKE,NEGATIVE"
2026-09-22 13:00:00,FRN.Flow-In.Ave.15Minutes.3Hours.MIXED-COMPUTED-REV,-90.67,69.68,-160.35,NEGATIVE
2026-09-22 21:00:00,FRN.Flow-In.Ave.15Minutes.3Hours.MIXED-COMPUTED-REV,-90.69,58.53,-149.22,NEGATIVE
2026-09-22 22:00:00,FRN.Flow-In.Ave.15Minutes.3Hours.MIXED-COMPUTED-REV,-205.49,58.53,-264.02,NEGATIVE
2026-09-22 23:00:00,FRN.Flow-In.Ave.15Minutes.3Hours.MIXED-COMPUTED-REV,-193.88,58.88,-252.76,NEGATIVE
2026-09-23 00:00:00,FRN.Flow-In.Ave.15Minutes.3Hours.MIXED-COMPUTED-REV,-44.40,59.06,-103.46,NEGATIVE
2026-09-23 03:00:00,FRN.Flow-In.Ave.15Minutes.3Hours.MIXED-COMPUTED-REV,-44.24,59.06,-103.30,NEGATIVE
2026-09-23 04:00:00,FRN.Flow-In.Ave.15Minutes.3Hours.MIXED-COMPUTED-REV,-193.46,58.53,-251.99,NEGATIVE
2026-09-23 05:00:00,FRN.Flow-In.Ave.15Minutes.3Hours.MIXED-COMPUTED-REV,-204.94,34.83,-239.77,NEGATIVE
2026-09-23 06:00:00,FRN.Flow-In.Ave.15Minutes.3Hours.MIXED-COMPUTED-REV,-90.16,34.83,-124.98,NEGATIVE
2026-09-23 14:00:00,FRN.Flow-In.Ave.15Minutes.3Hours.MIXED-COMPUTED-REV,-170.92,-21.43,-149.49,NEGATIVE
2026-09-23 15:00:00,FRN.Flow-In.Ave.15Minutes.3Hours.MIXED-COMPUTED-REV,-205.58,-21.43,-184.15,NEGATIVE
2026-09-23 16:00:00,FRN.Flow-In.Ave.15Minutes.3Hours.MIXED-COMPUTED-REV,-137.11,-10.09,-127.02,NEGATIVE
2026-09-23 20:00:00,FRN.Flow-In.Ave.15Minutes.3Hours.MIXED-COMPUTED-REV,-125.23,1.33,-126.57,NEGATIVE
2026-09-23 21:00:00,FRN.Flow-In.Ave.15Minutes.3Hours.MIXED-COMPUTED-REV,-205.31,-10.09,-195.22,NEGATIVE
2026-09-23 22:00:00,FRN.Flow-In.Ave.15Minutes.3Hours.MIXED-COMPUTED-REV,-159.19,-10.09,-149.10,NEGATIVE
2026-09-23 23:00:00,FRN.Flow-In.Ave.15Minutes.3Hours.MIXED-COMPUTED-REV,-10.09,-10.09,0.00,NEGATIVE
2026-09-24 00:00:00,FRN.Flow-In.Ave.15Minutes.3Hours.MIXED-COMPUTED-REV,-21.43,-10.09,-11.34,NEGATIVE
2026-09-24 01:00:00,FRN.Flow-In.Ave.15Minutes.3Hours.MIXED-COMPUTED-REV,-147.28,-10.09,-137.19,NEGATIVE
2026-09-24 02:00:00,FRN.Flow-In.Ave.15Minutes.3Hours.MIXED-COMPUTED-REV,-192.98,-10.09,-182.89,NEGATIVE
2026-09-24 07:00:00,FRN.Flow-In.Ave.15Minutes.3Hours.MIXED-COMPUTED-REV,-159.01,-10.37,-148.64,NEGATIVE
2026-09-24 08:00:00,FRN.Flow-In.Ave.15Minutes.3Hours.MIXED-COMPUTED-REV,-181.93,-21.43,-160.50,NEGATIVE
2026-09-24 09:00:00,FRN.Flow-In.Ave.15Minutes.3Hours.MIXED-COMPUTED-REV,-44.62,-21.43,-23.19,NEGATIVE
2026-09-24 16:00:00,FRN.Flow-In.Ave.15Minutes.3Hours.MIXED-COMPUTED-REV,-170.42,0.97,-171.39,NEGATIVE
2026-09-24 17:00:00,FRN.Flow-In.Ave.15Minutes.3Hours.MIXED-COMPUTED-REV,-204.68,0.97,-205.65,NEGATIVE
2026-09-24 18:00:00,FRN.Flow-In.Ave.15Minutes.3Hours.MIXED-COMPUTED-REV,-136.26,0.97,-137.23,NEGATIVE
2026-09-24 19:00:00,FRN.Flow-In.Ave.15Minutes.3Hours.MIXED-COMPUTED-REV,-10.37,0.97,-11.35,NEGATIVE
2026-09-24 20:00:00,FRN.Flow-In.Ave.15Minutes.3Hours.MIXED-COMPUTED-REV,-124.28,13.49,-137.77,NEGATIVE
2026-09-24 21:00:00,FRN.Flow-In.Ave.15Minutes.3Hours.MIXED-COMPUTED-REV,-123.94,47.48,-171.43,NEGATIVE
2026-09-24 22:00:00,FRN.Flow-In.Ave.15Minutes.3Hours.MIXED-COMPUTED-REV,-21.12,69.57,-90.69,NEGATIVE
2026-09-25 00:00:00,FRN.Flow-In.Ave.15Minutes.3Hours.MIXED-COMPUTED-REV,-9.47,13.49,-22.96,NEGATIVE
2026-09-25 01:00:00,FRN.Flow-In.Ave.15Minutes.3Hours.MIXED-COMPUTED-REV,-66.45,0.97,-67.42,NEGATIVE
2026-09-25 11:00:00,FRN.Flow-In.Ave.15Minutes.3Hours.MIXED-COMPUTED-REV,-262.46,139.00,-401.47,NEGATIVE
2026-09-25 12:00:00,FRN.Flow-In.Ave.15Minutes.3Hours.MIXED-COMPUTED-REV,-572.36,242.35,-814.72,NEGATIVE
2026-09-25 13:00:00,FRN.Flow-In.Ave.15Minutes.3Hours.MIXED-COMPUTED-REV,-308.36,345.70,-654.06,NEGATIVE
2025-10-01 00:00:00,GPR.Flow-In.Ave.1Hour.3Hours.CBT-COMPUTED-REV,-77.74,84.74,-162.47,NEGATIVE
2025-10-01 20:00:00,GPR.Flow-In.Ave.1Hour.3Hours.CBT-COMPUTED-REV,-71.04,84.74,-155.79,NEGATIVE
2025-10-01 21:00:00,GPR.Flow-In.Ave.1Hour.3Hours.CBT-COMPUTED-REV,-78.87,84.74,-163.61,NEGATIVE
2025-10-01 22:00:00,GPR.Flow-In.Ave.1Hour.3Hours.CBT-COMPUTED-REV,-97.33,84.74,-182.07,NEGATIVE
2025-10-01 23:00:00,GPR.Flow-In.Ave.1Hour.3Hours.CBT-COMPUTED-REV,-22.99,84.74,-107.73,NEGATIVE
2025-10-02 20:00:00,GPR.Flow-In.Ave.1Hour.3Hours.CBT-COMPUTED-REV,-105.01,119.12,-224.13,NEGATIVE
2025-10-02 21:00:00,GPR.Flow-In.Ave.1Hour.3Hours.CBT-COMPUTED-REV,-106.29,119.12,-225.42,NEGATIVE
2025-10-02 22:00:00,GPR.Flow-In.Ave.1Hour.3Hours.CBT-COMPUTED-REV,-73.36,119.12,-192.48,NEGATIVE
2025-10-02 23:00:00,GPR.Flow-In.Ave.1Hour.3Hours.CBT-COMPUTED-REV,-6.24,119.12,-125.36,NEGATIVE
2025-10-06 18:00:00,GPR.Flow-In.Ave.1Hour.3Hours.CBT-COMPUTED-REV,-9.33,173.69,-183.02,NEGATIVE
2025-10-15 16:00:00,GPR.Flow-In.Ave.1Hour.3Hours.CBT-COMPUTED-REV,639.35,327.05,312.30,SPIKE
2025-10-15 17:00:00,GPR.Flow-In.Ave.1Hour.3Hours.CBT-COMPUTED-REV,654.49,309.02,345.47,SPIKE
2025-10-17 19:00:00,GPR.Flow-In.Ave.1Hour.3Hours.CBT-COMPUTED-REV,1000.53,277.63,722.90,SPIKE
2025-10-17 20:00:00,GPR.Flow-In.Ave.1Hour.3Hours.CBT-COMPUTED-REV,1031.17,295.05,736.12,SPIKE
2025-10-17 21:00:00,GPR.Flow-In.Ave.1Hour.3Hours.CBT-COMPUTED-REV,908.50,295.05,613.45,SPIKE
2025-10-17 22:00:00,GPR.Flow-In.Ave.1Hour.3Hours.CBT-COMPUTED-REV,663.15,295.05,368.10,SPIKE
2025-10-20 19:00:00,GPR.Flow-In.Ave.1Hour.3Hours.CBT-COMPUTED-REV,902.35,466.95,435.39,SPIKE
2025-10-20 20:00:00,GPR.Flow-In.Ave.1Hour.3Hours.CBT-COMPUTED-REV,917.67,466.95,450.72,SPIKE
2025-10-20 21:00:00,GPR.Flow-In.Ave.1Hour.3Hours.CBT-COMPUTED-REV,918.13,459.20,458.93,SPIKE
2025-10-20 23:00:00,GPR.Flow-In.Ave.1Hour.3Hours.CBT-COMPUTED-REV,-4.41,443.44,-447.85,"SPIKE,NEGATIVE"
2025-10-21 00:00:00,GPR.Flow-In.Ave.1Hour.3Hours.CBT-COMPUTED-REV,-18.77,430.32,-449.09,"SPIKE,NEGATIVE"
2025-10-21 01:00:00,GPR.Flow-In.Ave.1Hour.3Hours.CBT-COMPUTED-REV,-33.12,430.32,-463.44,"SPIKE,NEGATIVE"
2025-10-23 03:00:00,GPR.Flow-In.Ave.1Hour.3Hours.CBT-COMPUTED-REV,-45.17,137.87,-183.05,NEGATIVE
2025-10-23 04:00:00,GPR.Flow-In.Ave.1Hour.3Hours.CBT-COMPUTED-REV,-12.42,137.87,-150.30,NEGATIVE
2025-10-28 23:00:00,GPR.Flow-In.Ave.1Hour.3Hours.CBT-COMPUTED-REV,1167.82,710.19,457.63,SPIKE
2025-10-29 00:00:00,GPR.Flow-In.Ave.1Hour.3Hours.CBT-COMPUTED-REV,1141.22,710.19,431.03,SPIKE
2025-11-02 05:00:00,GPR.Flow-In.Ave.1Hour.3Hours.CBT-COMPUTED-REV,2736.58,1906.39,830.18,SPIKE
2025-11-02 06:00:00,GPR.Flow-In.Ave.1Hour.3Hours.CBT-COMPUTED-REV,3042.61,1906.39,1136.22,SPIKE
2025-11-02 07:00:00,GPR.Flow-In.Ave.1Hour.3Hours.CBT-COMPUTED-REV,3128.34,1906.39,1221.95,SPIKE
2025-11-02 08:00:00,GPR.Flow-In.Ave.1Hour.3Hours.CBT-COMPUTED-REV,3055.00,1906.39,1148.61,SPIKE
2025-11-02 09:00:00,GPR.Flow-In.Ave.1Hour.3Hours.CBT-COMPUTED-REV,2895.91,1906.39,989.51,SPIKE
2025-11-02 10:00:00,GPR.Flow-In.Ave.1Hour.3Hours.CBT-COMPUTED-REV,2712.25,1906.39,805.86,SPIKE
2025-11-02 11:00:00,GPR.Flow-In.Ave.1Hour.3Hours.CBT-COMPUTED-REV,2528.58,1906.39,622.18,SPIKE
2025-11-26 01:00:00,GPR.Flow-In.Ave.1Hour.3Hours.CBT-COMPUTED-REV,219.77,536.16,-316.39,SPIKE
2025-11-26 02:00:00,GPR.Flow-In.Ave.1Hour.3Hours.CBT-COMPUTED-REV,214.01,536.16,-322.15,SPIKE
2025-12-06 02:00:00,GPR.Flow-In.Ave.1Hour.3Hours.CBT-COMPUTED-REV,6966.26,5083.25,1883.01,SPIKE
2025-12-06 03:00:00,GPR.Flow-In.Ave.1Hour.3Hours.CBT-COMPUTED-REV,7575.81,5083.25,2492.55,SPIKE
2025-12-06 04:00:00,GPR.Flow-In.Ave.1Hour.3Hours.CBT-COMPUTED-REV,7943.78,5083.25,2860.53,SPIKE
2025-12-06 05:00:00,GPR.Flow-In.Ave.1Hour.3Hours.CBT-COMPUTED-REV,7649.53,5083.25,2566.28,SPIKE
2025-12-06 06:00:00,GPR.Flow-In.Ave.1Hour.3Hours.CBT-COMPUTED-REV,7575.69,5083.25,2492.43,SPIKE
2025-12-06 07:00:00,GPR.Flow-In.Ave.1Hour.3Hours.CBT-COMPUTED-REV,7340.24,5083.25,2256.99,SPIKE
2025-12-06 08:00:00,GPR.Flow-In.Ave.1Hour.3Hours.CBT-COMPUTED-REV,7254.72,5083.25,2171.47,SPIKE
2025-12-06 09:00:00,GPR.Flow-In.Ave.1Hour.3Hours.CBT-COMPUTED-REV,7156.18,5083.25,2072.93,SPIKE
2025-12-06 10:00:00,GPR.Flow-In.Ave.1Hour.3Hours.CBT-COMPUTED-REV,6651.47,5083.25,1568.22,SPIKE
2025-12-16 07:00:00,GPR.Flow-In.Ave.1Hour.3Hours.CBT-COMPUTED-REV,4525.03,3274.38,1250.65,SPIKE
2025-12-16 08:00:00,GPR.Flow-In.Ave.1Hour.3Hours.CBT-COMPUTED-REV,5139.58,3274.38,1865.20,SPIKE
2025-12-16 09:00:00,GPR.Flow-In.Ave.1Hour.3Hours.CBT-COMPUTED-REV,5194.07,3274.38,1919.69,SPIKE
2025-12-16 10:00:00,GPR.Flow-In.Ave.1Hour.3Hours.CBT-COMPUTED-REV,4625.23,3274.38,1350.85,SPIKE
2025-12-19 08:00:00,GPR.Flow-In.Ave.1Hour.3Hours.CBT-COMPUTED-REV,35212.94,26837.61,8375.32,SPIKE
2025-12-19 09:00:00,GPR.Flow-In.Ave.1Hour.3Hours.CBT-COMPUTED-REV,36366.51,26837.61,9528.90,SPIKE
2025-12-19 10:00:00,GPR.Flow-In.Ave.1Hour.3Hours.CBT-COMPUTED-REV,38148.34,26837.61,11310.73,"SPIKE,JUMP"
2025-12-19 11:00:00,GPR.Flow-In.Ave.1Hour.3Hours.CBT-COMPUTED-REV,37607.37,26837.61,10769.76,"SPIKE,JUMP"
2025-12-19 12:00:00,GPR.Flow-In.Ave.1Hour.3Hours.CBT-COMPUTED-REV,38195.85,26837.61,11358.24,SPIKE
2025-12-19 13:00:00,GPR.Flow-In.Ave.1Hour.3Hours.CBT-COMPUTED-REV,37763.16,26837.61,10925.55,SPIKE
2025-12-19 14:00:00,GPR.Flow-In.Ave.1Hour.3Hours.CBT-COMPUTED-REV,35581.22,26837.61,8743.60,SPIKE
2026-01-28 04:00:00,GPR.Flow-In.Ave.1Hour.3Hours.CBT-COMPUTED-REV,1673.97,593.83,1080.14,SPIKE
2026-01-28 05:00:00,GPR.Flow-In.Ave.1Hour.3Hours.CBT-COMPUTED-REV,1575.33,593.83,981.50,SPIKE
2026-02-09 11:00:00,GPR.Flow-In.Ave.1Hour.3Hours.CBT-COMPUTED-REV,3916.58,3106.79,809.79,SPIKE
2026-02-12 01:00:00,GPR.Flow-In.Ave.1Hour.3Hours.CBT-COMPUTED-REV,1907.66,1412.38,495.28,SPIKE
2026-02-12 02:00:00,GPR.Flow-In.Ave.1Hour.3Hours.CBT-COMPUTED-REV,1969.54,1410.71,558.83,SPIKE
2026-02-12 03:00:00,GPR.Flow-In.Ave.1Hour.3Hours.CBT-COMPUTED-REV,1922.94,1342.31,580.64,SPIKE
2026-02-20 01:00:00,GPR.Flow-In.Ave.1Hour.3Hours.CBT-COMPUTED-REV,1428.18,1009.01,419.17,SPIKE
2026-02-20 02:00:00,GPR.Flow-In.Ave.1Hour.3Hours.CBT-COMPUTED-REV,1452.76,963.48,489.28,SPIKE
2026-02-20 03:00:00,GPR.Flow-In.Ave.1Hour.3Hours.CBT-COMPUTED-REV,1330.01,962.64,367.37,SPIKE
2026-03-02 23:00:00,GPR.Flow-In.Ave.1Hour.3Hours.CBT-COMPUTED-REV,1163.48,1574.48,-411.00,SPIKE
2026-03-14 21:00:00,GPR.Flow-In.Ave.1Hour.3Hours.CBT-COMPUTED-REV,14434.15,10496.02,3938.13,SPIKE
2026-03-14 22:00:00,GPR.Flow-In.Ave.1Hour.3Hours.CBT-COMPUTED-REV,14016.59,10496.02,3520.56,SPIKE
2026-03-14 23:00:00,GPR.Flow-In.Ave.1Hour.3Hours.CBT-COMPUTED-REV,13527.14,10496.02,3031.12,SPIKE
2026-03-22 17:00:00,GPR.Flow-In.Ave.1Hour.3Hours.CBT-COMPUTED-REV,6114.11,1046.81,5067.30,SPIKE
2026-03-22 18:00:00,GPR.Flow-In.Ave.1Hour.3Hours.CBT-COMPUTED-REV,6190.43,1046.81,5143.62,SPIKE
2026-03-22 19:00:00,GPR.Flow-In.Ave.1Hour.3Hours.CBT-COMPUTED-REV,6178.81,1046.81,5132.00,SPIKE
2026-03-22 21:00:00,GPR.Flow-In.Ave.1Hour.3Hours.CBT-COMPUTED-REV,-4001.80,1047.19,-5048.99,"SPIKE,NEGATIVE"
2026-03-22 22:00:00,GPR.Flow-In.Ave.1Hour.3Hours.CBT-COMPUTED-REV,-3953.42,1047.19,-5000.61,"SPIKE,NEGATIVE"
2026-03-22 23:00:00,GPR.Flow-In.Ave.1Hour.3Hours.CBT-COMPUTED-REV,-3919.17,1027.25,-4946.42,"SPIKE,NEGATIVE"
2026-03-27 21:00:00,GPR.Flow-In.Ave.1Hour.3Hours.CBT-COMPUTED-REV,972.92,1418.15,-445.23,SPIKE
2026-03-27 22:00:00,GPR.Flow-In.Ave.1Hour.3Hours.CBT-COMPUTED-REV,938.06,1418.15,-480.09,SPIKE
2026-04-11 13:00:00,GPR.Flow-In.Ave.1Hour.3Hours.CBT-COMPUTED-REV,1265.91,997.87,268.03,SPIKE
2026-04-11 14:00:00,GPR.Flow-In.Ave.1Hour.3Hours.CBT-COMPUTED-REV,1265.92,997.87,268.05,SPIKE
2026-04-15 21:00:00,GPR.Flow-In.Ave.1Hour.3Hours.CBT-COMPUTED-REV,4698.41,3016.08,1682.32,SPIKE
2026-04-15 22:00:00,GPR.Flow-In.Ave.1Hour.3Hours.CBT-COMPUTED-REV,4820.69,3245.26,1575.43,SPIKE
2026-04-15 23:00:00,GPR.Flow-In.Ave.1Hour.3Hours.CBT-COMPUTED-REV,4846.38,3245.26,1601.12,SPIKE
2026-04-16 00:00:00,GPR.Flow-In.Ave.1Hour.3Hours.CBT-COMPUTED-REV,4859.22,3245.26,1613.96,SPIKE
2026-04-23 22:00:00,GPR.Flow-In.Ave.1Hour.3Hours.CBT-COMPUTED-REV,2466.49,1471.04,995.45,SPIKE
2026-04-23 23:00:00,GPR.Flow-In.Ave.1Hour.3Hours.CBT-COMPUTED-REV,3351.98,1471.04,1880.94,SPIKE
2026-04-24 00:00:00,GPR.Flow-In.Ave.1Hour.3Hours.CBT-COMPUTED-REV,4204.11,1471.04,2733.07,SPIKE
2026-04-24 01:00:00,GPR.Flow-In.Ave.1Hour.3Hours.CBT-COMPUTED-REV,4171.16,1471.04,2700.12,SPIKE
2026-04-24 02:00:00,GPR.Flow-In.Ave.1Hour.3Hours.CBT-COMPUTED-REV,3218.73,1471.04,1747.69,SPIKE
2026-04-24 03:00:00,GPR.Flow-In.Ave.1Hour.3Hours.CBT-COMPUTED-REV,2311.97,1458.96,853.01,SPIKE
2026-05-03 02:00:00,GPR.Flow-In.Ave.1Hour.3Hours.CBT-COMPUTED-REV,821.88,418.91,402.97,SPIKE
2026-05-03 03:00:00,GPR.Flow-In.Ave.1Hour.3Hours.CBT-COMPUTED-REV,922.86,418.91,503.95,SPIKE
2026-05-03 04:00:00,GPR.Flow-In.Ave.1Hour.3Hours.CBT-COMPUTED-REV,855.71,417.71,438.00,SPIKE
2026-05-15 15:00:00,GPR.Flow-In.Ave.1Hour.3Hours.CBT-COMPUTED-REV,-30.47,98.84,-129.32,NEGATIVE
2026-05-15 22:00:00,GPR.Flow-In.Ave.1Hour.3Hours.CBT-COMPUTED-REV,-55.64,130.64,-186.28,NEGATIVE
2026-05-15 23:00:00,GPR.Flow-In.Ave.1Hour.3Hours.CBT-COMPUTED-REV,-0.75,152.12,-152.87,NEGATIVE
2026-05-16 00:00:00,GPR.Flow-In.Ave.1Hour.3Hours.CBT-COMPUTED-REV,-3.16,152.12,-155.28,NEGATIVE
2026-05-19 17:00:00,GPR.Flow-In.Ave.1Hour.3Hours.CBT-COMPUTED-REV,-76.22,338.10,-414.32,"SPIKE,NEGATIVE"
2026-05-19 18:00:00,GPR.Flow-In.Ave.1Hour.3Hours.CBT-COMPUTED-REV,-47.98,338.10,-386.08,"SPIKE,NEGATIVE"
2026-05-19 19:00:00,GPR.Flow-In.Ave.1Hour.3Hours.CBT-COMPUTED-REV,-27.20,338.10,-365.30,NEGATIVE
2026-05-20 18:00:00,GPR.Flow-In.Ave.1Hour.3Hours.CBT-COMPUTED-REV,-125.42,237.93,-363.35,NEGATIVE
2026-05-20 19:00:00,GPR.Flow-In.Ave.1Hour.3Hours.CBT-COMPUTED-REV,-162.85,237.93,-400.78,NEGATIVE
2026-05-20 20:00:00,GPR.Flow-In.Ave.1Hour.3Hours.CBT-COMPUTED-REV,-144.52,237.93,-382.45,NEGATIVE
2026-05-21 02:00:00,GPR.Flow-In.Ave.1Hour.3Hours.CBT-COMPUTED-REV,-21.02,399.21,-420.23,NEGATIVE
2026-05-22 04:00:00,GPR.Flow-In.Ave.1Hour.3Hours.CBT-COMPUTED-REV,-1.99,358.59,-360.58,NEGATIVE
2026-05-22 19:00:00,GPR.Flow-In.Ave.1Hour.3Hours.CBT-COMPUTED-REV,-5.25,380.88,-386.13,NEGATIVE
2026-05-30 16:00:00,GPR.Flow-In.Ave.1Hour.3Hours.CBT-COMPUTED-REV,-31.54,373.07,-404.61,NEGATIVE
2026-05-31 15:00:00,GPR.Flow-In.Ave.1Hour.3Hours.CBT-COMPUTED-REV,-45.04,322.80,-367.84,NEGATIVE
2026-05-31 16:00:00,GPR.Flow-In.Ave.1Hour.3Hours.CBT-COMPUTED-REV,-101.58,322.80,-424.38,NEGATIVE
2026-06-01 04:00:00,GPR.Flow-In.Ave.1Hour.3Hours.CBT-COMPUTED-REV,-58.90,322.80,-381.70,NEGATIVE
2026-06-01 05:00:00,GPR.Flow-In.Ave.1Hour.3Hours.CBT-COMPUTED-REV,-50.18,322.80,-372.98,NEGATIVE
2026-06-01 16:00:00,GPR.Flow-In.Ave.1Hour.3Hours.CBT-COMPUTED-REV,-22.05,264.38,-286.42,NEGATIVE
2026-06-02 04:00:00,GPR.Flow-In.Ave.1Hour.3Hours.CBT-COMPUTED-REV,-105.44,290.40,-395.84,NEGATIVE
2026-06-02 05:00:00,GPR.Flow-In.Ave.1Hour.3Hours.CBT-COMPUTED-REV,-61.41,290.40,-351.81,NEGATIVE
2026-06-02 18:00:00,GPR.Flow-In.Ave.1Hour.3Hours.CBT-COMPUTED-REV,-75.57,282.35,-357.91,NEGATIVE
2026-06-02 19:00:00,GPR.Flow-In.Ave.1Hour.3Hours.CBT-COMPUTED-REV,-0.87,290.40,-291.27,NEGATIVE
2026-06-05 01:00:00,GPR.Flow-In.Ave.1Hour.3Hours.CBT-COMPUTED-REV,-72.53,255.39,-327.92,NEGATIVE
2026-06-05 02:00:00,GPR.Flow-In.Ave.1Hour.3Hours.CBT-COMPUTED-REV,-165.18,255.39,-420.57,NEGATIVE
2026-06-06 02:00:00,GPR.Flow-In.Ave.1Hour.3Hours.CBT-COMPUTED-REV,-6.16,199.05,-205.21,NEGATIVE
2026-06-10 17:00:00,GPR.Flow-In.Ave.1Hour.3Hours.CBT-COMPUTED-REV,-2457.54,681.51,-3139.06,"SPIKE,NEGATIVE"
2026-06-10 18:00:00,GPR.Flow-In.Ave.1Hour.3Hours.CBT-COMPUTED-REV,-5343.51,585.52,-5929.03,"SPIKE,JUMP,NEGATIVE"
2026-06-10 19:00:00,GPR.Flow-In.Ave.1Hour.3Hours.CBT-COMPUTED-REV,-4406.09,585.52,-4991.61,"SPIKE,NEGATIVE"
2026-06-10 20:00:00,GPR.Flow-In.Ave.1Hour.3Hours.CBT-COMPUTED-REV,-1502.97,585.52,-2088.50,"SPIKE,NEGATIVE"
2026-06-10 21:00:00,GPR.Flow-In.Ave.1Hour.3Hours.CBT-COMPUTED-REV,4365.50,585.52,3779.98,SPIKE
2026-06-10 22:00:00,GPR.Flow-In.Ave.1Hour.3Hours.CBT-COMPUTED-REV,6181.04,585.52,5595.51,"SPIKE,JUMP"
2026-06-10 23:00:00,GPR.Flow-In.Ave.1Hour.3Hours.CBT-COMPUTED-REV,5119.57,574.40,4545.17,SPIKE
2026-06-11 00:00:00,GPR.Flow-In.Ave.1Hour.3Hours.CBT-COMPUTED-REV,2157.55,551.06,1606.48,SPIKE
2026-06-11 01:00:00,GPR.Flow-In.Ave.1Hour.3Hours.CBT-COMPUTED-REV,-804.29,549.93,-1354.21,"JUMP,NEGATIVE"
2026-06-13 02:00:00,GPR.Flow-In.Ave.1Hour.3Hours.CBT-COMPUTED-REV,-3.81,406.21,-410.02,NEGATIVE
2026-06-13 03:00:00,GPR.Flow-In.Ave.1Hour.3Hours.CBT-COMPUTED-REV,-46.25,406.21,-452.46,NEGATIVE
2026-06-19 10:00:00,GPR.Flow-In.Ave.1Hour.3Hours.CBT-COMPUTED-REV,465.57,192.87,272.70,SPIKE
2026-06-19 11:00:00,GPR.Flow-In.Ave.1Hour.3Hours.CBT-COMPUTED-REV,476.12,192.87,283.25,SPIKE
2026-06-26 00:00:00,GPR.Flow-In.Ave.1Hour.3Hours.CBT-COMPUTED-REV,-6.79,140.12,-146.90,NEGATIVE
2026-07-04 22:00:00,GPR.Flow-In.Ave.1Hour.3Hours.CBT-COMPUTED-REV,-12.46,186.28,-198.74,NEGATIVE
2026-07-05 22:00:00,GPR.Flow-In.Ave.1Hour.3Hours.CBT-COMPUTED-REV,-27.37,158.51,-185.88,NEGATIVE
2026-07-08 22:00:00,GPR.Flow-In.Ave.1Hour.3Hours.CBT-COMPUTED-REV,-1.60,157.60,-159.20,NEGATIVE
2026-07-09 00:00:00,GPR.Flow-In.Ave.1Hour.3Hours.CBT-COMPUTED-REV,-16.51,130.71,-147.21,NEGATIVE
2026-07-09 22:00:00,GPR.Flow-In.Ave.1Hour.3Hours.CBT-COMPUTED-REV,-100.16,130.29,-230.45,NEGATIVE
2026-07-09 23:00:00,GPR.Flow-In.Ave.1Hour.3Hours.CBT-COMPUTED-REV,-20.98,130.29,-151.26,NEGATIVE
2026-07-11 00:00:00,GPR.Flow-In.Ave.1Hour.3Hours.CBT-COMPUTED-REV,-4.65,103.37,-108.02,NEGATIVE
2026-07-11 01:00:00,GPR.Flow-In.Ave.1Hour.3Hours.CBT-COMPUTED-REV,-33.51,103.37,-136.87,NEGATIVE
2026-07-11 02:00:00,GPR.Flow-In.Ave.1Hour.3Hours.CBT-COMPUTED-REV,-22.72,103.37,-126.09,NEGATIVE
2026-07-12 00:00:00,GPR.Flow-In.Ave.1Hour.3Hours.CBT-COMPUTED-REV,-18.96,129.68,-148.64,NEGATIVE
2026-07-12 01:00:00,GPR.Flow-In.Ave.1Hour.3Hours.CBT-COMPUTED-REV,-38.09,129.58,-167.67,NEGATIVE
2026-07-12 02:00:00,GPR.Flow-In.Ave.1Hour.3Hours.CBT-COMPUTED-REV,-21.98,129.58,-151.57,NEGATIVE
2026-07-13 23:00:00,GPR.Flow-In.Ave.1Hour.3Hours.CBT-COMPUTED-REV,-14.35,102.83,-117.18,NEGATIVE
2026-07-14 00:00:00,GPR.Flow-In.Ave.1Hour.3Hours.CBT-COMPUTED-REV,-84.18,102.83,-187.01,NEGATIVE
2026-07-14 01:00:00,GPR.Flow-In.Ave.1Hour.3Hours.CBT-COMPUTED-REV,-64.51,102.83,-167.34,NEGATIVE
2026-07-14 02:00:00,GPR.Flow-In.Ave.1Hour.3Hours.CBT-COMPUTED-REV,-13.04,128.88,-141.93,NEGATIVE
2026-07-15 00:00:00,GPR.Flow-In.Ave.1Hour.3Hours.CBT-COMPUTED-REV,-71.09,113.05,-184.14,NEGATIVE
2026-07-15 01:00:00,GPR.Flow-In.Ave.1Hour.3Hours.CBT-COMPUTED-REV,-78.63,102.60,-181.23,NEGATIVE
2026-07-15 02:00:00,GPR.Flow-In.Ave.1Hour.3Hours.CBT-COMPUTED-REV,-70.38,102.59,-172.97,NEGATIVE
2026-07-16 03:00:00,GPR.Flow-In.Ave.1Hour.3Hours.CBT-COMPUTED-REV,-26.02,88.23,-114.25,NEGATIVE
2026-07-16 04:00:00,GPR.Flow-In.Ave.1Hour.3Hours.CBT-COMPUTED-REV,-43.43,102.23,-145.65,NEGATIVE
2026-07-16 05:00:00,GPR.Flow-In.Ave.1Hour.3Hours.CBT-COMPUTED-REV,-21.83,102.23,-124.06,NEGATIVE
2026-07-17 01:00:00,GPR.Flow-In.Ave.1Hour.3Hours.CBT-COMPUTED-REV,-48.77,102.23,-151.01,NEGATIVE
2026-07-17 02:00:00,GPR.Flow-In.Ave.1Hour.3Hours.CBT-COMPUTED-REV,-71.68,102.23,-173.91,NEGATIVE
2026-07-17 03:00:00,GPR.Flow-In.Ave.1Hour.3Hours.CBT-COMPUTED-REV,-82.30,102.19,-184.48,NEGATIVE
2026-07-17 23:00:00,GPR.Flow-In.Ave.1Hour.3Hours.CBT-COMPUTED-REV,-60.88,100.53,-161.41,NEGATIVE
2026-07-18 00:00:00,GPR.Flow-In.Ave.1Hour.3Hours.CBT-COMPUTED-REV,-12.77,100.53,-113.30,NEGATIVE
2026-07-18 18:00:00,GPR.Flow-In.Ave.1Hour.3Hours.CBT-COMPUTED-REV,-1.91,75.95,-77.86,NEGATIVE
2026-07-18 19:00:00,GPR.Flow-In.Ave.1Hour.3Hours.CBT-COMPUTED-REV,-1.91,80.39,-82.30,NEGATIVE
2026-07-19 23:00:00,GPR.Flow-In.Ave.1Hour.3Hours.CBT-COMPUTED-REV,-12.49,84.45,-96.94,NEGATIVE
2026-07-20 23:00:00,GPR.Flow-In.Ave.1Hour.3Hours.CBT-COMPUTED-REV,-11.39,75.76,-87.16,NEGATIVE
2026-07-21 00:00:00,GPR.Flow-In.Ave.1Hour.3Hours.CBT-COMPUTED-REV,-98.37,75.76,-174.13,NEGATIVE
2026-07-21 01:00:00,GPR.Flow-In.Ave.1Hour.3Hours.CBT-COMPUTED-REV,-42.43,101.46,-143.89,NEGATIVE
2026-07-21 02:00:00,GPR.Flow-In.Ave.1Hour.3Hours.CBT-COMPUTED-REV,-25.81,101.46,-127.27,NEGATIVE
2026-07-22 00:00:00,GPR.Flow-In.Ave.1Hour.3Hours.CBT-COMPUTED-REV,-23.31,101.46,-124.77,NEGATIVE
2026-07-22 01:00:00,GPR.Flow-In.Ave.1Hour.3Hours.CBT-COMPUTED-REV,-47.20,89.70,-136.90,NEGATIVE
2026-07-22 02:00:00,GPR.Flow-In.Ave.1Hour.3Hours.CBT-COMPUTED-REV,-36.49,89.70,-126.19,NEGATIVE
2026-07-23 00:00:00,GPR.Flow-In.Ave.1Hour.3Hours.CBT-COMPUTED-REV,-88.04,101.21,-189.24,NEGATIVE
2026-07-23 01:00:00,GPR.Flow-In.Ave.1Hour.3Hours.CBT-COMPUTED-REV,-145.46,101.21,-246.67,NEGATIVE
2026-07-23 02:00:00,GPR.Flow-In.Ave.1Hour.3Hours.CBT-COMPUTED-REV,-175.19,101.21,-276.40,NEGATIVE
2026-07-23 03:00:00,GPR.Flow-In.Ave.1Hour.3Hours.CBT-COMPUTED-REV,-97.53,99.47,-197.00,NEGATIVE
2026-07-23 21:00:00,GPR.Flow-In.Ave.1Hour.3Hours.CBT-COMPUTED-REV,-1.10,75.55,-76.65,NEGATIVE
2026-07-25 01:00:00,GPR.Flow-In.Ave.1Hour.3Hours.CBT-COMPUTED-REV,-80.40,87.72,-168.12,NEGATIVE
2026-07-25 02:00:00,GPR.Flow-In.Ave.1Hour.3Hours.CBT-COMPUTED-REV,-70.69,87.72,-158.40,NEGATIVE
2026-07-25 03:00:00,GPR.Flow-In.Ave.1Hour.3Hours.CBT-COMPUTED-REV,-54.18,87.72,-141.90,NEGATIVE
2026-07-26 01:00:00,GPR.Flow-In.Ave.1Hour.3Hours.CBT-COMPUTED-REV,-72.37,75.36,-147.73,NEGATIVE
2026-07-26 02:00:00,GPR.Flow-In.Ave.1Hour.3Hours.CBT-COMPUTED-REV,-90.08,75.36,-165.44,NEGATIVE
2026-07-26 03:00:00,GPR.Flow-In.Ave.1Hour.3Hours.CBT-COMPUTED-REV,-107.56,75.36,-182.92,NEGATIVE
2026-07-26 04:00:00,GPR.Flow-In.Ave.1Hour.3Hours.CBT-COMPUTED-REV,-71.08,75.36,-146.45,NEGATIVE
2026-07-26 05:00:00,GPR.Flow-In.Ave.1Hour.3Hours.CBT-COMPUTED-REV,-2.84,100.45,-103.29,NEGATIVE
2026-07-27 01:00:00,GPR.Flow-In.Ave.1Hour.3Hours.CBT-COMPUTED-REV,-17.33,50.00,-67.33,NEGATIVE
2026-07-27 02:00:00,GPR.Flow-In.Ave.1Hour.3Hours.CBT-COMPUTED-REV,-7.14,50.00,-57.14,NEGATIVE
2026-07-27 03:00:00,GPR.Flow-In.Ave.1Hour.3Hours.CBT-COMPUTED-REV,-41.53,50.00,-91.53,NEGATIVE
2026-07-27 04:00:00,GPR.Flow-In.Ave.1Hour.3Hours.CBT-COMPUTED-REV,-19.77,50.00,-69.77,NEGATIVE
2026-07-27 05:00:00,GPR.Flow-In.Ave.1Hour.3Hours.CBT-COMPUTED-REV,-61.49,50.00,-111.49,NEGATIVE
2026-07-27 06:00:00,GPR.Flow-In.Ave.1Hour.3Hours.CBT-COMPUTED-REV,-0.88,50.00,-50.88,NEGATIVE
2026-07-28 01:00:00,GPR.Flow-In.Ave.1Hour.3Hours.CBT-COMPUTED-REV,-64.76,64.35,-129.11,NEGATIVE
2026-07-28 02:00:00,GPR.Flow-In.Ave.1Hour.3Hours.CBT-COMPUTED-REV,-72.86,64.35,-137.21,NEGATIVE
2026-07-28 03:00:00,GPR.Flow-In.Ave.1Hour.3Hours.CBT-COMPUTED-REV,-185.89,50.00,-235.89,NEGATIVE
2026-07-28 04:00:00,GPR.Flow-In.Ave.1Hour.3Hours.CBT-COMPUTED-REV,-127.89,50.00,-177.89,NEGATIVE
2026-07-28 05:00:00,GPR.Flow-In.Ave.1Hour.3Hours.CBT-COMPUTED-REV,-24.43,50.00,-74.43,NEGATIVE
2026-07-29 02:00:00,GPR.Flow-In.Ave.1Hour.3Hours.CBT-COMPUTED-REV,-66.66,68.02,-134.69,NEGATIVE
2026-07-29 03:00:00,GPR.Flow-In.Ave.1Hour.3Hours.CBT-COMPUTED-REV,-62.79,68.02,-130.82,NEGATIVE
2026-07-29 04:00:00,GPR.Flow-In.Ave.1Hour.3Hours.CBT-COMPUTED-REV,-70.31,68.02,-138.34,NEGATIVE
2026-07-29 05:00:00,GPR.Flow-In.Ave.1Hour.3Hours.CBT-COMPUTED-REV,-39.30,68.02,-107.33,NEGATIVE
2026-07-29 17:00:00,GPR.Flow-In.Ave.1Hour.3Hours.CBT-COMPUTED-REV,-24.98,35.24,-60.22,NEGATIVE
2026-07-29 18:00:00,GPR.Flow-In.Ave.1Hour.3Hours.CBT-COMPUTED-REV,-24.98,50.00,-74.98,NEGATIVE
2026-07-30 01:00:00,GPR.Flow-In.Ave.1Hour.3Hours.CBT-COMPUTED-REV,-90.42,58.28,-148.70,NEGATIVE
2026-07-30 02:00:00,GPR.Flow-In.Ave.1Hour.3Hours.CBT-COMPUTED-REV,-63.99,58.28,-122.27,NEGATIVE
2026-07-30 03:00:00,GPR.Flow-In.Ave.1Hour.3Hours.CBT-COMPUTED-REV,-21.06,58.28,-79.33,NEGATIVE
2026-07-31 02:00:00,GPR.Flow-In.Ave.1Hour.3Hours.CBT-COMPUTED-REV,-3.92,74.83,-78.75,NEGATIVE
2026-07-31 03:00:00,GPR.Flow-In.Ave.1Hour.3Hours.CBT-COMPUTED-REV,-44.34,59.45,-103.79,NEGATIVE
2026-07-31 04:00:00,GPR.Flow-In.Ave.1Hour.3Hours.CBT-COMPUTED-REV,-32.47,50.00,-82.47,NEGATIVE
2026-07-31 21:00:00,GPR.Flow-In.Ave.1Hour.3Hours.CBT-COMPUTED-REV,-247.81,50.00,-297.81,NEGATIVE
2026-07-31 22:00:00,GPR.Flow-In.Ave.1Hour.3Hours.CBT-COMPUTED-REV,-476.39,50.00,-526.39,NEGATIVE
2026-07-31 23:00:00,GPR.Flow-In.Ave.1Hour.3Hours.CBT-COMPUTED-REV,-737.98,50.00,-787.98,"SPIKE,NEGATIVE"
2026-08-01 00:00:00,GPR.Flow-In.Ave.1Hour.3Hours.CBT-COMPUTED-REV,-784.38,50.00,-834.38,"SPIKE,NEGATIVE"
2026-08-01 01:00:00,GPR.Flow-In.Ave.1Hour.3Hours.CBT-COMPUTED-REV,-590.60,50.00,-640.60,"SPIKE,NEGATIVE"
2026-08-01 02:00:00,GPR.Flow-In.Ave.1Hour.3Hours.CBT-COMPUTED-REV,-394.40,50.00,-444.40,"SPIKE,NEGATIVE"
2026-08-01 03:00:00,GPR.Flow-In.Ave.1Hour.3Hours.CBT-COMPUTED-REV,-115.33,25.33,-140.67,NEGATIVE
2026-08-01 04:00:00,GPR.Flow-In.Ave.1Hour.3Hours.CBT-COMPUTED-REV,-1.68,25.33,-27.01,NEGATIVE
2026-08-01 23:00:00,GPR.Flow-In.Ave.1Hour.3Hours.CBT-COMPUTED-REV,-3.50,59.93,-63.44,NEGATIVE
2026-08-02 00:00:00,GPR.Flow-In.Ave.1Hour.3Hours.CBT-COMPUTED-REV,-83.96,59.93,-143.90,NEGATIVE
2026-08-02 01:00:00,GPR.Flow-In.Ave.1Hour.3Hours.CBT-COMPUTED-REV,-143.20,59.93,-203.14,NEGATIVE
2026-08-02 02:00:00,GPR.Flow-In.Ave.1Hour.3Hours.CBT-COMPUTED-REV,-132.48,59.93,-192.42,NEGATIVE
2026-08-02 03:00:00,GPR.Flow-In.Ave.1Hour.3Hours.CBT-COMPUTED-REV,-101.50,59.93,-161.44,NEGATIVE
2026-08-03 00:00:00,GPR.Flow-In.Ave.1Hour.3Hours.CBT-COMPUTED-REV,-70.49,70.89,-141.38,NEGATIVE
2026-08-03 01:00:00,GPR.Flow-In.Ave.1Hour.3Hours.CBT-COMPUTED-REV,-112.45,70.89,-183.34,NEGATIVE
2026-08-03 02:00:00,GPR.Flow-In.Ave.1Hour.3Hours.CBT-COMPUTED-REV,-76.64,70.89,-147.53,NEGATIVE
2026-08-03 03:00:00,GPR.Flow-In.Ave.1Hour.3Hours.CBT-COMPUTED-REV,-64.38,70.89,-135.27,NEGATIVE
2026-08-03 21:00:00,GPR.Flow-In.Ave.1Hour.3Hours.CBT-COMPUTED-REV,-2.02,98.98,-101.00,NEGATIVE
2026-08-03 22:00:00,GPR.Flow-In.Ave.1Hour.3Hours.CBT-COMPUTED-REV,-78.33,98.98,-177.32,NEGATIVE
2026-08-03 23:00:00,GPR.Flow-In.Ave.1Hour.3Hours.CBT-COMPUTED-REV,-227.73,98.98,-326.72,"SPIKE,NEGATIVE"
2026-08-04 00:00:00,GPR.Flow-In.Ave.1Hour.3Hours.CBT-COMPUTED-REV,-204.77,98.98,-303.75,"SPIKE,NEGATIVE"
2026-08-04 01:00:00,GPR.Flow-In.Ave.1Hour.3Hours.CBT-COMPUTED-REV,-128.86,98.98,-227.84,NEGATIVE
2026-08-04 02:00:00,GPR.Flow-In.Ave.1Hour.3Hours.CBT-COMPUTED-REV,-3.70,98.81,-102.51,NEGATIVE
2026-08-04 21:00:00,GPR.Flow-In.Ave.1Hour.3Hours.CBT-COMPUTED-REV,-43.29,74.40,-117.70,NEGATIVE
2026-08-04 22:00:00,GPR.Flow-In.Ave.1Hour.3Hours.CBT-COMPUTED-REV,-138.46,74.40,-212.87,NEGATIVE
2026-08-04 23:00:00,GPR.Flow-In.Ave.1Hour.3Hours.CBT-COMPUTED-REV,-256.67,74.40,-331.07,"SPIKE,NEGATIVE"
2026-08-05 00:00:00,GPR.Flow-In.Ave.1Hour.3Hours.CBT-COMPUTED-REV,-181.39,74.40,-255.79,"SPIKE,NEGATIVE"
2026-08-05 01:00:00,GPR.Flow-In.Ave.1Hour.3Hours.CBT-COMPUTED-REV,-40.03,74.40,-114.44,NEGATIVE
2026-08-05 20:00:00,GPR.Flow-In.Ave.1Hour.3Hours.CBT-COMPUTED-REV,-22.73,74.25,-96.98,NEGATIVE
2026-08-05 21:00:00,GPR.Flow-In.Ave.1Hour.3Hours.CBT-COMPUTED-REV,-48.15,74.25,-122.39,NEGATIVE
2026-08-05 22:00:00,GPR.Flow-In.Ave.1Hour.3Hours.CBT-COMPUTED-REV,-98.81,74.25,-173.05,NEGATIVE
2026-08-05 23:00:00,GPR.Flow-In.Ave.1Hour.3Hours.CBT-COMPUTED-REV,-150.81,74.25,-225.06,NEGATIVE
2026-08-06 00:00:00,GPR.Flow-In.Ave.1Hour.3Hours.CBT-COMPUTED-REV,-155.64,74.15,-229.80,NEGATIVE
2026-08-06 01:00:00,GPR.Flow-In.Ave.1Hour.3Hours.CBT-COMPUTED-REV,-86.73,74.15,-160.88,NEGATIVE
2026-08-06 19:00:00,GPR.Flow-In.Ave.1Hour.3Hours.CBT-COMPUTED-REV,-22.46,50.00,-72.46,NEGATIVE
2026-08-06 20:00:00,GPR.Flow-In.Ave.1Hour.3Hours.CBT-COMPUTED-REV,-46.61,50.00,-96.61,NEGATIVE
2026-08-06 21:00:00,GPR.Flow-In.Ave.1Hour.3Hours.CBT-COMPUTED-REV,-67.71,50.00,-117.71,NEGATIVE
2026-08-06 22:00:00,GPR.Flow-In.Ave.1Hour.3Hours.CBT-COMPUTED-REV,-161.17,50.00,-211.17,NEGATIVE
2026-08-06 23:00:00,GPR.Flow-In.Ave.1Hour.3Hours.CBT-COMPUTED-REV,-206.29,50.00,-256.29,NEGATIVE
2026-08-07 00:00:00,GPR.Flow-In.Ave.1Hour.3Hours.CBT-COMPUTED-REV,-130.49,50.00,-180.49,NEGATIVE
2026-08-07 01:00:00,GPR.Flow-In.Ave.1Hour.3Hours.CBT-COMPUTED-REV,-12.26,50.00,-62.26,NEGATIVE
2026-08-07 19:00:00,GPR.Flow-In.Ave.1Hour.3Hours.CBT-COMPUTED-REV,-22.15,50.00,-72.15,NEGATIVE
2026-08-07 20:00:00,GPR.Flow-In.Ave.1Hour.3Hours.CBT-COMPUTED-REV,-70.26,50.00,-120.26,NEGATIVE
2026-08-07 21:00:00,GPR.Flow-In.Ave.1Hour.3Hours.CBT-COMPUTED-REV,-70.26,50.00,-120.26,NEGATIVE
2026-08-07 22:00:00,GPR.Flow-In.Ave.1Hour.3Hours.CBT-COMPUTED-REV,-22.15,50.00,-72.15,NEGATIVE
2026-08-08 01:00:00,GPR.Flow-In.Ave.1Hour.3Hours.CBT-COMPUTED-REV,-67.34,50.00,-117.34,NEGATIVE
2026-08-08 02:00:00,GPR.Flow-In.Ave.1Hour.3Hours.CBT-COMPUTED-REV,-41.04,50.00,-91.04,NEGATIVE
2026-08-08 03:00:00,GPR.Flow-In.Ave.1Hour.3Hours.CBT-COMPUTED-REV,-14.76,50.00,-64.76,NEGATIVE
2026-08-08 19:00:00,GPR.Flow-In.Ave.1Hour.3Hours.CBT-COMPUTED-REV,-45.56,73.89,-119.45,NEGATIVE
2026-08-08 20:00:00,GPR.Flow-In.Ave.1Hour.3Hours.CBT-COMPUTED-REV,-141.11,73.89,-215.00,NEGATIVE
2026-08-08 21:00:00,GPR.Flow-In.Ave.1Hour.3Hours.CBT-COMPUTED-REV,-175.65,73.89,-249.54,NEGATIVE
2026-08-08 22:00:00,GPR.Flow-In.Ave.1Hour.3Hours.CBT-COMPUTED-REV,-184.33,73.89,-258.22,NEGATIVE
2026-08-08 23:00:00,GPR.Flow-In.Ave.1Hour.3Hours.CBT-COMPUTED-REV,-143.19,73.89,-217.08,NEGATIVE
2026-08-09 00:00:00,GPR.Flow-In.Ave.1Hour.3Hours.CBT-COMPUTED-REV,-75.91,70.80,-146.70,NEGATIVE
2026-08-09 01:00:00,GPR.Flow-In.Ave.1Hour.3Hours.CBT-COMPUTED-REV,-9.14,50.00,-59.14,NEGATIVE
2026-08-09 22:00:00,GPR.Flow-In.Ave.1Hour.3Hours.CBT-COMPUTED-REV,-38.24,50.00,-88.24,NEGATIVE
2026-08-09 23:00:00,GPR.Flow-In.Ave.1Hour.3Hours.CBT-COMPUTED-REV,-81.79,50.00,-131.79,NEGATIVE
2026-08-10 00:00:00,GPR.Flow-In.Ave.1Hour.3Hours.CBT-COMPUTED-REV,-54.49,50.00,-104.49,NEGATIVE
2026-08-10 01:00:00,GPR.Flow-In.Ave.1Hour.3Hours.CBT-COMPUTED-REV,-32.25,50.00,-82.25,NEGATIVE
2026-08-10 22:00:00,GPR.Flow-In.Ave.1Hour.3Hours.CBT-COMPUTED-REV,-17.69,50.00,-67.69,NEGATIVE
2026-08-10 23:00:00,GPR.Flow-In.Ave.1Hour.3Hours.CBT-COMPUTED-REV,-108.99,50.00,-158.99,NEGATIVE
2026-08-11 00:00:00,GPR.Flow-In.Ave.1Hour.3Hours.CBT-COMPUTED-REV,-98.85,50.00,-148.85,NEGATIVE
2026-08-11 01:00:00,GPR.Flow-In.Ave.1Hour.3Hours.CBT-COMPUTED-REV,-101.66,50.00,-151.66,NEGATIVE
2026-08-11 02:00:00,GPR.Flow-In.Ave.1Hour.3Hours.CBT-COMPUTED-REV,-40.25,50.00,-90.25,NEGATIVE
2026-08-11 22:00:00,GPR.Flow-In.Ave.1Hour.3Hours.CBT-COMPUTED-REV,-24.72,50.00,-74.72,NEGATIVE
2026-08-11 23:00:00,GPR.Flow-In.Ave.1Hour.3Hours.CBT-COMPUTED-REV,-125.83,50.00,-175.83,NEGATIVE
2026-08-12 00:00:00,GPR.Flow-In.Ave.1Hour.3Hours.CBT-COMPUTED-REV,-128.20,50.00,-178.20,NEGATIVE
2026-08-12 01:00:00,GPR.Flow-In.Ave.1Hour.3Hours.CBT-COMPUTED-REV,-116.61,50.00,-166.61,NEGATIVE
2026-08-12 02:00:00,GPR.Flow-In.Ave.1Hour.3Hours.CBT-COMPUTED-REV,-61.42,50.00,-111.42,NEGATIVE
2026-08-12 23:00:00,GPR.Flow-In.Ave.1Hour.3Hours.CBT-COMPUTED-REV,-57.26,50.41,-107.68,NEGATIVE
2026-08-13 00:00:00,GPR.Flow-In.Ave.1Hour.3Hours.CBT-COMPUTED-REV,-58.13,50.41,-108.54,NEGATIVE
2026-08-13 01:00:00,GPR.Flow-In.Ave.1Hour.3Hours.CBT-COMPUTED-REV,-87.39,50.41,-137.80,NEGATIVE
2026-08-13 02:00:00,GPR.Flow-In.Ave.1Hour.3Hours.CBT-COMPUTED-REV,-51.68,50.41,-102.10,NEGATIVE
2026-08-13 17:00:00,GPR.Flow-In.Ave.1Hour.3Hours.CBT-COMPUTED-REV,-19.76,73.25,-93.01,NEGATIVE
2026-08-13 18:00:00,GPR.Flow-In.Ave.1Hour.3Hours.CBT-COMPUTED-REV,-19.75,73.25,-93.01,NEGATIVE
2026-08-13 19:00:00,GPR.Flow-In.Ave.1Hour.3Hours.CBT-COMPUTED-REV,-43.01,73.25,-116.26,NEGATIVE
2026-08-13 20:00:00,GPR.Flow-In.Ave.1Hour.3Hours.CBT-COMPUTED-REV,-19.75,73.25,-93.01,NEGATIVE
2026-08-13 22:00:00,GPR.Flow-In.Ave.1Hour.3Hours.CBT-COMPUTED-REV,-0.77,73.25,-74.02,NEGATIVE
2026-08-13 23:00:00,GPR.Flow-In.Ave.1Hour.3Hours.CBT-COMPUTED-REV,-51.28,73.25,-124.53,NEGATIVE
2026-08-14 00:00:00,GPR.Flow-In.Ave.1Hour.3Hours.CBT-COMPUTED-REV,-94.45,73.12,-167.57,NEGATIVE
2026-08-14 01:00:00,GPR.Flow-In.Ave.1Hour.3Hours.CBT-COMPUTED-REV,-77.25,73.12,-150.37,NEGATIVE
2026-08-14 02:00:00,GPR.Flow-In.Ave.1Hour.3Hours.CBT-COMPUTED-REV,-22.94,50.00,-72.94,NEGATIVE
2026-08-14 17:00:00,GPR.Flow-In.Ave.1Hour.3Hours.CBT-COMPUTED-REV,-19.36,73.12,-92.47,NEGATIVE
2026-08-14 18:00:00,GPR.Flow-In.Ave.1Hour.3Hours.CBT-COMPUTED-REV,-42.47,73.12,-115.59,NEGATIVE
2026-08-14 19:00:00,GPR.Flow-In.Ave.1Hour.3Hours.CBT-COMPUTED-REV,-42.47,73.12,-115.59,NEGATIVE
2026-08-14 20:00:00,GPR.Flow-In.Ave.1Hour.3Hours.CBT-COMPUTED-REV,-57.98,73.12,-131.10,NEGATIVE
2026-08-14 21:00:00,GPR.Flow-In.Ave.1Hour.3Hours.CBT-COMPUTED-REV,-62.17,73.12,-135.28,NEGATIVE
2026-08-14 22:00:00,GPR.Flow-In.Ave.1Hour.3Hours.CBT-COMPUTED-REV,-60.61,73.12,-133.73,NEGATIVE
2026-08-15 17:00:00,GPR.Flow-In.Ave.1Hour.3Hours.CBT-COMPUTED-REV,-18.86,84.60,-103.46,NEGATIVE
2026-08-15 18:00:00,GPR.Flow-In.Ave.1Hour.3Hours.CBT-COMPUTED-REV,-64.76,84.60,-149.37,NEGATIVE
2026-08-15 19:00:00,GPR.Flow-In.Ave.1Hour.3Hours.CBT-COMPUTED-REV,-64.76,84.60,-149.37,NEGATIVE
2026-08-15 20:00:00,GPR.Flow-In.Ave.1Hour.3Hours.CBT-COMPUTED-REV,-18.86,61.63,-80.49,NEGATIVE
2026-08-15 22:00:00,GPR.Flow-In.Ave.1Hour.3Hours.CBT-COMPUTED-REV,-49.48,61.63,-111.11,NEGATIVE
2026-08-15 23:00:00,GPR.Flow-In.Ave.1Hour.3Hours.CBT-COMPUTED-REV,-122.68,61.63,-184.31,NEGATIVE
2026-08-16 00:00:00,GPR.Flow-In.Ave.1Hour.3Hours.CBT-COMPUTED-REV,-144.34,61.63,-205.97,NEGATIVE
2026-08-16 01:00:00,GPR.Flow-In.Ave.1Hour.3Hours.CBT-COMPUTED-REV,-52.30,61.63,-113.93,NEGATIVE
2026-08-16 18:00:00,GPR.Flow-In.Ave.1Hour.3Hours.CBT-COMPUTED-REV,-18.37,61.63,-80.00,NEGATIVE
2026-08-16 19:00:00,GPR.Flow-In.Ave.1Hour.3Hours.CBT-COMPUTED-REV,-18.36,61.63,-79.99,NEGATIVE
2026-08-16 20:00:00,GPR.Flow-In.Ave.1Hour.3Hours.CBT-COMPUTED-REV,-31.30,91.08,-122.38,NEGATIVE
2026-08-16 21:00:00,GPR.Flow-In.Ave.1Hour.3Hours.CBT-COMPUTED-REV,-105.68,91.45,-197.13,NEGATIVE
2026-08-16 22:00:00,GPR.Flow-In.Ave.1Hour.3Hours.CBT-COMPUTED-REV,-150.36,91.45,-241.81,NEGATIVE
2026-08-16 23:00:00,GPR.Flow-In.Ave.1Hour.3Hours.CBT-COMPUTED-REV,-97.00,91.45,-188.45,NEGATIVE
2026-08-17 18:00:00,GPR.Flow-In.Ave.1Hour.3Hours.CBT-COMPUTED-REV,-17.89,116.39,-134.28,NEGATIVE
2026-08-17 19:00:00,GPR.Flow-In.Ave.1Hour.3Hours.CBT-COMPUTED-REV,-63.15,100.50,-163.65,NEGATIVE
2026-08-17 20:00:00,GPR.Flow-In.Ave.1Hour.3Hours.CBT-COMPUTED-REV,-85.78,100.88,-186.65,NEGATIVE
2026-08-17 21:00:00,GPR.Flow-In.Ave.1Hour.3Hours.CBT-COMPUTED-REV,-63.14,100.88,-164.02,NEGATIVE
2026-08-17 22:00:00,GPR.Flow-In.Ave.1Hour.3Hours.CBT-COMPUTED-REV,-17.89,100.88,-118.76,NEGATIVE
2026-08-18 20:00:00,GPR.Flow-In.Ave.1Hour.3Hours.CBT-COMPUTED-REV,-54.25,100.88,-155.13,NEGATIVE
2026-08-18 21:00:00,GPR.Flow-In.Ave.1Hour.3Hours.CBT-COMPUTED-REV,-60.44,101.17,-161.61,NEGATIVE
2026-08-18 22:00:00,GPR.Flow-In.Ave.1Hour.3Hours.CBT-COMPUTED-REV,-31.49,101.17,-132.66,NEGATIVE
2026-08-19 20:00:00,GPR.Flow-In.Ave.1Hour.3Hours.CBT-COMPUTED-REV,-6.69,60.46,-67.15,NEGATIVE
2026-08-19 21:00:00,GPR.Flow-In.Ave.1Hour.3Hours.CBT-COMPUTED-REV,-28.99,60.46,-89.45,NEGATIVE
2026-08-19 22:00:00,GPR.Flow-In.Ave.1Hour.3Hours.CBT-COMPUTED-REV,-51.30,60.46,-111.75,NEGATIVE
2026-08-19 23:00:00,GPR.Flow-In.Ave.1Hour.3Hours.CBT-COMPUTED-REV,-6.25,60.46,-66.70,NEGATIVE
2026-08-20 18:00:00,GPR.Flow-In.Ave.1Hour.3Hours.CBT-COMPUTED-REV,-8.61,50.00,-58.61,NEGATIVE
2026-08-20 19:00:00,GPR.Flow-In.Ave.1Hour.3Hours.CBT-COMPUTED-REV,-130.80,50.00,-180.80,NEGATIVE
2026-08-20 20:00:00,GPR.Flow-In.Ave.1Hour.3Hours.CBT-COMPUTED-REV,-197.79,60.20,-258.00,NEGATIVE
2026-08-20 21:00:00,GPR.Flow-In.Ave.1Hour.3Hours.CBT-COMPUTED-REV,-207.80,60.20,-268.00,NEGATIVE
2026-08-20 22:00:00,GPR.Flow-In.Ave.1Hour.3Hours.CBT-COMPUTED-REV,-160.94,60.20,-221.14,NEGATIVE
2026-08-20 23:00:00,GPR.Flow-In.Ave.1Hour.3Hours.CBT-COMPUTED-REV,-15.87,60.20,-76.07,NEGATIVE
2026-08-21 00:00:00,GPR.Flow-In.Ave.1Hour.3Hours.CBT-COMPUTED-REV,-14.64,60.20,-74.85,NEGATIVE
2026-08-21 16:00:00,GPR.Flow-In.Ave.1Hour.3Hours.CBT-COMPUTED-REV,-16.35,50.00,-66.35,NEGATIVE
2026-08-21 17:00:00,GPR.Flow-In.Ave.1Hour.3Hours.CBT-COMPUTED-REV,-16.35,50.00,-66.35,NEGATIVE
2026-08-21 20:00:00,GPR.Flow-In.Ave.1Hour.3Hours.CBT-COMPUTED-REV,-75.04,50.00,-125.04,NEGATIVE
2026-08-21 21:00:00,GPR.Flow-In.Ave.1Hour.3Hours.CBT-COMPUTED-REV,-195.95,50.00,-245.95,NEGATIVE
2026-08-21 22:00:00,GPR.Flow-In.Ave.1Hour.3Hours.CBT-COMPUTED-REV,-301.56,50.00,-351.56,NEGATIVE
2026-08-21 23:00:00,GPR.Flow-In.Ave.1Hour.3Hours.CBT-COMPUTED-REV,-336.62,50.00,-386.62,NEGATIVE
2026-08-22 00:00:00,GPR.Flow-In.Ave.1Hour.3Hours.CBT-COMPUTED-REV,-216.87,50.00,-266.87,NEGATIVE
2026-08-22 01:00:00,GPR.Flow-In.Ave.1Hour.3Hours.CBT-COMPUTED-REV,-104.21,50.00,-154.21,NEGATIVE
2026-08-22 16:00:00,GPR.Flow-In.Ave.1Hour.3Hours.CBT-COMPUTED-REV,-15.90,50.00,-65.90,NEGATIVE
2026-08-22 17:00:00,GPR.Flow-In.Ave.1Hour.3Hours.CBT-COMPUTED-REV,-15.90,50.00,-65.90,NEGATIVE
2026-08-22 21:00:00,GPR.Flow-In.Ave.1Hour.3Hours.CBT-COMPUTED-REV,-8.98,37.72,-46.70,NEGATIVE
2026-08-22 22:00:00,GPR.Flow-In.Ave.1Hour.3Hours.CBT-COMPUTED-REV,-133.50,37.72,-171.22,NEGATIVE
2026-08-22 23:00:00,GPR.Flow-In.Ave.1Hour.3Hours.CBT-COMPUTED-REV,-94.52,37.72,-132.24,NEGATIVE
2026-08-23 00:00:00,GPR.Flow-In.Ave.1Hour.3Hours.CBT-COMPUTED-REV,-64.69,37.72,-102.41,NEGATIVE
2026-08-23 20:00:00,GPR.Flow-In.Ave.1Hour.3Hours.CBT-COMPUTED-REV,-26.54,80.51,-107.04,NEGATIVE
2026-08-23 21:00:00,GPR.Flow-In.Ave.1Hour.3Hours.CBT-COMPUTED-REV,-92.45,80.51,-172.96,NEGATIVE
2026-08-23 22:00:00,GPR.Flow-In.Ave.1Hour.3Hours.CBT-COMPUTED-REV,-191.14,80.51,-271.65,NEGATIVE
2026-08-23 23:00:00,GPR.Flow-In.Ave.1Hour.3Hours.CBT-COMPUTED-REV,-126.57,80.51,-207.08,NEGATIVE
2026-08-24 00:00:00,GPR.Flow-In.Ave.1Hour.3Hours.CBT-COMPUTED-REV,-50.30,71.78,-122.08,NEGATIVE
2026-08-24 01:00:00,GPR.Flow-In.Ave.1Hour.3Hours.CBT-COMPUTED-REV,-9.07,71.78,-80.85,NEGATIVE
2026-08-24 20:00:00,GPR.Flow-In.Ave.1Hour.3Hours.CBT-COMPUTED-REV,-67.45,110.71,-178.16,NEGATIVE
2026-08-24 21:00:00,GPR.Flow-In.Ave.1Hour.3Hours.CBT-COMPUTED-REV,-150.99,110.71,-261.70,NEGATIVE
2026-08-24 22:00:00,GPR.Flow-In.Ave.1Hour.3Hours.CBT-COMPUTED-REV,-243.70,110.71,-354.41,NEGATIVE
2026-08-24 23:00:00,GPR.Flow-In.Ave.1Hour.3Hours.CBT-COMPUTED-REV,-194.38,110.71,-305.09,NEGATIVE
2026-08-25 00:00:00,GPR.Flow-In.Ave.1Hour.3Hours.CBT-COMPUTED-REV,-113.55,93.20,-206.74,NEGATIVE
2026-08-25 01:00:00,GPR.Flow-In.Ave.1Hour.3Hours.CBT-COMPUTED-REV,-4.69,93.20,-97.89,NEGATIVE
2026-08-25 16:00:00,GPR.Flow-In.Ave.1Hour.3Hours.CBT-COMPUTED-REV,-14.21,35.40,-49.61,NEGATIVE
2026-08-25 17:00:00,GPR.Flow-In.Ave.1Hour.3Hours.CBT-COMPUTED-REV,-14.21,35.40,-49.61,NEGATIVE
2026-08-25 18:00:00,GPR.Flow-In.Ave.1Hour.3Hours.CBT-COMPUTED-REV,-14.21,35.40,-49.61,NEGATIVE
2026-08-25 19:00:00,GPR.Flow-In.Ave.1Hour.3Hours.CBT-COMPUTED-REV,-14.21,35.40,-49.60,NEGATIVE
2026-08-25 20:00:00,GPR.Flow-In.Ave.1Hour.3Hours.CBT-COMPUTED-REV,-19.44,35.40,-54.83,NEGATIVE
2026-08-25 21:00:00,GPR.Flow-In.Ave.1Hour.3Hours.CBT-COMPUTED-REV,-57.43,35.40,-92.83,NEGATIVE
2026-08-25 22:00:00,GPR.Flow-In.Ave.1Hour.3Hours.CBT-COMPUTED-REV,-128.02,35.40,-163.41,NEGATIVE
2026-08-25 23:00:00,GPR.Flow-In.Ave.1Hour.3Hours.CBT-COMPUTED-REV,-102.75,35.40,-138.15,NEGATIVE
2026-08-26 00:00:00,GPR.Flow-In.Ave.1Hour.3Hours.CBT-COMPUTED-REV,-75.01,35.40,-110.41,NEGATIVE
2026-08-26 01:00:00,GPR.Flow-In.Ave.1Hour.3Hours.CBT-COMPUTED-REV,-56.81,35.40,-92.20,NEGATIVE
2026-08-26 20:00:00,GPR.Flow-In.Ave.1Hour.3Hours.CBT-COMPUTED-REV,-41.56,60.08,-101.64,NEGATIVE
2026-08-26 21:00:00,GPR.Flow-In.Ave.1Hour.3Hours.CBT-COMPUTED-REV,-118.45,60.08,-178.53,NEGATIVE
2026-08-26 22:00:00,GPR.Flow-In.Ave.1Hour.3Hours.CBT-COMPUTED-REV,-162.43,60.08,-222.51,NEGATIVE
2026-08-26 23:00:00,GPR.Flow-In.Ave.1Hour.3Hours.CBT-COMPUTED-REV,-88.55,60.08,-148.63,NEGATIVE
2026-08-27 00:00:00,GPR.Flow-In.Ave.1Hour.3Hours.CBT-COMPUTED-REV,-10.77,50.53,-61.30,NEGATIVE
2026-08-27 22:00:00,GPR.Flow-In.Ave.1Hour.3Hours.CBT-COMPUTED-REV,-110.57,50.00,-160.57,NEGATIVE
2026-08-27 23:00:00,GPR.Flow-In.Ave.1Hour.3Hours.CBT-COMPUTED-REV,-106.02,50.00,-156.02,NEGATIVE
2026-08-28 00:00:00,GPR.Flow-In.Ave.1Hour.3Hours.CBT-COMPUTED-REV,-95.42,50.00,-145.42,NEGATIVE
2026-08-28 01:00:00,GPR.Flow-In.Ave.1Hour.3Hours.CBT-COMPUTED-REV,-33.67,50.00,-83.67,NEGATIVE
2026-08-28 17:00:00,GPR.Flow-In.Ave.1Hour.3Hours.CBT-COMPUTED-REV,-12.64,50.00,-62.64,NEGATIVE
2026-08-28 18:00:00,GPR.Flow-In.Ave.1Hour.3Hours.CBT-COMPUTED-REV,-12.64,50.00,-62.64,NEGATIVE
2026-08-28 19:00:00,GPR.Flow-In.Ave.1Hour.3Hours.CBT-COMPUTED-REV,-12.64,50.00,-62.64,NEGATIVE
2026-08-28 21:00:00,GPR.Flow-In.Ave.1Hour.3Hours.CBT-COMPUTED-REV,-20.33,50.00,-70.33,NEGATIVE
2026-08-28 22:00:00,GPR.Flow-In.Ave.1Hour.3Hours.CBT-COMPUTED-REV,-76.82,50.00,-126.82,NEGATIVE
2026-08-28 23:00:00,GPR.Flow-In.Ave.1Hour.3Hours.CBT-COMPUTED-REV,-182.04,50.00,-232.04,NEGATIVE
2026-08-29 00:00:00,GPR.Flow-In.Ave.1Hour.3Hours.CBT-COMPUTED-REV,-151.78,50.00,-201.78,NEGATIVE
2026-08-29 01:00:00,GPR.Flow-In.Ave.1Hour.3Hours.CBT-COMPUTED-REV,-112.77,50.00,-162.77,NEGATIVE
2026-08-29 02:00:00,GPR.Flow-In.Ave.1Hour.3Hours.CBT-COMPUTED-REV,-49.21,50.00,-99.21,NEGATIVE
2026-08-29 23:00:00,GPR.Flow-In.Ave.1Hour.3Hours.CBT-COMPUTED-REV,-49.17,50.00,-99.17,NEGATIVE
2026-08-30 00:00:00,GPR.Flow-In.Ave.1Hour.3Hours.CBT-COMPUTED-REV,-31.94,50.00,-81.94,NEGATIVE
2026-08-30 05:00:00,GPR.Flow-In.Ave.1Hour.3Hours.CBT-COMPUTED-REV,-38.36,50.00,-88.36,NEGATIVE
2026-08-30 19:00:00,GPR.Flow-In.Ave.1Hour.3Hours.CBT-COMPUTED-REV,-11.90,29.37,-41.27,NEGATIVE
2026-08-30 20:00:00,GPR.Flow-In.Ave.1Hour.3Hours.CBT-COMPUTED-REV,-32.53,29.37,-61.90,NEGATIVE
2026-08-30 21:00:00,GPR.Flow-In.Ave.1Hour.3Hours.CBT-COMPUTED-REV,-38.14,29.37,-67.51,NEGATIVE
2026-08-30 22:00:00,GPR.Flow-In.Ave.1Hour.3Hours.CBT-COMPUTED-REV,-69.87,29.37,-99.24,NEGATIVE
2026-08-30 23:00:00,GPR.Flow-In.Ave.1Hour.3Hours.CBT-COMPUTED-REV,-106.35,29.37,-135.72,NEGATIVE
2026-08-31 00:00:00,GPR.Flow-In.Ave.1Hour.3Hours.CBT-COMPUTED-REV,-64.93,29.37,-94.30,NEGATIVE
2026-08-31 01:00:00,GPR.Flow-In.Ave.1Hour.3Hours.CBT-COMPUTED-REV,-16.91,29.37,-46.27,NEGATIVE
2026-08-31 19:00:00,GPR.Flow-In.Ave.1Hour.3Hours.CBT-COMPUTED-REV,-11.41,65.94,-77.35,NEGATIVE
2026-08-31 20:00:00,GPR.Flow-In.Ave.1Hour.3Hours.CBT-COMPUTED-REV,-31.88,65.94,-97.82,NEGATIVE
2026-08-31 21:00:00,GPR.Flow-In.Ave.1Hour.3Hours.CBT-COMPUTED-REV,-53.24,65.94,-119.17,NEGATIVE
2026-08-31 22:00:00,GPR.Flow-In.Ave.1Hour.3Hours.CBT-COMPUTED-REV,-99.32,65.94,-165.25,NEGATIVE
2026-08-31 23:00:00,GPR.Flow-In.Ave.1Hour.3Hours.CBT-COMPUTED-REV,-149.56,65.94,-215.49,NEGATIVE
2026-09-01 00:00:00,GPR.Flow-In.Ave.1Hour.3Hours.CBT-COMPUTED-REV,-101.54,50.00,-151.54,NEGATIVE
2026-09-01 01:00:00,GPR.Flow-In.Ave.1Hour.3Hours.CBT-COMPUTED-REV,-55.40,50.00,-105.40,NEGATIVE
2026-09-01 19:00:00,GPR.Flow-In.Ave.1Hour.3Hours.CBT-COMPUTED-REV,-41.94,91.08,-133.02,NEGATIVE
2026-09-01 20:00:00,GPR.Flow-In.Ave.1Hour.3Hours.CBT-COMPUTED-REV,-73.08,91.08,-164.17,NEGATIVE
2026-09-01 21:00:00,GPR.Flow-In.Ave.1Hour.3Hours.CBT-COMPUTED-REV,-90.14,91.08,-181.22,NEGATIVE
2026-09-01 22:00:00,GPR.Flow-In.Ave.1Hour.3Hours.CBT-COMPUTED-REV,-144.93,91.08,-236.01,NEGATIVE
2026-09-01 23:00:00,GPR.Flow-In.Ave.1Hour.3Hours.CBT-COMPUTED-REV,-50.60,91.08,-141.69,NEGATIVE
2026-09-02 00:00:00,GPR.Flow-In.Ave.1Hour.3Hours.CBT-COMPUTED-REV,-15.07,93.20,-108.27,NEGATIVE
2026-09-02 16:00:00,GPR.Flow-In.Ave.1Hour.3Hours.CBT-COMPUTED-REV,-38.54,155.47,-194.01,NEGATIVE
2026-09-02 17:00:00,GPR.Flow-In.Ave.1Hour.3Hours.CBT-COMPUTED-REV,-22.55,155.47,-178.02,NEGATIVE
2026-09-06 23:00:00,GPR.Flow-In.Ave.1Hour.3Hours.CBT-COMPUTED-REV,-59.51,169.50,-229.00,NEGATIVE
2026-09-07 00:00:00,GPR.Flow-In.Ave.1Hour.3Hours.CBT-COMPUTED-REV,-85.17,166.81,-251.97,NEGATIVE
2026-09-07 01:00:00,GPR.Flow-In.Ave.1Hour.3Hours.CBT-COMPUTED-REV,-55.61,166.80,-222.42,NEGATIVE
2026-09-07 02:00:00,GPR.Flow-In.Ave.1Hour.3Hours.CBT-COMPUTED-REV,-37.32,166.79,-204.12,NEGATIVE
2026-09-07 08:00:00,GPR.Flow-In.Ave.1Hour.3Hours.CBT-COMPUTED-REV,554.78,107.76,447.02,SPIKE
2026-09-07 09:00:00,GPR.Flow-In.Ave.1Hour.3Hours.CBT-COMPUTED-REV,485.45,107.76,377.69,SPIKE
2026-09-07 23:00:00,GPR.Flow-In.Ave.1Hour.3Hours.CBT-COMPUTED-REV,-70.64,107.76,-178.40,NEGATIVE
2026-09-08 00:00:00,GPR.Flow-In.Ave.1Hour.3Hours.CBT-COMPUTED-REV,-115.27,107.76,-223.03,NEGATIVE
2026-09-08 01:00:00,GPR.Flow-In.Ave.1Hour.3Hours.CBT-COMPUTED-REV,-73.05,107.07,-180.12,NEGATIVE
2026-09-08 21:00:00,GPR.Flow-In.Ave.1Hour.3Hours.CBT-COMPUTED-REV,-0.46,69.03,-69.49,NEGATIVE
2026-09-08 22:00:00,GPR.Flow-In.Ave.1Hour.3Hours.CBT-COMPUTED-REV,-56.61,69.03,-125.63,NEGATIVE
2026-09-08 23:00:00,GPR.Flow-In.Ave.1Hour.3Hours.CBT-COMPUTED-REV,-136.94,69.03,-205.96,NEGATIVE
2026-09-09 00:00:00,GPR.Flow-In.Ave.1Hour.3Hours.CBT-COMPUTED-REV,-163.65,69.03,-232.67,NEGATIVE
2026-09-09 01:00:00,GPR.Flow-In.Ave.1Hour.3Hours.CBT-COMPUTED-REV,-92.39,69.03,-161.42,NEGATIVE
2026-09-09 20:00:00,GPR.Flow-In.Ave.1Hour.3Hours.CBT-COMPUTED-REV,-6.63,87.75,-94.39,NEGATIVE
2026-09-09 21:00:00,GPR.Flow-In.Ave.1Hour.3Hours.CBT-COMPUTED-REV,-61.40,87.75,-149.15,NEGATIVE
2026-09-09 22:00:00,GPR.Flow-In.Ave.1Hour.3Hours.CBT-COMPUTED-REV,-48.87,87.75,-136.62,NEGATIVE
2026-09-09 23:00:00,GPR.Flow-In.Ave.1Hour.3Hours.CBT-COMPUTED-REV,-205.70,87.75,-293.45,NEGATIVE
2026-09-10 00:00:00,GPR.Flow-In.Ave.1Hour.3Hours.CBT-COMPUTED-REV,-266.70,87.27,-353.97,NEGATIVE
2026-09-10 01:00:00,GPR.Flow-In.Ave.1Hour.3Hours.CBT-COMPUTED-REV,-254.93,87.27,-342.20,NEGATIVE
2026-09-10 02:00:00,GPR.Flow-In.Ave.1Hour.3Hours.CBT-COMPUTED-REV,-196.36,87.27,-283.63,NEGATIVE
2026-09-10 20:00:00,GPR.Flow-In.Ave.1Hour.3Hours.CBT-COMPUTED-REV,-5.91,68.64,-74.54,NEGATIVE
2026-09-10 21:00:00,GPR.Flow-In.Ave.1Hour.3Hours.CBT-COMPUTED-REV,-61.64,68.64,-130.28,NEGATIVE
2026-09-10 22:00:00,GPR.Flow-In.Ave.1Hour.3Hours.CBT-COMPUTED-REV,-101.78,68.64,-170.41,NEGATIVE
2026-09-11 07:00:00,GPR.Flow-In.Ave.1Hour.3Hours.CBT-COMPUTED-REV,-72.99,86.76,-159.74,NEGATIVE
2026-09-11 08:00:00,GPR.Flow-In.Ave.1Hour.3Hours.CBT-COMPUTED-REV,-4.08,86.76,-90.83,NEGATIVE
2026-09-11 21:00:00,GPR.Flow-In.Ave.1Hour.3Hours.CBT-COMPUTED-REV,-20.59,86.76,-107.35,NEGATIVE
2026-09-11 22:00:00,GPR.Flow-In.Ave.1Hour.3Hours.CBT-COMPUTED-REV,-34.59,86.76,-121.35,NEGATIVE
2026-09-11 23:00:00,GPR.Flow-In.Ave.1Hour.3Hours.CBT-COMPUTED-REV,-137.59,86.76,-224.35,NEGATIVE
2026-09-12 00:00:00,GPR.Flow-In.Ave.1Hour.3Hours.CBT-COMPUTED-REV,-127.00,86.76,-213.76,NEGATIVE
2026-09-12 01:00:00,GPR.Flow-In.Ave.1Hour.3Hours.CBT-COMPUTED-REV,-63.31,86.76,-150.07,NEGATIVE
2026-09-13 01:00:00,GPR.Flow-In.Ave.1Hour.3Hours.CBT-COMPUTED-REV,-45.49,68.03,-113.53,NEGATIVE
2026-09-13 02:00:00,GPR.Flow-In.Ave.1Hour.3Hours.CBT-COMPUTED-REV,-79.62,68.03,-147.65,NEGATIVE
2026-09-13 03:00:00,GPR.Flow-In.Ave.1Hour.3Hours.CBT-COMPUTED-REV,-136.50,68.03,-204.53,NEGATIVE
2026-09-13 04:00:00,GPR.Flow-In.Ave.1Hour.3Hours.CBT-COMPUTED-REV,-65.49,68.03,-133.52,NEGATIVE
2026-09-13 10:00:00,GPR.Flow-In.Ave.1Hour.3Hours.CBT-COMPUTED-REV,425.09,58.70,366.38,SPIKE
2026-09-13 11:00:00,GPR.Flow-In.Ave.1Hour.3Hours.CBT-COMPUTED-REV,404.27,61.42,342.85,SPIKE
2026-09-13 12:00:00,GPR.Flow-In.Ave.1Hour.3Hours.CBT-COMPUTED-REV,378.82,66.58,312.24,SPIKE
2026-09-14 01:00:00,GPR.Flow-In.Ave.1Hour.3Hours.CBT-COMPUTED-REV,-1.15,67.79,-68.94,NEGATIVE
2026-09-14 03:00:00,GPR.Flow-In.Ave.1Hour.3Hours.CBT-COMPUTED-REV,-54.82,67.79,-122.61,NEGATIVE
2026-09-14 10:00:00,GPR.Flow-In.Ave.1Hour.3Hours.CBT-COMPUTED-REV,429.28,67.56,361.72,SPIKE
2026-09-15 00:00:00,GPR.Flow-In.Ave.1Hour.3Hours.CBT-COMPUTED-REV,-21.56,67.56,-89.11,NEGATIVE
2026-09-15 01:00:00,GPR.Flow-In.Ave.1Hour.3Hours.CBT-COMPUTED-REV,-82.89,67.56,-150.44,NEGATIVE
2026-09-15 02:00:00,GPR.Flow-In.Ave.1Hour.3Hours.CBT-COMPUTED-REV,-105.23,67.56,-172.79,NEGATIVE
2026-09-15 03:00:00,GPR.Flow-In.Ave.1Hour.3Hours.CBT-COMPUTED-REV,-107.63,67.56,-175.19,NEGATIVE
2026-09-15 20:00:00,GPR.Flow-In.Ave.1Hour.3Hours.CBT-COMPUTED-REV,-25.90,84.72,-110.62,NEGATIVE
2026-09-15 21:00:00,GPR.Flow-In.Ave.1Hour.3Hours.CBT-COMPUTED-REV,-67.05,84.72,-151.77,NEGATIVE
2026-09-15 22:00:00,GPR.Flow-In.Ave.1Hour.3Hours.CBT-COMPUTED-REV,-56.14,84.72,-140.87,NEGATIVE
2026-09-16 03:00:00,GPR.Flow-In.Ave.1Hour.3Hours.CBT-COMPUTED-REV,-3.85,84.72,-88.57,NEGATIVE
2026-09-16 04:00:00,GPR.Flow-In.Ave.1Hour.3Hours.CBT-COMPUTED-REV,-76.75,84.72,-161.48,NEGATIVE
2026-09-16 05:00:00,GPR.Flow-In.Ave.1Hour.3Hours.CBT-COMPUTED-REV,-142.16,84.72,-226.88,NEGATIVE
2026-09-16 06:00:00,GPR.Flow-In.Ave.1Hour.3Hours.CBT-COMPUTED-REV,-77.83,84.46,-162.29,NEGATIVE
2026-09-17 00:00:00,GPR.Flow-In.Ave.1Hour.3Hours.CBT-COMPUTED-REV,-40.91,101.69,-142.60,NEGATIVE
2026-09-17 01:00:00,GPR.Flow-In.Ave.1Hour.3Hours.CBT-COMPUTED-REV,-200.45,101.69,-302.14,NEGATIVE
2026-09-17 02:00:00,GPR.Flow-In.Ave.1Hour.3Hours.CBT-COMPUTED-REV,-195.51,101.69,-297.19,NEGATIVE
2026-09-17 03:00:00,GPR.Flow-In.Ave.1Hour.3Hours.CBT-COMPUTED-REV,-84.11,102.90,-187.00,NEGATIVE
2026-09-17 18:00:00,GPR.Flow-In.Ave.1Hour.3Hours.CBT-COMPUTED-REV,-1.42,50.00,-51.42,NEGATIVE
2026-09-17 19:00:00,GPR.Flow-In.Ave.1Hour.3Hours.CBT-COMPUTED-REV,-1.42,50.00,-51.42,NEGATIVE
2026-09-18 03:00:00,GPR.Flow-In.Ave.1Hour.3Hours.CBT-COMPUTED-REV,-68.02,39.49,-107.51,NEGATIVE
2026-09-18 04:00:00,GPR.Flow-In.Ave.1Hour.3Hours.CBT-COMPUTED-REV,-31.43,39.49,-70.92,NEGATIVE
2026-09-19 00:00:00,GPR.Flow-In.Ave.1Hour.3Hours.CBT-COMPUTED-REV,-9.93,50.00,-59.93,NEGATIVE
2026-09-19 01:00:00,GPR.Flow-In.Ave.1Hour.3Hours.CBT-COMPUTED-REV,-86.68,50.00,-136.68,NEGATIVE
2026-09-19 02:00:00,GPR.Flow-In.Ave.1Hour.3Hours.CBT-COMPUTED-REV,-70.13,50.00,-120.13,NEGATIVE
2026-09-19 03:00:00,GPR.Flow-In.Ave.1Hour.3Hours.CBT-COMPUTED-REV,-21.79,50.78,-72.57,NEGATIVE
2026-09-19 19:00:00,GPR.Flow-In.Ave.1Hour.3Hours.CBT-COMPUTED-REV,-1.01,67.00,-68.01,NEGATIVE
2026-09-19 20:00:00,GPR.Flow-In.Ave.1Hour.3Hours.CBT-COMPUTED-REV,-35.01,67.00,-102.01,NEGATIVE
2026-09-19 21:00:00,GPR.Flow-In.Ave.1Hour.3Hours.CBT-COMPUTED-REV,-52.01,67.00,-119.01,NEGATIVE
2026-09-19 22:00:00,GPR.Flow-In.Ave.1Hour.3Hours.CBT-COMPUTED-REV,-52.00,67.00,-119.01,NEGATIVE
2026-09-19 23:00:00,GPR.Flow-In.Ave.1Hour.3Hours.CBT-COMPUTED-REV,-22.57,67.00,-89.57,NEGATIVE
2026-09-20 00:00:00,GPR.Flow-In.Ave.1Hour.3Hours.CBT-COMPUTED-REV,-18.32,67.00,-85.32,NEGATIVE
2026-09-20 01:00:00,GPR.Flow-In.Ave.1Hour.3Hours.CBT-COMPUTED-REV,-52.96,67.00,-119.96,NEGATIVE
2026-09-20 02:00:00,GPR.Flow-In.Ave.1Hour.3Hours.CBT-COMPUTED-REV,-11.30,67.00,-78.30,NEGATIVE
2026-09-20 21:00:00,GPR.Flow-In.Ave.1Hour.3Hours.CBT-COMPUTED-REV,-17.89,64.50,-82.39,NEGATIVE
2026-09-20 22:00:00,GPR.Flow-In.Ave.1Hour.3Hours.CBT-COMPUTED-REV,-17.89,64.50,-82.39,NEGATIVE
2026-09-20 23:00:00,GPR.Flow-In.Ave.1Hour.3Hours.CBT-COMPUTED-REV,-9.04,64.50,-73.54,NEGATIVE
2026-09-21 00:00:00,GPR.Flow-In.Ave.1Hour.3Hours.CBT-COMPUTED-REV,-11.93,50.00,-61.93,NEGATIVE
2026-09-21 01:00:00,GPR.Flow-In.Ave.1Hour.3Hours.CBT-COMPUTED-REV,-43.39,50.00,-93.39,NEGATIVE
2026-09-21 02:00:00,GPR.Flow-In.Ave.1Hour.3Hours.CBT-COMPUTED-REV,-14.64,50.00,-64.64,NEGATIVE
2026-09-22 01:00:00,GPR.Flow-In.Ave.1Hour.3Hours.CBT-COMPUTED-REV,-38.55,50.00,-88.55,NEGATIVE
2026-09-22 02:00:00,GPR.Flow-In.Ave.1Hour.3Hours.CBT-COMPUTED-REV,-11.01,50.00,-61.01,NEGATIVE
2026-09-22 03:00:00,GPR.Flow-In.Ave.1Hour.3Hours.CBT-COMPUTED-REV,-13.35,50.00,-63.35,NEGATIVE
2026-09-23 01:00:00,GPR.Flow-In.Ave.1Hour.3Hours.CBT-COMPUTED-REV,-61.82,50.00,-111.82,NEGATIVE
2026-09-23 02:00:00,GPR.Flow-In.Ave.1Hour.3Hours.CBT-COMPUTED-REV,-68.63,50.00,-118.63,NEGATIVE
2026-09-23 03:00:00,GPR.Flow-In.Ave.1Hour.3Hours.CBT-COMPUTED-REV,-47.85,50.00,-97.85,NEGATIVE
2026-09-23 22:00:00,GPR.Flow-In.Ave.1Hour.3Hours.CBT-COMPUTED-REV,-0.45,50.00,-50.45,NEGATIVE
2026-09-24 01:00:00,GPR.Flow-In.Ave.1Hour.3Hours.CBT-COMPUTED-REV,-55.58,50.00,-105.58,NEGATIVE
2026-09-24 02:00:00,GPR.Flow-In.Ave.1Hour.3Hours.CBT-COMPUTED-REV,-69.92,66.69,-136.61,NEGATIVE
2026-09-24 03:00:00,GPR.Flow-In.Ave.1Hour.3Hours.CBT-COMPUTED-REV,-52.99,66.69,-119.68,NEGATIVE
2026-09-24 22:00:00,GPR.Flow-In.Ave.1Hour.3Hours.CBT-COMPUTED-REV,-0.07,50.00,-50.07,NEGATIVE
2026-09-24 23:00:00,GPR.Flow-In.Ave.1Hour.3Hours.CBT-COMPUTED-REV,-8.73,50.00,-58.73,NEGATIVE
2026-09-25 00:00:00,GPR.Flow-In.Ave.1Hour.3Hours.CBT-COMPUTED-REV,-42.54,50.00,-92.54,NEGATIVE
2026-09-25 01:00:00,GPR.Flow-In.Ave.1Hour.3Hours.CBT-COMPUTED-REV,-97.02,50.00,-147.02,NEGATIVE
2026-09-25 02:00:00,GPR.Flow-In.Ave.1Hour.3Hours.CBT-COMPUTED-REV,-59.62,50.00,-109.62,NEGATIVE
2026-09-25 03:00:00,GPR.Flow-In.Ave.1Hour.3Hours.CBT-COMPUTED-REV,-30.04,50.00,-80.04,NEGATIVE
2026-09-25 09:00:00,GPR.Flow-In.Ave.1Hour.3Hours.CBT-COMPUTED-REV,354.44,66.68,287.77,SPIKE
2026-09-26 21:00:00,GPR.Flow-In.Ave.1Hour.3Hours.CBT-COMPUTED-REV,-81.52,127.98,-209.50,NEGATIVE
2026-09-26 22:00:00,GPR.Flow-In.Ave.1Hour.3Hours.CBT-COMPUTED-REV,-37.04,127.98,-165.03,NEGATIVE
2026-09-27 20:00:00,GPR.Flow-In.Ave.1Hour.3Hours.CBT-COMPUTED-REV,-48.11,99.16,-147.28,NEGATIVE
2026-09-27 21:00:00,GPR.Flow-In.Ave.1Hour.3Hours.CBT-COMPUTED-REV,-113.36,99.16,-212.52,NEGATIVE
2026-09-27 22:00:00,GPR.Flow-In.Ave.1Hour.3Hours.CBT-COMPUTED-REV,-51.89,99.16,-151.05,NEGATIVE
2026-09-27 23:00:00,GPR.Flow-In.Ave.1Hour.3Hours.CBT-COMPUTED-REV,-4.80,99.16,-103.96,NEGATIVE
2026-09-28 20:00:00,GPR.Flow-In.Ave.1Hour.3Hours.CBT-COMPUTED-REV,-13.86,82.59,-96.45,NEGATIVE
2026-09-28 21:00:00,GPR.Flow-In.Ave.1Hour.3Hours.CBT-COMPUTED-REV,-98.36,82.59,-180.95,NEGATIVE
2026-09-28 22:00:00,GPR.Flow-In.Ave.1Hour.3Hours.CBT-COMPUTED-REV,-72.61,82.59,-155.20,NEGATIVE
2026-09-28 23:00:00,GPR.Flow-In.Ave.1Hour.3Hours.CBT-COMPUTED-REV,-63.30,82.59,-145.89,NEGATIVE
2026-09-29 00:00:00,GPR.Flow-In.Ave.1Hour.3Hours.CBT-COMPUTED-REV,-12.02,82.59,-94.61,NEGATIVE
2026-09-29 20:00:00,GPR.Flow-In.Ave.1Hour.3Hours.CBT-COMPUTED-REV,-16.92,82.38,-99.30,NEGATIVE
2026-09-29 21:00:00,GPR.Flow-In.Ave.1Hour.3Hours.CBT-COMPUTED-REV,-83.89,82.38,-166.26,NEGATIVE
2026-09-29 22:00:00,GPR.Flow-In.Ave.1Hour.3Hours.CBT-COMPUTED-REV,-92.40,82.38,-174.78,NEGATIVE
2026-09-29 23:00:00,GPR.Flow-In.Ave.1Hour.3Hours.CBT-COMPUTED-REV,-94.38,82.38,-176.76,NEGATIVE
2026-09-30 00:00:00,GPR.Flow-In.Ave.1Hour.3Hours.CBT-COMPUTED-REV,-41.66,82.38,-124.04,NEGATIVE
2026-09-30 20:00:00,GPR.Flow-In.Ave.1Hour.3Hours.CBT-COMPUTED-REV,-36.18,82.17,-118.36,NEGATIVE
2026-09-30 21:00:00,GPR.Flow-In.Ave.1Hour.3Hours.CBT-COMPUTED-REV,-134.24,82.17,-216.42,NEGATIVE
2025-11-19 05:00:00,HCR.Flow-In.Ave.15Minutes.3Hours.MIXED-COMPUTED-REV,-188.54,373.64,-562.18,"SPIKE,NEGATIVE"
2025-11-19 06:00:00,HCR.Flow-In.Ave.15Minutes.3Hours.MIXED-COMPUTED-REV,-221.16,373.64,-594.79,"SPIKE,NEGATIVE"
2025-11-19 07:00:00,HCR.Flow-In.Ave.15Minutes.3Hours.MIXED-COMPUTED-REV,26.67,370.07,-343.39,SPIKE
2025-12-17 19:00:00,HCR.Flow-In.Ave.15Minutes.3Hours.MIXED-COMPUTED-REV,1804.49,1401.39,403.10,SPIKE
2025-12-17 20:00:00,HCR.Flow-In.Ave.15Minutes.3Hours.MIXED-COMPUTED-REV,1858.61,1401.39,457.22,SPIKE
2025-12-17 21:00:00,HCR.Flow-In.Ave.15Minutes.3Hours.MIXED-COMPUTED-REV,1843.56,1401.39,442.18,SPIKE
2025-12-17 22:00:00,HCR.Flow-In.Ave.15Minutes.3Hours.MIXED-COMPUTED-REV,1824.86,1401.39,423.48,SPIKE
2025-12-17 23:00:00,HCR.Flow-In.Ave.15Minutes.3Hours.MIXED-COMPUTED-REV,1770.72,1401.39,369.33,SPIKE
2025-12-19 22:00:00,HCR.Flow-In.Ave.15Minutes.3Hours.MIXED-COMPUTED-REV,7468.06,5923.83,1544.23,SPIKE
2025-12-19 23:00:00,HCR.Flow-In.Ave.15Minutes.3Hours.MIXED-COMPUTED-REV,7467.85,5923.83,1544.02,SPIKE
2026-05-28 00:00:00,HCR.Flow-In.Ave.15Minutes.3Hours.MIXED-COMPUTED-REV,725.12,468.60,256.52,SPIKE
2026-05-28 19:00:00,HCR.Flow-In.Ave.15Minutes.3Hours.MIXED-COMPUTED-REV,206.05,478.95,-272.90,SPIKE
2026-05-29 23:00:00,HCR.Flow-In.Ave.15Minutes.3Hours.MIXED-COMPUTED-REV,1148.93,823.61,325.33,SPIKE
2026-05-30 00:00:00,HCR.Flow-In.Ave.15Minutes.3Hours.MIXED-COMPUTED-REV,1127.00,823.61,303.40,SPIKE
2026-06-01 17:00:00,HCR.Flow-In.Ave.15Minutes.3Hours.MIXED-COMPUTED-REV,239.79,565.97,-326.19,SPIKE
2026-06-01 18:00:00,HCR.Flow-In.Ave.15Minutes.3Hours.MIXED-COMPUTED-REV,288.66,565.97,-277.31,SPIKE
2026-06-22 17:00:00,HCR.Flow-In.Ave.15Minutes.3Hours.MIXED-COMPUTED-REV,122.17,387.62,-265.45,SPIKE
2026-07-10 17:00:00,HCR.Flow-In.Ave.15Minutes.3Hours.MIXED-COMPUTED-REV,77.06,348.38,-271.32,SPIKE
2026-07-10 18:00:00,HCR.Flow-In.Ave.15Minutes.3Hours.MIXED-COMPUTED-REV,56.03,348.38,-292.35,SPIKE
2026-07-17 00:00:00,HCR.Flow-In.Ave.15Minutes.3Hours.MIXED-COMPUTED-REV,577.63,323.51,254.12,SPIKE
2025-10-05 08:00:00,LOP.Flow-In.Ave.1Hour.3Hours.CBT-COMPUTED-REV,1404.15,855.86,548.29,SPIKE
2025-10-05 09:00:00,LOP.Flow-In.Ave.1Hour.3Hours.CBT-COMPUTED-REV,1419.42,859.33,560.08,SPIKE
2025-10-06 08:00:00,LOP.Flow-In.Ave.1Hour.3Hours.CBT-COMPUTED-REV,1444.96,874.35,570.61,SPIKE
2025-10-08 07:00:00,LOP.Flow-In.Ave.1Hour.3Hours.CBT-COMPUTED-REV,1348.25,785.85,562.40,SPIKE
2025-10-08 08:00:00,LOP.Flow-In.Ave.1Hour.3Hours.CBT-COMPUTED-REV,1431.18,788.17,643.01,SPIKE
2025-10-08 09:00:00,LOP.Flow-In.Ave.1Hour.3Hours.CBT-COMPUTED-REV,1364.39,788.17,576.22,SPIKE
2025-10-09 12:00:00,LOP.Flow-In.Ave.1Hour.3Hours.CBT-COMPUTED-REV,-3506.54,751.01,-4257.55,"SPIKE,NEGATIVE"
2025-10-09 13:00:00,LOP.Flow-In.Ave.1Hour.3Hours.CBT-COMPUTED-REV,-3506.28,715.72,-4222.00,"SPIKE,NEGATIVE"
2025-10-09 14:00:00,LOP.Flow-In.Ave.1Hour.3Hours.CBT-COMPUTED-REV,-3517.69,709.14,-4226.83,"SPIKE,NEGATIVE"
2025-10-09 16:00:00,LOP.Flow-In.Ave.1Hour.3Hours.CBT-COMPUTED-REV,4991.64,709.14,4282.50,SPIKE
2025-10-09 17:00:00,LOP.Flow-In.Ave.1Hour.3Hours.CBT-COMPUTED-REV,4962.40,715.72,4246.68,SPIKE
2025-10-09 18:00:00,LOP.Flow-In.Ave.1Hour.3Hours.CBT-COMPUTED-REV,4958.30,715.72,4242.57,SPIKE
2025-10-10 21:00:00,LOP.Flow-In.Ave.1Hour.3Hours.CBT-COMPUTED-REV,2301.03,917.17,1383.86,SPIKE
2025-10-10 22:00:00,LOP.Flow-In.Ave.1Hour.3Hours.CBT-COMPUTED-REV,2581.17,917.17,1664.00,SPIKE
2025-10-10 23:00:00,LOP.Flow-In.Ave.1Hour.3Hours.CBT-COMPUTED-REV,2700.63,917.17,1783.45,SPIKE
2025-10-11 02:00:00,LOP.Flow-In.Ave.1Hour.3Hours.CBT-COMPUTED-REV,-731.31,917.17,-1648.48,"SPIKE,NEGATIVE"
2025-10-11 03:00:00,LOP.Flow-In.Ave.1Hour.3Hours.CBT-COMPUTED-REV,-1281.75,915.36,-2197.11,"SPIKE,JUMP,NEGATIVE"
2025-10-11 04:00:00,LOP.Flow-In.Ave.1Hour.3Hours.CBT-COMPUTED-REV,-699.59,907.08,-1606.67,"SPIKE,NEGATIVE"
2025-10-21 00:00:00,LOP.Flow-In.Ave.1Hour.3Hours.CBT-COMPUTED-REV,1448.54,1035.94,412.60,SPIKE
2025-10-21 01:00:00,LOP.Flow-In.Ave.1Hour.3Hours.CBT-COMPUTED-REV,1520.27,1035.94,484.33,SPIKE
2025-10-21 02:00:00,LOP.Flow-In.Ave.1Hour.3Hours.CBT-COMPUTED-REV,1538.27,1035.94,502.34,SPIKE
2025-10-21 03:00:00,LOP.Flow-In.Ave.1Hour.3Hours.CBT-COMPUTED-REV,1574.14,1035.94,538.21,SPIKE
2025-10-21 04:00:00,LOP.Flow-In.Ave.1Hour.3Hours.CBT-COMPUTED-REV,1538.44,1035.94,502.50,SPIKE
2025-10-21 05:00:00,LOP.Flow-In.Ave.1Hour.3Hours.CBT-COMPUTED-REV,1502.77,1035.94,466.83,SPIKE
2025-11-04 09:00:00,LOP.Flow-In.Ave.1Hour.3Hours.CBT-COMPUTED-REV,1020.51,1489.83,-469.32,SPIKE
2025-11-04 10:00:00,LOP.Flow-In.Ave.1Hour.3Hours.CBT-COMPUTED-REV,1051.68,1501.22,-449.54,SPIKE
2025-11-04 12:00:00,LOP.Flow-In.Ave.1Hour.3Hours.CBT-COMPUTED-REV,2077.14,1508.29,568.85,SPIKE
2025-11-04 13:00:00,LOP.Flow-In.Ave.1Hour.3Hours.CBT-COMPUTED-REV,2198.44,1508.29,690.15,SPIKE
2025-11-04 14:00:00,LOP.Flow-In.Ave.1Hour.3Hours.CBT-COMPUTED-REV,2094.11,1504.32,589.79,SPIKE
2025-11-12 21:00:00,LOP.Flow-In.Ave.1Hour.3Hours.CBT-COMPUTED-REV,-510.62,712.43,-1223.06,"SPIKE,NEGATIVE"
2025-11-12 22:00:00,LOP.Flow-In.Ave.1Hour.3Hours.CBT-COMPUTED-REV,-1685.54,712.43,-2397.97,"SPIKE,NEGATIVE"
2025-11-12 23:00:00,LOP.Flow-In.Ave.1Hour.3Hours.CBT-COMPUTED-REV,-2835.65,712.43,-3548.08,"SPIKE,NEGATIVE"
2025-11-13 00:00:00,LOP.Flow-In.Ave.1Hour.3Hours.CBT-COMPUTED-REV,-2809.75,712.43,-3522.18,"SPIKE,NEGATIVE"
2025-11-13 01:00:00,LOP.Flow-In.Ave.1Hour.3Hours.CBT-COMPUTED-REV,-1576.53,712.43,-2288.96,"SPIKE,NEGATIVE"
2025-11-13 02:00:00,LOP.Flow-In.Ave.1Hour.3Hours.CBT-COMPUTED-REV,-368.91,712.43,-1081.34,"SPIKE,NEGATIVE"
2025-11-15 01:00:00,LOP.Flow-In.Ave.1Hour.3Hours.CBT-COMPUTED-REV,583.61,935.53,-351.92,SPIKE
2025-11-15 02:00:00,LOP.Flow-In.Ave.1Hour.3Hours.CBT-COMPUTED-REV,584.31,934.85,-350.54,SPIKE
2025-11-15 03:00:00,LOP.Flow-In.Ave.1Hour.3Hours.CBT-COMPUTED-REV,584.93,928.86,-343.92,SPIKE
2025-11-21 23:00:00,LOP.Flow-In.Ave.1Hour.3Hours.CBT-COMPUTED-REV,499.44,770.90,-271.46,SPIKE
2025-11-24 12:00:00,LOP.Flow-In.Ave.1Hour.3Hours.CBT-COMPUTED-REV,1222.74,793.35,429.39,SPIKE
2025-11-24 16:00:00,LOP.Flow-In.Ave.1Hour.3Hours.CBT-COMPUTED-REV,397.96,885.15,-487.18,SPIKE
2025-11-24 17:00:00,LOP.Flow-In.Ave.1Hour.3Hours.CBT-COMPUTED-REV,422.43,893.40,-470.97,SPIKE
2025-12-01 06:00:00,LOP.Flow-In.Ave.1Hour.3Hours.CBT-COMPUTED-REV,1298.14,963.59,334.55,SPIKE
2025-12-01 07:00:00,LOP.Flow-In.Ave.1Hour.3Hours.CBT-COMPUTED-REV,1291.50,963.37,328.12,SPIKE
2025-12-29 22:00:00,LOP.Flow-In.Ave.1Hour.3Hours.CBT-COMPUTED-REV,6791.51,4048.20,2743.31,SPIKE
2025-12-29 23:00:00,LOP.Flow-In.Ave.1Hour.3Hours.CBT-COMPUTED-REV,8296.53,4010.33,4286.20,SPIKE
2025-12-30 00:00:00,LOP.Flow-In.Ave.1Hour.3Hours.CBT-COMPUTED-REV,8285.62,3958.54,4327.08,SPIKE
2025-12-30 01:00:00,LOP.Flow-In.Ave.1Hour.3Hours.CBT-COMPUTED-REV,6868.67,3912.68,2955.99,SPIKE
2026-04-20 15:00:00,LOP.Flow-In.Ave.1Hour.3Hours.CBT-COMPUTED-REV,1956.76,2794.11,-837.35,SPIKE
2026-04-20 16:00:00,LOP.Flow-In.Ave.1Hour.3Hours.CBT-COMPUTED-REV,1669.27,2794.11,-1124.84,SPIKE
2026-04-20 17:00:00,LOP.Flow-In.Ave.1Hour.3Hours.CBT-COMPUTED-REV,1913.90,2794.11,-880.22,SPIKE
2026-04-21 09:00:00,LOP.Flow-In.Ave.1Hour.3Hours.CBT-COMPUTED-REV,4052.44,2742.37,1310.07,SPIKE
2026-04-21 10:00:00,LOP.Flow-In.Ave.1Hour.3Hours.CBT-COMPUTED-REV,4239.62,2726.84,1512.77,SPIKE
2026-04-21 11:00:00,LOP.Flow-In.Ave.1Hour.3Hours.CBT-COMPUTED-REV,3716.61,2692.20,1024.41,SPIKE
2026-04-21 13:00:00,LOP.Flow-In.Ave.1Hour.3Hours.CBT-COMPUTED-REV,1623.27,2652.48,-1029.22,SPIKE
2026-04-21 14:00:00,LOP.Flow-In.Ave.1Hour.3Hours.CBT-COMPUTED-REV,1436.62,2546.29,-1109.67,SPIKE
2026-05-15 19:00:00,LOP.Flow-In.Ave.1Hour.3Hours.CBT-COMPUTED-REV,1725.46,1234.35,491.11,SPIKE
2026-05-18 06:00:00,LOP.Flow-In.Ave.1Hour.3Hours.CBT-COMPUTED-REV,-69.07,1189.12,-1258.19,"SPIKE,NEGATIVE"
2026-05-18 07:00:00,LOP.Flow-In.Ave.1Hour.3Hours.CBT-COMPUTED-REV,-154.10,1189.12,-1343.22,"SPIKE,NEGATIVE"
2026-05-23 03:00:00,LOP.Flow-In.Ave.1Hour.3Hours.CBT-COMPUTED-REV,691.88,1277.08,-585.20,SPIKE
2026-05-26 15:00:00,LOP.Flow-In.Ave.1Hour.3Hours.CBT-COMPUTED-REV,2462.61,1116.49,1346.12,SPIKE
2026-05-26 19:00:00,LOP.Flow-In.Ave.1Hour.3Hours.CBT-COMPUTED-REV,-651.40,1064.36,-1715.76,NEGATIVE
2026-05-26 20:00:00,LOP.Flow-In.Ave.1Hour.3Hours.CBT-COMPUTED-REV,-747.33,1059.87,-1807.20,NEGATIVE
2026-05-26 21:00:00,LOP.Flow-In.Ave.1Hour.3Hours.CBT-COMPUTED-REV,-68.92,993.71,-1062.63,NEGATIVE
2026-06-05 23:00:00,LOP.Flow-In.Ave.1Hour.3Hours.CBT-COMPUTED-REV,-467.87,911.31,-1379.18,NEGATIVE
2026-06-06 00:00:00,LOP.Flow-In.Ave.1Hour.3Hours.CBT-COMPUTED-REV,-431.89,911.31,-1343.20,NEGATIVE
2026-06-20 10:00:00,LOP.Flow-In.Ave.1Hour.3Hours.CBT-COMPUTED-REV,1398.63,961.44,437.19,SPIKE
2026-06-20 11:00:00,LOP.Flow-In.Ave.1Hour.3Hours.CBT-COMPUTED-REV,1379.40,951.32,428.08,SPIKE
2026-06-21 09:00:00,LOP.Flow-In.Ave.1Hour.3Hours.CBT-COMPUTED-REV,1483.49,928.29,555.20,SPIKE
2026-06-21 10:00:00,LOP.Flow-In.Ave.1Hour.3Hours.CBT-COMPUTED-REV,1457.58,927.53,530.05,SPIKE
2026-06-22 02:00:00,LOP.Flow-In.Ave.1Hour.3Hours.CBT-COMPUTED-REV,507.41,928.29,-420.88,SPIKE
2026-06-22 03:00:00,LOP.Flow-In.Ave.1Hour.3Hours.CBT-COMPUTED-REV,515.60,928.29,-412.69,SPIKE
2026-06-25 09:00:00,LOP.Flow-In.Ave.1Hour.3Hours.CBT-COMPUTED-REV,1443.08,848.41,594.67,SPIKE
2026-06-25 10:00:00,LOP.Flow-In.Ave.1Hour.3Hours.CBT-COMPUTED-REV,1402.95,848.41,554.54,SPIKE
2026-06-30 20:00:00,LOP.Flow-In.Ave.1Hour.3Hours.CBT-COMPUTED-REV,741.53,1073.96,-332.43,SPIKE
2026-07-14 05:00:00,LOP.Flow-In.Ave.1Hour.3Hours.CBT-COMPUTED-REV,1233.10,836.12,396.98,SPIKE
2026-07-14 06:00:00,LOP.Flow-In.Ave.1Hour.3Hours.CBT-COMPUTED-REV,1375.53,835.80,539.73,SPIKE
2026-07-17 07:00:00,LOP.Flow-In.Ave.1Hour.3Hours.CBT-COMPUTED-REV,1429.72,831.37,598.35,SPIKE
2026-07-19 02:00:00,LOP.Flow-In.Ave.1Hour.3Hours.CBT-COMPUTED-REV,348.64,819.04,-470.40,SPIKE
2026-07-19 03:00:00,LOP.Flow-In.Ave.1Hour.3Hours.CBT-COMPUTED-REV,294.63,819.04,-524.41,SPIKE
2026-07-19 04:00:00,LOP.Flow-In.Ave.1Hour.3Hours.CBT-COMPUTED-REV,396.92,819.04,-422.12,SPIKE
2026-07-19 07:00:00,LOP.Flow-In.Ave.1Hour.3Hours.CBT-COMPUTED-REV,1216.43,819.22,397.20,SPIKE
2026-07-19 08:00:00,LOP.Flow-In.Ave.1Hour.3Hours.CBT-COMPUTED-REV,1349.12,819.22,529.90,SPIKE
2026-07-19 09:00:00,LOP.Flow-In.Ave.1Hour.3Hours.CBT-COMPUTED-REV,1257.68,819.22,438.45,SPIKE
2026-07-20 09:00:00,LOP.Flow-In.Ave.1Hour.3Hours.CBT-COMPUTED-REV,1320.26,846.69,473.57,SPIKE
2026-07-20 10:00:00,LOP.Flow-In.Ave.1Hour.3Hours.CBT-COMPUTED-REV,1284.71,846.69,438.01,SPIKE
2026-07-21 09:00:00,LOP.Flow-In.Ave.1Hour.3Hours.CBT-COMPUTED-REV,1882.15,749.61,1132.54,SPIKE
2026-07-21 10:00:00,LOP.Flow-In.Ave.1Hour.3Hours.CBT-COMPUTED-REV,1666.74,749.61,917.13,SPIKE
2026-07-22 09:00:00,LOP.Flow-In.Ave.1Hour.3Hours.CBT-COMPUTED-REV,1437.50,780.97,656.53,SPIKE
2026-07-22 10:00:00,LOP.Flow-In.Ave.1Hour.3Hours.CBT-COMPUTED-REV,1329.65,777.94,551.71,SPIKE
2026-07-23 09:00:00,LOP.Flow-In.Ave.1Hour.3Hours.CBT-COMPUTED-REV,1249.90,805.30,444.60,SPIKE
2026-07-23 23:00:00,LOP.Flow-In.Ave.1Hour.3Hours.CBT-COMPUTED-REV,-331.98,835.36,-1167.34,NEGATIVE
2026-07-24 00:00:00,LOP.Flow-In.Ave.1Hour.3Hours.CBT-COMPUTED-REV,-1119.26,835.36,-1954.62,"SPIKE,NEGATIVE"
2026-07-24 01:00:00,LOP.Flow-In.Ave.1Hour.3Hours.CBT-COMPUTED-REV,-1364.99,805.30,-2170.29,"SPIKE,NEGATIVE"
2026-07-24 02:00:00,LOP.Flow-In.Ave.1Hour.3Hours.CBT-COMPUTED-REV,-1011.96,805.20,-1817.16,"SPIKE,NEGATIVE"
2026-07-24 03:00:00,LOP.Flow-In.Ave.1Hour.3Hours.CBT-COMPUTED-REV,-474.25,803.83,-1278.08,"SPIKE,NEGATIVE"
2026-08-03 23:00:00,LOP.Flow-In.Ave.1Hour.3Hours.CBT-COMPUTED-REV,-314.92,798.86,-1113.78,NEGATIVE
2026-08-04 00:00:00,LOP.Flow-In.Ave.1Hour.3Hours.CBT-COMPUTED-REV,-625.19,798.86,-1424.06,NEGATIVE
2026-08-04 01:00:00,LOP.Flow-In.Ave.1Hour.3Hours.CBT-COMPUTED-REV,-551.72,798.98,-1350.70,NEGATIVE
2026-08-07 08:00:00,LOP.Flow-In.Ave.1Hour.3Hours.CBT-COMPUTED-REV,1303.14,780.67,522.47,SPIKE
2026-08-10 07:00:00,LOP.Flow-In.Ave.1Hour.3Hours.CBT-COMPUTED-REV,1114.47,766.29,348.17,SPIKE
2026-08-10 08:00:00,LOP.Flow-In.Ave.1Hour.3Hours.CBT-COMPUTED-REV,1306.90,766.29,540.61,SPIKE
2026-08-10 09:00:00,LOP.Flow-In.Ave.1Hour.3Hours.CBT-COMPUTED-REV,1244.11,766.29,477.82,SPIKE
2026-08-10 10:00:00,LOP.Flow-In.Ave.1Hour.3Hours.CBT-COMPUTED-REV,1197.77,754.01,443.76,SPIKE
2026-08-11 08:00:00,LOP.Flow-In.Ave.1Hour.3Hours.CBT-COMPUTED-REV,1256.28,760.73,495.55,SPIKE
2026-08-11 09:00:00,LOP.Flow-In.Ave.1Hour.3Hours.CBT-COMPUTED-REV,1193.98,760.73,433.25,SPIKE
2026-08-11 10:00:00,LOP.Flow-In.Ave.1Hour.3Hours.CBT-COMPUTED-REV,1185.60,760.73,424.86,SPIKE
2026-08-12 08:00:00,LOP.Flow-In.Ave.1Hour.3Hours.CBT-COMPUTED-REV,1203.57,728.05,475.53,SPIKE
2026-08-12 09:00:00,LOP.Flow-In.Ave.1Hour.3Hours.CBT-COMPUTED-REV,1218.02,728.28,489.74,SPIKE
2026-08-12 10:00:00,LOP.Flow-In.Ave.1Hour.3Hours.CBT-COMPUTED-REV,1295.45,731.00,564.46,SPIKE
2026-08-12 11:00:00,LOP.Flow-In.Ave.1Hour.3Hours.CBT-COMPUTED-REV,1164.84,754.81,410.03,SPIKE
2026-08-14 04:00:00,LOP.Flow-In.Ave.1Hour.3Hours.CBT-COMPUTED-REV,-406.77,773.27,-1180.04,NEGATIVE
2026-08-14 05:00:00,LOP.Flow-In.Ave.1Hour.3Hours.CBT-COMPUTED-REV,-361.09,773.09,-1134.17,NEGATIVE
2026-08-21 18:00:00,LOP.Flow-In.Ave.1Hour.3Hours.CBT-COMPUTED-REV,1528.83,763.97,764.86,SPIKE
2026-08-26 09:00:00,LOP.Flow-In.Ave.1Hour.3Hours.CBT-COMPUTED-REV,1459.37,879.99,579.38,SPIKE
2026-08-26 10:00:00,LOP.Flow-In.Ave.1Hour.3Hours.CBT-COMPUTED-REV,1518.87,852.13,666.74,SPIKE
2026-08-26 11:00:00,LOP.Flow-In.Ave.1Hour.3Hours.CBT-COMPUTED-REV,1518.95,852.13,666.82,SPIKE
2026-08-30 08:00:00,LOP.Flow-In.Ave.1Hour.3Hours.CBT-COMPUTED-REV,1058.85,748.24,310.62,SPIKE
2026-09-03 04:00:00,LOP.Flow-In.Ave.1Hour.3Hours.CBT-COMPUTED-REV,623.32,889.89,-266.56,SPIKE
2026-09-10 22:00:00,LOP.Flow-In.Ave.1Hour.3Hours.CBT-COMPUTED-REV,-155.69,610.49,-766.18,"SPIKE,NEGATIVE"
2026-09-10 23:00:00,LOP.Flow-In.Ave.1Hour.3Hours.CBT-COMPUTED-REV,-830.43,618.53,-1448.96,"SPIKE,NEGATIVE"
2026-09-11 00:00:00,LOP.Flow-In.Ave.1Hour.3Hours.CBT-COMPUTED-REV,-1574.90,618.53,-2193.42,"SPIKE,NEGATIVE"
2026-09-11 01:00:00,LOP.Flow-In.Ave.1Hour.3Hours.CBT-COMPUTED-REV,-1597.39,619.06,-2216.45,"SPIKE,NEGATIVE"
2026-09-11 02:00:00,LOP.Flow-In.Ave.1Hour.3Hours.CBT-COMPUTED-REV,-874.62,619.06,-1493.68,"SPIKE,NEGATIVE"
2026-09-11 03:00:00,LOP.Flow-In.Ave.1Hour.3Hours.CBT-COMPUTED-REV,-128.69,619.06,-747.75,"SPIKE,NEGATIVE"
