Project,Parameter,Timestep,CWMS_Key,USGS_Key,Start,End,Steps,Mean Diff,Max Abs Diff,CWMS Mean,USGS Mean
BCL,ELEV,HOURLY,BCL.Elev-Forebay.Inst.1Hour.0.CBT-REV,14181400,2025-10-01 00:00:00,2025-10-01 03:00:00,4,-1.042,1.503,1196.135,1197.177
BCL,ELEV,HOURLY,BCL.Elev-Forebay.Inst.1Hour.0.CBT-REV,14181400,2025-10-01 05:00:00,2025-10-03 18:00:00,62,0.067,1.515,1198.220,1198.153
BCL,ELEV,HOURLY,BCL.Elev-Forebay.Inst.1Hour.0.CBT-REV,14181400,2025-10-03 20:00:00,2025-10-04 04:00:00,9,-0.024,0.497,1196.982,1197.006
BCL,ELEV,HOURLY,BCL.Elev-Forebay.Inst.1Hour.0.CBT-REV,14181400,2025-10-04 06:00:00,2025-10-04 07:00:00,2,0.109,0.112,1199.840,1199.731
BCL,ELEV,HOURLY,BCL.Elev-Forebay.Inst.1Hour.0.CBT-REV,14181400,2025-10-04 20:00:00,2025-10-05 04:00:00,9,-0.038,0.477,1197.281,1197.319
BCL,ELEV,HOURLY,BCL.Elev-Forebay.Inst.1Hour.0.CBT-REV,14181400,2025-10-05 06:00:00,2025-10-05 08:00:00,3,0.109,0.118,1200.083,1199.974
BCL,ELEV,HOURLY,BCL.Elev-Forebay.Inst.1Hour.0.CBT-REV,14181400,2025-10-05 20:00:00,2025-10-06 04:00:00,9,-0.034,0.493,1197.214,1197.249
BCL,ELEV,HOURLY,BCL.Elev-Forebay.Inst.1Hour.0.CBT-REV,14181400,2025-10-06 14:00:00,2025-10-06 14:00:00,1,0.102,0.102,1199.610,1199.507
BCL,ELEV,HOURLY,BCL.Elev-Forebay.Inst.1Hour.0.CBT-REV,14181400,2025-10-06 19:00:00,2025-10-07 04:00:00,10,-0.009,0.493,1197.589,1197.598
BCL,ELEV,HOURLY,BCL.Elev-Forebay.Inst.1Hour.0.CBT-REV,14181400,2025-10-07 06:00:00,2025-10-07 06:00:00,1,0.103,0.103,1200.410,1200.307
BCL,ELEV,HOURLY,BCL.Elev-Forebay.Inst.1Hour.0.CBT-REV,14181400,2025-10-07 15:00:00,2025-10-07 15:00:00,1,0.102,0.102,1199.180,1199.078
BCL,ELEV,HOURLY,BCL.Elev-Forebay.Inst.1Hour.0.CBT-REV,14181400,2025-10-07 21:00:00,2025-10-08 04:00:00,8,0.011,0.490,1196.810,1196.799
BCL,ELEV,HOURLY,BCL.Elev-Forebay.Inst.1Hour.0.CBT-REV,14181400,2025-10-08 21:00:00,2025-10-09 04:00:00,8,0.003,0.490,1197.347,1197.344
BCL,ELEV,HOURLY,BCL.Elev-Forebay.Inst.1Hour.0.CBT-REV,14181400,2025-10-09 21:00:00,2025-10-10 04:00:00,8,0.001,0.505,1196.512,1196.511
BCL,ELEV,HOURLY,BCL.Elev-Forebay.Inst.1Hour.0.CBT-REV,14181400,2025-10-10 23:00:00,2025-10-11 04:00:00,6,-0.057,0.447,1199.862,1199.918
BCL,ELEV,HOURLY,BCL.Elev-Forebay.Inst.1Hour.0.CBT-REV,14181400,2025-10-11 22:00:00,2025-10-12 04:00:00,7,0.031,0.512,1199.649,1199.618
BCL,ELEV,HOURLY,BCL.Elev-Forebay.Inst.1Hour.0.CBT-REV,14181400,2025-10-12 22:00:00,2025-10-13 04:00:00,7,-0.001,0.492,1199.886,1199.887
BCL,ELEV,HOURLY,BCL.Elev-Forebay.Inst.1Hour.0.CBT-REV,14181400,2025-10-13 22:00:00,2025-10-14 04:00:00,7,0.009,0.437,1199.374,1199.365
BCL,ELEV,HOURLY,BCL.Elev-Forebay.Inst.1Hour.0.CBT-REV,14181400,2025-10-14 22:00:00,2025-10-15 04:00:00,7,0.020,0.497,1199.741,1199.721
BCL,ELEV,HOURLY,BCL.Elev-Forebay.Inst.1Hour.0.CBT-REV,14181400,2025-10-15 22:00:00,2025-10-16 04:00:00,7,0.021,0.493,1199.774,1199.753
BCL,ELEV,HOURLY,BCL.Elev-Forebay.Inst.1Hour.0.CBT-REV,14181400,2025-10-16 22:00:00,2025-10-17 04:00:00,7,0.171,0.402,1198.869,1198.698
BCL,ELEV,HOURLY,BCL.Elev-Forebay.Inst.1Hour.0.CBT-REV,14181400,2025-10-17 22:00:00,2025-10-18 04:00:00,7,0.159,0.403,1198.327,1198.168
BCL,ELEV,HOURLY,BCL.Elev-Forebay.Inst.1Hour.0.CBT-REV,14181400,2025-10-18 22:00:00,2025-10-19 04:00:00,7,0.175,0.425,1198.981,1198.806
BCL,ELEV,HOURLY,BCL.Elev-Forebay.Inst.1Hour.0.CBT-REV,14181400,2025-10-19 22:00:00,2025-10-20 05:00:00,8,0.146,0.403,1199.004,1198.858
BCL,ELEV,HOURLY,BCL.Elev-Forebay.Inst.1Hour.0.CBT-REV,14181400,2025-10-20 22:00:00,2025-10-21 04:00:00,7,0.114,0.610,1198.606,1198.492
BCL,ELEV,HOURLY,BCL.Elev-Forebay.Inst.1Hour.0.CBT-REV,14181400,2025-11-01 22:00:00,2025-11-01 22:00:00,1,0.132,0.132,1199.370,1199.237
BCL,ELEV,HOURLY,BCL.Elev-Forebay.Inst.1Hour.0.CBT-REV,14181400,2025-11-02 09:00:00,2025-11-02 09:00:00,1,0.125,0.125,1199.270,1199.145
BCL,ELEV,HOURLY,BCL.Elev-Forebay.Inst.1Hour.0.CBT-REV,14181400,2025-11-03 01:00:00,2025-11-03 01:00:00,1,0.100,0.100,1198.650,1198.550
BCL,ELEV,HOURLY,BCL.Elev-Forebay.Inst.1Hour.0.CBT-REV,14181400,2025-11-04 08:00:00,2025-11-05 12:00:00,29,0.123,0.590,1197.226,1197.103
BCL,ELEV,HOURLY,BCL.Elev-Forebay.Inst.1Hour.0.CBT-REV,14181400,2025-11-05 14:00:00,2025-11-06 01:00:00,12,-0.164,0.243,1196.700,1196.864
BCL,ELEV,HOURLY,BCL.Elev-Forebay.Inst.1Hour.0.CBT-REV,14181400,2025-11-06 03:00:00,2025-11-06 03:00:00,1,-0.115,0.115,1200.410,1200.525
BCL,ELEV,HOURLY,BCL.Elev-Forebay.Inst.1Hour.0.CBT-REV,14181400,2025-11-06 05:00:00,2025-11-07 17:00:00,37,0.071,0.950,1196.571,1196.500
BCL,ELEV,HOURLY,BCL.Elev-Forebay.Inst.1Hour.0.CBT-REV,14181400,2025-11-07 19:00:00,2025-11-12 16:00:00,118,0.077,1.287,1196.172,1196.095
BCL,ELEV,HOURLY,BCL.Elev-Forebay.Inst.1Hour.0.CBT-REV,14181400,2025-11-12 18:00:00,2025-11-13 16:00:00,23,0.004,0.975,1192.379,1192.375
BCL,ELEV,HOURLY,BCL.Elev-Forebay.Inst.1Hour.0.CBT-REV,14181400,2025-11-13 19:00:00,2025-11-14 05:00:00,11,-0.095,0.890,1195.245,1195.341
BCL,ELEV,HOURLY,BCL.Elev-Forebay.Inst.1Hour.0.CBT-REV,14181400,2025-11-14 07:00:00,2025-11-14 12:00:00,6,0.674,0.832,1198.690,1198.016
BCL,ELEV,HOURLY,BCL.Elev-Forebay.Inst.1Hour.0.CBT-REV,14181400,2025-11-14 14:00:00,2025-11-14 16:00:00,3,-0.753,0.803,1196.057,1196.810
BCL,ELEV,HOURLY,BCL.Elev-Forebay.Inst.1Hour.0.CBT-REV,14181400,2025-11-14 18:00:00,2025-11-15 05:00:00,12,-0.026,0.860,1195.994,1196.020
BCL,ELEV,HOURLY,BCL.Elev-Forebay.Inst.1Hour.0.CBT-REV,14181400,2025-11-15 07:00:00,2025-11-15 12:00:00,6,0.690,0.840,1198.793,1198.104
BCL,ELEV,HOURLY,BCL.Elev-Forebay.Inst.1Hour.0.CBT-REV,14181400,2025-11-15 14:00:00,2025-11-15 16:00:00,3,-0.752,0.780,1196.033,1196.785
BCL,ELEV,HOURLY,BCL.Elev-Forebay.Inst.1Hour.0.CBT-REV,14181400,2025-11-15 18:00:00,2025-11-16 05:00:00,12,-0.027,0.860,1195.966,1195.993
BCL,ELEV,HOURLY,BCL.Elev-Forebay.Inst.1Hour.0.CBT-REV,14181400,2025-11-16 07:00:00,2025-11-16 12:00:00,6,0.692,0.845,1198.697,1198.005
BCL,ELEV,HOURLY,BCL.Elev-Forebay.Inst.1Hour.0.CBT-REV,14181400,2025-11-16 14:00:00,2025-11-16 16:00:00,3,-0.753,0.798,1196.017,1196.769
BCL,ELEV,HOURLY,BCL.Elev-Forebay.Inst.1Hour.0.CBT-REV,14181400,2025-11-16 18:00:00,2025-11-17 05:00:00,12,-0.031,0.875,1195.998,1196.029
BCL,ELEV,HOURLY,BCL.Elev-Forebay.Inst.1Hour.0.CBT-REV,14181400,2025-11-17 07:00:00,2025-11-17 12:00:00,6,0.681,0.832,1198.903,1198.222
BCL,ELEV,HOURLY,BCL.Elev-Forebay.Inst.1Hour.0.CBT-REV,14181400,2025-11-17 14:00:00,2025-11-17 16:00:00,3,-0.740,0.780,1196.263,1197.003
BCL,ELEV,HOURLY,BCL.Elev-Forebay.Inst.1Hour.0.CBT-REV,14181400,2025-11-17 18:00:00,2025-11-17 23:00:00,6,0.712,0.867,1195.792,1195.080
BCL,ELEV,HOURLY,BCL.Elev-Forebay.Inst.1Hour.0.CBT-REV,14181400,2025-11-20 08:00:00,2025-11-20 16:00:00,9,-0.055,0.873,1190.330,1190.385
BCL,ELEV,HOURLY,BCL.Elev-Forebay.Inst.1Hour.0.CBT-REV,14181400,2025-11-20 18:00:00,2025-11-21 05:00:00,12,0.009,0.875,1191.703,1191.693
BCL,ELEV,HOURLY,BCL.Elev-Forebay.Inst.1Hour.0.CBT-REV,14181400,2025-11-21 07:00:00,2025-11-21 17:00:00,11,0.054,0.950,1193.142,1193.088
BCL,ELEV,HOURLY,BCL.Elev-Forebay.Inst.1Hour.0.CBT-REV,14181400,2025-11-21 19:00:00,2025-11-26 07:00:00,109,0.071,1.137,1197.268,1197.197
BCL,ELEV,HOURLY,BCL.Elev-Forebay.Inst.1Hour.0.CBT-REV,14181400,2025-11-26 12:00:00,2025-11-26 12:00:00,1,1.095,1.095,1198.130,1197.035
BCL,ELEV,HOURLY,BCL.Elev-Forebay.Inst.1Hour.0.CBT-REV,14181400,2025-11-26 14:00:00,2025-11-26 19:00:00,6,-0.134,0.150,1197.062,1197.196
BCL,ELEV,HOURLY,BCL.Elev-Forebay.Inst.1Hour.0.CBT-REV,14181400,2025-11-27 05:00:00,2025-11-27 07:00:00,3,0.526,0.945,1199.840,1199.314
BCL,ELEV,HOURLY,BCL.Elev-Forebay.Inst.1Hour.0.CBT-REV,14181400,2025-11-27 12:00:00,2025-11-27 13:00:00,2,0.336,0.530,1197.510,1197.174
BCL,ELEV,HOURLY,BCL.Elev-Forebay.Inst.1Hour.0.CBT-REV,14181400,2025-11-28 05:00:00,2025-11-28 14:00:00,10,0.335,1.055,1196.431,1196.096
BCL,ELEV,HOURLY,BCL.Elev-Forebay.Inst.1Hour.0.CBT-REV,14181400,2025-11-29 08:00:00,2025-11-29 09:00:00,2,0.731,0.993,1195.730,1194.999
BCL,ELEV,HOURLY,BCL.Elev-Forebay.Inst.1Hour.0.CBT-REV,14181400,2025-11-29 12:00:00,2025-11-30 07:00:00,20,-0.003,1.350,1194.279,1194.282
BCL,ELEV,HOURLY,BCL.Elev-Forebay.Inst.1Hour.0.CBT-REV,14181400,2025-11-30 10:00:00,2025-11-30 13:00:00,4,0.942,1.150,1194.665,1193.723
BCL,ELEV,HOURLY,BCL.Elev-Forebay.Inst.1Hour.0.CBT-REV,14181400,2025-11-30 15:00:00,2025-12-01 04:00:00,14,-0.258,0.687,1196.049,1196.307
BCL,ELEV,HOURLY,BCL.Elev-Forebay.Inst.1Hour.0.CBT-REV,14181400,2025-12-01 08:00:00,2025-12-09 16:00:00,201,0.015,1.013,1196.672,1196.657
BCL,ELEV,HOURLY,BCL.Elev-Forebay.Inst.1Hour.0.CBT-REV,14181400,2025-12-10 00:00:00,2025-12-10 01:00:00,2,-0.524,0.555,1199.815,1200.339
BCL,ELEV,HOURLY,BCL.Elev-Forebay.Inst.1Hour.0.CBT-REV,14181400,2025-12-10 08:00:00,2025-12-11 06:00:00,23,0.032,0.940,1197.539,1197.507
BCL,ELEV,HOURLY,BCL.Elev-Forebay.Inst.1Hour.0.CBT-REV,14181400,2025-12-11 12:00:00,2025-12-12 01:00:00,14,0.003,0.553,1198.517,1198.514
BCL,ELEV,HOURLY,BCL.Elev-Forebay.Inst.1Hour.0.CBT-REV,14181400,2025-12-12 06:00:00,2025-12-12 06:00:00,1,-0.130,0.130,1199.950,1200.080
BCL,ELEV,HOURLY,BCL.Elev-Forebay.Inst.1Hour.0.CBT-REV,14181400,2025-12-18 10:00:00,2025-12-19 00:00:00,15,0.222,0.460,1196.451,1196.229
BCL,ELEV,HOURLY,BCL.Elev-Forebay.Inst.1Hour.0.CBT-REV,14181400,2025-12-19 10:00:00,2025-12-19 10:00:00,1,-0.108,0.108,1191.810,1191.918
BCL,ELEV,HOURLY,BCL.Elev-Forebay.Inst.1Hour.0.CBT-REV,14181400,2025-12-19 17:00:00,2025-12-19 17:00:00,1,0.108,0.108,1191.920,1191.812
BCL,ELEV,HOURLY,BCL.Elev-Forebay.Inst.1Hour.0.CBT-REV,14181400,2025-12-19 20:00:00,2025-12-20 00:00:00,5,-0.217,0.312,1193.554,1193.770
BCL,ELEV,HOURLY,BCL.Elev-Forebay.Inst.1Hour.0.CBT-REV,14181400,2025-12-20 05:00:00,2025-12-20 11:00:00,7,-0.430,0.658,1198.720,1199.150
BCL,ELEV,HOURLY,BCL.Elev-Forebay.Inst.1Hour.0.CBT-REV,14181400,2025-12-20 13:00:00,2025-12-20 16:00:00,4,0.167,0.207,1202.480,1202.312
BCL,ELEV,HOURLY,BCL.Elev-Forebay.Inst.1Hour.0.CBT-REV,14181400,2025-12-23 08:00:00,2025-12-23 08:00:00,1,0.102,0.102,1200.320,1200.217
BCL,ELEV,HOURLY,BCL.Elev-Forebay.Inst.1Hour.0.CBT-REV,14181400,2025-12-25 01:00:00,2025-12-25 01:00:00,1,295.052,295.052,1495.760,1200.707
BCL,ELEV,HOURLY,BCL.Elev-Forebay.Inst.1Hour.0.CBT-REV,14181400,2025-12-25 03:00:00,2025-12-25 03:00:00,1,0.117,0.117,1200.570,1200.453
BCL,ELEV,HOURLY,BCL.Elev-Forebay.Inst.1Hour.0.CBT-REV,14181400,2025-12-31 18:00:00,2026-01-01 17:00:00,24,-0.450,3.517,1195.909,1196.359
BCL,ELEV,HOURLY,BCL.Elev-Forebay.Inst.1Hour.0.CBT-REV,14181400,2026-01-01 19:00:00,2026-01-02 07:00:00,13,0.111,0.543,1199.120,1199.009
BCL,ELEV,HOURLY,BCL.Elev-Forebay.Inst.1Hour.0.CBT-REV,14181400,2026-01-02 13:00:00,2026-01-02 14:00:00,2,-0.104,0.342,1199.055,1199.159
BCL,ELEV,HOURLY,BCL.Elev-Forebay.Inst.1Hour.0.CBT-REV,14181400,2026-01-02 16:00:00,2026-01-02 20:00:00,5,0.225,0.425,1197.860,1197.634
BCL,ELEV,HOURLY,BCL.Elev-Forebay.Inst.1Hour.0.CBT-REV,14181400,2026-01-03 02:00:00,2026-01-04 04:00:00,27,-0.086,1.357,1196.790,1196.876
BCL,ELEV,HOURLY,BCL.Elev-Forebay.Inst.1Hour.0.CBT-REV,14181400,2026-01-04 06:00:00,2026-01-05 00:00:00,19,0.038,0.753,1200.167,1200.129
BCL,ELEV,HOURLY,BCL.Elev-Forebay.Inst.1Hour.0.CBT-REV,14181400,2026-01-05 07:00:00,2026-01-05 10:00:00,4,0.637,0.653,1198.188,1197.550
BCL,ELEV,HOURLY,BCL.Elev-Forebay.Inst.1Hour.0.CBT-REV,14181400,2026-01-05 12:00:00,2026-01-05 12:00:00,1,-0.127,0.127,1193.920,1194.047
BCL,ELEV,HOURLY,BCL.Elev-Forebay.Inst.1Hour.0.CBT-REV,14181400,2026-01-05 16:00:00,2026-01-05 23:00:00,8,-0.269,0.652,1199.508,1199.776
BCL,ELEV,HOURLY,BCL.Elev-Forebay.Inst.1Hour.0.CBT-REV,14181400,2026-01-06 07:00:00,2026-01-06 10:00:00,4,0.508,0.680,1197.938,1197.429
BCL,ELEV,HOURLY,BCL.Elev-Forebay.Inst.1Hour.0.CBT-REV,14181400,2026-01-06 16:00:00,2026-01-06 23:00:00,8,-0.222,0.685,1199.904,1200.125
BCL,ELEV,HOURLY,BCL.Elev-Forebay.Inst.1Hour.0.CBT-REV,14181400,2026-01-07 08:00:00,2026-01-07 10:00:00,3,0.616,0.730,1198.093,1197.477
BCL,ELEV,HOURLY,BCL.Elev-Forebay.Inst.1Hour.0.CBT-REV,14181400,2026-01-07 16:00:00,2026-01-07 21:00:00,6,-0.491,0.555,1198.363,1198.854
BCL,ELEV,HOURLY,BCL.Elev-Forebay.Inst.1Hour.0.CBT-REV,14181400,2026-01-07 23:00:00,2026-01-08 00:00:00,2,0.160,0.192,1202.495,1202.335
BCL,ELEV,HOURLY,BCL.Elev-Forebay.Inst.1Hour.0.CBT-REV,14181400,2026-01-08 07:00:00,2026-01-08 22:00:00,16,-0.002,0.733,1197.222,1197.224
BCL,ELEV,HOURLY,BCL.Elev-Forebay.Inst.1Hour.0.CBT-REV,14181400,2026-01-09 05:00:00,2026-01-09 10:00:00,6,0.400,0.757,1199.395,1198.995
BCL,ELEV,HOURLY,BCL.Elev-Forebay.Inst.1Hour.0.CBT-REV,14181400,2026-01-09 16:00:00,2026-01-10 02:00:00,11,-0.210,0.425,1198.621,1198.830
BCL,ELEV,HOURLY,BCL.Elev-Forebay.Inst.1Hour.0.CBT-REV,14181400,2026-01-10 04:00:00,2026-01-11 23:00:00,44,-0.021,0.385,1198.260,1198.281
BCL,ELEV,HOURLY,BCL.Elev-Forebay.Inst.1Hour.0.CBT-REV,14181400,2026-01-12 01:00:00,2026-01-12 15:00:00,15,0.170,0.185,1198.431,1198.261
BCL,ELEV,HOURLY,BCL.Elev-Forebay.Inst.1Hour.0.CBT-REV,14181400,2026-01-12 17:00:00,2026-01-12 23:00:00,7,-0.351,0.382,1198.364,1198.715
BCL,ELEV,HOURLY,BCL.Elev-Forebay.Inst.1Hour.0.CBT-REV,14181400,2026-01-13 01:00:00,2026-01-13 23:00:00,23,0.002,0.370,1197.962,1197.960
BCL,ELEV,HOURLY,BCL.Elev-Forebay.Inst.1Hour.0.CBT-REV,14181400,2026-01-14 01:00:00,2026-01-14 23:00:00,23,-0.004,0.402,1197.762,1197.766
BCL,ELEV,HOURLY,BCL.Elev-Forebay.Inst.1Hour.0.CBT-REV,14181400,2026-01-15 01:00:00,2026-01-15 11:00:00,11,0.175,0.197,1198.811,1198.636
BCL,ELEV,HOURLY,BCL.Elev-Forebay.Inst.1Hour.0.CBT-REV,14181400,2026-01-15 13:00:00,2026-01-15 23:00:00,11,-0.242,0.445,1197.116,1197.358
BCL,ELEV,HOURLY,BCL.Elev-Forebay.Inst.1Hour.0.CBT-REV,14181400,2026-01-16 01:00:00,2026-01-16 23:00:00,23,-0.024,0.508,1198.937,1198.961
BCL,ELEV,HOURLY,BCL.Elev-Forebay.Inst.1Hour.0.CBT-REV,14181400,2026-01-17 01:00:00,2026-01-18 00:00:00,24,0.004,0.815,1196.794,1196.790
BCL,ELEV,HOURLY,BCL.Elev-Forebay.Inst.1Hour.0.CBT-REV,14181400,2026-01-18 06:00:00,2026-01-18 11:00:00,6,0.606,0.643,1198.048,1197.442
BCL,ELEV,HOURLY,BCL.Elev-Forebay.Inst.1Hour.0.CBT-REV,14181400,2026-01-18 16:00:00,2026-01-18 20:00:00,5,-0.533,0.713,1196.704,1197.237
BCL,ELEV,HOURLY,BCL.Elev-Forebay.Inst.1Hour.0.CBT-REV,14181400,2026-01-19 00:00:00,2026-01-19 00:00:00,1,0.162,0.162,1200.340,1200.178
BCL,ELEV,HOURLY,BCL.Elev-Forebay.Inst.1Hour.0.CBT-REV,14181400,2026-01-19 07:00:00,2026-01-19 11:00:00,5,0.513,0.638,1197.550,1197.036
BCL,ELEV,HOURLY,BCL.Elev-Forebay.Inst.1Hour.0.CBT-REV,14181400,2026-01-19 16:00:00,2026-01-19 19:00:00,4,-0.636,0.693,1196.043,1196.678
BCL,ELEV,HOURLY,BCL.Elev-Forebay.Inst.1Hour.0.CBT-REV,14181400,2026-01-20 00:00:00,2026-01-20 00:00:00,1,-0.130,0.130,1200.460,1200.590
BCL,ELEV,HOURLY,BCL.Elev-Forebay.Inst.1Hour.0.CBT-REV,14181400,2026-01-20 07:00:00,2026-01-20 11:00:00,5,0.609,0.633,1197.388,1196.779
BCL,ELEV,HOURLY,BCL.Elev-Forebay.Inst.1Hour.0.CBT-REV,14181400,2026-01-20 16:00:00,2026-01-20 19:00:00,4,-0.639,0.703,1196.215,1196.854
BCL,ELEV,HOURLY,BCL.Elev-Forebay.Inst.1Hour.0.CBT-REV,14181400,2026-01-21 07:00:00,2026-01-21 11:00:00,5,0.683,0.915,1197.450,1196.767
BCL,ELEV,HOURLY,BCL.Elev-Forebay.Inst.1Hour.0.CBT-REV,14181400,2026-01-21 16:00:00,2026-01-23 11:00:00,44,0.012,0.793,1199.078,1199.066
BCL,ELEV,HOURLY,BCL.Elev-Forebay.Inst.1Hour.0.CBT-REV,14181400,2026-01-23 13:00:00,2026-01-25 11:00:00,47,0.005,0.862,1197.702,1197.697
BCL,ELEV,HOURLY,BCL.Elev-Forebay.Inst.1Hour.0.CBT-REV,14181400,2026-01-25 13:00:00,2026-01-30 03:00:00,111,-0.026,0.875,1197.615,1197.641
BCL,ELEV,HOURLY,BCL.Elev-Forebay.Inst.1Hour.0.CBT-REV,14181400,2026-01-30 05:00:00,2026-01-30 15:00:00,11,0.181,0.453,1195.266,1195.085
BCL,ELEV,HOURLY,BCL.Elev-Forebay.Inst.1Hour.0.CBT-REV,14181400,2026-01-30 17:00:00,2026-01-30 23:00:00,7,0.028,0.440,1196.203,1196.175
BCL,ELEV,HOURLY,BCL.Elev-Forebay.Inst.1Hour.0.CBT-REV,14181400,2026-01-31 01:00:00,2026-01-31 15:00:00,15,0.153,0.475,1191.538,1191.385
BCL,ELEV,HOURLY,BCL.Elev-Forebay.Inst.1Hour.0.CBT-REV,14181400,2026-01-31 17:00:00,2026-01-31 23:00:00,7,-0.264,0.280,1191.589,1191.852
BCL,ELEV,HOURLY,BCL.Elev-Forebay.Inst.1Hour.0.CBT-REV,14181400,2026-02-01 01:00:00,2026-02-01 23:00:00,23,0.013,0.483,1191.235,1191.222
BCL,ELEV,HOURLY,BCL.Elev-Forebay.Inst.1Hour.0.CBT-REV,14181400,2026-02-02 01:00:00,2026-02-02 23:00:00,23,0.012,0.475,1191.047,1191.035
BCL,ELEV,HOURLY,BCL.Elev-Forebay.Inst.1Hour.0.CBT-REV,14181400,2026-02-03 01:00:00,2026-02-05 13:00:00,61,0.068,0.490,1191.242,1191.173
BCL,ELEV,HOURLY,BCL.Elev-Forebay.Inst.1Hour.0.CBT-REV,14181400,2026-02-05 15:00:00,2026-02-07 13:00:00,47,-0.016,1.165,1195.066,1195.082
BCL,ELEV,HOURLY,BCL.Elev-Forebay.Inst.1Hour.0.CBT-REV,14181400,2026-02-07 15:00:00,2026-02-08 13:00:00,23,0.011,0.415,1190.378,1190.367
BCL,ELEV,HOURLY,BCL.Elev-Forebay.Inst.1Hour.0.CBT-REV,14181400,2026-02-08 15:00:00,2026-02-09 23:00:00,33,-0.090,0.493,1190.390,1190.480
BCL,ELEV,HOURLY,BCL.Elev-Forebay.Inst.1Hour.0.CBT-REV,14181400,2026-02-10 01:00:00,2026-02-11 13:00:00,37,0.064,0.450,1190.693,1190.629
BCL,ELEV,HOURLY,BCL.Elev-Forebay.Inst.1Hour.0.CBT-REV,14181400,2026-02-11 15:00:00,2026-02-12 13:00:00,23,0.005,0.470,1190.797,1190.792
BCL,ELEV,HOURLY,BCL.Elev-Forebay.Inst.1Hour.0.CBT-REV,14181400,2026-02-12 15:00:00,2026-02-13 18:00:00,28,-0.096,0.548,1189.909,1190.005
BCL,ELEV,HOURLY,BCL.Elev-Forebay.Inst.1Hour.0.CBT-REV,14181400,2026-02-13 20:00:00,2026-02-14 18:00:00,23,-0.012,0.565,1190.789,1190.802
BCL,ELEV,HOURLY,BCL.Elev-Forebay.Inst.1Hour.0.CBT-REV,14181400,2026-02-14 20:00:00,2026-02-15 13:00:00,18,0.110,0.550,1191.736,1191.626
BCL,ELEV,HOURLY,BCL.Elev-Forebay.Inst.1Hour.0.CBT-REV,14181400,2026-02-15 15:00:00,2026-02-15 18:00:00,4,-0.502,0.570,1188.467,1188.970
BCL,ELEV,HOURLY,BCL.Elev-Forebay.Inst.1Hour.0.CBT-REV,14181400,2026-02-15 20:00:00,2026-02-16 13:00:00,18,0.080,0.770,1191.825,1191.745
BCL,ELEV,HOURLY,BCL.Elev-Forebay.Inst.1Hour.0.CBT-REV,14181400,2026-02-16 15:00:00,2026-02-16 18:00:00,4,-0.495,0.558,1189.033,1189.528
BCL,ELEV,HOURLY,BCL.Elev-Forebay.Inst.1Hour.0.CBT-REV,14181400,2026-02-16 20:00:00,2026-02-17 18:00:00,23,-0.030,0.712,1191.359,1191.389
BCL,ELEV,HOURLY,BCL.Elev-Forebay.Inst.1Hour.0.CBT-REV,14181400,2026-02-17 20:00:00,2026-02-18 18:00:00,23,-0.002,0.562,1191.640,1191.641
BCL,ELEV,HOURLY,BCL.Elev-Forebay.Inst.1Hour.0.CBT-REV,14181400,2026-02-18 20:00:00,2026-02-19 18:00:00,23,-0.023,0.548,1191.114,1191.137
BCL,ELEV,HOURLY,BCL.Elev-Forebay.Inst.1Hour.0.CBT-REV,14181400,2026-02-19 20:00:00,2026-02-20 01:00:00,6,-0.193,0.533,1191.967,1192.159
BCL,ELEV,HOURLY,BCL.Elev-Forebay.Inst.1Hour.0.CBT-REV,14181400,2026-02-20 03:00:00,2026-02-20 20:00:00,18,0.011,0.540,1189.954,1189.944
BCL,ELEV,HOURLY,BCL.Elev-Forebay.Inst.1Hour.0.CBT-REV,14181400,2026-02-20 22:00:00,2026-02-22 20:00:00,47,-0.022,0.837,1190.911,1190.933
BCL,ELEV,HOURLY,BCL.Elev-Forebay.Inst.1Hour.0.CBT-REV,14181400,2026-02-22 22:00:00,2026-02-23 20:00:00,23,0.003,0.723,1191.146,1191.143
BCL,ELEV,HOURLY,BCL.Elev-Forebay.Inst.1Hour.0.CBT-REV,14181400,2026-02-23 22:00:00,2026-02-24 20:00:00,23,0.000,0.693,1190.486,1190.485
BCL,ELEV,HOURLY,BCL.Elev-Forebay.Inst.1Hour.0.CBT-REV,14181400,2026-02-24 22:00:00,2026-02-25 18:00:00,21,-0.011,0.592,1191.950,1191.961
BCL,ELEV,HOURLY,BCL.Elev-Forebay.Inst.1Hour.0.CBT-REV,14181400,2026-02-25 20:00:00,2026-02-26 20:00:00,25,-0.027,0.710,1190.052,1190.080
BCL,ELEV,HOURLY,BCL.Elev-Forebay.Inst.1Hour.0.CBT-REV,14181400,2026-02-26 22:00:00,2026-02-27 13:00:00,16,0.197,0.513,1191.492,1191.295
BCL,ELEV,HOURLY,BCL.Elev-Forebay.Inst.1Hour.0.CBT-REV,14181400,2026-02-27 15:00:00,2026-02-27 19:00:00,5,-0.608,0.638,1189.708,1190.316
BCL,ELEV,HOURLY,BCL.Elev-Forebay.Inst.1Hour.0.CBT-REV,14181400,2026-02-27 21:00:00,2026-03-03 09:00:00,85,-0.003,0.712,1194.634,1194.638
BCL,ELEV,HOURLY,BCL.Elev-Forebay.Inst.1Hour.0.CBT-REV,14181400,2026-03-03 11:00:00,2026-03-04 16:00:00,30,0.055,0.613,1191.491,1191.436
BCL,ELEV,HOURLY,BCL.Elev-Forebay.Inst.1Hour.0.CBT-REV,14181400,2026-03-04 19:00:00,2026-03-05 20:00:00,26,-0.117,0.745,1189.814,1189.930
BCL,ELEV,HOURLY,BCL.Elev-Forebay.Inst.1Hour.0.CBT-REV,14181400,2026-03-05 22:00:00,2026-03-06 19:00:00,22,0.029,0.658,1190.893,1190.864
BCL,ELEV,HOURLY,BCL.Elev-Forebay.Inst.1Hour.0.CBT-REV,14181400,2026-03-06 21:00:00,2026-03-07 19:00:00,23,-0.007,0.620,1189.932,1189.939
BCL,ELEV,HOURLY,BCL.Elev-Forebay.Inst.1Hour.0.CBT-REV,14181400,2026-03-07 21:00:00,2026-03-08 02:00:00,6,0.294,0.305,1191.588,1191.295
BCL,ELEV,HOURLY,BCL.Elev-Forebay.Inst.1Hour.0.CBT-REV,14181400,2026-03-08 04:00:00,2026-03-08 18:00:00,15,-0.111,0.685,1189.616,1189.727
BCL,ELEV,HOURLY,BCL.Elev-Forebay.Inst.1Hour.0.CBT-REV,14181400,2026-03-08 20:00:00,2026-03-09 01:00:00,6,0.297,0.310,1191.772,1191.475
BCL,ELEV,HOURLY,BCL.Elev-Forebay.Inst.1Hour.0.CBT-REV,14181400,2026-03-09 03:00:00,2026-03-09 18:00:00,16,-0.115,0.673,1189.654,1189.770
BCL,ELEV,HOURLY,BCL.Elev-Forebay.Inst.1Hour.0.CBT-REV,14181400,2026-03-09 20:00:00,2026-03-10 18:00:00,23,0.039,0.648,1189.365,1189.326
BCL,ELEV,HOURLY,BCL.Elev-Forebay.Inst.1Hour.0.CBT-REV,14181400,2026-03-10 20:00:00,2026-03-11 13:00:00,18,0.065,0.643,1188.714,1188.649
BCL,ELEV,HOURLY,BCL.Elev-Forebay.Inst.1Hour.0.CBT-REV,14181400,2026-03-11 15:00:00,2026-03-11 18:00:00,4,-0.558,0.622,1188.798,1189.356
BCL,ELEV,HOURLY,BCL.Elev-Forebay.Inst.1Hour.0.CBT-REV,14181400,2026-03-11 20:00:00,2026-03-12 18:00:00,23,-0.065,0.745,1190.217,1190.282
BCL,ELEV,HOURLY,BCL.Elev-Forebay.Inst.1Hour.0.CBT-REV,14181400,2026-03-12 20:00:00,2026-03-13 15:00:00,20,-0.026,0.662,1193.160,1193.186
BCL,ELEV,HOURLY,BCL.Elev-Forebay.Inst.1Hour.0.CBT-REV,14181400,2026-03-13 17:00:00,2026-03-14 02:00:00,10,-0.088,0.595,1194.669,1194.757
BCL,ELEV,HOURLY,BCL.Elev-Forebay.Inst.1Hour.0.CBT-REV,14181400,2026-03-14 04:00:00,2026-03-14 09:00:00,6,0.173,0.207,1196.625,1196.452
BCL,ELEV,HOURLY,BCL.Elev-Forebay.Inst.1Hour.0.CBT-REV,14181400,2026-03-14 12:00:00,2026-03-14 14:00:00,3,-0.692,0.763,1196.577,1197.268
BCL,ELEV,HOURLY,BCL.Elev-Forebay.Inst.1Hour.0.CBT-REV,14181400,2026-03-14 20:00:00,2026-03-15 02:00:00,7,-0.161,0.585,1198.886,1199.047
BCL,ELEV,HOURLY,BCL.Elev-Forebay.Inst.1Hour.0.CBT-REV,14181400,2026-03-15 04:00:00,2026-04-07 01:00:00,550,-0.013,1.108,1196.479,1196.492
BCL,ELEV,HOURLY,BCL.Elev-Forebay.Inst.1Hour.0.CBT-REV,14181400,2026-04-07 03:00:00,2026-04-07 06:00:00,4,0.126,0.128,1200.895,1200.769
BCL,ELEV,HOURLY,BCL.Elev-Forebay.Inst.1Hour.0.CBT-REV,14181400,2026-04-07 14:00:00,2026-04-08 00:00:00,11,-0.027,0.395,1200.438,1200.465
BCL,ELEV,HOURLY,BCL.Elev-Forebay.Inst.1Hour.0.CBT-REV,14181400,2026-04-08 03:00:00,2026-04-08 10:00:00,8,0.241,0.267,1198.675,1198.434
BCL,ELEV,HOURLY,BCL.Elev-Forebay.Inst.1Hour.0.CBT-REV,14181400,2026-04-08 13:00:00,2026-04-09 00:00:00,12,0.049,3.047,1199.484,1199.435
BCL,ELEV,HOURLY,BCL.Elev-Forebay.Inst.1Hour.0.CBT-REV,14181400,2026-04-09 09:00:00,2026-04-10 05:00:00,21,0.022,1.023,1199.714,1199.692
BCL,ELEV,HOURLY,BCL.Elev-Forebay.Inst.1Hour.0.CBT-REV,14181400,2026-04-10 14:00:00,2026-04-11 00:00:00,11,-0.022,0.405,1199.429,1199.451
BCL,ELEV,HOURLY,BCL.Elev-Forebay.Inst.1Hour.0.CBT-REV,14181400,2026-04-11 13:00:00,2026-04-12 01:00:00,13,0.023,0.367,1199.895,1199.871
BCL,ELEV,HOURLY,BCL.Elev-Forebay.Inst.1Hour.0.CBT-REV,14181400,2026-04-12 14:00:00,2026-04-13 01:00:00,12,0.005,0.340,1200.353,1200.348
BCL,ELEV,HOURLY,BCL.Elev-Forebay.Inst.1Hour.0.CBT-REV,14181400,2026-04-13 14:00:00,2026-04-14 02:00:00,13,-0.018,0.372,1201.357,1201.375
BCL,ELEV,HOURLY,BCL.Elev-Forebay.Inst.1Hour.0.CBT-REV,14181400,2026-04-14 11:00:00,2026-04-15 02:00:00,16,0.020,0.390,1201.445,1201.425
BCL,ELEV,HOURLY,BCL.Elev-Forebay.Inst.1Hour.0.CBT-REV,14181400,2026-04-15 09:00:00,2026-04-15 10:00:00,2,-0.116,0.125,1199.205,1199.321
BCL,ELEV,HOURLY,BCL.Elev-Forebay.Inst.1Hour.0.CBT-REV,14181400,2026-04-15 12:00:00,2026-04-16 01:00:00,14,-0.029,0.448,1200.638,1200.666
BCL,ELEV,HOURLY,BCL.Elev-Forebay.Inst.1Hour.0.CBT-REV,14181400,2026-04-16 12:00:00,2026-04-17 01:00:00,14,-0.021,0.422,1200.919,1200.939
BCL,ELEV,HOURLY,BCL.Elev-Forebay.Inst.1Hour.0.CBT-REV,14181400,2026-04-17 12:00:00,2026-04-18 01:00:00,14,0.055,0.385,1200.598,1200.543
BCL,ELEV,HOURLY,BCL.Elev-Forebay.Inst.1Hour.0.CBT-REV,14181400,2026-04-18 12:00:00,2026-04-19 00:00:00,13,0.019,0.402,1200.965,1200.946
BCL,ELEV,HOURLY,BCL.Elev-Forebay.Inst.1Hour.0.CBT-REV,14181400,2026-04-19 12:00:00,2026-04-20 00:00:00,13,0.020,0.398,1200.788,1200.768
BCL,ELEV,HOURLY,BCL.Elev-Forebay.Inst.1Hour.0.CBT-REV,14181400,2026-04-20 12:00:00,2026-04-21 01:00:00,14,0.024,0.510,1201.172,1201.148
BCL,ELEV,HOURLY,BCL.Elev-Forebay.Inst.1Hour.0.CBT-REV,14181400,2026-04-21 12:00:00,2026-04-22 02:00:00,15,0.040,0.430,1196.511,1196.470
BCL,ELEV,HOURLY,BCL.Elev-Forebay.Inst.1Hour.0.CBT-REV,14181400,2026-04-22 12:00:00,2026-04-23 02:00:00,15,0.034,0.438,1196.716,1196.681
BCL,ELEV,HOURLY,BCL.Elev-Forebay.Inst.1Hour.0.CBT-REV,14181400,2026-04-23 12:00:00,2026-04-24 02:00:00,15,0.033,0.428,1196.731,1196.697
BCL,ELEV,HOURLY,BCL.Elev-Forebay.Inst.1Hour.0.CBT-REV,14181400,2026-04-24 12:00:00,2026-04-25 02:00:00,15,0.021,0.445,1196.261,1196.240
BCL,ELEV,HOURLY,BCL.Elev-Forebay.Inst.1Hour.0.CBT-REV,14181400,2026-04-25 14:00:00,2026-04-26 02:00:00,13,0.019,0.410,1196.903,1196.884
BCL,ELEV,HOURLY,BCL.Elev-Forebay.Inst.1Hour.0.CBT-REV,14181400,2026-04-26 11:00:00,2026-04-27 02:00:00,16,0.055,0.428,1196.697,1196.643
BCL,ELEV,HOURLY,BCL.Elev-Forebay.Inst.1Hour.0.CBT-REV,14181400,2026-04-27 12:00:00,2026-04-28 02:00:00,15,0.050,0.443,1196.268,1196.218
BCL,ELEV,HOURLY,BCL.Elev-Forebay.Inst.1Hour.0.CBT-REV,14181400,2026-04-28 12:00:00,2026-04-29 02:00:00,15,0.055,0.428,1196.201,1196.146
BCL,ELEV,HOURLY,BCL.Elev-Forebay.Inst.1Hour.0.CBT-REV,14181400,2026-04-29 12:00:00,2026-04-30 03:00:00,16,0.046,0.430,1196.351,1196.305
BCL,ELEV,HOURLY,BCL.Elev-Forebay.Inst.1Hour.0.CBT-REV,14181400,2026-04-30 12:00:00,2026-05-01 08:00:00,21,0.010,0.408,1197.021,1197.012
BCL,ELEV,HOURLY,BCL.Elev-Forebay.Inst.1Hour.0.CBT-REV,14181400,2026-05-01 12:00:00,2026-05-02 03:00:00,16,0.055,0.413,1196.203,1196.148
BCL,ELEV,HOURLY,BCL.Elev-Forebay.Inst.1Hour.0.CBT-REV,14181400,2026-05-02 05:00:00,2026-05-02 05:00:00,1,-0.108,0.108,1198.370,1198.477
BCL,ELEV,HOURLY,BCL.Elev-Forebay.Inst.1Hour.0.CBT-REV,14181400,2026-05-02 07:00:00,2026-05-02 07:00:00,1,-0.102,0.102,1198.890,1198.993
BCL,ELEV,HOURLY,BCL.Elev-Forebay.Inst.1Hour.0.CBT-REV,14181400,2026-05-02 12:00:00,2026-05-03 03:00:00,16,0.052,0.415,1195.977,1195.925
BCL,ELEV,HOURLY,BCL.Elev-Forebay.Inst.1Hour.0.CBT-REV,14181400,2026-05-03 12:00:00,2026-05-04 02:00:00,15,0.055,0.425,1195.755,1195.700
BCL,ELEV,HOURLY,BCL.Elev-Forebay.Inst.1Hour.0.CBT-REV,14181400,2026-05-04 04:00:00,2026-05-04 05:00:00,2,-0.100,0.100,1198.165,1198.265
BCL,ELEV,HOURLY,BCL.Elev-Forebay.Inst.1Hour.0.CBT-REV,14181400,2026-05-04 07:00:00,2026-05-04 07:00:00,1,-0.100,0.100,1198.830,1198.930
BCL,ELEV,HOURLY,BCL.Elev-Forebay.Inst.1Hour.0.CBT-REV,14181400,2026-05-04 12:00:00,2026-05-05 06:00:00,19,0.033,0.398,1196.288,1196.256
BCL,ELEV,HOURLY,BCL.Elev-Forebay.Inst.1Hour.0.CBT-REV,14181400,2026-05-05 12:00:00,2026-05-06 06:00:00,19,0.024,0.408,1196.212,1196.188
BCL,ELEV,HOURLY,BCL.Elev-Forebay.Inst.1Hour.0.CBT-REV,14181400,2026-05-06 08:00:00,2026-05-06 08:00:00,1,-0.103,0.103,1198.870,1198.973
BCL,ELEV,HOURLY,BCL.Elev-Forebay.Inst.1Hour.0.CBT-REV,14181400,2026-05-06 12:00:00,2026-05-07 02:00:00,15,0.057,0.400,1195.700,1195.643
BCL,ELEV,HOURLY,BCL.Elev-Forebay.Inst.1Hour.0.CBT-REV,14181400,2026-05-07 04:00:00,2026-05-07 06:00:00,3,-0.100,0.100,1198.050,1198.150
BCL,ELEV,HOURLY,BCL.Elev-Forebay.Inst.1Hour.0.CBT-REV,14181400,2026-05-07 12:00:00,2026-05-08 02:00:00,15,0.054,0.405,1195.664,1195.609
BCL,ELEV,HOURLY,BCL.Elev-Forebay.Inst.1Hour.0.CBT-REV,14181400,2026-05-08 04:00:00,2026-05-08 06:00:00,3,-0.101,0.103,1198.060,1198.161
BCL,ELEV,HOURLY,BCL.Elev-Forebay.Inst.1Hour.0.CBT-REV,14181400,2026-05-08 08:00:00,2026-05-08 08:00:00,1,-0.100,0.100,1198.850,1198.950
BCL,ELEV,HOURLY,BCL.Elev-Forebay.Inst.1Hour.0.CBT-REV,14181400,2026-05-08 11:00:00,2026-05-09 03:00:00,17,0.012,0.583,1195.675,1195.663
BCL,ELEV,HOURLY,BCL.Elev-Forebay.Inst.1Hour.0.CBT-REV,14181400,2026-05-09 05:00:00,2026-05-09 06:00:00,2,-0.119,0.138,1198.730,1198.849
BCL,ELEV,HOURLY,BCL.Elev-Forebay.Inst.1Hour.0.CBT-REV,14181400,2026-05-09 11:00:00,2026-05-10 03:00:00,17,0.039,0.413,1196.015,1195.976
BCL,ELEV,HOURLY,BCL.Elev-Forebay.Inst.1Hour.0.CBT-REV,14181400,2026-05-10 11:00:00,2026-05-11 02:00:00,16,0.042,0.405,1195.784,1195.743
BCL,ELEV,HOURLY,BCL.Elev-Forebay.Inst.1Hour.0.CBT-REV,14181400,2026-05-11 11:00:00,2026-05-12 02:00:00,16,0.042,0.412,1195.563,1195.521
BCL,ELEV,HOURLY,BCL.Elev-Forebay.Inst.1Hour.0.CBT-REV,14181400,2026-05-12 12:00:00,2026-05-13 03:00:00,16,0.019,0.412,1195.361,1195.342
BCL,ELEV,HOURLY,BCL.Elev-Forebay.Inst.1Hour.0.CBT-REV,14181400,2026-05-13 11:00:00,2026-05-14 03:00:00,17,0.039,0.405,1195.736,1195.697
BCL,ELEV,HOURLY,BCL.Elev-Forebay.Inst.1Hour.0.CBT-REV,14181400,2026-05-14 07:00:00,2026-05-14 07:00:00,1,-0.180,0.180,1198.890,1199.070
BCL,ELEV,HOURLY,BCL.Elev-Forebay.Inst.1Hour.0.CBT-REV,14181400,2026-05-14 11:00:00,2026-05-15 03:00:00,17,0.038,0.393,1195.781,1195.742
BCL,ELEV,HOURLY,BCL.Elev-Forebay.Inst.1Hour.0.CBT-REV,14181400,2026-05-15 11:00:00,2026-05-16 02:00:00,16,0.048,0.403,1195.721,1195.674
BCL,ELEV,HOURLY,BCL.Elev-Forebay.Inst.1Hour.0.CBT-REV,14181400,2026-05-16 11:00:00,2026-05-17 03:00:00,17,0.035,0.410,1195.933,1195.898
BCL,ELEV,HOURLY,BCL.Elev-Forebay.Inst.1Hour.0.CBT-REV,14181400,2026-05-17 05:00:00,2026-05-17 06:00:00,2,-0.104,0.105,1198.980,1199.084
BCL,ELEV,HOURLY,BCL.Elev-Forebay.Inst.1Hour.0.CBT-REV,14181400,2026-05-17 11:00:00,2026-05-18 02:00:00,16,0.053,0.490,1196.004,1195.952
BCL,ELEV,HOURLY,BCL.Elev-Forebay.Inst.1Hour.0.CBT-REV,14181400,2026-05-18 11:00:00,2026-05-19 03:00:00,17,0.031,0.413,1196.004,1195.973
BCL,ELEV,HOURLY,BCL.Elev-Forebay.Inst.1Hour.0.CBT-REV,14181400,2026-05-19 11:00:00,2026-05-20 03:00:00,17,0.034,0.410,1195.855,1195.821
BCL,ELEV,HOURLY,BCL.Elev-Forebay.Inst.1Hour.0.CBT-REV,14181400,2026-05-20 06:00:00,2026-05-20 06:00:00,1,-0.128,0.128,1198.850,1198.977
BCL,ELEV,HOURLY,BCL.Elev-Forebay.Inst.1Hour.0.CBT-REV,14181400,2026-05-20 11:00:00,2026-05-21 03:00:00,17,0.036,0.405,1195.991,1195.955
BCL,ELEV,HOURLY,BCL.Elev-Forebay.Inst.1Hour.0.CBT-REV,14181400,2026-05-21 11:00:00,2026-05-22 06:00:00,20,0.018,0.855,1194.155,1194.136
BCL,ELEV,HOURLY,BCL.Elev-Forebay.Inst.1Hour.0.CBT-REV,14181400,2026-05-22 11:00:00,2026-05-23 05:00:00,19,0.024,0.837,1194.522,1194.497
BCL,ELEV,HOURLY,BCL.Elev-Forebay.Inst.1Hour.0.CBT-REV,14181400,2026-05-23 11:00:00,2026-05-24 05:00:00,19,0.025,0.843,1194.391,1194.366
BCL,ELEV,HOURLY,BCL.Elev-Forebay.Inst.1Hour.0.CBT-REV,14181400,2026-05-24 11:00:00,2026-05-25 05:00:00,19,0.026,0.830,1194.226,1194.200
BCL,ELEV,HOURLY,BCL.Elev-Forebay.Inst.1Hour.0.CBT-REV,14181400,2026-05-25 11:00:00,2026-05-26 05:00:00,19,0.036,0.850,1193.967,1193.931
BCL,ELEV,HOURLY,BCL.Elev-Forebay.Inst.1Hour.0.CBT-REV,14181400,2026-05-26 12:00:00,2026-05-27 05:00:00,18,0.018,0.835,1193.632,1193.614
BCL,ELEV,HOURLY,BCL.Elev-Forebay.Inst.1Hour.0.CBT-REV,14181400,2026-05-27 12:00:00,2026-05-28 07:00:00,20,0.005,0.870,1195.927,1195.922
BCL,ELEV,HOURLY,BCL.Elev-Forebay.Inst.1Hour.0.CBT-REV,14181400,2026-05-28 10:00:00,2026-05-28 10:00:00,1,-0.105,0.105,1199.370,1199.475
BCL,ELEV,HOURLY,BCL.Elev-Forebay.Inst.1Hour.0.CBT-REV,14181400,2026-05-28 12:00:00,2026-05-29 05:00:00,18,-0.005,0.857,1194.121,1194.126
BCL,ELEV,HOURLY,BCL.Elev-Forebay.Inst.1Hour.0.CBT-REV,14181400,2026-05-29 13:00:00,2026-05-30 06:00:00,18,0.022,0.847,1195.229,1195.208
BCL,ELEV,HOURLY,BCL.Elev-Forebay.Inst.1Hour.0.CBT-REV,14181400,2026-05-30 13:00:00,2026-05-31 06:00:00,18,0.021,0.847,1195.089,1195.069
BCL,ELEV,HOURLY,BCL.Elev-Forebay.Inst.1Hour.0.CBT-REV,14181400,2026-05-31 13:00:00,2026-06-01 06:00:00,18,0.027,0.845,1194.998,1194.971
BCL,ELEV,HOURLY,BCL.Elev-Forebay.Inst.1Hour.0.CBT-REV,14181400,2026-06-01 11:00:00,2026-06-03 00:00:00,38,0.135,0.955,1193.855,1193.720
BCL,ELEV,HOURLY,BCL.Elev-Forebay.Inst.1Hour.0.CBT-REV,14181400,2026-06-03 02:00:00,2026-06-04 00:00:00,23,0.009,1.028,1193.981,1193.971
BCL,ELEV,HOURLY,BCL.Elev-Forebay.Inst.1Hour.0.CBT-REV,14181400,2026-06-04 02:00:00,2026-06-06 10:00:00,57,-0.084,1.035,1193.670,1193.754
BCL,ELEV,HOURLY,BCL.Elev-Forebay.Inst.1Hour.0.CBT-REV,14181400,2026-06-06 12:00:00,2026-06-08 10:00:00,47,-0.002,1.047,1193.518,1193.520
BCL,ELEV,HOURLY,BCL.Elev-Forebay.Inst.1Hour.0.CBT-REV,14181400,2026-06-08 12:00:00,2026-06-12 00:00:00,85,0.055,1.033,1193.729,1193.673
BCL,ELEV,HOURLY,BCL.Elev-Forebay.Inst.1Hour.0.CBT-REV,14181400,2026-06-12 02:00:00,2026-06-12 10:00:00,9,-0.496,0.982,1194.784,1195.281
BCL,ELEV,HOURLY,BCL.Elev-Forebay.Inst.1Hour.0.CBT-REV,14181400,2026-06-12 12:00:00,2026-06-17 11:00:00,120,-0.004,1.005,1194.364,1194.368
BCL,ELEV,HOURLY,BCL.Elev-Forebay.Inst.1Hour.0.CBT-REV,14181400,2026-06-17 13:00:00,2026-06-21 11:00:00,95,0.000,0.907,1194.981,1194.981
BCL,ELEV,HOURLY,BCL.Elev-Forebay.Inst.1Hour.0.CBT-REV,14181400,2026-06-21 13:00:00,2026-06-23 19:00:00,55,0.039,0.863,1195.277,1195.238
BCL,ELEV,HOURLY,BCL.Elev-Forebay.Inst.1Hour.0.CBT-REV,14181400,2026-06-23 21:00:00,2026-06-24 15:00:00,19,-0.173,0.845,1196.103,1196.276
BCL,ELEV,HOURLY,BCL.Elev-Forebay.Inst.1Hour.0.CBT-REV,14181400,2026-06-24 19:00:00,2026-06-26 11:00:00,41,-0.022,0.917,1199.051,1199.073
BCL,ELEV,HOURLY,BCL.Elev-Forebay.Inst.1Hour.0.CBT-REV,14181400,2026-06-26 13:00:00,2026-06-27 11:00:00,23,-0.007,0.388,1199.912,1199.919
BCL,ELEV,HOURLY,BCL.Elev-Forebay.Inst.1Hour.0.CBT-REV,14181400,2026-06-27 13:00:00,2026-06-30 04:00:00,64,0.018,0.408,1200.094,1200.076
BCL,ELEV,HOURLY,BCL.Elev-Forebay.Inst.1Hour.0.CBT-REV,14181400,2026-06-30 06:00:00,2026-07-01 04:00:00,23,-0.000,0.390,1200.285,1200.285
BCL,ELEV,HOURLY,BCL.Elev-Forebay.Inst.1Hour.0.CBT-REV,14181400,2026-07-01 06:00:00,2026-07-01 19:00:00,14,0.096,0.315,1201.074,1200.977
BCL,ELEV,HOURLY,BCL.Elev-Forebay.Inst.1Hour.0.CBT-REV,14181400,2026-07-01 21:00:00,2026-07-10 06:00:00,202,-0.012,0.888,1198.308,1198.320
BCL,ELEV,HOURLY,BCL.Elev-Forebay.Inst.1Hour.0.CBT-REV,14181400,2026-07-10 08:00:00,2026-07-11 04:00:00,21,-0.035,0.570,1196.341,1196.377
BCL,ELEV,HOURLY,BCL.Elev-Forebay.Inst.1Hour.0.CBT-REV,14181400,2026-07-11 06:00:00,2026-07-12 04:00:00,23,-0.019,0.605,1196.322,1196.341
BCL,ELEV,HOURLY,BCL.Elev-Forebay.Inst.1Hour.0.CBT-REV,14181400,2026-07-12 06:00:00,2026-07-13 04:00:00,23,-0.032,0.630,1196.690,1196.722
BCL,ELEV,HOURLY,BCL.Elev-Forebay.Inst.1Hour.0.CBT-REV,14181400,2026-07-13 06:00:00,2026-07-14 04:00:00,23,-0.020,0.588,1197.082,1197.102
BCL,ELEV,HOURLY,BCL.Elev-Forebay.Inst.1Hour.0.CBT-REV,14181400,2026-07-14 06:00:00,2026-07-17 04:00:00,71,-0.019,0.608,1196.371,1196.390
BCL,ELEV,HOURLY,BCL.Elev-Forebay.Inst.1Hour.0.CBT-REV,14181400,2026-07-17 06:00:00,2026-08-08 03:00:00,526,-0.040,1.388,1195.745,1195.785
BCL,ELEV,HOURLY,BCL.Elev-Forebay.Inst.1Hour.0.CBT-REV,14181400,2026-08-08 05:00:00,2026-08-13 04:00:00,120,-0.065,1.445,1193.970,1194.035
BCL,ELEV,HOURLY,BCL.Elev-Forebay.Inst.1Hour.0.CBT-REV,14181400,2026-08-13 06:00:00,2026-08-14 03:00:00,22,-0.050,1.390,1195.298,1195.348
BCL,ELEV,HOURLY,BCL.Elev-Forebay.Inst.1Hour.0.CBT-REV,14181400,2026-08-14 05:00:00,2026-08-15 04:00:00,24,-0.067,1.460,1193.854,1193.921
BCL,ELEV,HOURLY,BCL.Elev-Forebay.Inst.1Hour.0.CBT-REV,14181400,2026-08-15 06:00:00,2026-08-17 04:00:00,47,-0.077,1.463,1193.930,1194.006
BCL,ELEV,HOURLY,BCL.Elev-Forebay.Inst.1Hour.0.CBT-REV,14181400,2026-08-17 06:00:00,2026-08-18 04:00:00,23,-0.087,1.460,1194.255,1194.342
BCL,ELEV,HOURLY,BCL.Elev-Forebay.Inst.1Hour.0.CBT-REV,14181400,2026-08-18 06:00:00,2026-08-20 03:00:00,46,-0.085,1.382,1198.520,1198.605
BCL,ELEV,HOURLY,BCL.Elev-Forebay.Inst.1Hour.0.CBT-REV,14181400,2026-08-20 05:00:00,2026-08-21 18:00:00,38,0.072,1.377,1195.962,1195.890
BCL,ELEV,HOURLY,BCL.Elev-Forebay.Inst.1Hour.0.CBT-REV,14181400,2026-08-21 21:00:00,2026-09-30 21:00:00,961,0.008,7.658,1195.845,1195.836
CGR,ELEV,HOURLY,CGR.Elev-Forebay.Inst.1Hour.0.CBT-REV,14159400,2025-10-10 21:00:00,2025-10-10 23:00:00,3,0.125,0.148,1521.130,1521.005
CGR,ELEV,HOURLY,CGR.Elev-Forebay.Inst.1Hour.0.CBT-REV,14159400,2025-10-21 14:00:00,2025-10-21 14:00:00,1,-0.265,0.265,1516.580,1516.845
CGR,ELEV,HOURLY,CGR.Elev-Forebay.Inst.1Hour.0.CBT-REV,14159400,2025-11-07 07:00:00,2025-11-07 07:00:00,1,-0.153,0.153,1505.830,1505.983
CGR,ELEV,HOURLY,CGR.Elev-Forebay.Inst.1Hour.0.CBT-REV,14159400,2025-12-10 06:00:00,2025-12-10 12:00:00,7,-0.119,0.165,1506.961,1507.080
CGR,ELEV,HOURLY,CGR.Elev-Forebay.Inst.1Hour.0.CBT-REV,14159400,2025-12-17 17:00:00,2025-12-17 19:00:00,3,-0.131,0.145,1511.283,1511.414
CGR,ELEV,HOURLY,CGR.Elev-Forebay.Inst.1Hour.0.CBT-REV,14159400,2025-12-18 02:00:00,2025-12-18 02:00:00,1,-0.120,0.120,1512.530,1512.650
CGR,ELEV,HOURLY,CGR.Elev-Forebay.Inst.1Hour.0.CBT-REV,14159400,2025-12-18 15:00:00,2025-12-23 21:00:00,127,-0.258,0.787,1543.970,1544.228
CGR,ELEV,HOURLY,CGR.Elev-Forebay.Inst.1Hour.0.CBT-REV,14159400,2025-12-28 20:00:00,2025-12-28 20:00:00,1,0.107,0.107,1559.090,1558.983
CGR,ELEV,HOURLY,CGR.Elev-Forebay.Inst.1Hour.0.CBT-REV,14159400,2025-12-29 04:00:00,2025-12-29 04:00:00,1,0.227,0.227,1558.360,1558.132
CGR,ELEV,HOURLY,CGR.Elev-Forebay.Inst.1Hour.0.CBT-REV,14159400,2025-12-29 20:00:00,2025-12-29 20:00:00,1,0.122,0.122,1556.510,1556.388
CGR,ELEV,HOURLY,CGR.Elev-Forebay.Inst.1Hour.0.CBT-REV,14159400,2025-12-30 20:00:00,2025-12-30 20:00:00,1,0.128,0.128,1553.740,1553.612
CGR,ELEV,HOURLY,CGR.Elev-Forebay.Inst.1Hour.0.CBT-REV,14159400,2025-12-31 10:00:00,2025-12-31 10:00:00,1,0.102,0.102,1552.010,1551.908
CGR,ELEV,HOURLY,CGR.Elev-Forebay.Inst.1Hour.0.CBT-REV,14159400,2025-12-31 18:00:00,2025-12-31 18:00:00,1,0.110,0.110,1551.060,1550.950
CGR,ELEV,HOURLY,CGR.Elev-Forebay.Inst.1Hour.0.CBT-REV,14159400,2025-12-31 21:00:00,2025-12-31 21:00:00,1,0.145,0.145,1550.720,1550.575
CGR,ELEV,HOURLY,CGR.Elev-Forebay.Inst.1Hour.0.CBT-REV,14159400,2026-01-03 07:00:00,2026-01-03 07:00:00,1,0.110,0.110,1544.120,1544.010
CGR,ELEV,HOURLY,CGR.Elev-Forebay.Inst.1Hour.0.CBT-REV,14159400,2026-01-03 15:00:00,2026-01-03 16:00:00,2,0.117,0.130,1543.235,1543.118
CGR,ELEV,HOURLY,CGR.Elev-Forebay.Inst.1Hour.0.CBT-REV,14159400,2026-01-03 19:00:00,2026-01-03 20:00:00,2,0.119,0.120,1542.820,1542.701
CGR,ELEV,HOURLY,CGR.Elev-Forebay.Inst.1Hour.0.CBT-REV,14159400,2026-01-03 23:00:00,2026-01-03 23:00:00,1,0.123,0.123,1542.420,1542.297
CGR,ELEV,HOURLY,CGR.Elev-Forebay.Inst.1Hour.0.CBT-REV,14159400,2026-01-04 01:00:00,2026-01-04 01:00:00,1,0.100,0.100,1542.190,1542.090
CGR,ELEV,HOURLY,CGR.Elev-Forebay.Inst.1Hour.0.CBT-REV,14159400,2026-01-04 08:00:00,2026-01-04 08:00:00,1,0.105,0.105,1541.430,1541.325
CGR,ELEV,HOURLY,CGR.Elev-Forebay.Inst.1Hour.0.CBT-REV,14159400,2026-01-07 07:00:00,2026-01-07 07:00:00,1,0.222,0.222,1537.570,1537.348
CGR,ELEV,HOURLY,CGR.Elev-Forebay.Inst.1Hour.0.CBT-REV,14159400,2026-01-11 15:00:00,2026-01-11 15:00:00,1,0.142,0.142,1534.350,1534.207
CGR,ELEV,HOURLY,CGR.Elev-Forebay.Inst.1Hour.0.CBT-REV,14159400,2026-01-15 05:00:00,2026-01-15 05:00:00,1,0.330,0.330,1532.640,1532.310
CGR,ELEV,HOURLY,CGR.Elev-Forebay.Inst.1Hour.0.CBT-REV,14159400,2026-01-15 20:00:00,2026-01-15 20:00:00,1,0.105,0.105,1532.150,1532.045
CGR,ELEV,HOURLY,CGR.Elev-Forebay.Inst.1Hour.0.CBT-REV,14159400,2026-01-23 19:00:00,2026-01-23 19:00:00,1,0.112,0.112,1531.850,1531.737
CGR,ELEV,HOURLY,CGR.Elev-Forebay.Inst.1Hour.0.CBT-REV,14159400,2026-02-06 21:00:00,2026-02-06 21:00:00,1,0.363,0.363,1530.750,1530.387
CGR,ELEV,HOURLY,CGR.Elev-Forebay.Inst.1Hour.0.CBT-REV,14159400,2026-02-15 19:00:00,2026-02-15 19:00:00,1,-0.287,0.287,1535.740,1536.027
CGR,ELEV,HOURLY,CGR.Elev-Forebay.Inst.1Hour.0.CBT-REV,14159400,2026-02-17 16:00:00,2026-02-17 16:00:00,1,-0.303,0.303,1536.460,1536.763
CGR,ELEV,HOURLY,CGR.Elev-Forebay.Inst.1Hour.0.CBT-REV,14159400,2026-02-18 04:00:00,2026-02-18 04:00:00,1,-0.113,0.113,1536.820,1536.932
CGR,ELEV,HOURLY,CGR.Elev-Forebay.Inst.1Hour.0.CBT-REV,14159400,2026-02-24 18:00:00,2026-02-26 04:00:00,35,-0.138,0.440,1542.903,1543.041
CGR,ELEV,HOURLY,CGR.Elev-Forebay.Inst.1Hour.0.CBT-REV,14159400,2026-02-26 08:00:00,2026-02-26 08:00:00,1,-0.117,0.117,1548.920,1549.037
CGR,ELEV,HOURLY,CGR.Elev-Forebay.Inst.1Hour.0.CBT-REV,14159400,2026-02-26 11:00:00,2026-02-26 11:00:00,1,-0.120,0.120,1549.540,1549.660
CGR,ELEV,HOURLY,CGR.Elev-Forebay.Inst.1Hour.0.CBT-REV,14159400,2026-02-26 14:00:00,2026-02-26 15:00:00,2,-0.106,0.108,1550.210,1550.316
CGR,ELEV,HOURLY,CGR.Elev-Forebay.Inst.1Hour.0.CBT-REV,14159400,2026-02-26 19:00:00,2026-02-26 19:00:00,1,-0.115,0.115,1551.020,1551.135
CGR,ELEV,HOURLY,CGR.Elev-Forebay.Inst.1Hour.0.CBT-REV,14159400,2026-03-06 20:00:00,2026-03-09 22:00:00,75,0.196,0.275,1545.331,1545.136
CGR,ELEV,HOURLY,CGR.Elev-Forebay.Inst.1Hour.0.CBT-REV,14159400,2026-03-10 00:00:00,2026-03-10 16:00:00,17,0.148,0.165,1528.640,1528.492
CGR,ELEV,HOURLY,CGR.Elev-Forebay.Inst.1Hour.0.CBT-REV,14159400,2026-03-10 18:00:00,2026-03-11 06:00:00,13,0.164,0.280,1524.338,1524.175
CGR,ELEV,HOURLY,CGR.Elev-Forebay.Inst.1Hour.0.CBT-REV,14159400,2026-03-15 00:00:00,2026-03-15 00:00:00,1,-0.105,0.105,1522.510,1522.615
CGR,ELEV,HOURLY,CGR.Elev-Forebay.Inst.1Hour.0.CBT-REV,14159400,2026-04-02 02:00:00,2026-04-02 02:00:00,1,-0.100,0.100,1523.100,1523.200
CGR,ELEV,HOURLY,CGR.Elev-Forebay.Inst.1Hour.0.CBT-REV,14159400,2026-04-02 07:00:00,2026-04-02 07:00:00,1,-0.100,0.100,1523.540,1523.640
CGR,ELEV,HOURLY,CGR.Elev-Forebay.Inst.1Hour.0.CBT-REV,14159400,2026-04-02 10:00:00,2026-04-02 10:00:00,1,-0.140,0.140,1523.790,1523.930
CGR,ELEV,HOURLY,CGR.Elev-Forebay.Inst.1Hour.0.CBT-REV,14159400,2026-04-02 16:00:00,2026-04-02 17:00:00,2,-0.116,0.125,1524.420,1524.536
CGR,ELEV,HOURLY,CGR.Elev-Forebay.Inst.1Hour.0.CBT-REV,14159400,2026-04-02 21:00:00,2026-04-02 21:00:00,1,-0.105,0.105,1524.800,1524.905
CGR,ELEV,HOURLY,CGR.Elev-Forebay.Inst.1Hour.0.CBT-REV,14159400,2026-04-02 23:00:00,2026-04-02 23:00:00,1,-0.105,0.105,1524.970,1525.075
CGR,ELEV,HOURLY,CGR.Elev-Forebay.Inst.1Hour.0.CBT-REV,14159400,2026-04-03 05:00:00,2026-04-03 05:00:00,1,-0.112,0.112,1525.470,1525.582
CGR,ELEV,HOURLY,CGR.Elev-Forebay.Inst.1Hour.0.CBT-REV,14159400,2026-04-04 15:00:00,2026-04-04 15:00:00,1,-0.108,0.108,1527.510,1527.618
CGR,ELEV,HOURLY,CGR.Elev-Forebay.Inst.1Hour.0.CBT-REV,14159400,2026-04-04 18:00:00,2026-04-04 19:00:00,2,-0.106,0.108,1527.825,1527.931
CGR,ELEV,HOURLY,CGR.Elev-Forebay.Inst.1Hour.0.CBT-REV,14159400,2026-04-05 06:00:00,2026-04-05 06:00:00,1,-0.100,0.100,1528.600,1528.700
CGR,ELEV,HOURLY,CGR.Elev-Forebay.Inst.1Hour.0.CBT-REV,14159400,2026-04-05 15:00:00,2026-04-05 17:00:00,3,-0.109,0.120,1529.360,1529.469
CGR,ELEV,HOURLY,CGR.Elev-Forebay.Inst.1Hour.0.CBT-REV,14159400,2026-04-05 22:00:00,2026-04-05 22:00:00,1,-0.100,0.100,1529.810,1529.910
CGR,ELEV,HOURLY,CGR.Elev-Forebay.Inst.1Hour.0.CBT-REV,14159400,2026-04-06 14:00:00,2026-04-06 15:00:00,2,-0.111,0.113,1530.880,1530.991
CGR,ELEV,HOURLY,CGR.Elev-Forebay.Inst.1Hour.0.CBT-REV,14159400,2026-04-08 17:00:00,2026-04-08 17:00:00,1,-0.112,0.112,1533.480,1533.592
CGR,ELEV,HOURLY,CGR.Elev-Forebay.Inst.1Hour.0.CBT-REV,14159400,2026-04-10 05:00:00,2026-04-10 05:00:00,1,-0.107,0.107,1534.690,1534.797
CGR,ELEV,HOURLY,CGR.Elev-Forebay.Inst.1Hour.0.CBT-REV,14159400,2026-04-11 09:00:00,2026-04-11 09:00:00,1,-0.108,0.108,1535.790,1535.898
CGR,ELEV,HOURLY,CGR.Elev-Forebay.Inst.1Hour.0.CBT-REV,14159400,2026-04-11 13:00:00,2026-04-11 13:00:00,1,-0.105,0.105,1536.020,1536.125
CGR,ELEV,HOURLY,CGR.Elev-Forebay.Inst.1Hour.0.CBT-REV,14159400,2026-04-11 15:00:00,2026-04-11 19:00:00,5,-0.120,0.168,1536.246,1536.366
CGR,ELEV,HOURLY,CGR.Elev-Forebay.Inst.1Hour.0.CBT-REV,14159400,2026-04-12 01:00:00,2026-04-12 04:00:00,4,-0.107,0.110,1536.787,1536.894
CGR,ELEV,HOURLY,CGR.Elev-Forebay.Inst.1Hour.0.CBT-REV,14159400,2026-04-12 11:00:00,2026-04-12 13:00:00,3,-0.106,0.110,1537.320,1537.426
CGR,ELEV,HOURLY,CGR.Elev-Forebay.Inst.1Hour.0.CBT-REV,14159400,2026-04-12 16:00:00,2026-04-12 16:00:00,1,-0.100,0.100,1537.540,1537.640
CGR,ELEV,HOURLY,CGR.Elev-Forebay.Inst.1Hour.0.CBT-REV,14159400,2026-04-12 22:00:00,2026-04-12 22:00:00,1,-0.100,0.100,1537.870,1537.970
CGR,ELEV,HOURLY,CGR.Elev-Forebay.Inst.1Hour.0.CBT-REV,14159400,2026-04-13 06:00:00,2026-04-13 06:00:00,1,-0.102,0.102,1538.270,1538.372
CGR,ELEV,HOURLY,CGR.Elev-Forebay.Inst.1Hour.0.CBT-REV,14159400,2026-04-13 11:00:00,2026-04-13 11:00:00,1,-0.105,0.105,1538.530,1538.635
CGR,ELEV,HOURLY,CGR.Elev-Forebay.Inst.1Hour.0.CBT-REV,14159400,2026-04-13 13:00:00,2026-04-13 15:00:00,3,-0.102,0.102,1538.710,1538.812
CGR,ELEV,HOURLY,CGR.Elev-Forebay.Inst.1Hour.0.CBT-REV,14159400,2026-04-13 18:00:00,2026-04-13 21:00:00,4,-0.106,0.110,1539.050,1539.156
CGR,ELEV,HOURLY,CGR.Elev-Forebay.Inst.1Hour.0.CBT-REV,14159400,2026-04-13 23:00:00,2026-04-14 13:00:00,15,-0.114,0.200,1539.730,1539.844
CGR,ELEV,HOURLY,CGR.Elev-Forebay.Inst.1Hour.0.CBT-REV,14159400,2026-04-14 17:00:00,2026-04-14 19:00:00,3,-0.102,0.105,1540.527,1540.628
CGR,ELEV,HOURLY,CGR.Elev-Forebay.Inst.1Hour.0.CBT-REV,14159400,2026-04-14 21:00:00,2026-04-14 21:00:00,1,-0.112,0.112,1540.710,1540.822
CGR,ELEV,HOURLY,CGR.Elev-Forebay.Inst.1Hour.0.CBT-REV,14159400,2026-04-14 23:00:00,2026-04-14 23:00:00,1,-0.113,0.113,1540.840,1540.953
CGR,ELEV,HOURLY,CGR.Elev-Forebay.Inst.1Hour.0.CBT-REV,14159400,2026-04-15 03:00:00,2026-04-15 07:00:00,5,-0.111,0.123,1541.234,1541.344
CGR,ELEV,HOURLY,CGR.Elev-Forebay.Inst.1Hour.0.CBT-REV,14159400,2026-04-15 10:00:00,2026-04-18 15:00:00,78,-0.135,0.207,1545.889,1546.024
CGR,ELEV,HOURLY,CGR.Elev-Forebay.Inst.1Hour.0.CBT-REV,14159400,2026-04-18 17:00:00,2026-04-20 07:00:00,39,-0.128,0.160,1551.695,1551.824
CGR,ELEV,HOURLY,CGR.Elev-Forebay.Inst.1Hour.0.CBT-REV,14159400,2026-04-20 09:00:00,2026-04-20 15:00:00,7,-0.187,0.350,1553.713,1553.900
CGR,ELEV,HOURLY,CGR.Elev-Forebay.Inst.1Hour.0.CBT-REV,14159400,2026-04-20 17:00:00,2026-04-20 18:00:00,2,-0.143,0.158,1554.250,1554.392
CGR,ELEV,HOURLY,CGR.Elev-Forebay.Inst.1Hour.0.CBT-REV,14159400,2026-04-20 20:00:00,2026-04-26 03:00:00,128,-0.139,0.270,1560.438,1560.577
CGR,ELEV,HOURLY,CGR.Elev-Forebay.Inst.1Hour.0.CBT-REV,14159400,2026-04-26 05:00:00,2026-04-29 18:00:00,86,-0.127,0.160,1568.877,1569.005
CGR,ELEV,HOURLY,CGR.Elev-Forebay.Inst.1Hour.0.CBT-REV,14159400,2026-04-29 20:00:00,2026-04-30 14:00:00,19,-0.116,0.122,1571.193,1571.309
CGR,ELEV,HOURLY,CGR.Elev-Forebay.Inst.1Hour.0.CBT-REV,14159400,2026-04-30 16:00:00,2026-04-30 17:00:00,2,-0.130,0.132,1571.570,1571.700
CGR,ELEV,HOURLY,CGR.Elev-Forebay.Inst.1Hour.0.CBT-REV,14159400,2026-04-30 19:00:00,2026-05-03 16:00:00,70,-0.123,0.158,1572.572,1572.695
CGR,ELEV,HOURLY,CGR.Elev-Forebay.Inst.1Hour.0.CBT-REV,14159400,2026-05-03 19:00:00,2026-05-07 16:00:00,94,-0.124,0.433,1574.074,1574.199
CGR,ELEV,HOURLY,CGR.Elev-Forebay.Inst.1Hour.0.CBT-REV,14159400,2026-05-07 18:00:00,2026-05-13 19:00:00,146,-0.127,0.155,1575.068,1575.195
CGR,ELEV,HOURLY,CGR.Elev-Forebay.Inst.1Hour.0.CBT-REV,14159400,2026-05-26 17:00:00,2026-05-26 17:00:00,1,-0.178,0.178,1576.000,1576.178
CGR,ELEV,HOURLY,CGR.Elev-Forebay.Inst.1Hour.0.CBT-REV,14159400,2026-07-14 23:00:00,2026-07-14 23:00:00,1,0.205,0.205,1575.810,1575.605
CGR,ELEV,HOURLY,CGR.Elev-Forebay.Inst.1Hour.0.CBT-REV,14159400,2026-07-28 00:00:00,2026-07-28 00:00:00,1,0.105,0.105,1572.560,1572.455
CGR,ELEV,HOURLY,CGR.Elev-Forebay.Inst.1Hour.0.CBT-REV,14159400,2026-09-23 21:00:00,2026-09-23 21:00:00,1,0.272,0.272,1548.000,1547.727
CGR,ELEV,HOURLY,CGR.Elev-Forebay.Inst.1Hour.0.CBT-REV,14159400,2026-09-24 04:00:00,2026-09-24 04:00:00,1,0.100,0.100,1547.650,1547.550
CGR,ELEV,HOURLY,CGR.Elev-Forebay.Inst.1Hour.0.CBT-REV,14159400,2026-09-27 21:00:00,2026-09-27 21:00:00,1,0.110,0.110,1545.650,1545.540
CGR,FLOW,HOURLY,CGR.Flow-Out.Ave.1Hour.1Hour.CBT-REV,14159500,2025-10-21 19:00:00,2025-10-21 20:00:00,2,74.875,91.333,425.000,350.125
CGR,FLOW,HOURLY,CGR.Flow-Out.Ave.1Hour.1Hour.CBT-REV,14159500,2025-10-21 22:00:00,2025-10-21 22:00:00,1,-72.500,72.500,310.000,382.500
CGR,FLOW,HOURLY,CGR.Flow-Out.Ave.1Hour.1Hour.CBT-REV,14159500,2025-10-24 19:00:00,2025-10-24 19:00:00,1,-85.167,85.167,460.000,545.167
CGR,FLOW,HOURLY,CGR.Flow-Out.Ave.1Hour.1Hour.CBT-REV,14159500,2025-10-31 21:00:00,2025-10-31 21:00:00,1,55.500,55.500,600.000,544.500
CGR,FLOW,HOURLY,CGR.Flow-Out.Ave.1Hour.1Hour.CBT-REV,14159500,2025-12-06 16:00:00,2025-12-06 18:00:00,3,-101.306,120.500,506.667,607.972
CGR,FLOW,HOURLY,CGR.Flow-Out.Ave.1Hour.1Hour.CBT-REV,14159500,2025-12-07 17:00:00,2025-12-07 17:00:00,1,56.083,56.083,780.000,723.917
CGR,FLOW,HOURLY,CGR.Flow-Out.Ave.1Hour.1Hour.CBT-REV,14159500,2025-12-09 20:00:00,2025-12-09 20:00:00,1,-72.583,72.583,750.000,822.583
CGR,FLOW,HOURLY,CGR.Flow-Out.Ave.1Hour.1Hour.CBT-REV,14159500,2025-12-17 10:00:00,2025-12-17 10:00:00,1,-66.667,66.667,510.000,576.667
CGR,FLOW,HOURLY,CGR.Flow-Out.Ave.1Hour.1Hour.CBT-REV,14159500,2025-12-18 17:00:00,2025-12-18 17:00:00,1,-60.583,60.583,580.000,640.583
CGR,FLOW,HOURLY,CGR.Flow-Out.Ave.1Hour.1Hour.CBT-REV,14159500,2025-12-19 00:00:00,2025-12-19 00:00:00,1,-54.417,54.417,600.000,654.417
CGR,FLOW,HOURLY,CGR.Flow-Out.Ave.1Hour.1Hour.CBT-REV,14159500,2025-12-19 02:00:00,2025-12-19 02:00:00,1,-52.583,52.583,610.000,662.583
CGR,FLOW,HOURLY,CGR.Flow-Out.Ave.1Hour.1Hour.CBT-REV,14159500,2025-12-19 04:00:00,2025-12-19 06:00:00,3,-53.139,55.833,630.000,683.139
CGR,FLOW,HOURLY,CGR.Flow-Out.Ave.1Hour.1Hour.CBT-REV,14159500,2025-12-19 08:00:00,2025-12-19 13:00:00,6,-56.806,59.750,683.333,740.139
CGR,FLOW,HOURLY,CGR.Flow-Out.Ave.1Hour.1Hour.CBT-REV,14159500,2025-12-19 15:00:00,2025-12-19 21:00:00,7,-54.357,59.333,742.857,797.214
CGR,FLOW,HOURLY,CGR.Flow-Out.Ave.1Hour.1Hour.CBT-REV,14159500,2025-12-19 23:00:00,2025-12-19 23:00:00,1,-55.083,55.083,760.000,815.083
CGR,FLOW,HOURLY,CGR.Flow-Out.Ave.1Hour.1Hour.CBT-REV,14159500,2025-12-20 02:00:00,2025-12-29 11:00:00,226,-97.275,308.333,1115.088,1212.363
CGR,FLOW,HOURLY,CGR.Flow-Out.Ave.1Hour.1Hour.CBT-REV,14159500,2025-12-29 13:00:00,2026-01-04 18:00:00,150,-145.994,198.333,1756.333,1902.328
CGR,FLOW,HOURLY,CGR.Flow-Out.Ave.1Hour.1Hour.CBT-REV,14159500,2026-01-04 20:00:00,2026-01-05 05:00:00,10,-136.333,179.167,1487.000,1623.333
CGR,FLOW,HOURLY,CGR.Flow-Out.Ave.1Hour.1Hour.CBT-REV,14159500,2026-01-05 07:00:00,2026-01-06 22:00:00,40,-127.146,140.833,1351.250,1478.396
CGR,FLOW,HOURLY,CGR.Flow-Out.Ave.1Hour.1Hour.CBT-REV,14159500,2026-01-07 00:00:00,2026-01-08 19:00:00,44,-132.083,215.000,1351.818,1483.902
CGR,FLOW,HOURLY,CGR.Flow-Out.Ave.1Hour.1Hour.CBT-REV,14159500,2026-01-08 21:00:00,2026-01-09 18:00:00,22,-123.371,139.167,1343.636,1467.008
CGR,FLOW,HOURLY,CGR.Flow-Out.Ave.1Hour.1Hour.CBT-REV,14159500,2026-01-09 22:00:00,2026-01-10 15:00:00,18,-97.671,193.667,937.778,1035.449
CGR,FLOW,HOURLY,CGR.Flow-Out.Ave.1Hour.1Hour.CBT-REV,14159500,2026-01-10 17:00:00,2026-01-11 15:00:00,23,-101.344,169.417,913.478,1014.822
CGR,FLOW,HOURLY,CGR.Flow-Out.Ave.1Hour.1Hour.CBT-REV,14159500,2026-01-11 18:00:00,2026-01-12 00:00:00,7,-105.595,112.500,951.429,1057.024
CGR,FLOW,HOURLY,CGR.Flow-Out.Ave.1Hour.1Hour.CBT-REV,14159500,2026-01-12 02:00:00,2026-01-14 15:00:00,62,-98.901,162.500,919.516,1018.417
CGR,FLOW,HOURLY,CGR.Flow-Out.Ave.1Hour.1Hour.CBT-REV,14159500,2026-01-14 17:00:00,2026-01-15 20:00:00,28,-93.869,106.583,861.786,955.655
CGR,FLOW,HOURLY,CGR.Flow-Out.Ave.1Hour.1Hour.CBT-REV,14159500,2026-01-15 22:00:00,2026-01-15 22:00:00,1,-91.000,91.000,760.000,851.000
CGR,FLOW,HOURLY,CGR.Flow-Out.Ave.1Hour.1Hour.CBT-REV,14159500,2026-01-16 00:00:00,2026-01-16 17:00:00,18,-81.458,84.667,650.556,732.014
CGR,FLOW,HOURLY,CGR.Flow-Out.Ave.1Hour.1Hour.CBT-REV,14159500,2026-01-16 19:00:00,2026-01-17 15:00:00,21,-75.774,83.667,567.143,642.917
CGR,FLOW,HOURLY,CGR.Flow-Out.Ave.1Hour.1Hour.CBT-REV,14159500,2026-01-17 17:00:00,2026-01-18 15:00:00,23,-77.373,105.917,555.217,632.591
CGR,FLOW,HOURLY,CGR.Flow-Out.Ave.1Hour.1Hour.CBT-REV,14159500,2026-01-18 17:00:00,2026-01-21 01:00:00,57,-75.601,116.750,556.667,632.268
CGR,FLOW,HOURLY,CGR.Flow-Out.Ave.1Hour.1Hour.CBT-REV,14159500,2026-01-21 03:00:00,2026-01-24 02:00:00,72,-72.346,85.000,559.306,631.652
CGR,FLOW,HOURLY,CGR.Flow-Out.Ave.1Hour.1Hour.CBT-REV,14159500,2026-01-24 04:00:00,2026-01-24 23:00:00,20,-70.237,93.583,485.500,555.738
CGR,FLOW,HOURLY,CGR.Flow-Out.Ave.1Hour.1Hour.CBT-REV,14159500,2026-01-25 01:00:00,2026-01-26 17:00:00,41,-69.061,95.417,488.293,557.354
CGR,FLOW,HOURLY,CGR.Flow-Out.Ave.1Hour.1Hour.CBT-REV,14159500,2026-01-26 19:00:00,2026-01-28 17:00:00,47,-67.518,109.500,494.255,561.773
CGR,FLOW,HOURLY,CGR.Flow-Out.Ave.1Hour.1Hour.CBT-REV,14159500,2026-01-28 21:00:00,2026-01-29 01:00:00,5,-58.300,67.833,392.000,450.300
CGR,FLOW,HOURLY,CGR.Flow-Out.Ave.1Hour.1Hour.CBT-REV,14159500,2026-01-29 03:00:00,2026-01-29 15:00:00,13,-53.494,54.583,320.000,373.494
CGR,FLOW,HOURLY,CGR.Flow-Out.Ave.1Hour.1Hour.CBT-REV,14159500,2026-01-29 17:00:00,2026-01-29 17:00:00,1,-52.500,52.500,320.000,372.500
CGR,FLOW,HOURLY,CGR.Flow-Out.Ave.1Hour.1Hour.CBT-REV,14159500,2026-01-29 19:00:00,2026-01-30 00:00:00,6,-55.306,60.167,321.667,376.972
CGR,FLOW,HOURLY,CGR.Flow-Out.Ave.1Hour.1Hour.CBT-REV,14159500,2026-01-30 23:00:00,2026-01-31 00:00:00,2,-72.667,94.833,280.000,352.667
CGR,FLOW,HOURLY,CGR.Flow-Out.Ave.1Hour.1Hour.CBT-REV,14159500,2026-01-31 02:00:00,2026-01-31 08:00:00,7,-55.595,56.667,300.000,355.595
CGR,FLOW,HOURLY,CGR.Flow-Out.Ave.1Hour.1Hour.CBT-REV,14159500,2026-01-31 10:00:00,2026-01-31 15:00:00,6,-56.250,57.083,300.000,356.250
CGR,FLOW,HOURLY,CGR.Flow-Out.Ave.1Hour.1Hour.CBT-REV,14159500,2026-01-31 23:00:00,2026-02-01 15:00:00,17,-57.814,105.833,315.294,373.108
CGR,FLOW,HOURLY,CGR.Flow-Out.Ave.1Hour.1Hour.CBT-REV,14159500,2026-02-01 17:00:00,2026-02-01 19:00:00,3,-52.639,53.333,320.000,372.639
CGR,FLOW,HOURLY,CGR.Flow-Out.Ave.1Hour.1Hour.CBT-REV,14159500,2026-02-01 21:00:00,2026-02-02 15:00:00,19,-56.399,82.417,319.474,375.873
CGR,FLOW,HOURLY,CGR.Flow-Out.Ave.1Hour.1Hour.CBT-REV,14159500,2026-02-02 17:00:00,2026-02-02 19:00:00,3,-53.472,58.750,316.667,370.139
CGR,FLOW,HOURLY,CGR.Flow-Out.Ave.1Hour.1Hour.CBT-REV,14159500,2026-02-02 21:00:00,2026-02-02 21:00:00,1,-57.917,57.917,310.000,367.917
CGR,FLOW,HOURLY,CGR.Flow-Out.Ave.1Hour.1Hour.CBT-REV,14159500,2026-02-02 23:00:00,2026-02-03 01:00:00,3,-60.778,76.083,320.000,380.778
CGR,FLOW,HOURLY,CGR.Flow-Out.Ave.1Hour.1Hour.CBT-REV,14159500,2026-02-03 03:00:00,2026-02-03 15:00:00,13,-52.981,54.583,320.000,372.981
CGR,FLOW,HOURLY,CGR.Flow-Out.Ave.1Hour.1Hour.CBT-REV,14159500,2026-02-03 17:00:00,2026-02-04 15:00:00,23,-54.899,67.250,320.435,375.333
CGR,FLOW,HOURLY,CGR.Flow-Out.Ave.1Hour.1Hour.CBT-REV,14159500,2026-02-04 17:00:00,2026-02-04 17:00:00,1,-58.333,58.333,320.000,378.333
CGR,FLOW,HOURLY,CGR.Flow-Out.Ave.1Hour.1Hour.CBT-REV,14159500,2026-02-04 19:00:00,2026-02-05 15:00:00,21,-55.940,71.000,320.476,376.417
CGR,FLOW,HOURLY,CGR.Flow-Out.Ave.1Hour.1Hour.CBT-REV,14159500,2026-02-05 17:00:00,2026-02-05 18:00:00,2,-55.625,57.500,320.000,375.625
CGR,FLOW,HOURLY,CGR.Flow-Out.Ave.1Hour.1Hour.CBT-REV,14159500,2026-02-05 23:00:00,2026-02-06 15:00:00,17,-55.618,70.500,321.176,376.794
CGR,FLOW,HOURLY,CGR.Flow-Out.Ave.1Hour.1Hour.CBT-REV,14159500,2026-02-06 17:00:00,2026-02-06 20:00:00,4,-56.042,56.667,320.000,376.042
CGR,FLOW,HOURLY,CGR.Flow-Out.Ave.1Hour.1Hour.CBT-REV,14159500,2026-02-06 23:00:00,2026-02-07 00:00:00,2,-68.625,81.833,320.000,388.625
CGR,FLOW,HOURLY,CGR.Flow-Out.Ave.1Hour.1Hour.CBT-REV,14159500,2026-02-07 02:00:00,2026-02-07 15:00:00,14,-55.000,55.000,320.000,375.000
CGR,FLOW,HOURLY,CGR.Flow-Out.Ave.1Hour.1Hour.CBT-REV,14159500,2026-02-07 17:00:00,2026-02-07 18:00:00,2,-57.500,57.500,320.000,377.500
CGR,FLOW,HOURLY,CGR.Flow-Out.Ave.1Hour.1Hour.CBT-REV,14159500,2026-02-07 20:00:00,2026-02-07 21:00:00,2,-57.083,57.917,320.000,377.083
CGR,FLOW,HOURLY,CGR.Flow-Out.Ave.1Hour.1Hour.CBT-REV,14159500,2026-02-07 23:00:00,2026-02-08 15:00:00,17,-56.456,81.417,320.000,376.456
CGR,FLOW,HOURLY,CGR.Flow-Out.Ave.1Hour.1Hour.CBT-REV,14159500,2026-02-08 17:00:00,2026-02-08 19:00:00,3,-56.944,57.500,320.000,376.944
CGR,FLOW,HOURLY,CGR.Flow-Out.Ave.1Hour.1Hour.CBT-REV,14159500,2026-02-08 21:00:00,2026-02-09 00:00:00,4,-63.500,86.083,320.000,383.500
CGR,FLOW,HOURLY,CGR.Flow-Out.Ave.1Hour.1Hour.CBT-REV,14159500,2026-02-09 02:00:00,2026-02-09 15:00:00,14,-54.881,55.417,330.000,384.881
CGR,FLOW,HOURLY,CGR.Flow-Out.Ave.1Hour.1Hour.CBT-REV,14159500,2026-02-09 17:00:00,2026-02-09 17:00:00,1,-57.500,57.500,320.000,377.500
CGR,FLOW,HOURLY,CGR.Flow-Out.Ave.1Hour.1Hour.CBT-REV,14159500,2026-02-09 19:00:00,2026-02-09 19:00:00,1,-60.000,60.000,320.000,380.000
CGR,FLOW,HOURLY,CGR.Flow-Out.Ave.1Hour.1Hour.CBT-REV,14159500,2026-02-09 23:00:00,2026-02-10 00:00:00,2,-67.208,83.167,330.000,397.208
CGR,FLOW,HOURLY,CGR.Flow-Out.Ave.1Hour.1Hour.CBT-REV,14159500,2026-02-10 17:00:00,2026-02-10 21:00:00,5,-55.167,56.250,320.000,375.167
CGR,FLOW,HOURLY,CGR.Flow-Out.Ave.1Hour.1Hour.CBT-REV,14159500,2026-02-10 23:00:00,2026-02-11 15:00:00,17,-58.725,98.333,347.059,405.784
CGR,FLOW,HOURLY,CGR.Flow-Out.Ave.1Hour.1Hour.CBT-REV,14159500,2026-02-11 17:00:00,2026-02-12 15:00:00,23,-54.145,96.583,348.696,402.841
CGR,FLOW,HOURLY,CGR.Flow-Out.Ave.1Hour.1Hour.CBT-REV,14159500,2026-02-12 17:00:00,2026-02-12 17:00:00,1,-56.250,56.250,320.000,376.250
CGR,FLOW,HOURLY,CGR.Flow-Out.Ave.1Hour.1Hour.CBT-REV,14159500,2026-02-12 19:00:00,2026-02-12 21:00:00,3,-55.000,60.000,326.667,381.667
CGR,FLOW,HOURLY,CGR.Flow-Out.Ave.1Hour.1Hour.CBT-REV,14159500,2026-02-12 23:00:00,2026-02-13 15:00:00,17,-58.162,92.917,347.647,405.809
CGR,FLOW,HOURLY,CGR.Flow-Out.Ave.1Hour.1Hour.CBT-REV,14159500,2026-02-13 17:00:00,2026-02-14 15:00:00,23,-55.598,98.000,347.391,402.989
CGR,FLOW,HOURLY,CGR.Flow-Out.Ave.1Hour.1Hour.CBT-REV,14159500,2026-02-14 17:00:00,2026-02-14 17:00:00,1,-59.583,59.583,320.000,379.583
CGR,FLOW,HOURLY,CGR.Flow-Out.Ave.1Hour.1Hour.CBT-REV,14159500,2026-02-14 21:00:00,2026-02-15 15:00:00,19,-54.974,96.667,350.526,405.500
CGR,FLOW,HOURLY,CGR.Flow-Out.Ave.1Hour.1Hour.CBT-REV,14159500,2026-02-15 17:00:00,2026-02-16 01:00:00,9,-56.028,85.083,320.000,376.028
CGR,FLOW,HOURLY,CGR.Flow-Out.Ave.1Hour.1Hour.CBT-REV,14159500,2026-02-16 14:00:00,2026-02-16 14:00:00,1,-51.667,51.667,330.000,381.667
CGR,FLOW,HOURLY,CGR.Flow-Out.Ave.1Hour.1Hour.CBT-REV,14159500,2026-02-16 17:00:00,2026-02-17 03:00:00,11,-56.992,95.417,365.455,422.447
CGR,FLOW,HOURLY,CGR.Flow-Out.Ave.1Hour.1Hour.CBT-REV,14159500,2026-02-17 05:00:00,2026-02-17 15:00:00,11,-51.000,51.000,350.000,401.000
CGR,FLOW,HOURLY,CGR.Flow-Out.Ave.1Hour.1Hour.CBT-REV,14159500,2026-02-17 18:00:00,2026-02-18 01:00:00,8,-60.573,104.250,360.000,420.573
CGR,FLOW,HOURLY,CGR.Flow-Out.Ave.1Hour.1Hour.CBT-REV,14159500,2026-02-18 03:00:00,2026-02-18 15:00:00,13,-71.474,161.500,429.231,500.705
CGR,FLOW,HOURLY,CGR.Flow-Out.Ave.1Hour.1Hour.CBT-REV,14159500,2026-02-18 17:00:00,2026-02-19 15:00:00,23,-64.580,110.500,436.522,501.101
CGR,FLOW,HOURLY,CGR.Flow-Out.Ave.1Hour.1Hour.CBT-REV,14159500,2026-02-19 17:00:00,2026-02-20 15:00:00,23,-70.087,123.833,465.652,535.739
CGR,FLOW,HOURLY,CGR.Flow-Out.Ave.1Hour.1Hour.CBT-REV,14159500,2026-02-20 17:00:00,2026-02-25 15:00:00,119,-69.826,99.083,496.975,566.801
CGR,FLOW,HOURLY,CGR.Flow-Out.Ave.1Hour.1Hour.CBT-REV,14159500,2026-02-25 17:00:00,2026-02-26 15:00:00,23,-70.467,140.583,501.304,571.772
CGR,FLOW,HOURLY,CGR.Flow-Out.Ave.1Hour.1Hour.CBT-REV,14159500,2026-02-26 17:00:00,2026-02-27 15:00:00,23,-74.841,123.000,498.696,573.536
CGR,FLOW,HOURLY,CGR.Flow-Out.Ave.1Hour.1Hour.CBT-REV,14159500,2026-02-27 17:00:00,2026-02-28 15:00:00,23,-73.576,139.833,495.217,568.793
CGR,FLOW,HOURLY,CGR.Flow-Out.Ave.1Hour.1Hour.CBT-REV,14159500,2026-02-28 17:00:00,2026-03-01 15:00:00,23,-74.478,152.000,493.043,567.522
CGR,FLOW,HOURLY,CGR.Flow-Out.Ave.1Hour.1Hour.CBT-REV,14159500,2026-03-01 17:00:00,2026-03-01 17:00:00,1,-63.500,63.500,460.000,523.500
CGR,FLOW,HOURLY,CGR.Flow-Out.Ave.1Hour.1Hour.CBT-REV,14159500,2026-03-01 19:00:00,2026-03-02 15:00:00,21,-72.119,149.000,499.524,571.643
CGR,FLOW,HOURLY,CGR.Flow-Out.Ave.1Hour.1Hour.CBT-REV,14159500,2026-03-02 17:00:00,2026-03-03 15:00:00,23,-104.196,206.000,850.435,954.630
CGR,FLOW,HOURLY,CGR.Flow-Out.Ave.1Hour.1Hour.CBT-REV,14159500,2026-03-03 17:00:00,2026-03-04 16:00:00,24,-96.205,160.833,914.583,1010.788
CGR,FLOW,HOURLY,CGR.Flow-Out.Ave.1Hour.1Hour.CBT-REV,14159500,2026-03-04 19:00:00,2026-03-06 22:00:00,52,-150.173,666.667,1106.154,1256.327
CGR,FLOW,HOURLY,CGR.Flow-Out.Ave.1Hour.1Hour.CBT-REV,14159500,2026-03-07 16:00:00,2026-03-07 16:00:00,1,-318.333,318.333,4170.000,4488.333
CGR,FLOW,HOURLY,CGR.Flow-Out.Ave.1Hour.1Hour.CBT-REV,14159500,2026-03-09 19:00:00,2026-03-09 19:00:00,1,274.545,274.545,4030.000,3755.455
CGR,FLOW,HOURLY,CGR.Flow-Out.Ave.1Hour.1Hour.CBT-REV,14159500,2026-03-09 23:00:00,2026-03-09 23:00:00,1,-158.333,158.333,3000.000,3158.333
CGR,FLOW,HOURLY,CGR.Flow-Out.Ave.1Hour.1Hour.CBT-REV,14159500,2026-03-10 01:00:00,2026-03-10 01:00:00,1,-241.667,241.667,2700.000,2941.667
CGR,FLOW,HOURLY,CGR.Flow-Out.Ave.1Hour.1Hour.CBT-REV,14159500,2026-03-10 06:00:00,2026-03-10 06:00:00,1,-220.000,220.000,2880.000,3100.000
CGR,FLOW,HOURLY,CGR.Flow-Out.Ave.1Hour.1Hour.CBT-REV,14159500,2026-03-10 14:00:00,2026-03-10 14:00:00,1,-156.667,156.667,2880.000,3036.667
CGR,FLOW,HOURLY,CGR.Flow-Out.Ave.1Hour.1Hour.CBT-REV,14159500,2026-03-10 23:00:00,2026-03-10 23:00:00,1,-150.000,150.000,2790.000,2940.000
CGR,FLOW,HOURLY,CGR.Flow-Out.Ave.1Hour.1Hour.CBT-REV,14159500,2026-03-11 04:00:00,2026-03-11 11:00:00,8,-16.042,220.000,2005.000,2021.042
CGR,FLOW,HOURLY,CGR.Flow-Out.Ave.1Hour.1Hour.CBT-REV,14159500,2026-03-11 14:00:00,2026-03-11 15:00:00,2,-60.417,223.333,1260.000,1320.417
CGR,FLOW,HOURLY,CGR.Flow-Out.Ave.1Hour.1Hour.CBT-REV,14159500,2026-03-12 15:00:00,2026-03-12 15:00:00,1,69.167,69.167,1130.000,1060.833
CGR,FLOW,HOURLY,CGR.Flow-Out.Ave.1Hour.1Hour.CBT-REV,14159500,2026-03-13 00:00:00,2026-03-13 00:00:00,1,-91.167,91.167,930.000,1021.167
CGR,FLOW,HOURLY,CGR.Flow-Out.Ave.1Hour.1Hour.CBT-REV,14159500,2026-03-14 00:00:00,2026-03-14 01:00:00,2,22.375,105.000,1105.000,1082.625
CGR,FLOW,HOURLY,CGR.Flow-Out.Ave.1Hour.1Hour.CBT-REV,14159500,2026-03-14 15:00:00,2026-03-14 15:00:00,1,68.917,68.917,1070.000,1001.083
CGR,FLOW,HOURLY,CGR.Flow-Out.Ave.1Hour.1Hour.CBT-REV,14159500,2026-03-15 10:00:00,2026-03-15 10:00:00,1,65.833,65.833,1280.000,1214.167
CGR,FLOW,HOURLY,CGR.Flow-Out.Ave.1Hour.1Hour.CBT-REV,14159500,2026-03-16 20:00:00,2026-03-16 20:00:00,1,160.000,160.000,1530.000,1370.000
CGR,FLOW,HOURLY,CGR.Flow-Out.Ave.1Hour.1Hour.CBT-REV,14159500,2026-03-16 22:00:00,2026-03-16 22:00:00,1,141.667,141.667,1410.000,1268.333
CGR,FLOW,HOURLY,CGR.Flow-Out.Ave.1Hour.1Hour.CBT-REV,14159500,2026-03-17 00:00:00,2026-03-17 00:00:00,1,190.833,190.833,1280.000,1089.167
CGR,FLOW,HOURLY,CGR.Flow-Out.Ave.1Hour.1Hour.CBT-REV,14159500,2026-03-17 15:00:00,2026-03-17 15:00:00,1,64.833,64.833,1030.000,965.167
CGR,FLOW,HOURLY,CGR.Flow-Out.Ave.1Hour.1Hour.CBT-REV,14159500,2026-03-18 15:00:00,2026-03-18 15:00:00,1,96.250,96.250,1050.000,953.750
CGR,FLOW,HOURLY,CGR.Flow-Out.Ave.1Hour.1Hour.CBT-REV,14159500,2026-03-19 15:00:00,2026-03-19 16:00:00,2,51.917,53.500,1015.000,963.083
CGR,FLOW,HOURLY,CGR.Flow-Out.Ave.1Hour.1Hour.CBT-REV,14159500,2026-03-20 00:00:00,2026-03-20 02:00:00,3,22.361,85.833,1066.667,1044.306
CGR,FLOW,HOURLY,CGR.Flow-Out.Ave.1Hour.1Hour.CBT-REV,14159500,2026-03-20 15:00:00,2026-03-20 15:00:00,1,175.333,175.333,1030.000,854.667
CGR,FLOW,HOURLY,CGR.Flow-Out.Ave.1Hour.1Hour.CBT-REV,14159500,2026-03-21 00:00:00,2026-03-21 00:00:00,1,-64.333,64.333,890.000,954.333
CGR,FLOW,HOURLY,CGR.Flow-Out.Ave.1Hour.1Hour.CBT-REV,14159500,2026-03-21 15:00:00,2026-03-21 15:00:00,1,156.333,156.333,1010.000,853.667
CGR,FLOW,HOURLY,CGR.Flow-Out.Ave.1Hour.1Hour.CBT-REV,14159500,2026-03-21 21:00:00,2026-03-21 21:00:00,1,52.333,52.333,890.000,837.667
CGR,FLOW,HOURLY,CGR.Flow-Out.Ave.1Hour.1Hour.CBT-REV,14159500,2026-03-21 23:00:00,2026-03-22 00:00:00,2,-3.042,57.083,890.000,893.042
CGR,FLOW,HOURLY,CGR.Flow-Out.Ave.1Hour.1Hour.CBT-REV,14159500,2026-03-22 13:00:00,2026-03-22 13:00:00,1,56.250,56.250,1000.000,943.750
CGR,FLOW,HOURLY,CGR.Flow-Out.Ave.1Hour.1Hour.CBT-REV,14159500,2026-03-22 15:00:00,2026-03-22 18:00:00,4,127.750,147.583,825.000,697.250
CGR,FLOW,HOURLY,CGR.Flow-Out.Ave.1Hour.1Hour.CBT-REV,14159500,2026-03-23 01:00:00,2026-03-23 01:00:00,1,61.750,61.750,580.000,518.250
CGR,FLOW,HOURLY,CGR.Flow-Out.Ave.1Hour.1Hour.CBT-REV,14159500,2026-03-23 15:00:00,2026-03-23 15:00:00,1,71.583,71.583,550.000,478.417
CGR,FLOW,HOURLY,CGR.Flow-Out.Ave.1Hour.1Hour.CBT-REV,14159500,2026-03-24 15:00:00,2026-03-24 15:00:00,1,83.833,83.833,560.000,476.167
CGR,FLOW,HOURLY,CGR.Flow-Out.Ave.1Hour.1Hour.CBT-REV,14159500,2026-03-26 11:00:00,2026-03-26 11:00:00,1,53.000,53.000,580.000,527.000
CGR,FLOW,HOURLY,CGR.Flow-Out.Ave.1Hour.1Hour.CBT-REV,14159500,2026-03-26 15:00:00,2026-03-26 15:00:00,1,50.000,50.000,560.000,510.000
CGR,FLOW,HOURLY,CGR.Flow-Out.Ave.1Hour.1Hour.CBT-REV,14159500,2026-03-26 19:00:00,2026-03-26 19:00:00,1,52.500,52.500,590.000,537.500
CGR,FLOW,HOURLY,CGR.Flow-Out.Ave.1Hour.1Hour.CBT-REV,14159500,2026-03-27 15:00:00,2026-03-27 15:00:00,1,55.250,55.250,560.000,504.750
CGR,FLOW,HOURLY,CGR.Flow-Out.Ave.1Hour.1Hour.CBT-REV,14159500,2026-03-27 22:00:00,2026-03-27 23:00:00,2,52.250,54.000,590.000,537.750
CGR,FLOW,HOURLY,CGR.Flow-Out.Ave.1Hour.1Hour.CBT-REV,14159500,2026-03-28 06:00:00,2026-03-28 16:00:00,11,51.227,57.500,562.727,511.500
CGR,FLOW,HOURLY,CGR.Flow-Out.Ave.1Hour.1Hour.CBT-REV,14159500,2026-03-28 21:00:00,2026-03-28 21:00:00,1,53.333,53.333,590.000,536.667
CGR,FLOW,HOURLY,CGR.Flow-Out.Ave.1Hour.1Hour.CBT-REV,14159500,2026-03-28 23:00:00,2026-03-28 23:00:00,1,58.000,58.000,590.000,532.000
CGR,FLOW,HOURLY,CGR.Flow-Out.Ave.1Hour.1Hour.CBT-REV,14159500,2026-03-29 12:00:00,2026-03-29 18:00:00,7,54.810,65.667,575.714,520.905
CGR,FLOW,HOURLY,CGR.Flow-Out.Ave.1Hour.1Hour.CBT-REV,14159500,2026-03-29 23:00:00,2026-03-29 23:00:00,1,61.167,61.167,590.000,528.833
CGR,FLOW,HOURLY,CGR.Flow-Out.Ave.1Hour.1Hour.CBT-REV,14159500,2026-03-30 01:00:00,2026-03-30 20:00:00,20,55.054,62.500,566.500,511.446
CGR,FLOW,HOURLY,CGR.Flow-Out.Ave.1Hour.1Hour.CBT-REV,14159500,2026-03-30 22:00:00,2026-03-31 15:00:00,18,62.551,159.250,565.000,502.449
CGR,FLOW,HOURLY,CGR.Flow-Out.Ave.1Hour.1Hour.CBT-REV,14159500,2026-03-31 17:00:00,2026-03-31 17:00:00,1,88.083,88.083,410.000,321.917
CGR,FLOW,HOURLY,CGR.Flow-Out.Ave.1Hour.1Hour.CBT-REV,14159500,2026-04-03 08:00:00,2026-04-04 00:00:00,17,64.873,187.750,574.118,509.245
CGR,FLOW,HOURLY,CGR.Flow-Out.Ave.1Hour.1Hour.CBT-REV,14159500,2026-04-04 18:00:00,2026-04-04 18:00:00,1,52.000,52.000,400.000,348.000
CGR,FLOW,HOURLY,CGR.Flow-Out.Ave.1Hour.1Hour.CBT-REV,14159500,2026-04-05 01:00:00,2026-04-05 01:00:00,1,55.583,55.583,400.000,344.417
CGR,FLOW,HOURLY,CGR.Flow-Out.Ave.1Hour.1Hour.CBT-REV,14159500,2026-04-05 16:00:00,2026-04-05 16:00:00,1,97.667,97.667,430.000,332.333
CGR,FLOW,HOURLY,CGR.Flow-Out.Ave.1Hour.1Hour.CBT-REV,14159500,2026-04-06 23:00:00,2026-04-07 00:00:00,2,55.750,61.500,365.000,309.250
CGR,FLOW,HOURLY,CGR.Flow-Out.Ave.1Hour.1Hour.CBT-REV,14159500,2026-04-07 02:00:00,2026-04-07 02:00:00,1,51.333,51.333,370.000,318.667
CGR,FLOW,HOURLY,CGR.Flow-Out.Ave.1Hour.1Hour.CBT-REV,14159500,2026-04-07 05:00:00,2026-04-07 05:00:00,1,50.000,50.000,370.000,320.000
CGR,FLOW,HOURLY,CGR.Flow-Out.Ave.1Hour.1Hour.CBT-REV,14159500,2026-04-08 15:00:00,2026-04-08 15:00:00,1,68.167,68.167,370.000,301.833
CGR,FLOW,HOURLY,CGR.Flow-Out.Ave.1Hour.1Hour.CBT-REV,14159500,2026-04-08 21:00:00,2026-04-08 21:00:00,1,50.333,50.333,370.000,319.667
CGR,FLOW,HOURLY,CGR.Flow-Out.Ave.1Hour.1Hour.CBT-REV,14159500,2026-04-09 00:00:00,2026-04-09 00:00:00,1,50.750,50.750,370.000,319.250
CGR,FLOW,HOURLY,CGR.Flow-Out.Ave.1Hour.1Hour.CBT-REV,14159500,2026-04-09 15:00:00,2026-04-09 15:00:00,1,63.250,63.250,370.000,306.750
CGR,FLOW,HOURLY,CGR.Flow-Out.Ave.1Hour.1Hour.CBT-REV,14159500,2026-04-10 15:00:00,2026-04-10 15:00:00,1,59.500,59.500,370.000,310.500
CGR,FLOW,HOURLY,CGR.Flow-Out.Ave.1Hour.1Hour.CBT-REV,14159500,2026-04-11 00:00:00,2026-04-11 00:00:00,1,50.417,50.417,370.000,319.583
CGR,FLOW,HOURLY,CGR.Flow-Out.Ave.1Hour.1Hour.CBT-REV,14159500,2026-04-11 16:00:00,2026-04-11 16:00:00,1,56.333,56.333,370.000,313.667
CGR,FLOW,HOURLY,CGR.Flow-Out.Ave.1Hour.1Hour.CBT-REV,14159500,2026-04-13 00:00:00,2026-04-13 00:00:00,1,51.000,51.000,360.000,309.000
CGR,FLOW,HOURLY,CGR.Flow-Out.Ave.1Hour.1Hour.CBT-REV,14159500,2026-04-13 15:00:00,2026-04-13 15:00:00,1,67.833,67.833,360.000,292.167
CGR,FLOW,HOURLY,CGR.Flow-Out.Ave.1Hour.1Hour.CBT-REV,14159500,2026-04-14 16:00:00,2026-04-14 19:00:00,4,53.312,60.000,355.000,301.688
CGR,FLOW,HOURLY,CGR.Flow-Out.Ave.1Hour.1Hour.CBT-REV,14159500,2026-04-15 15:00:00,2026-04-15 16:00:00,2,52.292,53.917,365.000,312.708
CGR,FLOW,HOURLY,CGR.Flow-Out.Ave.1Hour.1Hour.CBT-REV,14159500,2026-04-16 15:00:00,2026-04-16 15:00:00,1,57.917,57.917,370.000,312.083
CGR,FLOW,HOURLY,CGR.Flow-Out.Ave.1Hour.1Hour.CBT-REV,14159500,2026-04-17 15:00:00,2026-04-17 15:00:00,1,65.667,65.667,370.000,304.333
CGR,FLOW,HOURLY,CGR.Flow-Out.Ave.1Hour.1Hour.CBT-REV,14159500,2026-04-18 15:00:00,2026-04-18 15:00:00,1,77.583,77.583,380.000,302.417
CGR,FLOW,HOURLY,CGR.Flow-Out.Ave.1Hour.1Hour.CBT-REV,14159500,2026-04-19 15:00:00,2026-04-19 16:00:00,2,59.542,67.417,380.000,320.458
CGR,FLOW,HOURLY,CGR.Flow-Out.Ave.1Hour.1Hour.CBT-REV,14159500,2026-04-20 15:00:00,2026-04-20 16:00:00,2,88.875,91.750,390.000,301.125
CGR,FLOW,HOURLY,CGR.Flow-Out.Ave.1Hour.1Hour.CBT-REV,14159500,2026-04-20 23:00:00,2026-04-20 23:00:00,1,50.750,50.750,360.000,309.250
CGR,FLOW,HOURLY,CGR.Flow-Out.Ave.1Hour.1Hour.CBT-REV,14159500,2026-04-21 04:00:00,2026-04-21 04:00:00,1,82.500,82.500,410.000,327.500
CGR,FLOW,HOURLY,CGR.Flow-Out.Ave.1Hour.1Hour.CBT-REV,14159500,2026-04-21 15:00:00,2026-04-21 15:00:00,1,70.583,70.583,350.000,279.417
CGR,FLOW,HOURLY,CGR.Flow-Out.Ave.1Hour.1Hour.CBT-REV,14159500,2026-04-22 01:00:00,2026-04-22 01:00:00,1,51.833,51.833,370.000,318.167
CGR,FLOW,HOURLY,CGR.Flow-Out.Ave.1Hour.1Hour.CBT-REV,14159500,2026-04-22 15:00:00,2026-04-22 15:00:00,1,68.000,68.000,360.000,292.000
CGR,FLOW,HOURLY,CGR.Flow-Out.Ave.1Hour.1Hour.CBT-REV,14159500,2026-04-23 15:00:00,2026-04-23 15:00:00,1,71.667,71.667,340.000,268.333
CGR,FLOW,HOURLY,CGR.Flow-Out.Ave.1Hour.1Hour.CBT-REV,14159500,2026-04-24 15:00:00,2026-04-24 15:00:00,1,75.833,75.833,360.000,284.167
CGR,FLOW,HOURLY,CGR.Flow-Out.Ave.1Hour.1Hour.CBT-REV,14159500,2026-04-25 15:00:00,2026-04-25 15:00:00,1,63.833,63.833,340.000,276.167
CGR,FLOW,HOURLY,CGR.Flow-Out.Ave.1Hour.1Hour.CBT-REV,14159500,2026-04-26 15:00:00,2026-04-26 15:00:00,1,66.250,66.250,340.000,273.750
CGR,FLOW,HOURLY,CGR.Flow-Out.Ave.1Hour.1Hour.CBT-REV,14159500,2026-04-27 15:00:00,2026-04-27 15:00:00,1,83.417,83.417,360.000,276.583
CGR,FLOW,HOURLY,CGR.Flow-Out.Ave.1Hour.1Hour.CBT-REV,14159500,2026-04-27 18:00:00,2026-04-27 18:00:00,1,57.000,57.000,350.000,293.000
CGR,FLOW,HOURLY,CGR.Flow-Out.Ave.1Hour.1Hour.CBT-REV,14159500,2026-04-28 15:00:00,2026-04-28 15:00:00,1,60.000,60.000,330.000,270.000
CGR,FLOW,HOURLY,CGR.Flow-Out.Ave.1Hour.1Hour.CBT-REV,14159500,2026-04-29 15:00:00,2026-04-29 15:00:00,1,69.000,69.000,340.000,271.000
CGR,FLOW,HOURLY,CGR.Flow-Out.Ave.1Hour.1Hour.CBT-REV,14159500,2026-04-30 15:00:00,2026-04-30 15:00:00,1,70.000,70.000,340.000,270.000
CGR,FLOW,HOURLY,CGR.Flow-Out.Ave.1Hour.1Hour.CBT-REV,14159500,2026-05-01 15:00:00,2026-05-01 15:00:00,1,69.167,69.167,340.000,270.833
CGR,FLOW,HOURLY,CGR.Flow-Out.Ave.1Hour.1Hour.CBT-REV,14159500,2026-05-02 15:00:00,2026-05-02 15:00:00,1,70.167,70.167,340.000,269.833
CGR,FLOW,HOURLY,CGR.Flow-Out.Ave.1Hour.1Hour.CBT-REV,14159500,2026-05-03 16:00:00,2026-05-03 16:00:00,1,56.167,56.167,340.000,283.833
CGR,FLOW,HOURLY,CGR.Flow-Out.Ave.1Hour.1Hour.CBT-REV,14159500,2026-05-03 23:00:00,2026-05-04 01:00:00,3,90.528,141.500,466.667,376.139
CGR,FLOW,HOURLY,CGR.Flow-Out.Ave.1Hour.1Hour.CBT-REV,14159500,2026-05-04 15:00:00,2026-05-04 15:00:00,1,57.250,57.250,350.000,292.750
CGR,FLOW,HOURLY,CGR.Flow-Out.Ave.1Hour.1Hour.CBT-REV,14159500,2026-05-04 17:00:00,2026-05-04 17:00:00,1,51.667,51.667,360.000,308.333
CGR,FLOW,HOURLY,CGR.Flow-Out.Ave.1Hour.1Hour.CBT-REV,14159500,2026-05-04 22:00:00,2026-05-04 22:00:00,1,50.083,50.083,360.000,309.917
CGR,FLOW,HOURLY,CGR.Flow-Out.Ave.1Hour.1Hour.CBT-REV,14159500,2026-05-05 01:00:00,2026-05-05 01:00:00,1,51.167,51.167,360.000,308.833
CGR,FLOW,HOURLY,CGR.Flow-Out.Ave.1Hour.1Hour.CBT-REV,14159500,2026-05-05 15:00:00,2026-05-05 15:00:00,1,71.500,71.500,360.000,288.500
CGR,FLOW,HOURLY,CGR.Flow-Out.Ave.1Hour.1Hour.CBT-REV,14159500,2026-05-05 18:00:00,2026-05-05 19:00:00,2,51.542,52.750,360.000,308.458
CGR,FLOW,HOURLY,CGR.Flow-Out.Ave.1Hour.1Hour.CBT-REV,14159500,2026-05-06 01:00:00,2026-05-06 01:00:00,1,50.333,50.333,360.000,309.667
CGR,FLOW,HOURLY,CGR.Flow-Out.Ave.1Hour.1Hour.CBT-REV,14159500,2026-05-06 15:00:00,2026-05-06 15:00:00,1,65.833,65.833,350.000,284.167
CGR,FLOW,HOURLY,CGR.Flow-Out.Ave.1Hour.1Hour.CBT-REV,14159500,2026-05-07 03:00:00,2026-05-07 03:00:00,1,51.000,51.000,360.000,309.000
CGR,FLOW,HOURLY,CGR.Flow-Out.Ave.1Hour.1Hour.CBT-REV,14159500,2026-05-07 05:00:00,2026-05-07 05:00:00,1,51.000,51.000,360.000,309.000
CGR,FLOW,HOURLY,CGR.Flow-Out.Ave.1Hour.1Hour.CBT-REV,14159500,2026-05-07 15:00:00,2026-05-07 16:00:00,2,-10.875,121.500,375.000,385.875
CGR,FLOW,HOURLY,CGR.Flow-Out.Ave.1Hour.1Hour.CBT-REV,14159500,2026-05-08 15:00:00,2026-05-08 15:00:00,1,60.500,60.500,350.000,289.500
CGR,FLOW,HOURLY,CGR.Flow-Out.Ave.1Hour.1Hour.CBT-REV,14159500,2026-05-09 15:00:00,2026-05-09 15:00:00,1,54.583,54.583,350.000,295.417
CGR,FLOW,HOURLY,CGR.Flow-Out.Ave.1Hour.1Hour.CBT-REV,14159500,2026-05-10 15:00:00,2026-05-10 15:00:00,1,55.500,55.500,340.000,284.500
CGR,FLOW,HOURLY,CGR.Flow-Out.Ave.1Hour.1Hour.CBT-REV,14159500,2026-05-11 15:00:00,2026-05-11 15:00:00,1,61.833,61.833,350.000,288.167
CGR,FLOW,HOURLY,CGR.Flow-Out.Ave.1Hour.1Hour.CBT-REV,14159500,2026-05-12 15:00:00,2026-05-12 15:00:00,1,64.667,64.667,350.000,285.333
CGR,FLOW,HOURLY,CGR.Flow-Out.Ave.1Hour.1Hour.CBT-REV,14159500,2026-05-13 15:00:00,2026-05-13 15:00:00,1,60.000,60.000,350.000,290.000
CGR,FLOW,HOURLY,CGR.Flow-Out.Ave.1Hour.1Hour.CBT-REV,14159500,2026-05-14 15:00:00,2026-05-14 15:00:00,1,60.833,60.833,350.000,289.167
CGR,FLOW,HOURLY,CGR.Flow-Out.Ave.1Hour.1Hour.CBT-REV,14159500,2026-05-15 14:00:00,2026-05-15 14:00:00,1,65.417,65.417,350.000,284.583
CGR,FLOW,HOURLY,CGR.Flow-Out.Ave.1Hour.1Hour.CBT-REV,14159500,2026-05-16 02:00:00,2026-05-16 02:00:00,1,50.000,50.000,340.000,290.000
CGR,FLOW,HOURLY,CGR.Flow-Out.Ave.1Hour.1Hour.CBT-REV,14159500,2026-05-16 14:00:00,2026-05-16 14:00:00,1,51.833,51.833,350.000,298.167
CGR,FLOW,HOURLY,CGR.Flow-Out.Ave.1Hour.1Hour.CBT-REV,14159500,2026-05-17 14:00:00,2026-05-17 14:00:00,1,57.250,57.250,350.000,292.750
CGR,FLOW,HOURLY,CGR.Flow-Out.Ave.1Hour.1Hour.CBT-REV,14159500,2026-05-17 18:00:00,2026-05-17 18:00:00,1,52.167,52.167,370.000,317.833
CGR,FLOW,HOURLY,CGR.Flow-Out.Ave.1Hour.1Hour.CBT-REV,14159500,2026-05-17 23:00:00,2026-05-17 23:00:00,1,53.083,53.083,370.000,316.917
CGR,FLOW,HOURLY,CGR.Flow-Out.Ave.1Hour.1Hour.CBT-REV,14159500,2026-05-18 14:00:00,2026-05-18 14:00:00,1,53.250,53.250,350.000,296.750
CGR,FLOW,HOURLY,CGR.Flow-Out.Ave.1Hour.1Hour.CBT-REV,14159500,2026-05-18 16:00:00,2026-05-18 16:00:00,1,51.333,51.333,370.000,318.667
CGR,FLOW,HOURLY,CGR.Flow-Out.Ave.1Hour.1Hour.CBT-REV,14159500,2026-05-18 18:00:00,2026-05-18 18:00:00,1,50.667,50.667,370.000,319.333
CGR,FLOW,HOURLY,CGR.Flow-Out.Ave.1Hour.1Hour.CBT-REV,14159500,2026-05-18 20:00:00,2026-05-18 20:00:00,1,51.083,51.083,370.000,318.917
CGR,FLOW,HOURLY,CGR.Flow-Out.Ave.1Hour.1Hour.CBT-REV,14159500,2026-05-19 02:00:00,2026-05-19 02:00:00,1,55.583,55.583,380.000,324.417
CGR,FLOW,HOURLY,CGR.Flow-Out.Ave.1Hour.1Hour.CBT-REV,14159500,2026-05-19 04:00:00,2026-05-19 04:00:00,1,127.000,127.000,450.000,323.000
CGR,FLOW,HOURLY,CGR.Flow-Out.Ave.1Hour.1Hour.CBT-REV,14159500,2026-05-19 16:00:00,2026-05-19 16:00:00,1,50.000,50.000,370.000,320.000
CGR,FLOW,HOURLY,CGR.Flow-Out.Ave.1Hour.1Hour.CBT-REV,14159500,2026-05-20 04:00:00,2026-05-20 04:00:00,1,107.417,107.417,450.000,342.583
CGR,FLOW,HOURLY,CGR.Flow-Out.Ave.1Hour.1Hour.CBT-REV,14159500,2026-05-20 14:00:00,2026-05-20 14:00:00,1,50.583,50.583,330.000,279.417
CGR,FLOW,HOURLY,CGR.Flow-Out.Ave.1Hour.1Hour.CBT-REV,14159500,2026-05-22 02:00:00,2026-05-22 02:00:00,1,50.333,50.333,360.000,309.667
CGR,FLOW,HOURLY,CGR.Flow-Out.Ave.1Hour.1Hour.CBT-REV,14159500,2026-05-22 14:00:00,2026-05-22 14:00:00,1,50.000,50.000,330.000,280.000
CGR,FLOW,HOURLY,CGR.Flow-Out.Ave.1Hour.1Hour.CBT-REV,14159500,2026-05-23 14:00:00,2026-05-23 14:00:00,1,55.167,55.167,330.000,274.833
CGR,FLOW,HOURLY,CGR.Flow-Out.Ave.1Hour.1Hour.CBT-REV,14159500,2026-05-24 02:00:00,2026-05-24 02:00:00,1,52.333,52.333,360.000,307.667
CGR,FLOW,HOURLY,CGR.Flow-Out.Ave.1Hour.1Hour.CBT-REV,14159500,2026-05-24 18:00:00,2026-05-24 18:00:00,1,50.667,50.667,360.000,309.333
CGR,FLOW,HOURLY,CGR.Flow-Out.Ave.1Hour.1Hour.CBT-REV,14159500,2026-05-25 01:00:00,2026-05-25 01:00:00,1,50.333,50.333,370.000,319.667
CGR,FLOW,HOURLY,CGR.Flow-Out.Ave.1Hour.1Hour.CBT-REV,14159500,2026-05-25 03:00:00,2026-05-25 03:00:00,1,56.250,56.250,360.000,303.750
CGR,FLOW,HOURLY,CGR.Flow-Out.Ave.1Hour.1Hour.CBT-REV,14159500,2026-05-26 03:00:00,2026-05-26 03:00:00,1,50.750,50.750,360.000,309.250
CGR,FLOW,HOURLY,CGR.Flow-Out.Ave.1Hour.1Hour.CBT-REV,14159500,2026-05-27 00:00:00,2026-05-27 00:00:00,1,53.250,53.250,360.000,306.750
CGR,FLOW,HOURLY,CGR.Flow-Out.Ave.1Hour.1Hour.CBT-REV,14159500,2026-05-27 18:00:00,2026-05-27 18:00:00,1,50.333,50.333,360.000,309.667
CGR,FLOW,HOURLY,CGR.Flow-Out.Ave.1Hour.1Hour.CBT-REV,14159500,2026-05-28 16:00:00,2026-05-28 16:00:00,1,51.083,51.083,360.000,308.917
CGR,FLOW,HOURLY,CGR.Flow-Out.Ave.1Hour.1Hour.CBT-REV,14159500,2026-05-29 18:00:00,2026-05-29 18:00:00,1,51.000,51.000,360.000,309.000
CGR,FLOW,HOURLY,CGR.Flow-Out.Ave.1Hour.1Hour.CBT-REV,14159500,2026-05-30 14:00:00,2026-05-30 14:00:00,1,50.667,50.667,330.000,279.333
CGR,FLOW,HOURLY,CGR.Flow-Out.Ave.1Hour.1Hour.CBT-REV,14159500,2026-05-30 17:00:00,2026-05-30 17:00:00,1,51.583,51.583,360.000,308.417
CGR,FLOW,HOURLY,CGR.Flow-Out.Ave.1Hour.1Hour.CBT-REV,14159500,2026-05-31 14:00:00,2026-05-31 14:00:00,1,59.167,59.167,340.000,280.833
CGR,FLOW,HOURLY,CGR.Flow-Out.Ave.1Hour.1Hour.CBT-REV,14159500,2026-06-01 14:00:00,2026-06-01 14:00:00,1,96.500,96.500,360.000,263.500
CGR,FLOW,HOURLY,CGR.Flow-Out.Ave.1Hour.1Hour.CBT-REV,14159500,2026-06-05 23:00:00,2026-06-05 23:00:00,1,57.667,57.667,320.000,262.333
CGR,FLOW,HOURLY,CGR.Flow-Out.Ave.1Hour.1Hour.CBT-REV,14159500,2026-06-09 19:00:00,2026-06-09 20:00:00,2,58.833,65.333,335.000,276.167
CGR,FLOW,HOURLY,CGR.Flow-Out.Ave.1Hour.1Hour.CBT-REV,14159500,2026-07-06 07:00:00,2026-07-06 07:00:00,1,55.667,55.667,350.000,294.333
CGR,FLOW,HOURLY,CGR.Flow-Out.Ave.1Hour.1Hour.CBT-REV,14159500,2026-07-06 13:00:00,2026-07-06 13:00:00,1,52.917,52.917,340.000,287.083
CGR,FLOW,HOURLY,CGR.Flow-Out.Ave.1Hour.1Hour.CBT-REV,14159500,2026-07-06 19:00:00,2026-07-06 19:00:00,1,79.750,79.750,360.000,280.250
CGR,FLOW,HOURLY,CGR.Flow-Out.Ave.1Hour.1Hour.CBT-REV,14159500,2026-07-06 22:00:00,2026-07-06 23:00:00,2,52.042,52.667,330.000,277.958
CGR,FLOW,HOURLY,CGR.Flow-Out.Ave.1Hour.1Hour.CBT-REV,14159500,2026-07-18 23:00:00,2026-07-18 23:00:00,1,50.000,50.000,330.000,280.000
CGR,FLOW,HOURLY,CGR.Flow-Out.Ave.1Hour.1Hour.CBT-REV,14159500,2026-07-22 22:00:00,2026-07-22 22:00:00,1,50.917,50.917,330.000,279.083
CGR,FLOW,HOURLY,CGR.Flow-Out.Ave.1Hour.1Hour.CBT-REV,14159500,2026-07-25 02:00:00,2026-07-25 02:00:00,1,51.667,51.667,330.000,278.333
CGR,FLOW,HOURLY,CGR.Flow-Out.Ave.1Hour.1Hour.CBT-REV,14159500,2026-07-25 23:00:00,2026-07-25 23:00:00,1,50.667,50.667,330.000,279.333
CGR,FLOW,HOURLY,CGR.Flow-Out.Ave.1Hour.1Hour.CBT-REV,14159500,2026-07-27 00:00:00,2026-07-27 00:00:00,1,50.917,50.917,330.000,279.083
CGR,FLOW,HOURLY,CGR.Flow-Out.Ave.1Hour.1Hour.CBT-REV,14159500,2026-07-27 16:00:00,2026-07-27 16:00:00,1,50.750,50.750,380.000,329.250
CGR,FLOW,HOURLY,CGR.Flow-Out.Ave.1Hour.1Hour.CBT-REV,14159500,2026-07-28 09:00:00,2026-07-28 09:00:00,1,63.750,63.750,350.000,286.250
CGR,FLOW,HOURLY,CGR.Flow-Out.Ave.1Hour.1Hour.CBT-REV,14159500,2026-08-01 01:00:00,2026-08-01 02:00:00,2,51.875,53.583,350.000,298.125
CGR,FLOW,HOURLY,CGR.Flow-Out.Ave.1Hour.1Hour.CBT-REV,14159500,2026-08-03 02:00:00,2026-08-03 02:00:00,1,53.333,53.333,350.000,296.667
CGR,FLOW,HOURLY,CGR.Flow-Out.Ave.1Hour.1Hour.CBT-REV,14159500,2026-08-03 17:00:00,2026-08-03 17:00:00,1,51.833,51.833,350.000,298.167
CGR,FLOW,HOURLY,CGR.Flow-Out.Ave.1Hour.1Hour.CBT-REV,14159500,2026-08-04 14:00:00,2026-08-04 14:00:00,1,50.417,50.417,330.000,279.583
CGR,FLOW,HOURLY,CGR.Flow-Out.Ave.1Hour.1Hour.CBT-REV,14159500,2026-08-06 14:00:00,2026-08-06 14:00:00,1,62.917,62.917,350.000,287.083
CGR,FLOW,HOURLY,CGR.Flow-Out.Ave.1Hour.1Hour.CBT-REV,14159500,2026-08-06 18:00:00,2026-08-06 18:00:00,1,65.833,65.833,360.000,294.167
CGR,FLOW,HOURLY,CGR.Flow-Out.Ave.1Hour.1Hour.CBT-REV,14159500,2026-08-07 05:00:00,2026-08-07 05:00:00,1,56.250,56.250,360.000,303.750
CGR,FLOW,HOURLY,CGR.Flow-Out.Ave.1Hour.1Hour.CBT-REV,14159500,2026-08-07 15:00:00,2026-08-07 15:00:00,1,59.667,59.667,330.000,270.333
CGR,FLOW,HOURLY,CGR.Flow-Out.Ave.1Hour.1Hour.CBT-REV,14159500,2026-08-08 15:00:00,2026-08-08 15:00:00,1,57.167,57.167,350.000,292.833
CGR,FLOW,HOURLY,CGR.Flow-Out.Ave.1Hour.1Hour.CBT-REV,14159500,2026-08-09 03:00:00,2026-08-09 03:00:00,1,51.000,51.000,360.000,309.000
CGR,FLOW,HOURLY,CGR.Flow-Out.Ave.1Hour.1Hour.CBT-REV,14159500,2026-08-09 15:00:00,2026-08-09 15:00:00,1,59.750,59.750,350.000,290.250
CGR,FLOW,HOURLY,CGR.Flow-Out.Ave.1Hour.1Hour.CBT-REV,14159500,2026-08-10 03:00:00,2026-08-10 03:00:00,1,51.000,51.000,360.000,309.000
CGR,FLOW,HOURLY,CGR.Flow-Out.Ave.1Hour.1Hour.CBT-REV,14159500,2026-08-10 16:00:00,2026-08-10 16:00:00,1,57.750,57.750,400.000,342.250
CGR,FLOW,HOURLY,CGR.Flow-Out.Ave.1Hour.1Hour.CBT-REV,14159500,2026-08-11 03:00:00,2026-08-11 03:00:00,1,64.333,64.333,370.000,305.667
CGR,FLOW,HOURLY,CGR.Flow-Out.Ave.1Hour.1Hour.CBT-REV,14159500,2026-08-11 15:00:00,2026-08-11 15:00:00,1,54.417,54.417,350.000,295.583
CGR,FLOW,HOURLY,CGR.Flow-Out.Ave.1Hour.1Hour.CBT-REV,14159500,2026-08-12 01:00:00,2026-08-12 01:00:00,1,53.667,53.667,360.000,306.333
CGR,FLOW,HOURLY,CGR.Flow-Out.Ave.1Hour.1Hour.CBT-REV,14159500,2026-08-12 15:00:00,2026-08-12 15:00:00,1,52.083,52.083,340.000,287.917
CGR,FLOW,HOURLY,CGR.Flow-Out.Ave.1Hour.1Hour.CBT-REV,14159500,2026-08-13 15:00:00,2026-08-13 15:00:00,1,56.000,56.000,350.000,294.000
CGR,FLOW,HOURLY,CGR.Flow-Out.Ave.1Hour.1Hour.CBT-REV,14159500,2026-08-16 00:00:00,2026-08-16 00:00:00,1,50.083,50.083,360.000,309.917
CGR,FLOW,HOURLY,CGR.Flow-Out.Ave.1Hour.1Hour.CBT-REV,14159500,2026-08-18 17:00:00,2026-08-18 17:00:00,1,51.000,51.000,370.000,319.000
CGR,FLOW,HOURLY,CGR.Flow-Out.Ave.1Hour.1Hour.CBT-REV,14159500,2026-08-18 19:00:00,2026-08-18 19:00:00,1,51.667,51.667,370.000,318.333
CGR,FLOW,HOURLY,CGR.Flow-Out.Ave.1Hour.1Hour.CBT-REV,14159500,2026-08-18 23:00:00,2026-08-18 23:00:00,1,51.000,51.000,370.000,319.000
CGR,FLOW,HOURLY,CGR.Flow-Out.Ave.1Hour.1Hour.CBT-REV,14159500,2026-08-19 01:00:00,2026-08-19 02:00:00,2,52.542,52.667,365.000,312.458
CGR,FLOW,HOURLY,CGR.Flow-Out.Ave.1Hour.1Hour.CBT-REV,14159500,2026-08-19 23:00:00,2026-08-20 00:00:00,2,51.917,52.833,370.000,318.083
CGR,FLOW,HOURLY,CGR.Flow-Out.Ave.1Hour.1Hour.CBT-REV,14159500,2026-08-21 01:00:00,2026-08-21 02:00:00,2,52.083,52.833,365.000,312.917
CGR,FLOW,HOURLY,CGR.Flow-Out.Ave.1Hour.1Hour.CBT-REV,14159500,2026-08-21 22:00:00,2026-08-21 23:00:00,2,54.208,56.833,365.000,310.792
CGR,FLOW,HOURLY,CGR.Flow-Out.Ave.1Hour.1Hour.CBT-REV,14159500,2026-08-22 01:00:00,2026-08-22 01:00:00,1,53.250,53.250,360.000,306.750
CGR,FLOW,HOURLY,CGR.Flow-Out.Ave.1Hour.1Hour.CBT-REV,14159500,2026-08-23 19:00:00,2026-08-23 19:00:00,1,52.333,52.333,360.000,307.667
CGR,FLOW,HOURLY,CGR.Flow-Out.Ave.1Hour.1Hour.CBT-REV,14159500,2026-08-23 21:00:00,2026-08-23 21:00:00,1,50.417,50.417,360.000,309.583
CGR,FLOW,HOURLY,CGR.Flow-Out.Ave.1Hour.1Hour.CBT-REV,14159500,2026-08-24 18:00:00,2026-08-24 18:00:00,1,50.500,50.500,360.000,309.500
CGR,FLOW,HOURLY,CGR.Flow-Out.Ave.1Hour.1Hour.CBT-REV,14159500,2026-08-25 15:00:00,2026-08-25 15:00:00,1,54.167,54.167,340.000,285.833
CGR,FLOW,HOURLY,CGR.Flow-Out.Ave.1Hour.1Hour.CBT-REV,14159500,2026-08-25 22:00:00,2026-08-25 22:00:00,1,51.083,51.083,360.000,308.917
CGR,FLOW,HOURLY,CGR.Flow-Out.Ave.1Hour.1Hour.CBT-REV,14159500,2026-08-26 15:00:00,2026-08-26 15:00:00,1,62.833,62.833,350.000,287.167
CGR,FLOW,HOURLY,CGR.Flow-Out.Ave.1Hour.1Hour.CBT-REV,14159500,2026-08-27 23:00:00,2026-08-27 23:00:00,1,50.417,50.417,360.000,309.583
CGR,FLOW,HOURLY,CGR.Flow-Out.Ave.1Hour.1Hour.CBT-REV,14159500,2026-08-28 01:00:00,2026-08-28 01:00:00,1,51.500,51.500,360.000,308.500
CGR,FLOW,HOURLY,CGR.Flow-Out.Ave.1Hour.1Hour.CBT-REV,14159500,2026-08-28 14:00:00,2026-08-28 14:00:00,1,70.083,70.083,360.000,289.917
CGR,FLOW,HOURLY,CGR.Flow-Out.Ave.1Hour.1Hour.CBT-REV,14159500,2026-08-28 20:00:00,2026-08-28 20:00:00,1,51.167,51.167,360.000,308.833
CGR,FLOW,HOURLY,CGR.Flow-Out.Ave.1Hour.1Hour.CBT-REV,14159500,2026-08-29 03:00:00,2026-08-29 03:00:00,1,52.000,52.000,370.000,318.000
CGR,FLOW,HOURLY,CGR.Flow-Out.Ave.1Hour.1Hour.CBT-REV,14159500,2026-08-29 14:00:00,2026-08-29 14:00:00,1,70.583,70.583,360.000,289.417
CGR,FLOW,HOURLY,CGR.Flow-Out.Ave.1Hour.1Hour.CBT-REV,14159500,2026-08-30 14:00:00,2026-08-30 14:00:00,1,70.667,70.667,360.000,289.333
CGR,FLOW,HOURLY,CGR.Flow-Out.Ave.1Hour.1Hour.CBT-REV,14159500,2026-08-31 03:00:00,2026-08-31 03:00:00,1,52.000,52.000,370.000,318.000
CGR,FLOW,HOURLY,CGR.Flow-Out.Ave.1Hour.1Hour.CBT-REV,14159500,2026-08-31 14:00:00,2026-08-31 14:00:00,1,66.083,66.083,360.000,293.917
CGR,FLOW,HOURLY,CGR.Flow-Out.Ave.1Hour.1Hour.CBT-REV,14159500,2026-09-02 17:00:00,2026-09-02 17:00:00,1,50.333,50.333,380.000,329.667
CGR,FLOW,HOURLY,CGR.Flow-Out.Ave.1Hour.1Hour.CBT-REV,14159500,2026-09-03 01:00:00,2026-09-03 01:00:00,1,58.167,58.167,380.000,321.833
CGR,FLOW,HOURLY,CGR.Flow-Out.Ave.1Hour.1Hour.CBT-REV,14159500,2026-09-03 03:00:00,2026-09-03 03:00:00,1,50.667,50.667,360.000,309.333
CGR,FLOW,HOURLY,CGR.Flow-Out.Ave.1Hour.1Hour.CBT-REV,14159500,2026-09-03 20:00:00,2026-09-03 20:00:00,1,52.667,52.667,380.000,327.333
CGR,FLOW,HOURLY,CGR.Flow-Out.Ave.1Hour.1Hour.CBT-REV,14159500,2026-09-29 20:00:00,2026-09-29 20:00:00,1,114.417,114.417,600.000,485.583
CGR,FLOW,HOURLY,CGR.Flow-Out.Ave.1Hour.1Hour.CBT-REV,14159500,2026-09-29 23:00:00,2026-09-29 23:00:00,1,208.083,208.083,600.000,391.917
DET,ELEV,HOURLY,DET.Elev-Forebay.Inst.1Hour.0.CBT-REV,14180500,2025-10-26 02:00:00,2025-10-26 02:00:00,1,-0.938,0.938,1494.030,1494.967
DET,ELEV,HOURLY,DET.Elev-Forebay.Inst.1Hour.0.CBT-REV,14180500,2025-11-03 17:00:00,2025-11-03 17:00:00,1,0.100,0.100,1496.710,1496.610
DET,ELEV,HOURLY,DET.Elev-Forebay.Inst.1Hour.0.CBT-REV,14180500,2025-11-05 19:00:00,2025-11-05 19:00:00,1,0.163,0.163,1496.690,1496.527
DET,ELEV,HOURLY,DET.Elev-Forebay.Inst.1Hour.0.CBT-REV,14180500,2025-11-06 13:00:00,2025-11-06 13:00:00,1,0.110,0.110,1496.600,1496.490
DET,ELEV,HOURLY,DET.Elev-Forebay.Inst.1Hour.0.CBT-REV,14180500,2025-11-07 01:00:00,2025-11-07 02:00:00,2,0.105,0.107,1496.760,1496.655
DET,ELEV,HOURLY,DET.Elev-Forebay.Inst.1Hour.0.CBT-REV,14180500,2025-11-07 05:00:00,2025-11-07 05:00:00,1,0.138,0.138,1496.380,1496.243
DET,ELEV,HOURLY,DET.Elev-Forebay.Inst.1Hour.0.CBT-REV,14180500,2025-11-08 03:00:00,2025-11-08 03:00:00,1,0.100,0.100,1495.950,1495.850
DET,ELEV,HOURLY,DET.Elev-Forebay.Inst.1Hour.0.CBT-REV,14180500,2025-11-08 13:00:00,2025-11-08 16:00:00,4,0.117,0.120,1495.792,1495.676
DET,ELEV,HOURLY,DET.Elev-Forebay.Inst.1Hour.0.CBT-REV,14180500,2025-11-08 18:00:00,2025-11-08 18:00:00,1,0.115,0.115,1495.380,1495.265
DET,ELEV,HOURLY,DET.Elev-Forebay.Inst.1Hour.0.CBT-REV,14180500,2025-11-08 23:00:00,2025-11-08 23:00:00,1,0.102,0.102,1495.120,1495.017
DET,ELEV,HOURLY,DET.Elev-Forebay.Inst.1Hour.0.CBT-REV,14180500,2025-11-09 01:00:00,2025-11-09 05:00:00,5,0.115,0.128,1494.652,1494.537
DET,ELEV,HOURLY,DET.Elev-Forebay.Inst.1Hour.0.CBT-REV,14180500,2025-11-09 13:00:00,2025-11-09 20:00:00,8,0.120,0.125,1493.930,1493.810
DET,ELEV,HOURLY,DET.Elev-Forebay.Inst.1Hour.0.CBT-REV,14180500,2025-11-09 23:00:00,2025-11-10 05:00:00,7,0.121,0.130,1492.901,1492.780
DET,ELEV,HOURLY,DET.Elev-Forebay.Inst.1Hour.0.CBT-REV,14180500,2025-11-10 12:00:00,2025-11-10 18:00:00,7,0.116,0.130,1492.093,1491.976
DET,ELEV,HOURLY,DET.Elev-Forebay.Inst.1Hour.0.CBT-REV,14180500,2025-11-10 22:00:00,2025-11-11 06:00:00,9,0.119,0.132,1490.928,1490.809
DET,ELEV,HOURLY,DET.Elev-Forebay.Inst.1Hour.0.CBT-REV,14180500,2025-11-11 12:00:00,2025-11-11 17:00:00,6,0.125,0.130,1490.112,1489.987
DET,ELEV,HOURLY,DET.Elev-Forebay.Inst.1Hour.0.CBT-REV,14180500,2025-11-12 00:00:00,2025-11-12 01:00:00,2,0.127,0.135,1489.440,1489.312
DET,ELEV,HOURLY,DET.Elev-Forebay.Inst.1Hour.0.CBT-REV,14180500,2025-11-12 03:00:00,2025-11-12 05:00:00,3,0.122,0.130,1488.893,1488.772
DET,ELEV,HOURLY,DET.Elev-Forebay.Inst.1Hour.0.CBT-REV,14180500,2025-11-12 13:00:00,2025-11-12 16:00:00,4,0.123,0.130,1488.410,1488.287
DET,ELEV,HOURLY,DET.Elev-Forebay.Inst.1Hour.0.CBT-REV,14180500,2025-11-13 00:00:00,2025-11-13 06:00:00,7,0.123,0.135,1487.481,1487.359
DET,ELEV,HOURLY,DET.Elev-Forebay.Inst.1Hour.0.CBT-REV,14180500,2025-11-13 13:00:00,2025-11-13 18:00:00,6,0.124,0.142,1486.667,1486.543
DET,ELEV,HOURLY,DET.Elev-Forebay.Inst.1Hour.0.CBT-REV,14180500,2025-11-14 00:00:00,2025-11-14 05:00:00,6,0.135,0.152,1485.925,1485.790
DET,ELEV,HOURLY,DET.Elev-Forebay.Inst.1Hour.0.CBT-REV,14180500,2025-11-14 13:00:00,2025-11-14 16:00:00,4,0.128,0.142,1485.237,1485.109
DET,ELEV,HOURLY,DET.Elev-Forebay.Inst.1Hour.0.CBT-REV,14180500,2025-11-14 23:00:00,2025-11-15 06:00:00,8,0.129,0.142,1484.456,1484.327
DET,ELEV,HOURLY,DET.Elev-Forebay.Inst.1Hour.0.CBT-REV,14180500,2025-11-15 13:00:00,2025-11-15 17:00:00,5,0.128,0.140,1483.664,1483.536
DET,ELEV,HOURLY,DET.Elev-Forebay.Inst.1Hour.0.CBT-REV,14180500,2025-11-16 00:00:00,2025-11-16 06:00:00,7,0.139,0.145,1482.843,1482.704
DET,ELEV,HOURLY,DET.Elev-Forebay.Inst.1Hour.0.CBT-REV,14180500,2025-11-16 13:00:00,2025-11-16 14:00:00,2,0.119,0.135,1482.300,1482.181
DET,ELEV,HOURLY,DET.Elev-Forebay.Inst.1Hour.0.CBT-REV,14180500,2025-11-16 16:00:00,2025-11-16 17:00:00,2,0.124,0.135,1481.835,1481.711
DET,ELEV,HOURLY,DET.Elev-Forebay.Inst.1Hour.0.CBT-REV,14180500,2025-11-17 00:00:00,2025-11-17 06:00:00,7,0.180,0.447,1481.263,1481.082
DET,ELEV,HOURLY,DET.Elev-Forebay.Inst.1Hour.0.CBT-REV,14180500,2025-11-17 14:00:00,2025-11-17 18:00:00,5,0.123,0.147,1480.302,1480.178
DET,ELEV,HOURLY,DET.Elev-Forebay.Inst.1Hour.0.CBT-REV,14180500,2025-11-18 00:00:00,2025-11-18 01:00:00,2,0.104,0.105,1480.060,1479.956
DET,ELEV,HOURLY,DET.Elev-Forebay.Inst.1Hour.0.CBT-REV,14180500,2025-11-18 03:00:00,2025-11-18 04:00:00,2,0.106,0.107,1479.880,1479.774
DET,ELEV,HOURLY,DET.Elev-Forebay.Inst.1Hour.0.CBT-REV,14180500,2025-11-18 06:00:00,2025-11-18 15:00:00,10,0.107,0.115,1479.420,1479.313
DET,ELEV,HOURLY,DET.Elev-Forebay.Inst.1Hour.0.CBT-REV,14180500,2025-11-18 18:00:00,2025-11-18 19:00:00,2,0.116,0.117,1478.895,1478.779
DET,ELEV,HOURLY,DET.Elev-Forebay.Inst.1Hour.0.CBT-REV,14180500,2025-11-19 01:00:00,2025-11-19 04:00:00,4,0.115,0.125,1478.335,1478.220
DET,ELEV,HOURLY,DET.Elev-Forebay.Inst.1Hour.0.CBT-REV,14180500,2025-11-19 08:00:00,2025-11-19 13:00:00,6,0.107,0.122,1477.812,1477.704
DET,ELEV,HOURLY,DET.Elev-Forebay.Inst.1Hour.0.CBT-REV,14180500,2025-11-19 17:00:00,2025-11-19 23:00:00,7,0.113,0.125,1477.173,1477.060
DET,ELEV,HOURLY,DET.Elev-Forebay.Inst.1Hour.0.CBT-REV,14180500,2025-11-20 02:00:00,2025-11-20 06:00:00,5,0.109,0.115,1476.628,1476.519
DET,ELEV,HOURLY,DET.Elev-Forebay.Inst.1Hour.0.CBT-REV,14180500,2025-11-20 12:00:00,2025-11-20 17:00:00,6,0.133,0.152,1476.068,1475.935
DET,ELEV,HOURLY,DET.Elev-Forebay.Inst.1Hour.0.CBT-REV,14180500,2025-11-21 00:00:00,2025-11-21 06:00:00,7,0.143,0.157,1475.183,1475.040
DET,ELEV,HOURLY,DET.Elev-Forebay.Inst.1Hour.0.CBT-REV,14180500,2025-11-21 12:00:00,2025-11-22 06:00:00,19,0.132,0.155,1473.525,1473.393
DET,ELEV,HOURLY,DET.Elev-Forebay.Inst.1Hour.0.CBT-REV,14180500,2025-11-22 12:00:00,2025-11-23 06:00:00,19,0.143,0.165,1471.083,1470.941
DET,ELEV,HOURLY,DET.Elev-Forebay.Inst.1Hour.0.CBT-REV,14180500,2025-11-23 12:00:00,2025-11-24 06:00:00,19,0.141,0.165,1468.495,1468.354
DET,ELEV,HOURLY,DET.Elev-Forebay.Inst.1Hour.0.CBT-REV,14180500,2025-11-24 12:00:00,2025-11-25 18:00:00,31,0.137,0.170,1465.246,1465.109
DET,ELEV,HOURLY,DET.Elev-Forebay.Inst.1Hour.0.CBT-REV,14180500,2025-11-26 00:00:00,2025-11-26 11:00:00,12,0.138,0.175,1462.373,1462.234
DET,ELEV,HOURLY,DET.Elev-Forebay.Inst.1Hour.0.CBT-REV,14180500,2025-11-26 13:00:00,2025-11-27 04:00:00,16,0.141,0.158,1460.618,1460.477
DET,ELEV,HOURLY,DET.Elev-Forebay.Inst.1Hour.0.CBT-REV,14180500,2025-11-27 07:00:00,2025-11-27 11:00:00,5,0.123,0.137,1459.294,1459.170
DET,ELEV,HOURLY,DET.Elev-Forebay.Inst.1Hour.0.CBT-REV,14180500,2025-11-27 13:00:00,2025-11-28 04:00:00,16,0.135,0.178,1458.031,1457.896
DET,ELEV,HOURLY,DET.Elev-Forebay.Inst.1Hour.0.CBT-REV,14180500,2025-11-28 06:00:00,2025-11-29 07:00:00,26,0.133,0.153,1455.740,1455.607
DET,ELEV,HOURLY,DET.Elev-Forebay.Inst.1Hour.0.CBT-REV,14180500,2025-11-29 09:00:00,2025-11-29 12:00:00,4,0.132,0.138,1454.075,1453.943
DET,ELEV,HOURLY,DET.Elev-Forebay.Inst.1Hour.0.CBT-REV,14180500,2025-11-29 14:00:00,2025-11-30 05:00:00,16,0.147,0.160,1452.924,1452.777
DET,ELEV,HOURLY,DET.Elev-Forebay.Inst.1Hour.0.CBT-REV,14180500,2025-11-30 07:00:00,2025-11-30 10:00:00,4,0.132,0.147,1451.650,1451.518
DET,ELEV,HOURLY,DET.Elev-Forebay.Inst.1Hour.0.CBT-REV,14180500,2025-11-30 14:00:00,2025-12-01 02:00:00,13,0.154,0.167,1450.819,1450.665
DET,ELEV,HOURLY,DET.Elev-Forebay.Inst.1Hour.0.CBT-REV,14180500,2025-12-01 04:00:00,2025-12-01 08:00:00,5,0.116,0.132,1449.660,1449.544
DET,ELEV,HOURLY,DET.Elev-Forebay.Inst.1Hour.0.CBT-REV,14180500,2025-12-01 14:00:00,2025-12-01 19:00:00,6,0.151,0.170,1449.423,1449.272
DET,ELEV,HOURLY,DET.Elev-Forebay.Inst.1Hour.0.CBT-REV,14180500,2025-12-01 22:00:00,2025-12-01 22:00:00,1,0.105,0.105,1448.990,1448.885
DET,ELEV,HOURLY,DET.Elev-Forebay.Inst.1Hour.0.CBT-REV,14180500,2025-12-02 00:00:00,2025-12-02 05:00:00,6,0.156,0.168,1448.660,1448.504
DET,ELEV,HOURLY,DET.Elev-Forebay.Inst.1Hour.0.CBT-REV,14180500,2025-12-02 21:00:00,2025-12-02 23:00:00,3,-0.162,0.168,1447.773,1447.936
DET,ELEV,HOURLY,DET.Elev-Forebay.Inst.1Hour.0.CBT-REV,14180500,2025-12-03 03:00:00,2025-12-03 03:00:00,1,-0.153,0.153,1447.300,1447.453
DET,ELEV,HOURLY,DET.Elev-Forebay.Inst.1Hour.0.CBT-REV,14180500,2025-12-03 06:00:00,2025-12-03 13:00:00,8,-0.155,0.165,1447.027,1447.183
DET,ELEV,HOURLY,DET.Elev-Forebay.Inst.1Hour.0.CBT-REV,14180500,2025-12-03 18:00:00,2025-12-04 00:00:00,7,-0.150,0.163,1446.706,1446.856
DET,ELEV,HOURLY,DET.Elev-Forebay.Inst.1Hour.0.CBT-REV,14180500,2025-12-04 06:00:00,2025-12-04 13:00:00,8,-0.143,0.155,1446.166,1446.309
DET,ELEV,HOURLY,DET.Elev-Forebay.Inst.1Hour.0.CBT-REV,14180500,2025-12-04 17:00:00,2025-12-05 00:00:00,8,-0.149,0.162,1446.006,1446.156
DET,ELEV,HOURLY,DET.Elev-Forebay.Inst.1Hour.0.CBT-REV,14180500,2025-12-05 05:00:00,2025-12-05 13:00:00,9,-0.141,0.173,1445.668,1445.809
DET,ELEV,HOURLY,DET.Elev-Forebay.Inst.1Hour.0.CBT-REV,14180500,2025-12-05 17:00:00,2025-12-07 02:00:00,34,-0.193,0.253,1449.013,1449.205
DET,ELEV,HOURLY,DET.Elev-Forebay.Inst.1Hour.0.CBT-REV,14180500,2025-12-07 04:00:00,2025-12-07 14:00:00,11,-0.132,0.178,1451.535,1451.666
DET,ELEV,HOURLY,DET.Elev-Forebay.Inst.1Hour.0.CBT-REV,14180500,2025-12-07 18:00:00,2025-12-08 15:00:00,22,-0.138,0.190,1452.250,1452.388
DET,ELEV,HOURLY,DET.Elev-Forebay.Inst.1Hour.0.CBT-REV,14180500,2025-12-08 18:00:00,2025-12-12 04:00:00,83,-0.239,0.540,1469.414,1469.653
DET,ELEV,HOURLY,DET.Elev-Forebay.Inst.1Hour.0.CBT-REV,14180500,2025-12-12 06:00:00,2025-12-12 06:00:00,1,-0.100,0.100,1481.810,1481.910
DET,ELEV,HOURLY,DET.Elev-Forebay.Inst.1Hour.0.CBT-REV,14180500,2025-12-17 13:00:00,2025-12-17 13:00:00,1,-0.132,0.132,1468.160,1468.293
DET,ELEV,HOURLY,DET.Elev-Forebay.Inst.1Hour.0.CBT-REV,14180500,2025-12-17 15:00:00,2025-12-17 16:00:00,2,-0.111,0.115,1468.305,1468.416
DET,ELEV,HOURLY,DET.Elev-Forebay.Inst.1Hour.0.CBT-REV,14180500,2025-12-18 13:00:00,2025-12-18 13:00:00,1,-0.102,0.102,1468.320,1468.422
DET,ELEV,HOURLY,DET.Elev-Forebay.Inst.1Hour.0.CBT-REV,14180500,2025-12-18 15:00:00,2025-12-20 16:00:00,50,-0.317,0.633,1487.843,1488.161
DET,ELEV,HOURLY,DET.Elev-Forebay.Inst.1Hour.0.CBT-REV,14180500,2025-12-30 08:00:00,2025-12-30 08:00:00,1,0.117,0.117,1470.490,1470.372
DET,ELEV,HOURLY,DET.Elev-Forebay.Inst.1Hour.0.CBT-REV,14180500,2026-01-01 00:00:00,2026-01-01 01:00:00,2,0.100,0.100,1460.795,1460.695
DET,ELEV,HOURLY,DET.Elev-Forebay.Inst.1Hour.0.CBT-REV,14180500,2026-01-01 05:00:00,2026-01-01 07:00:00,3,0.102,0.103,1459.200,1459.097
DET,ELEV,HOURLY,DET.Elev-Forebay.Inst.1Hour.0.CBT-REV,14180500,2026-01-01 09:00:00,2026-01-01 11:00:00,3,35.707,36.003,1493.863,1458.156
DET,ELEV,HOURLY,DET.Elev-Forebay.Inst.1Hour.0.CBT-REV,14180500,2026-01-01 13:00:00,2026-01-01 13:00:00,1,0.145,0.145,1457.520,1457.375
DET,ELEV,HOURLY,DET.Elev-Forebay.Inst.1Hour.0.CBT-REV,14180500,2026-01-02 23:00:00,2026-01-03 01:00:00,3,-0.112,0.115,1452.683,1452.795
DET,ELEV,HOURLY,DET.Elev-Forebay.Inst.1Hour.0.CBT-REV,14180500,2026-01-03 06:00:00,2026-01-03 06:00:00,1,-0.118,0.118,1452.280,1452.398
DET,ELEV,HOURLY,DET.Elev-Forebay.Inst.1Hour.0.CBT-REV,14180500,2026-01-03 10:00:00,2026-01-03 12:00:00,3,-0.122,0.130,1452.233,1452.355
DET,ELEV,HOURLY,DET.Elev-Forebay.Inst.1Hour.0.CBT-REV,14180500,2026-01-03 18:00:00,2026-01-04 00:00:00,7,-0.162,0.183,1452.154,1452.316
DET,ELEV,HOURLY,DET.Elev-Forebay.Inst.1Hour.0.CBT-REV,14180500,2026-01-04 05:00:00,2026-01-06 16:00:00,60,-0.151,0.207,1455.190,1455.341
DET,ELEV,HOURLY,DET.Elev-Forebay.Inst.1Hour.0.CBT-REV,14180500,2026-01-06 19:00:00,2026-01-07 17:00:00,23,-0.138,0.178,1459.090,1459.228
DET,ELEV,HOURLY,DET.Elev-Forebay.Inst.1Hour.0.CBT-REV,14180500,2026-01-07 20:00:00,2026-01-08 17:00:00,22,-0.144,0.188,1460.700,1460.844
DET,ELEV,HOURLY,DET.Elev-Forebay.Inst.1Hour.0.CBT-REV,14180500,2026-01-08 19:00:00,2026-01-08 20:00:00,2,-0.103,0.105,1461.305,1461.408
DET,ELEV,HOURLY,DET.Elev-Forebay.Inst.1Hour.0.CBT-REV,14180500,2026-01-08 22:00:00,2026-01-09 17:00:00,20,-0.134,0.180,1461.523,1461.657
DET,ELEV,HOURLY,DET.Elev-Forebay.Inst.1Hour.0.CBT-REV,14180500,2026-01-09 19:00:00,2026-01-09 19:00:00,1,-0.108,0.108,1461.720,1461.828
DET,ELEV,HOURLY,DET.Elev-Forebay.Inst.1Hour.0.CBT-REV,14180500,2026-01-09 21:00:00,2026-01-09 21:00:00,1,-0.100,0.100,1461.600,1461.700
DET,ELEV,HOURLY,DET.Elev-Forebay.Inst.1Hour.0.CBT-REV,14180500,2026-01-10 00:00:00,2026-01-10 16:00:00,17,-0.121,0.130,1461.489,1461.610
DET,ELEV,HOURLY,DET.Elev-Forebay.Inst.1Hour.0.CBT-REV,14180500,2026-01-10 18:00:00,2026-01-10 21:00:00,4,-0.107,0.115,1461.295,1461.402
DET,ELEV,HOURLY,DET.Elev-Forebay.Inst.1Hour.0.CBT-REV,14180500,2026-01-11 00:00:00,2026-01-11 18:00:00,19,-0.118,0.137,1460.975,1461.094
DET,ELEV,HOURLY,DET.Elev-Forebay.Inst.1Hour.0.CBT-REV,14180500,2026-01-12 00:00:00,2026-01-12 15:00:00,16,-0.119,0.125,1460.305,1460.424
DET,ELEV,HOURLY,DET.Elev-Forebay.Inst.1Hour.0.CBT-REV,14180500,2026-01-13 00:00:00,2026-01-13 16:00:00,17,-0.116,0.120,1459.499,1459.615
DET,ELEV,HOURLY,DET.Elev-Forebay.Inst.1Hour.0.CBT-REV,14180500,2026-01-14 00:00:00,2026-01-14 15:00:00,16,-0.125,0.217,1458.568,1458.693
DET,ELEV,HOURLY,DET.Elev-Forebay.Inst.1Hour.0.CBT-REV,14180500,2026-01-15 01:00:00,2026-01-15 15:00:00,15,-0.114,0.130,1457.627,1457.741
DET,ELEV,HOURLY,DET.Elev-Forebay.Inst.1Hour.0.CBT-REV,14180500,2026-01-16 00:00:00,2026-01-16 15:00:00,16,-0.122,0.130,1456.814,1456.937
DET,ELEV,HOURLY,DET.Elev-Forebay.Inst.1Hour.0.CBT-REV,14180500,2026-01-16 20:00:00,2026-01-16 20:00:00,1,-0.102,0.102,1456.480,1456.582
DET,ELEV,HOURLY,DET.Elev-Forebay.Inst.1Hour.0.CBT-REV,14180500,2026-01-17 00:00:00,2026-01-17 16:00:00,17,-0.126,0.158,1456.255,1456.381
DET,ELEV,HOURLY,DET.Elev-Forebay.Inst.1Hour.0.CBT-REV,14180500,2026-01-18 00:00:00,2026-01-18 16:00:00,17,-0.130,0.160,1455.816,1455.946
DET,ELEV,HOURLY,DET.Elev-Forebay.Inst.1Hour.0.CBT-REV,14180500,2026-01-18 18:00:00,2026-01-19 15:00:00,22,-0.130,0.173,1455.685,1455.815
DET,ELEV,HOURLY,DET.Elev-Forebay.Inst.1Hour.0.CBT-REV,14180500,2026-01-19 20:00:00,2026-01-20 15:00:00,20,-0.131,0.170,1455.351,1455.483
DET,ELEV,HOURLY,DET.Elev-Forebay.Inst.1Hour.0.CBT-REV,14180500,2026-01-20 20:00:00,2026-01-21 15:00:00,20,-0.130,0.163,1454.917,1455.047
DET,ELEV,HOURLY,DET.Elev-Forebay.Inst.1Hour.0.CBT-REV,14180500,2026-01-21 18:00:00,2026-01-22 15:00:00,22,-0.131,0.168,1454.627,1454.759
DET,ELEV,HOURLY,DET.Elev-Forebay.Inst.1Hour.0.CBT-REV,14180500,2026-01-22 18:00:00,2026-01-23 16:00:00,23,-0.136,0.160,1454.739,1454.875
DET,ELEV,HOURLY,DET.Elev-Forebay.Inst.1Hour.0.CBT-REV,14180500,2026-01-23 19:00:00,2026-01-24 16:00:00,22,-0.135,0.175,1454.850,1454.985
DET,ELEV,HOURLY,DET.Elev-Forebay.Inst.1Hour.0.CBT-REV,14180500,2026-01-24 19:00:00,2026-01-25 17:00:00,23,-0.141,0.175,1454.797,1454.938
DET,ELEV,HOURLY,DET.Elev-Forebay.Inst.1Hour.0.CBT-REV,14180500,2026-01-25 19:00:00,2026-01-26 15:00:00,21,-0.149,0.267,1454.681,1454.831
DET,ELEV,HOURLY,DET.Elev-Forebay.Inst.1Hour.0.CBT-REV,14180500,2026-01-26 18:00:00,2026-01-27 15:00:00,22,-0.148,0.190,1454.524,1454.672
DET,ELEV,HOURLY,DET.Elev-Forebay.Inst.1Hour.0.CBT-REV,14180500,2026-01-27 18:00:00,2026-01-28 16:00:00,23,-0.152,0.182,1454.298,1454.450
DET,ELEV,HOURLY,DET.Elev-Forebay.Inst.1Hour.0.CBT-REV,14180500,2026-01-28 19:00:00,2026-02-11 03:00:00,321,-0.191,0.285,1454.552,1454.744
DET,ELEV,HOURLY,DET.Elev-Forebay.Inst.1Hour.0.CBT-REV,14180500,2026-02-11 05:00:00,2026-03-04 16:00:00,516,-0.296,0.415,1476.238,1476.534
DET,ELEV,HOURLY,DET.Elev-Forebay.Inst.1Hour.0.CBT-REV,14180500,2026-03-04 19:00:00,2026-03-29 20:00:00,602,-0.401,0.795,1524.287,1524.688
DET,ELEV,HOURLY,DET.Elev-Forebay.Inst.1Hour.0.CBT-REV,14180500,2026-03-30 22:00:00,2026-03-31 00:00:00,3,0.121,0.142,1541.063,1540.942
DET,ELEV,HOURLY,DET.Elev-Forebay.Inst.1Hour.0.CBT-REV,14180500,2026-04-03 02:00:00,2026-04-03 02:00:00,1,0.220,0.220,1541.870,1541.650
DET,ELEV,HOURLY,DET.Elev-Forebay.Inst.1Hour.0.CBT-REV,14180500,2026-09-17 19:00:00,2026-09-17 19:00:00,1,-0.730,0.730,1516.190,1516.920
DET,FLOW,DAILY,DET.Flow-Out.Ave.1Hour.1Hour.CBT-REV,14181500,2025-10-01 00:00:00,2025-11-04 00:00:00,35,-190.293,447.569,1243.214,1433.507
DET,FLOW,DAILY,DET.Flow-Out.Ave.1Hour.1Hour.CBT-REV,14181500,2025-11-06 00:00:00,2025-11-06 00:00:00,1,-729.167,729.167,1789.167,2518.333
DET,FLOW,DAILY,DET.Flow-Out.Ave.1Hour.1Hour.CBT-REV,14181500,2025-11-08 00:00:00,2025-11-08 00:00:00,1,-386.424,386.424,3292.083,3678.507
DET,FLOW,DAILY,DET.Flow-Out.Ave.1Hour.1Hour.CBT-REV,14181500,2025-11-10 00:00:00,2025-11-12 00:00:00,3,-304.711,407.292,3119.306,3424.016
DET,FLOW,DAILY,DET.Flow-Out.Ave.1Hour.1Hour.CBT-REV,14181500,2025-11-20 00:00:00,2025-11-21 00:00:00,2,-83.976,458.681,2567.917,2651.892
DET,FLOW,DAILY,DET.Flow-Out.Ave.1Hour.1Hour.CBT-REV,14181500,2025-11-23 00:00:00,2025-11-23 00:00:00,1,-211.076,211.076,3248.750,3459.826
DET,FLOW,DAILY,DET.Flow-Out.Ave.1Hour.1Hour.CBT-REV,14181500,2025-11-25 00:00:00,2025-11-25 00:00:00,1,-244.931,244.931,3331.667,3576.597
DET,FLOW,DAILY,DET.Flow-Out.Ave.1Hour.1Hour.CBT-REV,14181500,2025-11-27 00:00:00,2025-11-29 00:00:00,3,-363.958,483.160,3695.278,4059.236
DET,FLOW,DAILY,DET.Flow-Out.Ave.1Hour.1Hour.CBT-REV,14181500,2025-12-01 00:00:00,2025-12-03 00:00:00,3,-257.583,553.444,1974.306,2231.889
DET,FLOW,DAILY,DET.Flow-Out.Ave.1Hour.1Hour.CBT-REV,14181500,2025-12-05 00:00:00,2025-12-11 00:00:00,7,-705.486,1528.507,1429.583,2135.069
DET,FLOW,DAILY,DET.Flow-Out.Ave.1Hour.1Hour.CBT-REV,14181500,2025-12-14 00:00:00,2025-12-14 00:00:00,1,-340.000,340.000,5622.917,5962.917
DET,FLOW,DAILY,DET.Flow-Out.Ave.1Hour.1Hour.CBT-REV,14181500,2025-12-16 00:00:00,2025-12-22 00:00:00,7,-638.810,1336.632,4480.893,5119.702
DET,FLOW,DAILY,DET.Flow-Out.Ave.1Hour.1Hour.CBT-REV,14181500,2025-12-31 00:00:00,2026-01-31 00:00:00,32,-241.820,869.896,2501.706,2743.525
DET,FLOW,DAILY,DET.Flow-Out.Ave.1Hour.1Hour.CBT-REV,14181500,2026-02-05 00:00:00,2026-02-19 00:00:00,15,-101.968,337.986,958.222,1060.190
DET,FLOW,DAILY,DET.Flow-Out.Ave.1Hour.1Hour.CBT-REV,14181500,2026-02-21 00:00:00,2026-03-19 00:00:00,27,-289.440,593.611,873.290,1162.730
DET,FLOW,DAILY,DET.Flow-Out.Ave.1Hour.1Hour.CBT-REV,14181500,2026-03-21 00:00:00,2026-03-23 00:00:00,3,-116.146,130.660,1436.806,1552.951
DET,FLOW,DAILY,DET.Flow-Out.Ave.1Hour.1Hour.CBT-REV,14181500,2026-03-26 00:00:00,2026-03-30 00:00:00,5,-168.667,245.521,1387.667,1556.333
DET,FLOW,DAILY,DET.Flow-Out.Ave.1Hour.1Hour.CBT-REV,14181500,2026-04-01 00:00:00,2026-04-05 00:00:00,5,-214.701,367.049,1360.083,1574.785
DET,FLOW,DAILY,DET.Flow-Out.Ave.1Hour.1Hour.CBT-REV,14181500,2026-04-08 00:00:00,2026-05-26 00:00:00,49,-199.760,557.951,1052.338,1252.099
DET,FLOW,DAILY,DET.Flow-Out.Ave.1Hour.1Hour.CBT-REV,14181500,2026-05-28 00:00:00,2026-05-28 00:00:00,1,-371.667,371.667,848.333,1220.000
DET,FLOW,DAILY,DET.Flow-Out.Ave.1Hour.1Hour.CBT-REV,14181500,2026-05-30 00:00:00,2026-06-25 00:00:00,27,-149.857,279.861,1073.164,1223.021
DET,FLOW,DAILY,DET.Flow-Out.Ave.1Hour.1Hour.CBT-REV,14181500,2026-06-27 00:00:00,2026-07-16 00:00:00,20,-165.637,440.057,1051.573,1217.210
DET,FLOW,DAILY,DET.Flow-Out.Ave.1Hour.1Hour.CBT-REV,14181500,2026-07-18 00:00:00,2026-08-12 00:00:00,26,-120.391,424.163,894.840,1015.230
DET,FLOW,DAILY,DET.Flow-Out.Ave.1Hour.1Hour.CBT-REV,14181500,2026-08-14 00:00:00,2026-08-20 00:00:00,7,-101.605,500.042,910.774,1012.379
DET,FLOW,DAILY,DET.Flow-Out.Ave.1Hour.1Hour.CBT-REV,14181500,2026-08-22 00:00:00,2026-08-30 00:00:00,9,-104.541,233.507,924.954,1029.494
DET,FLOW,DAILY,DET.Flow-Out.Ave.1Hour.1Hour.CBT-REV,14181500,2026-09-01 00:00:00,2026-09-01 00:00:00,1,263.507,263.507,1454.167,1190.660
DET,FLOW,DAILY,DET.Flow-Out.Ave.1Hour.1Hour.CBT-REV,14181500,2026-09-03 00:00:00,2026-09-05 00:00:00,3,-124.317,163.229,1428.611,1552.928
DET,FLOW,DAILY,DET.Flow-Out.Ave.1Hour.1Hour.CBT-REV,14181500,2026-09-07 00:00:00,2026-09-30 00:00:00,24,-116.444,298.958,1437.128,1553.572
DEX,ELEV,HOURLY,DEX.Elev-Forebay.Inst.1Hour.0.CBT-REV,14149500,2025-10-01 00:00:00,2025-10-01 04:00:00,5,-0.401,1.218,693.126,693.527
DEX,ELEV,HOURLY,DEX.Elev-Forebay.Inst.1Hour.0.CBT-REV,14149500,2025-10-01 06:00:00,2025-10-01 18:00:00,13,0.141,0.148,692.903,692.762
DEX,ELEV,HOURLY,DEX.Elev-Forebay.Inst.1Hour.0.CBT-REV,14149500,2025-10-01 20:00:00,2025-10-02 04:00:00,9,-0.194,0.210,692.763,692.958
DEX,ELEV,HOURLY,DEX.Elev-Forebay.Inst.1Hour.0.CBT-REV,14149500,2025-10-02 07:00:00,2025-10-02 18:00:00,12,0.147,0.160,692.718,692.572
DEX,ELEV,HOURLY,DEX.Elev-Forebay.Inst.1Hour.0.CBT-REV,14149500,2025-10-02 20:00:00,2025-10-03 04:00:00,9,-0.190,0.202,692.631,692.821
DEX,ELEV,HOURLY,DEX.Elev-Forebay.Inst.1Hour.0.CBT-REV,14149500,2025-10-03 06:00:00,2025-10-03 12:00:00,7,0.143,0.155,693.377,693.234
DEX,ELEV,HOURLY,DEX.Elev-Forebay.Inst.1Hour.0.CBT-REV,14149500,2025-10-04 00:00:00,2025-10-04 04:00:00,5,-0.156,0.188,693.266,693.422
DEX,ELEV,HOURLY,DEX.Elev-Forebay.Inst.1Hour.0.CBT-REV,14149500,2025-10-04 06:00:00,2025-10-04 12:00:00,7,0.145,0.150,693.101,692.956
DEX,ELEV,HOURLY,DEX.Elev-Forebay.Inst.1Hour.0.CBT-REV,14149500,2025-10-05 00:00:00,2025-10-05 04:00:00,5,-0.160,0.195,693.036,693.196
DEX,ELEV,HOURLY,DEX.Elev-Forebay.Inst.1Hour.0.CBT-REV,14149500,2025-10-05 06:00:00,2025-10-05 12:00:00,7,0.149,0.155,692.899,692.750
DEX,ELEV,HOURLY,DEX.Elev-Forebay.Inst.1Hour.0.CBT-REV,14149500,2025-10-06 00:00:00,2025-10-06 04:00:00,5,-0.161,0.212,692.702,692.862
DEX,ELEV,HOURLY,DEX.Elev-Forebay.Inst.1Hour.0.CBT-REV,14149500,2025-10-06 06:00:00,2025-10-06 12:00:00,7,0.142,0.155,692.560,692.418
DEX,ELEV,HOURLY,DEX.Elev-Forebay.Inst.1Hour.0.CBT-REV,14149500,2025-10-06 20:00:00,2025-10-07 04:00:00,9,-0.200,0.297,692.750,692.950
DEX,ELEV,HOURLY,DEX.Elev-Forebay.Inst.1Hour.0.CBT-REV,14149500,2025-10-07 06:00:00,2025-10-07 07:00:00,2,0.129,0.152,693.655,693.526
DEX,ELEV,HOURLY,DEX.Elev-Forebay.Inst.1Hour.0.CBT-REV,14149500,2025-10-07 11:00:00,2025-10-07 12:00:00,2,0.139,0.153,692.490,692.351
DEX,ELEV,HOURLY,DEX.Elev-Forebay.Inst.1Hour.0.CBT-REV,14149500,2025-10-08 00:00:00,2025-10-08 00:00:00,1,-0.122,0.122,692.340,692.462
DEX,ELEV,HOURLY,DEX.Elev-Forebay.Inst.1Hour.0.CBT-REV,14149500,2025-10-08 02:00:00,2025-10-08 03:00:00,2,-0.155,0.167,692.990,693.145
DEX,ELEV,HOURLY,DEX.Elev-Forebay.Inst.1Hour.0.CBT-REV,14149500,2025-10-08 07:00:00,2025-10-08 12:00:00,6,0.125,0.147,692.443,692.318
DEX,ELEV,HOURLY,DEX.Elev-Forebay.Inst.1Hour.0.CBT-REV,14149500,2025-10-08 22:00:00,2025-10-09 04:00:00,7,-0.150,0.175,692.621,692.772
DEX,ELEV,HOURLY,DEX.Elev-Forebay.Inst.1Hour.0.CBT-REV,14149500,2025-10-09 06:00:00,2025-10-09 07:00:00,2,0.147,0.155,693.260,693.112
DEX,ELEV,HOURLY,DEX.Elev-Forebay.Inst.1Hour.0.CBT-REV,14149500,2025-10-09 09:00:00,2025-10-09 12:00:00,4,0.138,0.150,692.320,692.182
DEX,ELEV,HOURLY,DEX.Elev-Forebay.Inst.1Hour.0.CBT-REV,14149500,2025-10-09 22:00:00,2025-10-10 03:00:00,6,-0.176,0.190,692.713,692.889
DEX,ELEV,HOURLY,DEX.Elev-Forebay.Inst.1Hour.0.CBT-REV,14149500,2025-10-10 06:00:00,2025-10-10 09:00:00,4,0.136,0.158,693.285,693.149
DEX,ELEV,HOURLY,DEX.Elev-Forebay.Inst.1Hour.0.CBT-REV,14149500,2025-10-10 12:00:00,2025-10-10 12:00:00,1,0.120,0.120,692.240,692.120
DEX,ELEV,HOURLY,DEX.Elev-Forebay.Inst.1Hour.0.CBT-REV,14149500,2025-10-11 00:00:00,2025-10-11 04:00:00,5,-0.141,0.175,692.700,692.841
DEX,ELEV,HOURLY,DEX.Elev-Forebay.Inst.1Hour.0.CBT-REV,14149500,2025-10-11 07:00:00,2025-10-11 08:00:00,2,0.145,0.152,693.250,693.105
DEX,ELEV,HOURLY,DEX.Elev-Forebay.Inst.1Hour.0.CBT-REV,14149500,2025-10-11 10:00:00,2025-10-11 10:00:00,1,0.150,0.150,692.670,692.520
DEX,ELEV,HOURLY,DEX.Elev-Forebay.Inst.1Hour.0.CBT-REV,14149500,2025-10-11 12:00:00,2025-10-11 12:00:00,1,0.150,0.150,692.210,692.060
DEX,ELEV,HOURLY,DEX.Elev-Forebay.Inst.1Hour.0.CBT-REV,14149500,2025-10-12 00:00:00,2025-10-12 05:00:00,6,-0.140,0.170,692.748,692.888
DEX,ELEV,HOURLY,DEX.Elev-Forebay.Inst.1Hour.0.CBT-REV,14149500,2025-10-12 07:00:00,2025-10-12 12:00:00,6,0.137,0.150,692.743,692.607
DEX,ELEV,HOURLY,DEX.Elev-Forebay.Inst.1Hour.0.CBT-REV,14149500,2025-10-13 00:00:00,2025-10-13 04:00:00,5,-0.153,0.178,692.632,692.784
DEX,ELEV,HOURLY,DEX.Elev-Forebay.Inst.1Hour.0.CBT-REV,14149500,2025-10-13 07:00:00,2025-10-13 13:00:00,7,0.138,0.152,692.684,692.546
DEX,ELEV,HOURLY,DEX.Elev-Forebay.Inst.1Hour.0.CBT-REV,14149500,2025-11-02 15:00:00,2025-11-02 15:00:00,1,0.125,0.125,692.830,692.705
DEX,ELEV,HOURLY,DEX.Elev-Forebay.Inst.1Hour.0.CBT-REV,14149500,2025-11-07 20:00:00,2025-11-07 20:00:00,1,0.153,0.153,692.150,691.997
DEX,ELEV,HOURLY,DEX.Elev-Forebay.Inst.1Hour.0.CBT-REV,14149500,2025-12-06 13:00:00,2025-12-06 13:00:00,1,-0.273,0.273,691.470,691.743
DEX,ELEV,HOURLY,DEX.Elev-Forebay.Inst.1Hour.0.CBT-REV,14149500,2025-12-24 00:00:00,2025-12-24 00:00:00,1,0.285,0.285,692.570,692.285
DEX,ELEV,HOURLY,DEX.Elev-Forebay.Inst.1Hour.0.CBT-REV,14149500,2025-12-29 13:00:00,2025-12-29 23:00:00,11,-0.140,0.208,691.866,692.006
DEX,ELEV,HOURLY,DEX.Elev-Forebay.Inst.1Hour.0.CBT-REV,14149500,2025-12-30 01:00:00,2025-12-30 10:00:00,10,0.161,0.410,692.283,692.122
DEX,ELEV,HOURLY,DEX.Elev-Forebay.Inst.1Hour.0.CBT-REV,14149500,2025-12-30 12:00:00,2025-12-30 13:00:00,2,0.144,0.150,690.670,690.526
DEX,ELEV,HOURLY,DEX.Elev-Forebay.Inst.1Hour.0.CBT-REV,14149500,2025-12-30 15:00:00,2025-12-31 03:00:00,13,-0.142,0.168,692.001,692.143
DEX,ELEV,HOURLY,DEX.Elev-Forebay.Inst.1Hour.0.CBT-REV,14149500,2025-12-31 05:00:00,2025-12-31 13:00:00,9,0.169,0.188,692.297,692.128
DEX,ELEV,HOURLY,DEX.Elev-Forebay.Inst.1Hour.0.CBT-REV,14149500,2025-12-31 15:00:00,2026-01-01 01:00:00,11,-0.136,0.218,692.056,692.192
DEX,ELEV,HOURLY,DEX.Elev-Forebay.Inst.1Hour.0.CBT-REV,14149500,2026-01-01 03:00:00,2026-01-01 03:00:00,1,-0.117,0.117,693.480,693.597
DEX,ELEV,HOURLY,DEX.Elev-Forebay.Inst.1Hour.0.CBT-REV,14149500,2026-01-01 05:00:00,2026-01-01 13:00:00,9,0.169,0.192,692.423,692.254
DEX,ELEV,HOURLY,DEX.Elev-Forebay.Inst.1Hour.0.CBT-REV,14149500,2026-01-01 15:00:00,2026-01-02 02:00:00,12,-0.125,0.135,692.218,692.343
DEX,ELEV,HOURLY,DEX.Elev-Forebay.Inst.1Hour.0.CBT-REV,14149500,2026-01-02 04:00:00,2026-01-02 04:00:00,1,0.105,0.105,693.790,693.685
DEX,ELEV,HOURLY,DEX.Elev-Forebay.Inst.1Hour.0.CBT-REV,14149500,2026-01-02 06:00:00,2026-01-02 06:00:00,1,0.105,0.105,693.240,693.135
DEX,ELEV,HOURLY,DEX.Elev-Forebay.Inst.1Hour.0.CBT-REV,14149500,2026-01-02 09:00:00,2026-01-02 13:00:00,5,0.141,0.165,691.904,691.763
DEX,ELEV,HOURLY,DEX.Elev-Forebay.Inst.1Hour.0.CBT-REV,14149500,2026-01-02 15:00:00,2026-01-03 13:00:00,23,-0.011,0.183,692.491,692.502
DEX,ELEV,HOURLY,DEX.Elev-Forebay.Inst.1Hour.0.CBT-REV,14149500,2026-01-03 15:00:00,2026-01-04 01:00:00,11,-0.132,0.165,692.233,692.364
DEX,ELEV,HOURLY,DEX.Elev-Forebay.Inst.1Hour.0.CBT-REV,14149500,2026-01-04 03:00:00,2026-01-04 03:00:00,1,-0.103,0.103,693.660,693.763
DEX,ELEV,HOURLY,DEX.Elev-Forebay.Inst.1Hour.0.CBT-REV,14149500,2026-01-04 06:00:00,2026-01-04 13:00:00,8,0.148,0.180,692.434,692.285
DEX,ELEV,HOURLY,DEX.Elev-Forebay.Inst.1Hour.0.CBT-REV,14149500,2026-01-04 15:00:00,2026-01-05 00:00:00,10,-0.135,0.143,692.331,692.466
DEX,ELEV,HOURLY,DEX.Elev-Forebay.Inst.1Hour.0.CBT-REV,14149500,2026-01-05 02:00:00,2026-01-05 04:00:00,3,-0.056,0.140,693.957,694.012
DEX,ELEV,HOURLY,DEX.Elev-Forebay.Inst.1Hour.0.CBT-REV,14149500,2026-01-05 06:00:00,2026-01-05 13:00:00,8,0.160,0.185,692.769,692.609
DEX,ELEV,HOURLY,DEX.Elev-Forebay.Inst.1Hour.0.CBT-REV,14149500,2026-01-05 15:00:00,2026-01-06 00:00:00,10,-0.146,0.288,692.537,692.683
DEX,ELEV,HOURLY,DEX.Elev-Forebay.Inst.1Hour.0.CBT-REV,14149500,2026-01-06 02:00:00,2026-01-06 04:00:00,3,-0.045,0.120,694.047,694.092
DEX,ELEV,HOURLY,DEX.Elev-Forebay.Inst.1Hour.0.CBT-REV,14149500,2026-01-06 06:00:00,2026-01-06 07:00:00,2,0.170,0.172,693.655,693.485
DEX,ELEV,HOURLY,DEX.Elev-Forebay.Inst.1Hour.0.CBT-REV,14149500,2026-01-06 10:00:00,2026-01-06 13:00:00,4,0.156,0.175,692.265,692.109
DEX,ELEV,HOURLY,DEX.Elev-Forebay.Inst.1Hour.0.CBT-REV,14149500,2026-01-06 15:00:00,2026-01-06 17:00:00,3,-0.129,0.138,691.907,692.036
DEX,ELEV,HOURLY,DEX.Elev-Forebay.Inst.1Hour.0.CBT-REV,14149500,2026-01-06 19:00:00,2026-01-06 23:00:00,5,-0.145,0.220,692.876,693.021
DEX,ELEV,HOURLY,DEX.Elev-Forebay.Inst.1Hour.0.CBT-REV,14149500,2026-01-07 03:00:00,2026-01-07 03:00:00,1,-0.120,0.120,694.070,694.190
DEX,ELEV,HOURLY,DEX.Elev-Forebay.Inst.1Hour.0.CBT-REV,14149500,2026-01-07 05:00:00,2026-01-07 05:00:00,1,0.115,0.115,694.060,693.945
DEX,ELEV,HOURLY,DEX.Elev-Forebay.Inst.1Hour.0.CBT-REV,14149500,2026-01-07 07:00:00,2026-01-07 08:00:00,2,0.196,0.225,693.475,693.279
DEX,ELEV,HOURLY,DEX.Elev-Forebay.Inst.1Hour.0.CBT-REV,14149500,2026-01-07 12:00:00,2026-01-07 13:00:00,2,0.120,0.135,692.060,691.940
DEX,ELEV,HOURLY,DEX.Elev-Forebay.Inst.1Hour.0.CBT-REV,14149500,2026-01-07 15:00:00,2026-01-08 01:00:00,11,-0.134,0.145,692.847,692.981
DEX,ELEV,HOURLY,DEX.Elev-Forebay.Inst.1Hour.0.CBT-REV,14149500,2026-01-08 03:00:00,2026-01-08 04:00:00,2,-0.013,0.130,694.490,694.503
DEX,ELEV,HOURLY,DEX.Elev-Forebay.Inst.1Hour.0.CBT-REV,14149500,2026-01-08 11:00:00,2026-01-08 13:00:00,3,0.122,0.145,692.303,692.181
DEX,ELEV,HOURLY,DEX.Elev-Forebay.Inst.1Hour.0.CBT-REV,14149500,2026-01-08 16:00:00,2026-01-09 03:00:00,12,-0.131,0.230,692.979,693.110
DEX,ELEV,HOURLY,DEX.Elev-Forebay.Inst.1Hour.0.CBT-REV,14149500,2026-01-09 05:00:00,2026-01-09 13:00:00,9,0.185,0.220,692.832,692.647
DEX,ELEV,HOURLY,DEX.Elev-Forebay.Inst.1Hour.0.CBT-REV,14149500,2026-01-09 16:00:00,2026-01-09 22:00:00,7,-0.163,0.383,692.057,692.220
DEX,ELEV,HOURLY,DEX.Elev-Forebay.Inst.1Hour.0.CBT-REV,14149500,2026-01-10 00:00:00,2026-01-10 02:00:00,3,-0.118,0.133,693.143,693.261
DEX,ELEV,HOURLY,DEX.Elev-Forebay.Inst.1Hour.0.CBT-REV,14149500,2026-01-10 05:00:00,2026-01-10 13:00:00,9,0.183,0.218,692.351,692.168
DEX,ELEV,HOURLY,DEX.Elev-Forebay.Inst.1Hour.0.CBT-REV,14149500,2026-01-10 15:00:00,2026-01-11 03:00:00,13,-0.126,0.153,692.188,692.314
DEX,ELEV,HOURLY,DEX.Elev-Forebay.Inst.1Hour.0.CBT-REV,14149500,2026-01-11 05:00:00,2026-01-11 13:00:00,9,0.172,0.210,692.309,692.137
DEX,ELEV,HOURLY,DEX.Elev-Forebay.Inst.1Hour.0.CBT-REV,14149500,2026-01-11 15:00:00,2026-01-11 18:00:00,4,-0.126,0.143,691.268,691.394
DEX,ELEV,HOURLY,DEX.Elev-Forebay.Inst.1Hour.0.CBT-REV,14149500,2026-01-11 21:00:00,2026-01-11 21:00:00,1,-0.118,0.118,692.140,692.258
DEX,ELEV,HOURLY,DEX.Elev-Forebay.Inst.1Hour.0.CBT-REV,14149500,2026-01-12 01:00:00,2026-01-12 03:00:00,3,-0.121,0.123,693.120,693.241
DEX,ELEV,HOURLY,DEX.Elev-Forebay.Inst.1Hour.0.CBT-REV,14149500,2026-01-12 05:00:00,2026-01-12 13:00:00,9,0.179,0.195,692.218,692.038
DEX,ELEV,HOURLY,DEX.Elev-Forebay.Inst.1Hour.0.CBT-REV,14149500,2026-01-12 16:00:00,2026-01-12 21:00:00,6,-0.132,0.178,691.568,691.700
DEX,ELEV,HOURLY,DEX.Elev-Forebay.Inst.1Hour.0.CBT-REV,14149500,2026-01-12 23:00:00,2026-01-13 03:00:00,5,-0.123,0.130,692.854,692.977
DEX,ELEV,HOURLY,DEX.Elev-Forebay.Inst.1Hour.0.CBT-REV,14149500,2026-01-13 05:00:00,2026-01-13 13:00:00,9,0.172,0.190,692.169,691.996
DEX,ELEV,HOURLY,DEX.Elev-Forebay.Inst.1Hour.0.CBT-REV,14149500,2026-01-13 16:00:00,2026-01-14 00:00:00,9,-0.140,0.165,691.872,692.012
DEX,ELEV,HOURLY,DEX.Elev-Forebay.Inst.1Hour.0.CBT-REV,14149500,2026-01-14 02:00:00,2026-01-14 03:00:00,2,-0.125,0.127,693.225,693.350
DEX,ELEV,HOURLY,DEX.Elev-Forebay.Inst.1Hour.0.CBT-REV,14149500,2026-01-14 05:00:00,2026-01-14 13:00:00,9,0.176,0.188,692.256,692.080
DEX,ELEV,HOURLY,DEX.Elev-Forebay.Inst.1Hour.0.CBT-REV,14149500,2026-01-14 17:00:00,2026-01-14 19:00:00,3,-0.124,0.125,691.570,691.694
DEX,ELEV,HOURLY,DEX.Elev-Forebay.Inst.1Hour.0.CBT-REV,14149500,2026-01-14 21:00:00,2026-01-15 03:00:00,7,-0.121,0.128,692.757,692.879
DEX,ELEV,HOURLY,DEX.Elev-Forebay.Inst.1Hour.0.CBT-REV,14149500,2026-01-15 05:00:00,2026-01-15 13:00:00,9,0.175,0.195,692.261,692.086
DEX,ELEV,HOURLY,DEX.Elev-Forebay.Inst.1Hour.0.CBT-REV,14149500,2026-01-15 16:00:00,2026-01-16 00:00:00,9,-0.138,0.293,691.916,692.054
DEX,ELEV,HOURLY,DEX.Elev-Forebay.Inst.1Hour.0.CBT-REV,14149500,2026-01-16 02:00:00,2026-01-16 03:00:00,2,-0.114,0.120,693.190,693.304
DEX,ELEV,HOURLY,DEX.Elev-Forebay.Inst.1Hour.0.CBT-REV,14149500,2026-01-16 05:00:00,2026-01-16 14:00:00,10,0.172,0.185,692.052,691.880
DEX,ELEV,HOURLY,DEX.Elev-Forebay.Inst.1Hour.0.CBT-REV,14149500,2026-01-16 16:00:00,2026-01-16 17:00:00,2,-0.136,0.140,690.705,690.841
DEX,ELEV,HOURLY,DEX.Elev-Forebay.Inst.1Hour.0.CBT-REV,14149500,2026-01-16 19:00:00,2026-01-17 03:00:00,9,-0.151,0.175,692.191,692.342
DEX,ELEV,HOURLY,DEX.Elev-Forebay.Inst.1Hour.0.CBT-REV,14149500,2026-01-17 05:00:00,2026-01-17 14:00:00,10,0.146,0.150,692.221,692.075
DEX,ELEV,HOURLY,DEX.Elev-Forebay.Inst.1Hour.0.CBT-REV,14149500,2026-01-17 17:00:00,2026-01-18 03:00:00,11,-0.140,0.152,692.443,692.583
DEX,ELEV,HOURLY,DEX.Elev-Forebay.Inst.1Hour.0.CBT-REV,14149500,2026-01-18 05:00:00,2026-01-18 14:00:00,10,0.152,0.158,692.553,692.401
DEX,ELEV,HOURLY,DEX.Elev-Forebay.Inst.1Hour.0.CBT-REV,14149500,2026-01-18 16:00:00,2026-01-18 22:00:00,7,-0.141,0.158,692.081,692.222
DEX,ELEV,HOURLY,DEX.Elev-Forebay.Inst.1Hour.0.CBT-REV,14149500,2026-01-19 00:00:00,2026-01-19 04:00:00,5,-0.141,0.165,693.842,693.983
DEX,ELEV,HOURLY,DEX.Elev-Forebay.Inst.1Hour.0.CBT-REV,14149500,2026-01-19 06:00:00,2026-01-19 13:00:00,8,0.143,0.155,693.299,693.156
DEX,ELEV,HOURLY,DEX.Elev-Forebay.Inst.1Hour.0.CBT-REV,14149500,2026-01-19 20:00:00,2026-01-19 22:00:00,3,-0.170,0.250,692.273,692.443
DEX,ELEV,HOURLY,DEX.Elev-Forebay.Inst.1Hour.0.CBT-REV,14149500,2026-01-20 00:00:00,2026-01-20 04:00:00,5,-0.178,0.203,693.154,693.332
DEX,ELEV,HOURLY,DEX.Elev-Forebay.Inst.1Hour.0.CBT-REV,14149500,2026-01-20 06:00:00,2026-01-20 10:00:00,5,0.116,0.122,693.700,693.584
DEX,ELEV,HOURLY,DEX.Elev-Forebay.Inst.1Hour.0.CBT-REV,14149500,2026-01-20 12:00:00,2026-01-20 13:00:00,2,0.117,0.122,692.860,692.743
DEX,ELEV,HOURLY,DEX.Elev-Forebay.Inst.1Hour.0.CBT-REV,14149500,2026-01-21 01:00:00,2026-01-21 04:00:00,4,-0.198,0.202,693.887,694.085
DEX,ELEV,HOURLY,DEX.Elev-Forebay.Inst.1Hour.0.CBT-REV,14149500,2026-01-21 07:00:00,2026-01-21 09:00:00,3,0.112,0.117,694.300,694.188
DEX,ELEV,HOURLY,DEX.Elev-Forebay.Inst.1Hour.0.CBT-REV,14149500,2026-01-21 11:00:00,2026-01-21 12:00:00,2,0.108,0.112,693.690,693.582
DEX,ELEV,HOURLY,DEX.Elev-Forebay.Inst.1Hour.0.CBT-REV,14149500,2026-01-21 14:00:00,2026-01-21 16:00:00,3,-0.227,0.322,693.860,694.087
DEX,ELEV,HOURLY,DEX.Elev-Forebay.Inst.1Hour.0.CBT-REV,14149500,2026-01-21 18:00:00,2026-01-21 18:00:00,1,0.120,0.120,694.470,694.350
DEX,ELEV,HOURLY,DEX.Elev-Forebay.Inst.1Hour.0.CBT-REV,14149500,2026-01-21 20:00:00,2026-01-21 20:00:00,1,0.105,0.105,694.140,694.035
DEX,ELEV,HOURLY,DEX.Elev-Forebay.Inst.1Hour.0.CBT-REV,14149500,2026-01-21 23:00:00,2026-01-22 00:00:00,2,0.105,0.110,693.570,693.465
DEX,ELEV,HOURLY,DEX.Elev-Forebay.Inst.1Hour.0.CBT-REV,14149500,2026-01-22 02:00:00,2026-01-22 04:00:00,3,-0.210,0.268,693.753,693.963
DEX,ELEV,HOURLY,DEX.Elev-Forebay.Inst.1Hour.0.CBT-REV,14149500,2026-01-22 07:00:00,2026-01-22 08:00:00,2,0.100,0.100,694.080,693.980
DEX,ELEV,HOURLY,DEX.Elev-Forebay.Inst.1Hour.0.CBT-REV,14149500,2026-01-22 12:00:00,2026-01-22 12:00:00,1,0.108,0.108,693.350,693.242
DEX,ELEV,HOURLY,DEX.Elev-Forebay.Inst.1Hour.0.CBT-REV,14149500,2026-01-22 14:00:00,2026-01-22 16:00:00,3,-0.187,0.192,693.663,693.850
DEX,ELEV,HOURLY,DEX.Elev-Forebay.Inst.1Hour.0.CBT-REV,14149500,2026-01-22 19:00:00,2026-01-22 20:00:00,2,0.105,0.107,694.020,693.915
DEX,ELEV,HOURLY,DEX.Elev-Forebay.Inst.1Hour.0.CBT-REV,14149500,2026-01-22 23:00:00,2026-01-23 00:00:00,2,0.103,0.103,693.400,693.298
DEX,ELEV,HOURLY,DEX.Elev-Forebay.Inst.1Hour.0.CBT-REV,14149500,2026-01-23 03:00:00,2026-01-23 03:00:00,1,-0.178,0.178,693.210,693.388
DEX,ELEV,HOURLY,DEX.Elev-Forebay.Inst.1Hour.0.CBT-REV,14149500,2026-01-23 08:00:00,2026-01-23 08:00:00,1,0.100,0.100,693.230,693.130
DEX,ELEV,HOURLY,DEX.Elev-Forebay.Inst.1Hour.0.CBT-REV,14149500,2026-01-23 13:00:00,2026-01-23 16:00:00,4,-0.156,0.200,692.898,693.053
DEX,ELEV,HOURLY,DEX.Elev-Forebay.Inst.1Hour.0.CBT-REV,14149500,2026-01-24 02:00:00,2026-01-24 04:00:00,3,-0.178,0.202,692.727,692.905
DEX,ELEV,HOURLY,DEX.Elev-Forebay.Inst.1Hour.0.CBT-REV,14149500,2026-01-24 13:00:00,2026-01-24 16:00:00,4,-0.157,0.217,692.730,692.887
DEX,ELEV,HOURLY,DEX.Elev-Forebay.Inst.1Hour.0.CBT-REV,14149500,2026-01-25 02:00:00,2026-01-25 04:00:00,3,-0.177,0.195,692.567,692.743
DEX,ELEV,HOURLY,DEX.Elev-Forebay.Inst.1Hour.0.CBT-REV,14149500,2026-01-25 14:00:00,2026-01-25 16:00:00,3,-0.162,0.190,692.680,692.842
DEX,ELEV,HOURLY,DEX.Elev-Forebay.Inst.1Hour.0.CBT-REV,14149500,2026-01-26 02:00:00,2026-01-26 04:00:00,3,-0.176,0.203,692.383,692.559
DEX,ELEV,HOURLY,DEX.Elev-Forebay.Inst.1Hour.0.CBT-REV,14149500,2026-01-26 07:00:00,2026-01-26 07:00:00,1,0.183,0.183,692.910,692.727
DEX,ELEV,HOURLY,DEX.Elev-Forebay.Inst.1Hour.0.CBT-REV,14149500,2026-01-26 12:00:00,2026-01-26 16:00:00,5,-0.121,0.300,692.286,692.406
DEX,ELEV,HOURLY,DEX.Elev-Forebay.Inst.1Hour.0.CBT-REV,14149500,2026-01-27 02:00:00,2026-01-27 04:00:00,3,-0.171,0.208,692.160,692.331
DEX,ELEV,HOURLY,DEX.Elev-Forebay.Inst.1Hour.0.CBT-REV,14149500,2026-01-27 07:00:00,2026-01-27 07:00:00,1,0.105,0.105,692.590,692.485
DEX,ELEV,HOURLY,DEX.Elev-Forebay.Inst.1Hour.0.CBT-REV,14149500,2026-01-27 13:00:00,2026-01-27 16:00:00,4,-0.150,0.202,692.117,692.267
DEX,ELEV,HOURLY,DEX.Elev-Forebay.Inst.1Hour.0.CBT-REV,14149500,2026-01-27 20:00:00,2026-01-27 20:00:00,1,0.115,0.115,692.360,692.245
DEX,ELEV,HOURLY,DEX.Elev-Forebay.Inst.1Hour.0.CBT-REV,14149500,2026-01-28 02:00:00,2026-01-28 05:00:00,4,-0.231,0.340,692.145,692.376
DEX,ELEV,HOURLY,DEX.Elev-Forebay.Inst.1Hour.0.CBT-REV,14149500,2026-01-28 09:00:00,2026-01-28 10:00:00,2,0.244,0.280,692.465,692.221
DEX,ELEV,HOURLY,DEX.Elev-Forebay.Inst.1Hour.0.CBT-REV,14149500,2026-01-28 12:00:00,2026-01-28 15:00:00,4,-0.110,0.215,692.130,692.240
DEX,ELEV,HOURLY,DEX.Elev-Forebay.Inst.1Hour.0.CBT-REV,14149500,2026-01-29 01:00:00,2026-01-29 02:00:00,2,-0.159,0.180,692.075,692.234
DEX,ELEV,HOURLY,DEX.Elev-Forebay.Inst.1Hour.0.CBT-REV,14149500,2026-01-29 13:00:00,2026-01-29 15:00:00,3,-0.153,0.175,692.090,692.242
DEX,ELEV,HOURLY,DEX.Elev-Forebay.Inst.1Hour.0.CBT-REV,14149500,2026-01-30 01:00:00,2026-01-30 02:00:00,2,-0.161,0.192,691.980,692.141
DEX,ELEV,HOURLY,DEX.Elev-Forebay.Inst.1Hour.0.CBT-REV,14149500,2026-01-30 13:00:00,2026-01-30 16:00:00,4,-0.238,0.372,692.073,692.311
DEX,ELEV,HOURLY,DEX.Elev-Forebay.Inst.1Hour.0.CBT-REV,14149500,2026-01-31 01:00:00,2026-01-31 03:00:00,3,-0.137,0.157,692.083,692.220
DEX,ELEV,HOURLY,DEX.Elev-Forebay.Inst.1Hour.0.CBT-REV,14149500,2026-01-31 13:00:00,2026-01-31 15:00:00,3,-0.182,0.217,691.910,692.092
DEX,ELEV,HOURLY,DEX.Elev-Forebay.Inst.1Hour.0.CBT-REV,14149500,2026-02-01 01:00:00,2026-02-01 02:00:00,2,-0.164,0.218,691.810,691.974
DEX,ELEV,HOURLY,DEX.Elev-Forebay.Inst.1Hour.0.CBT-REV,14149500,2026-02-01 14:00:00,2026-02-01 15:00:00,2,-0.209,0.213,691.940,692.149
DEX,ELEV,HOURLY,DEX.Elev-Forebay.Inst.1Hour.0.CBT-REV,14149500,2026-02-02 01:00:00,2026-02-02 03:00:00,3,-0.163,0.220,691.860,692.023
DEX,ELEV,HOURLY,DEX.Elev-Forebay.Inst.1Hour.0.CBT-REV,14149500,2026-02-02 13:00:00,2026-02-02 15:00:00,3,-0.185,0.237,691.773,691.958
DEX,ELEV,HOURLY,DEX.Elev-Forebay.Inst.1Hour.0.CBT-REV,14149500,2026-02-03 01:00:00,2026-02-03 03:00:00,3,-0.158,0.215,691.827,691.984
DEX,ELEV,HOURLY,DEX.Elev-Forebay.Inst.1Hour.0.CBT-REV,14149500,2026-02-03 13:00:00,2026-02-03 15:00:00,3,-0.191,0.227,691.687,691.877
DEX,ELEV,HOURLY,DEX.Elev-Forebay.Inst.1Hour.0.CBT-REV,14149500,2026-02-04 01:00:00,2026-02-04 03:00:00,3,-0.162,0.208,691.763,691.925
DEX,ELEV,HOURLY,DEX.Elev-Forebay.Inst.1Hour.0.CBT-REV,14149500,2026-02-04 13:00:00,2026-02-04 15:00:00,3,-0.173,0.213,691.617,691.789
DEX,ELEV,HOURLY,DEX.Elev-Forebay.Inst.1Hour.0.CBT-REV,14149500,2026-02-05 01:00:00,2026-02-05 03:00:00,3,-0.159,0.212,691.687,691.846
DEX,ELEV,HOURLY,DEX.Elev-Forebay.Inst.1Hour.0.CBT-REV,14149500,2026-02-05 12:00:00,2026-02-05 15:00:00,4,-0.024,0.362,691.597,691.621
DEX,ELEV,HOURLY,DEX.Elev-Forebay.Inst.1Hour.0.CBT-REV,14149500,2026-02-06 01:00:00,2026-02-06 03:00:00,3,-0.157,0.217,691.623,691.780
DEX,ELEV,HOURLY,DEX.Elev-Forebay.Inst.1Hour.0.CBT-REV,14149500,2026-02-06 13:00:00,2026-02-06 15:00:00,3,-0.179,0.212,691.480,691.659
DEX,ELEV,HOURLY,DEX.Elev-Forebay.Inst.1Hour.0.CBT-REV,14149500,2026-02-07 00:00:00,2026-02-07 02:00:00,3,-0.157,0.215,691.663,691.820
DEX,ELEV,HOURLY,DEX.Elev-Forebay.Inst.1Hour.0.CBT-REV,14149500,2026-02-07 13:00:00,2026-02-07 15:00:00,3,-0.182,0.218,691.423,691.605
DEX,ELEV,HOURLY,DEX.Elev-Forebay.Inst.1Hour.0.CBT-REV,14149500,2026-02-08 00:00:00,2026-02-08 02:00:00,3,-0.163,0.212,691.620,691.782
DEX,ELEV,HOURLY,DEX.Elev-Forebay.Inst.1Hour.0.CBT-REV,14149500,2026-02-08 13:00:00,2026-02-08 16:00:00,4,-0.201,0.285,691.588,691.788
DEX,ELEV,HOURLY,DEX.Elev-Forebay.Inst.1Hour.0.CBT-REV,14149500,2026-02-09 00:00:00,2026-02-09 02:00:00,3,-0.163,0.200,691.717,691.879
DEX,ELEV,HOURLY,DEX.Elev-Forebay.Inst.1Hour.0.CBT-REV,14149500,2026-02-09 13:00:00,2026-02-09 15:00:00,3,-0.164,0.205,691.557,691.721
DEX,ELEV,HOURLY,DEX.Elev-Forebay.Inst.1Hour.0.CBT-REV,14149500,2026-02-10 00:00:00,2026-02-10 02:00:00,3,-0.142,0.170,691.740,691.882
DEX,ELEV,HOURLY,DEX.Elev-Forebay.Inst.1Hour.0.CBT-REV,14149500,2026-02-10 13:00:00,2026-02-10 15:00:00,3,-0.166,0.213,691.483,691.649
DEX,ELEV,HOURLY,DEX.Elev-Forebay.Inst.1Hour.0.CBT-REV,14149500,2026-02-11 00:00:00,2026-02-11 02:00:00,3,-0.141,0.168,691.660,691.801
DEX,ELEV,HOURLY,DEX.Elev-Forebay.Inst.1Hour.0.CBT-REV,14149500,2026-02-11 13:00:00,2026-02-11 15:00:00,3,-0.188,0.235,691.377,691.564
DEX,ELEV,HOURLY,DEX.Elev-Forebay.Inst.1Hour.0.CBT-REV,14149500,2026-02-12 01:00:00,2026-02-12 02:00:00,2,-0.175,0.217,691.670,691.845
DEX,ELEV,HOURLY,DEX.Elev-Forebay.Inst.1Hour.0.CBT-REV,14149500,2026-02-12 13:00:00,2026-02-12 15:00:00,3,-0.259,0.445,691.213,691.472
DEX,ELEV,HOURLY,DEX.Elev-Forebay.Inst.1Hour.0.CBT-REV,14149500,2026-02-12 19:00:00,2026-02-12 19:00:00,1,0.147,0.147,691.810,691.663
DEX,ELEV,HOURLY,DEX.Elev-Forebay.Inst.1Hour.0.CBT-REV,14149500,2026-02-12 23:00:00,2026-02-12 23:00:00,1,0.120,0.120,691.360,691.240
DEX,ELEV,HOURLY,DEX.Elev-Forebay.Inst.1Hour.0.CBT-REV,14149500,2026-02-13 01:00:00,2026-02-13 02:00:00,2,-0.171,0.210,691.605,691.776
DEX,ELEV,HOURLY,DEX.Elev-Forebay.Inst.1Hour.0.CBT-REV,14149500,2026-02-13 13:00:00,2026-02-13 15:00:00,3,-0.228,0.263,691.280,691.508
DEX,ELEV,HOURLY,DEX.Elev-Forebay.Inst.1Hour.0.CBT-REV,14149500,2026-02-14 01:00:00,2026-02-14 02:00:00,2,-0.188,0.245,691.380,691.567
DEX,ELEV,HOURLY,DEX.Elev-Forebay.Inst.1Hour.0.CBT-REV,14149500,2026-02-14 13:00:00,2026-02-14 15:00:00,3,-0.220,0.252,691.327,691.547
DEX,ELEV,HOURLY,DEX.Elev-Forebay.Inst.1Hour.0.CBT-REV,14149500,2026-02-15 01:00:00,2026-02-15 02:00:00,2,-0.186,0.245,691.420,691.606
DEX,ELEV,HOURLY,DEX.Elev-Forebay.Inst.1Hour.0.CBT-REV,14149500,2026-02-15 13:00:00,2026-02-15 15:00:00,3,-0.255,0.365,691.310,691.565
DEX,ELEV,HOURLY,DEX.Elev-Forebay.Inst.1Hour.0.CBT-REV,14149500,2026-02-16 01:00:00,2026-02-16 02:00:00,2,-0.198,0.255,691.425,691.623
DEX,ELEV,HOURLY,DEX.Elev-Forebay.Inst.1Hour.0.CBT-REV,14149500,2026-02-16 13:00:00,2026-02-16 15:00:00,3,-0.246,0.355,691.363,691.609
DEX,ELEV,HOURLY,DEX.Elev-Forebay.Inst.1Hour.0.CBT-REV,14149500,2026-02-17 01:00:00,2026-02-17 02:00:00,2,-0.194,0.248,691.525,691.719
DEX,ELEV,HOURLY,DEX.Elev-Forebay.Inst.1Hour.0.CBT-REV,14149500,2026-02-17 13:00:00,2026-02-17 15:00:00,3,-0.243,0.350,691.430,691.673
DEX,ELEV,HOURLY,DEX.Elev-Forebay.Inst.1Hour.0.CBT-REV,14149500,2026-02-18 01:00:00,2026-02-18 03:00:00,3,-0.153,0.248,691.687,691.840
DEX,ELEV,HOURLY,DEX.Elev-Forebay.Inst.1Hour.0.CBT-REV,14149500,2026-02-18 13:00:00,2026-02-18 15:00:00,3,-0.212,0.260,691.447,691.658
DEX,ELEV,HOURLY,DEX.Elev-Forebay.Inst.1Hour.0.CBT-REV,14149500,2026-02-18 22:00:00,2026-02-18 22:00:00,1,0.360,0.360,691.990,691.630
DEX,ELEV,HOURLY,DEX.Elev-Forebay.Inst.1Hour.0.CBT-REV,14149500,2026-02-19 01:00:00,2026-02-19 03:00:00,3,-0.165,0.245,691.683,691.848
DEX,ELEV,HOURLY,DEX.Elev-Forebay.Inst.1Hour.0.CBT-REV,14149500,2026-02-19 13:00:00,2026-02-19 15:00:00,3,-0.209,0.252,691.497,691.706
DEX,ELEV,HOURLY,DEX.Elev-Forebay.Inst.1Hour.0.CBT-REV,14149500,2026-02-20 01:00:00,2026-02-20 02:00:00,2,-0.191,0.245,691.540,691.731
DEX,ELEV,HOURLY,DEX.Elev-Forebay.Inst.1Hour.0.CBT-REV,14149500,2026-02-20 14:00:00,2026-02-20 16:00:00,3,-0.183,0.240,691.400,691.582
DEX,ELEV,HOURLY,DEX.Elev-Forebay.Inst.1Hour.0.CBT-REV,14149500,2026-02-21 02:00:00,2026-02-21 03:00:00,2,-0.188,0.248,691.445,691.632
DEX,ELEV,HOURLY,DEX.Elev-Forebay.Inst.1Hour.0.CBT-REV,14149500,2026-02-21 14:00:00,2026-02-21 16:00:00,3,-0.211,0.257,691.360,691.571
DEX,ELEV,HOURLY,DEX.Elev-Forebay.Inst.1Hour.0.CBT-REV,14149500,2026-02-22 02:00:00,2026-02-22 03:00:00,2,-0.181,0.245,691.435,691.616
DEX,ELEV,HOURLY,DEX.Elev-Forebay.Inst.1Hour.0.CBT-REV,14149500,2026-02-22 14:00:00,2026-02-22 16:00:00,3,-0.209,0.265,691.320,691.529
DEX,ELEV,HOURLY,DEX.Elev-Forebay.Inst.1Hour.0.CBT-REV,14149500,2026-02-23 02:00:00,2026-02-23 04:00:00,3,-0.158,0.210,691.550,691.707
DEX,ELEV,HOURLY,DEX.Elev-Forebay.Inst.1Hour.0.CBT-REV,14149500,2026-02-23 14:00:00,2026-02-23 16:00:00,3,-0.191,0.253,691.363,691.554
DEX,ELEV,HOURLY,DEX.Elev-Forebay.Inst.1Hour.0.CBT-REV,14149500,2026-02-24 02:00:00,2026-02-24 03:00:00,2,-0.212,0.262,691.545,691.757
DEX,ELEV,HOURLY,DEX.Elev-Forebay.Inst.1Hour.0.CBT-REV,14149500,2026-02-24 14:00:00,2026-02-24 16:00:00,3,-0.204,0.245,691.613,691.817
DEX,ELEV,HOURLY,DEX.Elev-Forebay.Inst.1Hour.0.CBT-REV,14149500,2026-02-24 20:00:00,2026-02-24 20:00:00,1,0.110,0.110,692.240,692.130
DEX,ELEV,HOURLY,DEX.Elev-Forebay.Inst.1Hour.0.CBT-REV,14149500,2026-02-25 02:00:00,2026-02-25 03:00:00,2,-0.191,0.238,691.745,691.936
DEX,ELEV,HOURLY,DEX.Elev-Forebay.Inst.1Hour.0.CBT-REV,14149500,2026-02-25 14:00:00,2026-02-25 16:00:00,3,-0.190,0.228,691.747,691.937
DEX,ELEV,HOURLY,DEX.Elev-Forebay.Inst.1Hour.0.CBT-REV,14149500,2026-02-26 02:00:00,2026-02-26 02:00:00,1,0.175,0.175,691.970,691.795
DEX,ELEV,HOURLY,DEX.Elev-Forebay.Inst.1Hour.0.CBT-REV,14149500,2026-02-26 14:00:00,2026-02-26 16:00:00,3,-0.192,0.230,691.663,691.855
DEX,ELEV,HOURLY,DEX.Elev-Forebay.Inst.1Hour.0.CBT-REV,14149500,2026-02-27 02:00:00,2026-02-27 03:00:00,2,0.007,0.130,691.840,691.832
DEX,ELEV,HOURLY,DEX.Elev-Forebay.Inst.1Hour.0.CBT-REV,14149500,2026-02-27 14:00:00,2026-02-27 15:00:00,2,-0.101,0.103,691.465,691.566
DEX,ELEV,HOURLY,DEX.Elev-Forebay.Inst.1Hour.0.CBT-REV,14149500,2026-02-28 01:00:00,2026-02-28 03:00:00,3,-0.180,0.258,691.197,691.377
DEX,ELEV,HOURLY,DEX.Elev-Forebay.Inst.1Hour.0.CBT-REV,14149500,2026-03-01 01:00:00,2026-03-01 03:00:00,3,-0.251,0.368,690.960,691.211
DEX,ELEV,HOURLY,DEX.Elev-Forebay.Inst.1Hour.0.CBT-REV,14149500,2026-03-02 01:00:00,2026-03-02 03:00:00,3,-0.243,0.357,690.780,691.023
DEX,ELEV,HOURLY,DEX.Elev-Forebay.Inst.1Hour.0.CBT-REV,14149500,2026-03-02 14:00:00,2026-03-02 15:00:00,2,-0.105,0.105,690.965,691.070
DEX,ELEV,HOURLY,DEX.Elev-Forebay.Inst.1Hour.0.CBT-REV,14149500,2026-03-03 01:00:00,2026-03-03 03:00:00,3,-0.208,0.275,690.723,690.932
DEX,ELEV,HOURLY,DEX.Elev-Forebay.Inst.1Hour.0.CBT-REV,14149500,2026-03-03 14:00:00,2026-03-03 15:00:00,2,-0.105,0.110,690.940,691.045
DEX,ELEV,HOURLY,DEX.Elev-Forebay.Inst.1Hour.0.CBT-REV,14149500,2026-03-04 01:00:00,2026-03-04 03:00:00,3,-0.224,0.280,690.657,690.881
DEX,ELEV,HOURLY,DEX.Elev-Forebay.Inst.1Hour.0.CBT-REV,14149500,2026-03-04 06:00:00,2026-03-04 08:00:00,3,0.146,0.195,691.367,691.221
DEX,ELEV,HOURLY,DEX.Elev-Forebay.Inst.1Hour.0.CBT-REV,14149500,2026-03-04 14:00:00,2026-03-04 14:00:00,1,-0.100,0.100,690.780,690.880
DEX,ELEV,HOURLY,DEX.Elev-Forebay.Inst.1Hour.0.CBT-REV,14149500,2026-03-05 01:00:00,2026-03-05 03:00:00,3,-0.232,0.273,690.597,690.828
DEX,ELEV,HOURLY,DEX.Elev-Forebay.Inst.1Hour.0.CBT-REV,14149500,2026-03-05 13:00:00,2026-03-05 15:00:00,3,-0.194,0.265,690.967,691.161
DEX,ELEV,HOURLY,DEX.Elev-Forebay.Inst.1Hour.0.CBT-REV,14149500,2026-03-06 01:00:00,2026-03-06 03:00:00,3,-0.223,0.265,691.057,691.279
DEX,ELEV,HOURLY,DEX.Elev-Forebay.Inst.1Hour.0.CBT-REV,14149500,2026-03-06 13:00:00,2026-03-06 15:00:00,3,-0.226,0.275,691.397,691.623
DEX,ELEV,HOURLY,DEX.Elev-Forebay.Inst.1Hour.0.CBT-REV,14149500,2026-03-07 01:00:00,2026-03-07 03:00:00,3,-0.226,0.265,691.757,691.982
DEX,ELEV,HOURLY,DEX.Elev-Forebay.Inst.1Hour.0.CBT-REV,14149500,2026-03-07 13:00:00,2026-03-07 15:00:00,3,-0.228,0.263,692.100,692.327
DEX,ELEV,HOURLY,DEX.Elev-Forebay.Inst.1Hour.0.CBT-REV,14149500,2026-03-08 02:00:00,2026-03-08 03:00:00,2,-0.238,0.258,692.370,692.608
DEX,ELEV,HOURLY,DEX.Elev-Forebay.Inst.1Hour.0.CBT-REV,14149500,2026-03-08 12:00:00,2026-03-08 14:00:00,3,-0.282,0.408,692.540,692.822
DEX,ELEV,HOURLY,DEX.Elev-Forebay.Inst.1Hour.0.CBT-REV,14149500,2026-03-09 01:00:00,2026-03-09 02:00:00,2,-0.241,0.265,692.845,693.086
DEX,ELEV,HOURLY,DEX.Elev-Forebay.Inst.1Hour.0.CBT-REV,14149500,2026-03-09 12:00:00,2026-03-09 14:00:00,3,-0.276,0.397,692.910,693.186
DEX,ELEV,HOURLY,DEX.Elev-Forebay.Inst.1Hour.0.CBT-REV,14149500,2026-03-10 01:00:00,2026-03-10 02:00:00,2,-0.229,0.240,693.195,693.424
DEX,ELEV,HOURLY,DEX.Elev-Forebay.Inst.1Hour.0.CBT-REV,14149500,2026-03-10 12:00:00,2026-03-10 16:00:00,5,-0.202,0.275,693.510,693.712
DEX,ELEV,HOURLY,DEX.Elev-Forebay.Inst.1Hour.0.CBT-REV,14149500,2026-03-10 21:00:00,2026-03-10 21:00:00,1,0.125,0.125,694.220,694.095
DEX,ELEV,HOURLY,DEX.Elev-Forebay.Inst.1Hour.0.CBT-REV,14149500,2026-03-11 12:00:00,2026-03-11 17:00:00,6,-0.161,0.240,693.285,693.446
DEX,ELEV,HOURLY,DEX.Elev-Forebay.Inst.1Hour.0.CBT-REV,14149500,2026-03-12 12:00:00,2026-03-12 16:00:00,5,-0.235,0.300,692.710,692.945
DEX,ELEV,HOURLY,DEX.Elev-Forebay.Inst.1Hour.0.CBT-REV,14149500,2026-03-19 12:00:00,2026-03-19 12:00:00,1,-0.100,0.100,691.010,691.110
DEX,ELEV,HOURLY,DEX.Elev-Forebay.Inst.1Hour.0.CBT-REV,14149500,2026-03-21 05:00:00,2026-03-21 05:00:00,1,-0.103,0.103,691.390,691.493
DEX,ELEV,HOURLY,DEX.Elev-Forebay.Inst.1Hour.0.CBT-REV,14149500,2026-03-23 04:00:00,2026-03-23 04:00:00,1,-0.103,0.103,691.810,691.913
DEX,ELEV,HOURLY,DEX.Elev-Forebay.Inst.1Hour.0.CBT-REV,14149500,2026-03-23 14:00:00,2026-03-23 14:00:00,1,-0.105,0.105,692.150,692.255
DEX,ELEV,HOURLY,DEX.Elev-Forebay.Inst.1Hour.0.CBT-REV,14149500,2026-03-24 08:00:00,2026-03-24 09:00:00,2,0.275,0.367,692.595,692.320
DEX,ELEV,HOURLY,DEX.Elev-Forebay.Inst.1Hour.0.CBT-REV,14149500,2026-03-26 04:00:00,2026-03-26 04:00:00,1,-0.175,0.175,692.570,692.745
DEX,ELEV,HOURLY,DEX.Elev-Forebay.Inst.1Hour.0.CBT-REV,14149500,2026-03-26 09:00:00,2026-03-26 09:00:00,1,0.172,0.172,692.520,692.347
DEX,ELEV,HOURLY,DEX.Elev-Forebay.Inst.1Hour.0.CBT-REV,14149500,2026-03-27 03:00:00,2026-03-27 03:00:00,1,-0.108,0.108,692.520,692.628
DEX,ELEV,HOURLY,DEX.Elev-Forebay.Inst.1Hour.0.CBT-REV,14149500,2026-03-27 12:00:00,2026-03-27 12:00:00,1,0.212,0.212,692.250,692.038
DEX,ELEV,HOURLY,DEX.Elev-Forebay.Inst.1Hour.0.CBT-REV,14149500,2026-03-27 14:00:00,2026-03-27 14:00:00,1,-0.105,0.105,692.100,692.205
DEX,ELEV,HOURLY,DEX.Elev-Forebay.Inst.1Hour.0.CBT-REV,14149500,2026-03-27 16:00:00,2026-03-27 16:00:00,1,-0.115,0.115,692.420,692.535
DEX,ELEV,HOURLY,DEX.Elev-Forebay.Inst.1Hour.0.CBT-REV,14149500,2026-03-28 01:00:00,2026-03-28 04:00:00,4,-0.110,0.115,692.272,692.382
DEX,ELEV,HOURLY,DEX.Elev-Forebay.Inst.1Hour.0.CBT-REV,14149500,2026-03-29 03:00:00,2026-03-29 04:00:00,2,-0.116,0.133,692.410,692.526
DEX,ELEV,HOURLY,DEX.Elev-Forebay.Inst.1Hour.0.CBT-REV,14149500,2026-03-29 12:00:00,2026-03-29 12:00:00,1,0.110,0.110,692.040,691.930
DEX,ELEV,HOURLY,DEX.Elev-Forebay.Inst.1Hour.0.CBT-REV,14149500,2026-03-29 14:00:00,2026-03-29 15:00:00,2,-0.106,0.107,692.065,692.171
DEX,ELEV,HOURLY,DEX.Elev-Forebay.Inst.1Hour.0.CBT-REV,14149500,2026-03-30 02:00:00,2026-03-30 02:00:00,1,-0.110,0.110,692.090,692.200
DEX,ELEV,HOURLY,DEX.Elev-Forebay.Inst.1Hour.0.CBT-REV,14149500,2026-03-30 04:00:00,2026-03-30 04:00:00,1,-0.108,0.108,692.420,692.528
DEX,ELEV,HOURLY,DEX.Elev-Forebay.Inst.1Hour.0.CBT-REV,14149500,2026-03-30 15:00:00,2026-03-30 16:00:00,2,-0.104,0.107,692.155,692.259
DEX,ELEV,HOURLY,DEX.Elev-Forebay.Inst.1Hour.0.CBT-REV,14149500,2026-03-31 01:00:00,2026-03-31 01:00:00,1,-0.100,0.100,691.840,691.940
DEX,ELEV,HOURLY,DEX.Elev-Forebay.Inst.1Hour.0.CBT-REV,14149500,2026-03-31 04:00:00,2026-03-31 04:00:00,1,-0.108,0.108,692.330,692.438
DEX,ELEV,HOURLY,DEX.Elev-Forebay.Inst.1Hour.0.CBT-REV,14149500,2026-03-31 14:00:00,2026-03-31 15:00:00,2,-0.112,0.117,691.900,692.013
DEX,ELEV,HOURLY,DEX.Elev-Forebay.Inst.1Hour.0.CBT-REV,14149500,2026-04-01 02:00:00,2026-04-01 04:00:00,3,-0.102,0.105,692.097,692.198
DEX,ELEV,HOURLY,DEX.Elev-Forebay.Inst.1Hour.0.CBT-REV,14149500,2026-04-01 14:00:00,2026-04-01 15:00:00,2,-0.109,0.110,691.835,691.944
DEX,ELEV,HOURLY,DEX.Elev-Forebay.Inst.1Hour.0.CBT-REV,14149500,2026-04-02 01:00:00,2026-04-02 01:00:00,1,-0.112,0.112,691.700,691.812
DEX,ELEV,HOURLY,DEX.Elev-Forebay.Inst.1Hour.0.CBT-REV,14149500,2026-04-02 03:00:00,2026-04-02 04:00:00,2,-0.121,0.135,692.115,692.236
DEX,ELEV,HOURLY,DEX.Elev-Forebay.Inst.1Hour.0.CBT-REV,14149500,2026-04-02 14:00:00,2026-04-02 16:00:00,3,-0.104,0.105,691.883,691.987
DEX,ELEV,HOURLY,DEX.Elev-Forebay.Inst.1Hour.0.CBT-REV,14149500,2026-04-03 01:00:00,2026-04-03 01:00:00,1,-0.118,0.118,691.660,691.778
DEX,ELEV,HOURLY,DEX.Elev-Forebay.Inst.1Hour.0.CBT-REV,14149500,2026-04-03 03:00:00,2026-04-03 04:00:00,2,-0.105,0.110,692.085,692.190
DEX,ELEV,HOURLY,DEX.Elev-Forebay.Inst.1Hour.0.CBT-REV,14149500,2026-04-03 13:00:00,2026-04-03 15:00:00,3,-0.106,0.112,691.927,692.032
DEX,ELEV,HOURLY,DEX.Elev-Forebay.Inst.1Hour.0.CBT-REV,14149500,2026-04-04 02:00:00,2026-04-04 02:00:00,1,-0.102,0.102,691.750,691.852
DEX,ELEV,HOURLY,DEX.Elev-Forebay.Inst.1Hour.0.CBT-REV,14149500,2026-04-04 04:00:00,2026-04-04 04:00:00,1,-0.105,0.105,692.080,692.185
DEX,ELEV,HOURLY,DEX.Elev-Forebay.Inst.1Hour.0.CBT-REV,14149500,2026-04-04 13:00:00,2026-04-04 15:00:00,3,-0.105,0.108,691.830,691.935
DEX,ELEV,HOURLY,DEX.Elev-Forebay.Inst.1Hour.0.CBT-REV,14149500,2026-04-05 02:00:00,2026-04-05 04:00:00,3,-0.107,0.113,691.833,691.940
DEX,ELEV,HOURLY,DEX.Elev-Forebay.Inst.1Hour.0.CBT-REV,14149500,2026-04-05 14:00:00,2026-04-05 14:00:00,1,-0.105,0.105,691.760,691.865
DEX,ELEV,HOURLY,DEX.Elev-Forebay.Inst.1Hour.0.CBT-REV,14149500,2026-04-06 01:00:00,2026-04-06 03:00:00,3,-0.108,0.113,691.587,691.694
DEX,ELEV,HOURLY,DEX.Elev-Forebay.Inst.1Hour.0.CBT-REV,14149500,2026-04-07 02:00:00,2026-04-07 04:00:00,3,-0.102,0.103,691.640,691.742
DEX,ELEV,HOURLY,DEX.Elev-Forebay.Inst.1Hour.0.CBT-REV,14149500,2026-04-07 13:00:00,2026-04-07 14:00:00,2,-0.116,0.125,691.550,691.666
DEX,ELEV,HOURLY,DEX.Elev-Forebay.Inst.1Hour.0.CBT-REV,14149500,2026-04-12 06:00:00,2026-04-12 06:00:00,1,-0.107,0.107,692.630,692.737
DEX,ELEV,HOURLY,DEX.Elev-Forebay.Inst.1Hour.0.CBT-REV,14149500,2026-04-12 16:00:00,2026-04-12 17:00:00,2,-0.115,0.120,692.495,692.610
DEX,ELEV,HOURLY,DEX.Elev-Forebay.Inst.1Hour.0.CBT-REV,14149500,2026-04-13 01:00:00,2026-04-13 03:00:00,3,-0.111,0.117,692.473,692.584
DEX,ELEV,HOURLY,DEX.Elev-Forebay.Inst.1Hour.0.CBT-REV,14149500,2026-04-13 15:00:00,2026-04-13 15:00:00,1,-0.110,0.110,692.230,692.340
DEX,ELEV,HOURLY,DEX.Elev-Forebay.Inst.1Hour.0.CBT-REV,14149500,2026-04-14 01:00:00,2026-04-14 04:00:00,4,-0.111,0.115,692.310,692.421
DEX,ELEV,HOURLY,DEX.Elev-Forebay.Inst.1Hour.0.CBT-REV,14149500,2026-04-15 01:00:00,2026-04-15 04:00:00,4,-0.114,0.120,692.438,692.552
DEX,ELEV,HOURLY,DEX.Elev-Forebay.Inst.1Hour.0.CBT-REV,14149500,2026-04-15 14:00:00,2026-04-15 16:00:00,3,-0.123,0.143,692.450,692.572
DEX,ELEV,HOURLY,DEX.Elev-Forebay.Inst.1Hour.0.CBT-REV,14149500,2026-04-16 01:00:00,2026-04-16 04:00:00,4,-0.116,0.125,692.617,692.733
DEX,ELEV,HOURLY,DEX.Elev-Forebay.Inst.1Hour.0.CBT-REV,14149500,2026-04-16 14:00:00,2026-04-16 16:00:00,3,-0.112,0.113,692.657,692.768
DEX,ELEV,HOURLY,DEX.Elev-Forebay.Inst.1Hour.0.CBT-REV,14149500,2026-04-17 01:00:00,2026-04-17 04:00:00,4,-0.108,0.118,692.780,692.888
DEX,ELEV,HOURLY,DEX.Elev-Forebay.Inst.1Hour.0.CBT-REV,14149500,2026-04-17 14:00:00,2026-04-17 14:00:00,1,-0.100,0.100,692.790,692.890
DEX,ELEV,HOURLY,DEX.Elev-Forebay.Inst.1Hour.0.CBT-REV,14149500,2026-04-21 02:00:00,2026-04-21 02:00:00,1,0.147,0.147,694.100,693.953
DEX,ELEV,HOURLY,DEX.Elev-Forebay.Inst.1Hour.0.CBT-REV,14149500,2026-04-24 23:00:00,2026-04-25 01:00:00,3,-0.198,0.255,693.197,693.395
DEX,ELEV,HOURLY,DEX.Elev-Forebay.Inst.1Hour.0.CBT-REV,14149500,2026-04-26 00:00:00,2026-04-26 00:00:00,1,-0.123,0.123,693.910,694.033
DEX,ELEV,HOURLY,DEX.Elev-Forebay.Inst.1Hour.0.CBT-REV,14149500,2026-04-26 23:00:00,2026-04-27 01:00:00,3,-0.179,0.210,693.207,693.386
DEX,ELEV,HOURLY,DEX.Elev-Forebay.Inst.1Hour.0.CBT-REV,14149500,2026-04-27 23:00:00,2026-04-28 01:00:00,3,-0.179,0.210,693.253,693.433
DEX,ELEV,HOURLY,DEX.Elev-Forebay.Inst.1Hour.0.CBT-REV,14149500,2026-05-07 19:00:00,2026-05-07 20:00:00,2,0.218,0.268,693.570,693.352
DEX,ELEV,HOURLY,DEX.Elev-Forebay.Inst.1Hour.0.CBT-REV,14149500,2026-05-09 17:00:00,2026-05-09 19:00:00,3,0.111,0.112,692.820,692.709
DEX,ELEV,HOURLY,DEX.Elev-Forebay.Inst.1Hour.0.CBT-REV,14149500,2026-05-11 17:00:00,2026-05-11 17:00:00,1,0.113,0.113,692.720,692.607
DEX,ELEV,HOURLY,DEX.Elev-Forebay.Inst.1Hour.0.CBT-REV,14149500,2026-05-12 16:00:00,2026-05-12 16:00:00,1,0.210,0.210,692.940,692.730
DEX,ELEV,HOURLY,DEX.Elev-Forebay.Inst.1Hour.0.CBT-REV,14149500,2026-05-13 15:00:00,2026-05-13 15:00:00,1,0.115,0.115,692.960,692.845
DEX,ELEV,HOURLY,DEX.Elev-Forebay.Inst.1Hour.0.CBT-REV,14149500,2026-05-14 16:00:00,2026-05-14 17:00:00,2,0.116,0.120,692.560,692.444
DEX,ELEV,HOURLY,DEX.Elev-Forebay.Inst.1Hour.0.CBT-REV,14149500,2026-05-15 12:00:00,2026-05-15 14:00:00,3,-0.108,0.112,692.793,692.901
DEX,ELEV,HOURLY,DEX.Elev-Forebay.Inst.1Hour.0.CBT-REV,14149500,2026-05-15 18:00:00,2026-05-15 21:00:00,4,0.132,0.138,692.585,692.453
DEX,ELEV,HOURLY,DEX.Elev-Forebay.Inst.1Hour.0.CBT-REV,14149500,2026-05-16 03:00:00,2026-05-16 04:00:00,2,-0.157,0.160,692.130,692.287
DEX,ELEV,HOURLY,DEX.Elev-Forebay.Inst.1Hour.0.CBT-REV,14149500,2026-05-16 11:00:00,2026-05-16 15:00:00,5,-0.127,0.153,693.086,693.213
DEX,ELEV,HOURLY,DEX.Elev-Forebay.Inst.1Hour.0.CBT-REV,14149500,2026-05-16 17:00:00,2026-05-16 22:00:00,6,0.137,0.150,693.003,692.866
DEX,ELEV,HOURLY,DEX.Elev-Forebay.Inst.1Hour.0.CBT-REV,14149500,2026-05-17 03:00:00,2026-05-17 04:00:00,2,-0.140,0.150,692.505,692.645
DEX,ELEV,HOURLY,DEX.Elev-Forebay.Inst.1Hour.0.CBT-REV,14149500,2026-05-17 12:00:00,2026-05-17 14:00:00,3,-0.192,0.308,693.233,693.426
DEX,ELEV,HOURLY,DEX.Elev-Forebay.Inst.1Hour.0.CBT-REV,14149500,2026-05-17 17:00:00,2026-05-17 22:00:00,6,0.132,0.138,693.160,693.028
DEX,ELEV,HOURLY,DEX.Elev-Forebay.Inst.1Hour.0.CBT-REV,14149500,2026-05-18 04:00:00,2026-05-18 04:00:00,1,-0.158,0.158,692.780,692.938
DEX,ELEV,HOURLY,DEX.Elev-Forebay.Inst.1Hour.0.CBT-REV,14149500,2026-05-18 12:00:00,2026-05-18 13:00:00,2,-0.143,0.145,693.400,693.543
DEX,ELEV,HOURLY,DEX.Elev-Forebay.Inst.1Hour.0.CBT-REV,14149500,2026-05-18 17:00:00,2026-05-18 22:00:00,6,0.133,0.143,693.370,693.237
DEX,ELEV,HOURLY,DEX.Elev-Forebay.Inst.1Hour.0.CBT-REV,14149500,2026-05-19 03:00:00,2026-05-19 04:00:00,2,-0.126,0.150,692.910,693.036
DEX,ELEV,HOURLY,DEX.Elev-Forebay.Inst.1Hour.0.CBT-REV,14149500,2026-05-19 12:00:00,2026-05-19 14:00:00,3,-0.133,0.140,693.600,693.733
DEX,ELEV,HOURLY,DEX.Elev-Forebay.Inst.1Hour.0.CBT-REV,14149500,2026-05-19 17:00:00,2026-05-19 22:00:00,6,0.131,0.142,693.415,693.284
DEX,ELEV,HOURLY,DEX.Elev-Forebay.Inst.1Hour.0.CBT-REV,14149500,2026-05-20 03:00:00,2026-05-20 03:00:00,1,-0.135,0.135,692.810,692.945
DEX,ELEV,HOURLY,DEX.Elev-Forebay.Inst.1Hour.0.CBT-REV,14149500,2026-05-20 12:00:00,2026-05-20 14:00:00,3,-0.132,0.138,693.573,693.705
DEX,ELEV,HOURLY,DEX.Elev-Forebay.Inst.1Hour.0.CBT-REV,14149500,2026-05-20 17:00:00,2026-05-20 22:00:00,6,0.131,0.140,693.368,693.238
DEX,ELEV,HOURLY,DEX.Elev-Forebay.Inst.1Hour.0.CBT-REV,14149500,2026-05-21 03:00:00,2026-05-21 04:00:00,2,-0.124,0.135,692.900,693.024
DEX,ELEV,HOURLY,DEX.Elev-Forebay.Inst.1Hour.0.CBT-REV,14149500,2026-05-21 12:00:00,2026-05-21 14:00:00,3,-0.137,0.145,693.570,693.707
DEX,ELEV,HOURLY,DEX.Elev-Forebay.Inst.1Hour.0.CBT-REV,14149500,2026-05-21 18:00:00,2026-05-21 19:00:00,2,0.112,0.125,693.590,693.477
DEX,ELEV,HOURLY,DEX.Elev-Forebay.Inst.1Hour.0.CBT-REV,14149500,2026-05-21 23:00:00,2026-05-21 23:00:00,1,0.132,0.132,692.660,692.528
DEX,ELEV,HOURLY,DEX.Elev-Forebay.Inst.1Hour.0.CBT-REV,14149500,2026-05-22 03:00:00,2026-05-22 05:00:00,3,-0.125,0.138,692.787,692.912
DEX,ELEV,HOURLY,DEX.Elev-Forebay.Inst.1Hour.0.CBT-REV,14149500,2026-05-22 11:00:00,2026-05-22 13:00:00,3,-0.123,0.132,693.553,693.677
DEX,ELEV,HOURLY,DEX.Elev-Forebay.Inst.1Hour.0.CBT-REV,14149500,2026-05-22 17:00:00,2026-05-22 22:00:00,6,0.155,0.163,693.233,693.078
DEX,ELEV,HOURLY,DEX.Elev-Forebay.Inst.1Hour.0.CBT-REV,14149500,2026-05-23 01:00:00,2026-05-23 05:00:00,5,-0.114,0.128,692.792,692.906
DEX,ELEV,HOURLY,DEX.Elev-Forebay.Inst.1Hour.0.CBT-REV,14149500,2026-05-23 12:00:00,2026-05-23 14:00:00,3,-0.112,0.113,693.683,693.795
DEX,ELEV,HOURLY,DEX.Elev-Forebay.Inst.1Hour.0.CBT-REV,14149500,2026-05-23 17:00:00,2026-05-23 22:00:00,6,0.154,0.165,693.317,693.163
DEX,ELEV,HOURLY,DEX.Elev-Forebay.Inst.1Hour.0.CBT-REV,14149500,2026-05-24 05:00:00,2026-05-24 06:00:00,2,-0.115,0.117,692.860,692.975
DEX,ELEV,HOURLY,DEX.Elev-Forebay.Inst.1Hour.0.CBT-REV,14149500,2026-05-24 11:00:00,2026-05-24 12:00:00,2,-0.117,0.117,693.280,693.398
DEX,ELEV,HOURLY,DEX.Elev-Forebay.Inst.1Hour.0.CBT-REV,14149500,2026-05-24 14:00:00,2026-05-24 14:00:00,1,-0.110,0.110,693.720,693.830
DEX,ELEV,HOURLY,DEX.Elev-Forebay.Inst.1Hour.0.CBT-REV,14149500,2026-05-24 16:00:00,2026-05-24 22:00:00,7,0.153,0.170,693.251,693.099
DEX,ELEV,HOURLY,DEX.Elev-Forebay.Inst.1Hour.0.CBT-REV,14149500,2026-05-25 03:00:00,2026-05-25 06:00:00,4,-0.108,0.125,692.445,692.553
DEX,ELEV,HOURLY,DEX.Elev-Forebay.Inst.1Hour.0.CBT-REV,14149500,2026-05-25 11:00:00,2026-05-25 13:00:00,3,-0.123,0.128,693.163,693.287
DEX,ELEV,HOURLY,DEX.Elev-Forebay.Inst.1Hour.0.CBT-REV,14149500,2026-05-25 16:00:00,2026-05-25 22:00:00,7,0.154,0.173,693.077,692.924
DEX,ELEV,HOURLY,DEX.Elev-Forebay.Inst.1Hour.0.CBT-REV,14149500,2026-05-26 04:00:00,2026-05-26 06:00:00,3,-0.154,0.178,692.267,692.421
DEX,ELEV,HOURLY,DEX.Elev-Forebay.Inst.1Hour.0.CBT-REV,14149500,2026-05-26 11:00:00,2026-05-26 15:00:00,5,-0.320,0.608,693.216,693.535
DEX,ELEV,HOURLY,DEX.Elev-Forebay.Inst.1Hour.0.CBT-REV,14149500,2026-05-26 17:00:00,2026-05-26 22:00:00,6,0.507,1.065,693.418,692.911
DEX,ELEV,HOURLY,DEX.Elev-Forebay.Inst.1Hour.0.CBT-REV,14149500,2026-05-27 02:00:00,2026-05-27 06:00:00,5,-0.154,0.163,692.544,692.697
DEX,ELEV,HOURLY,DEX.Elev-Forebay.Inst.1Hour.0.CBT-REV,14149500,2026-05-27 11:00:00,2026-05-27 14:00:00,4,-0.121,0.143,693.755,693.876
DEX,ELEV,HOURLY,DEX.Elev-Forebay.Inst.1Hour.0.CBT-REV,14149500,2026-05-27 16:00:00,2026-05-27 22:00:00,7,0.222,0.650,693.591,693.369
DEX,ELEV,HOURLY,DEX.Elev-Forebay.Inst.1Hour.0.CBT-REV,14149500,2026-05-28 03:00:00,2026-05-28 06:00:00,4,-0.139,0.163,692.780,692.919
DEX,ELEV,HOURLY,DEX.Elev-Forebay.Inst.1Hour.0.CBT-REV,14149500,2026-05-28 11:00:00,2026-05-28 14:00:00,4,-0.123,0.127,693.793,693.915
DEX,ELEV,HOURLY,DEX.Elev-Forebay.Inst.1Hour.0.CBT-REV,14149500,2026-05-28 17:00:00,2026-05-28 22:00:00,6,0.163,0.170,693.485,693.322
DEX,ELEV,HOURLY,DEX.Elev-Forebay.Inst.1Hour.0.CBT-REV,14149500,2026-05-29 03:00:00,2026-05-29 06:00:00,4,-0.146,0.165,692.817,692.963
DEX,ELEV,HOURLY,DEX.Elev-Forebay.Inst.1Hour.0.CBT-REV,14149500,2026-05-29 16:00:00,2026-05-30 06:00:00,15,0.000,0.263,692.321,692.321
DEX,ELEV,HOURLY,DEX.Elev-Forebay.Inst.1Hour.0.CBT-REV,14149500,2026-05-30 12:00:00,2026-05-30 12:00:00,1,-0.120,0.120,693.440,693.560
DEX,ELEV,HOURLY,DEX.Elev-Forebay.Inst.1Hour.0.CBT-REV,14149500,2026-05-30 14:00:00,2026-05-30 14:00:00,1,-0.135,0.135,693.870,694.005
DEX,ELEV,HOURLY,DEX.Elev-Forebay.Inst.1Hour.0.CBT-REV,14149500,2026-05-30 16:00:00,2026-05-30 18:00:00,3,0.128,0.140,693.790,693.662
DEX,ELEV,HOURLY,DEX.Elev-Forebay.Inst.1Hour.0.CBT-REV,14149500,2026-05-30 20:00:00,2026-05-30 21:00:00,2,0.131,0.132,693.065,692.934
DEX,ELEV,HOURLY,DEX.Elev-Forebay.Inst.1Hour.0.CBT-REV,14149500,2026-05-30 23:00:00,2026-05-31 00:00:00,2,0.131,0.133,692.440,692.309
DEX,ELEV,HOURLY,DEX.Elev-Forebay.Inst.1Hour.0.CBT-REV,14149500,2026-05-31 02:00:00,2026-05-31 05:00:00,4,-0.212,0.285,692.683,692.895
DEX,ELEV,HOURLY,DEX.Elev-Forebay.Inst.1Hour.0.CBT-REV,14149500,2026-05-31 14:00:00,2026-05-31 14:00:00,1,-0.155,0.155,693.720,693.875
DEX,ELEV,HOURLY,DEX.Elev-Forebay.Inst.1Hour.0.CBT-REV,14149500,2026-05-31 16:00:00,2026-06-01 00:00:00,9,0.122,0.133,693.109,692.987
DEX,ELEV,HOURLY,DEX.Elev-Forebay.Inst.1Hour.0.CBT-REV,14149500,2026-06-01 02:00:00,2026-06-01 05:00:00,4,-0.214,0.268,692.773,692.987
DEX,ELEV,HOURLY,DEX.Elev-Forebay.Inst.1Hour.0.CBT-REV,14149500,2026-06-01 13:00:00,2026-06-01 14:00:00,2,-0.104,0.105,693.910,694.014
DEX,ELEV,HOURLY,DEX.Elev-Forebay.Inst.1Hour.0.CBT-REV,14149500,2026-06-01 18:00:00,2026-06-01 18:00:00,1,0.112,0.112,693.860,693.747
DEX,ELEV,HOURLY,DEX.Elev-Forebay.Inst.1Hour.0.CBT-REV,14149500,2026-06-01 20:00:00,2026-06-02 00:00:00,5,0.104,0.110,693.182,693.077
DEX,ELEV,HOURLY,DEX.Elev-Forebay.Inst.1Hour.0.CBT-REV,14149500,2026-06-02 02:00:00,2026-06-02 05:00:00,4,-0.171,0.183,693.297,693.469
DEX,ELEV,HOURLY,DEX.Elev-Forebay.Inst.1Hour.0.CBT-REV,14149500,2026-06-02 08:00:00,2026-06-02 10:00:00,3,0.107,0.107,693.600,693.493
DEX,ELEV,HOURLY,DEX.Elev-Forebay.Inst.1Hour.0.CBT-REV,14149500,2026-06-02 12:00:00,2026-06-02 14:00:00,3,-0.155,0.168,693.520,693.675
DEX,ELEV,HOURLY,DEX.Elev-Forebay.Inst.1Hour.0.CBT-REV,14149500,2026-06-02 18:00:00,2026-06-02 18:00:00,1,0.100,0.100,693.660,693.560
DEX,ELEV,HOURLY,DEX.Elev-Forebay.Inst.1Hour.0.CBT-REV,14149500,2026-06-02 20:00:00,2026-06-02 20:00:00,1,0.103,0.103,693.320,693.217
DEX,ELEV,HOURLY,DEX.Elev-Forebay.Inst.1Hour.0.CBT-REV,14149500,2026-06-02 23:00:00,2026-06-03 00:00:00,2,0.108,0.110,692.735,692.628
DEX,ELEV,HOURLY,DEX.Elev-Forebay.Inst.1Hour.0.CBT-REV,14149500,2026-06-03 02:00:00,2026-06-03 06:00:00,5,-0.168,0.178,693.222,693.390
DEX,ELEV,HOURLY,DEX.Elev-Forebay.Inst.1Hour.0.CBT-REV,14149500,2026-06-03 10:00:00,2026-06-03 10:00:00,1,0.107,0.107,693.640,693.533
DEX,ELEV,HOURLY,DEX.Elev-Forebay.Inst.1Hour.0.CBT-REV,14149500,2026-06-03 12:00:00,2026-06-03 14:00:00,3,-0.174,0.228,693.703,693.878
DEX,ELEV,HOURLY,DEX.Elev-Forebay.Inst.1Hour.0.CBT-REV,14149500,2026-06-03 17:00:00,2026-06-03 22:00:00,6,0.111,0.117,693.602,693.490
DEX,ELEV,HOURLY,DEX.Elev-Forebay.Inst.1Hour.0.CBT-REV,14149500,2026-06-04 00:00:00,2026-06-04 00:00:00,1,0.105,0.105,692.830,692.725
DEX,ELEV,HOURLY,DEX.Elev-Forebay.Inst.1Hour.0.CBT-REV,14149500,2026-06-04 02:00:00,2026-06-04 06:00:00,5,-0.171,0.175,693.410,693.581
DEX,ELEV,HOURLY,DEX.Elev-Forebay.Inst.1Hour.0.CBT-REV,14149500,2026-06-04 10:00:00,2026-06-04 10:00:00,1,0.110,0.110,693.820,693.710
DEX,ELEV,HOURLY,DEX.Elev-Forebay.Inst.1Hour.0.CBT-REV,14149500,2026-06-04 12:00:00,2026-06-04 14:00:00,3,-0.149,0.168,693.887,694.036
DEX,ELEV,HOURLY,DEX.Elev-Forebay.Inst.1Hour.0.CBT-REV,14149500,2026-06-04 16:00:00,2026-06-04 21:00:00,6,0.141,0.227,693.928,693.787
DEX,ELEV,HOURLY,DEX.Elev-Forebay.Inst.1Hour.0.CBT-REV,14149500,2026-06-04 23:00:00,2026-06-05 00:00:00,2,0.110,0.115,693.030,692.920
DEX,ELEV,HOURLY,DEX.Elev-Forebay.Inst.1Hour.0.CBT-REV,14149500,2026-06-05 02:00:00,2026-06-05 06:00:00,5,-0.156,0.168,693.448,693.605
DEX,ELEV,HOURLY,DEX.Elev-Forebay.Inst.1Hour.0.CBT-REV,14149500,2026-06-05 08:00:00,2026-06-05 11:00:00,4,0.116,0.125,693.840,693.724
DEX,ELEV,HOURLY,DEX.Elev-Forebay.Inst.1Hour.0.CBT-REV,14149500,2026-06-05 13:00:00,2026-06-05 14:00:00,2,-0.151,0.160,693.665,693.816
DEX,ELEV,HOURLY,DEX.Elev-Forebay.Inst.1Hour.0.CBT-REV,14149500,2026-06-05 16:00:00,2026-06-05 23:00:00,8,0.117,0.127,693.380,693.263
DEX,ELEV,HOURLY,DEX.Elev-Forebay.Inst.1Hour.0.CBT-REV,14149500,2026-06-06 01:00:00,2026-06-06 06:00:00,6,-0.158,0.162,693.313,693.471
DEX,ELEV,HOURLY,DEX.Elev-Forebay.Inst.1Hour.0.CBT-REV,14149500,2026-06-06 08:00:00,2026-06-06 11:00:00,4,0.111,0.115,693.827,693.716
DEX,ELEV,HOURLY,DEX.Elev-Forebay.Inst.1Hour.0.CBT-REV,14149500,2026-06-06 13:00:00,2026-06-06 14:00:00,2,-0.158,0.165,693.680,693.837
DEX,ELEV,HOURLY,DEX.Elev-Forebay.Inst.1Hour.0.CBT-REV,14149500,2026-06-06 17:00:00,2026-06-06 23:00:00,7,0.113,0.125,693.287,693.174
DEX,ELEV,HOURLY,DEX.Elev-Forebay.Inst.1Hour.0.CBT-REV,14149500,2026-06-07 01:00:00,2026-06-07 06:00:00,6,-0.179,0.285,693.357,693.535
DEX,ELEV,HOURLY,DEX.Elev-Forebay.Inst.1Hour.0.CBT-REV,14149500,2026-06-07 08:00:00,2026-06-07 11:00:00,4,0.114,0.120,693.915,693.801
DEX,ELEV,HOURLY,DEX.Elev-Forebay.Inst.1Hour.0.CBT-REV,14149500,2026-06-07 13:00:00,2026-06-07 14:00:00,2,-0.158,0.158,693.735,693.892
DEX,ELEV,HOURLY,DEX.Elev-Forebay.Inst.1Hour.0.CBT-REV,14149500,2026-06-07 16:00:00,2026-06-07 23:00:00,8,0.123,0.130,693.382,693.260
DEX,ELEV,HOURLY,DEX.Elev-Forebay.Inst.1Hour.0.CBT-REV,14149500,2026-06-08 01:00:00,2026-06-08 06:00:00,6,-0.150,0.155,693.267,693.417
DEX,ELEV,HOURLY,DEX.Elev-Forebay.Inst.1Hour.0.CBT-REV,14149500,2026-06-08 08:00:00,2026-06-08 11:00:00,4,0.116,0.120,693.720,693.604
DEX,ELEV,HOURLY,DEX.Elev-Forebay.Inst.1Hour.0.CBT-REV,14149500,2026-06-08 13:00:00,2026-06-08 13:00:00,1,-0.155,0.155,693.410,693.565
DEX,ELEV,HOURLY,DEX.Elev-Forebay.Inst.1Hour.0.CBT-REV,14149500,2026-06-08 17:00:00,2026-06-08 23:00:00,7,0.129,0.137,693.076,692.947
DEX,ELEV,HOURLY,DEX.Elev-Forebay.Inst.1Hour.0.CBT-REV,14149500,2026-06-09 01:00:00,2026-06-09 06:00:00,6,-0.147,0.158,693.130,693.277
DEX,ELEV,HOURLY,DEX.Elev-Forebay.Inst.1Hour.0.CBT-REV,14149500,2026-06-09 08:00:00,2026-06-09 11:00:00,4,0.124,0.135,693.642,693.518
DEX,ELEV,HOURLY,DEX.Elev-Forebay.Inst.1Hour.0.CBT-REV,14149500,2026-06-09 13:00:00,2026-06-09 14:00:00,2,-0.150,0.155,693.485,693.635
DEX,ELEV,HOURLY,DEX.Elev-Forebay.Inst.1Hour.0.CBT-REV,14149500,2026-06-09 16:00:00,2026-06-09 23:00:00,8,0.126,0.137,693.127,693.002
DEX,ELEV,HOURLY,DEX.Elev-Forebay.Inst.1Hour.0.CBT-REV,14149500,2026-06-10 01:00:00,2026-06-10 06:00:00,6,-0.147,0.155,693.082,693.229
DEX,ELEV,HOURLY,DEX.Elev-Forebay.Inst.1Hour.0.CBT-REV,14149500,2026-06-10 08:00:00,2026-06-10 11:00:00,4,0.126,0.133,693.587,693.462
DEX,ELEV,HOURLY,DEX.Elev-Forebay.Inst.1Hour.0.CBT-REV,14149500,2026-06-10 13:00:00,2026-06-10 14:00:00,2,-0.225,0.293,693.375,693.600
DEX,ELEV,HOURLY,DEX.Elev-Forebay.Inst.1Hour.0.CBT-REV,14149500,2026-06-10 16:00:00,2026-06-10 17:00:00,2,0.113,0.120,693.680,693.567
DEX,ELEV,HOURLY,DEX.Elev-Forebay.Inst.1Hour.0.CBT-REV,14149500,2026-06-10 19:00:00,2026-06-10 23:00:00,5,0.148,0.273,692.948,692.800
DEX,ELEV,HOURLY,DEX.Elev-Forebay.Inst.1Hour.0.CBT-REV,14149500,2026-06-11 02:00:00,2026-06-11 04:00:00,3,-0.119,0.133,693.263,693.383
DEX,ELEV,HOURLY,DEX.Elev-Forebay.Inst.1Hour.0.CBT-REV,14149500,2026-06-11 09:00:00,2026-06-11 09:00:00,1,0.122,0.122,693.530,693.408
DEX,ELEV,HOURLY,DEX.Elev-Forebay.Inst.1Hour.0.CBT-REV,14149500,2026-06-11 13:00:00,2026-06-11 14:00:00,2,-0.173,0.173,693.420,693.592
DEX,ELEV,HOURLY,DEX.Elev-Forebay.Inst.1Hour.0.CBT-REV,14149500,2026-06-11 17:00:00,2026-06-11 23:00:00,7,0.105,0.110,693.223,693.118
DEX,ELEV,HOURLY,DEX.Elev-Forebay.Inst.1Hour.0.CBT-REV,14149500,2026-06-12 01:00:00,2026-06-12 04:00:00,4,-0.194,0.205,693.255,693.449
DEX,ELEV,HOURLY,DEX.Elev-Forebay.Inst.1Hour.0.CBT-REV,14149500,2026-06-12 12:00:00,2026-06-12 14:00:00,3,-0.150,0.178,693.560,693.710
DEX,ELEV,HOURLY,DEX.Elev-Forebay.Inst.1Hour.0.CBT-REV,14149500,2026-06-12 17:00:00,2026-06-12 17:00:00,1,0.108,0.108,693.940,693.832
DEX,ELEV,HOURLY,DEX.Elev-Forebay.Inst.1Hour.0.CBT-REV,14149500,2026-06-12 19:00:00,2026-06-12 19:00:00,1,0.102,0.102,693.640,693.538
DEX,ELEV,HOURLY,DEX.Elev-Forebay.Inst.1Hour.0.CBT-REV,14149500,2026-06-12 21:00:00,2026-06-12 23:00:00,3,0.150,0.232,693.207,693.057
DEX,ELEV,HOURLY,DEX.Elev-Forebay.Inst.1Hour.0.CBT-REV,14149500,2026-06-13 07:00:00,2026-06-13 07:00:00,1,0.133,0.133,693.880,693.747
DEX,ELEV,HOURLY,DEX.Elev-Forebay.Inst.1Hour.0.CBT-REV,14149500,2026-06-13 09:00:00,2026-06-13 09:00:00,1,0.140,0.140,693.480,693.340
DEX,ELEV,HOURLY,DEX.Elev-Forebay.Inst.1Hour.0.CBT-REV,14149500,2026-06-13 13:00:00,2026-06-13 13:00:00,1,-0.148,0.148,693.040,693.188
DEX,ELEV,HOURLY,DEX.Elev-Forebay.Inst.1Hour.0.CBT-REV,14149500,2026-06-13 15:00:00,2026-06-13 22:00:00,8,0.140,0.152,692.424,692.284
DEX,ELEV,HOURLY,DEX.Elev-Forebay.Inst.1Hour.0.CBT-REV,14149500,2026-06-14 00:00:00,2026-06-14 04:00:00,5,-0.126,0.135,692.090,692.216
DEX,ELEV,HOURLY,DEX.Elev-Forebay.Inst.1Hour.0.CBT-REV,14149500,2026-06-14 06:00:00,2026-06-14 06:00:00,1,-0.130,0.130,693.040,693.170
DEX,ELEV,HOURLY,DEX.Elev-Forebay.Inst.1Hour.0.CBT-REV,14149500,2026-06-14 08:00:00,2026-06-14 11:00:00,4,0.156,0.170,692.855,692.699
DEX,ELEV,HOURLY,DEX.Elev-Forebay.Inst.1Hour.0.CBT-REV,14149500,2026-06-14 13:00:00,2026-06-14 13:00:00,1,-0.133,0.133,692.460,692.592
DEX,ELEV,HOURLY,DEX.Elev-Forebay.Inst.1Hour.0.CBT-REV,14149500,2026-06-14 15:00:00,2026-06-14 19:00:00,5,0.185,0.312,692.200,692.014
DEX,ELEV,HOURLY,DEX.Elev-Forebay.Inst.1Hour.0.CBT-REV,14149500,2026-06-14 22:00:00,2026-06-15 06:00:00,9,-0.127,0.133,692.637,692.763
DEX,ELEV,HOURLY,DEX.Elev-Forebay.Inst.1Hour.0.CBT-REV,14149500,2026-06-15 08:00:00,2026-06-15 09:00:00,2,0.129,0.135,693.570,693.441
DEX,ELEV,HOURLY,DEX.Elev-Forebay.Inst.1Hour.0.CBT-REV,14149500,2026-06-15 11:00:00,2026-06-15 11:00:00,1,0.155,0.155,693.050,692.895
DEX,ELEV,HOURLY,DEX.Elev-Forebay.Inst.1Hour.0.CBT-REV,14149500,2026-06-15 13:00:00,2026-06-15 13:00:00,1,-0.120,0.120,693.000,693.120
DEX,ELEV,HOURLY,DEX.Elev-Forebay.Inst.1Hour.0.CBT-REV,14149500,2026-06-15 15:00:00,2026-06-16 00:00:00,10,0.075,0.195,692.500,692.425
DEX,ELEV,HOURLY,DEX.Elev-Forebay.Inst.1Hour.0.CBT-REV,14149500,2026-06-16 03:00:00,2026-06-16 03:00:00,1,-0.115,0.115,693.220,693.335
DEX,ELEV,HOURLY,DEX.Elev-Forebay.Inst.1Hour.0.CBT-REV,14149500,2026-06-16 07:00:00,2026-06-16 11:00:00,5,0.153,0.173,693.684,693.531
DEX,ELEV,HOURLY,DEX.Elev-Forebay.Inst.1Hour.0.CBT-REV,14149500,2026-06-16 13:00:00,2026-06-16 13:00:00,1,-0.107,0.107,693.150,693.257
DEX,ELEV,HOURLY,DEX.Elev-Forebay.Inst.1Hour.0.CBT-REV,14149500,2026-06-16 15:00:00,2026-06-16 19:00:00,5,0.152,0.170,692.766,692.614
DEX,ELEV,HOURLY,DEX.Elev-Forebay.Inst.1Hour.0.CBT-REV,14149500,2026-06-16 22:00:00,2026-06-17 02:00:00,5,-0.148,0.200,692.696,692.843
DEX,ELEV,HOURLY,DEX.Elev-Forebay.Inst.1Hour.0.CBT-REV,14149500,2026-06-17 06:00:00,2026-06-17 06:00:00,1,-0.140,0.140,694.220,694.360
DEX,ELEV,HOURLY,DEX.Elev-Forebay.Inst.1Hour.0.CBT-REV,14149500,2026-06-17 09:00:00,2026-06-17 09:00:00,1,0.118,0.118,694.220,694.102
DEX,ELEV,HOURLY,DEX.Elev-Forebay.Inst.1Hour.0.CBT-REV,14149500,2026-06-17 11:00:00,2026-06-17 22:00:00,12,0.128,0.138,692.914,692.786
DEX,ELEV,HOURLY,DEX.Elev-Forebay.Inst.1Hour.0.CBT-REV,14149500,2026-06-18 00:00:00,2026-06-18 05:00:00,6,-0.159,0.165,692.758,692.918
DEX,ELEV,HOURLY,DEX.Elev-Forebay.Inst.1Hour.0.CBT-REV,14149500,2026-06-18 07:00:00,2026-06-18 07:00:00,1,0.102,0.102,693.710,693.607
DEX,ELEV,HOURLY,DEX.Elev-Forebay.Inst.1Hour.0.CBT-REV,14149500,2026-06-18 10:00:00,2026-06-18 16:00:00,7,0.119,0.122,692.757,692.639
DEX,ELEV,HOURLY,DEX.Elev-Forebay.Inst.1Hour.0.CBT-REV,14149500,2026-06-18 18:00:00,2026-06-18 21:00:00,4,0.119,0.125,691.722,691.603
DEX,ELEV,HOURLY,DEX.Elev-Forebay.Inst.1Hour.0.CBT-REV,14149500,2026-06-18 23:00:00,2026-06-19 05:00:00,7,-0.191,0.223,692.167,692.359
DEX,ELEV,HOURLY,DEX.Elev-Forebay.Inst.1Hour.0.CBT-REV,14149500,2026-06-19 07:00:00,2026-06-19 21:00:00,15,0.133,0.215,692.242,692.109
DEX,ELEV,HOURLY,DEX.Elev-Forebay.Inst.1Hour.0.CBT-REV,14149500,2026-06-19 23:00:00,2026-06-20 03:00:00,5,-0.238,0.295,691.796,692.034
DEX,ELEV,HOURLY,DEX.Elev-Forebay.Inst.1Hour.0.CBT-REV,14149500,2026-06-20 07:00:00,2026-06-20 21:00:00,15,0.120,0.130,692.386,692.266
DEX,ELEV,HOURLY,DEX.Elev-Forebay.Inst.1Hour.0.CBT-REV,14149500,2026-06-20 23:00:00,2026-06-21 05:00:00,7,-0.204,0.268,692.123,692.327
DEX,ELEV,HOURLY,DEX.Elev-Forebay.Inst.1Hour.0.CBT-REV,14149500,2026-06-21 07:00:00,2026-06-21 21:00:00,15,0.120,0.127,692.361,692.241
DEX,ELEV,HOURLY,DEX.Elev-Forebay.Inst.1Hour.0.CBT-REV,14149500,2026-06-21 23:00:00,2026-06-22 05:00:00,7,-0.161,0.175,692.160,692.321
DEX,ELEV,HOURLY,DEX.Elev-Forebay.Inst.1Hour.0.CBT-REV,14149500,2026-06-22 07:00:00,2026-06-22 13:00:00,7,0.121,0.130,692.963,692.842
DEX,ELEV,HOURLY,DEX.Elev-Forebay.Inst.1Hour.0.CBT-REV,14149500,2026-06-22 15:00:00,2026-06-22 21:00:00,7,0.131,0.210,691.813,691.682
DEX,ELEV,HOURLY,DEX.Elev-Forebay.Inst.1Hour.0.CBT-REV,14149500,2026-06-22 23:00:00,2026-06-23 05:00:00,7,-0.161,0.173,692.164,692.325
DEX,ELEV,HOURLY,DEX.Elev-Forebay.Inst.1Hour.0.CBT-REV,14149500,2026-06-23 07:00:00,2026-06-23 21:00:00,15,0.121,0.128,692.374,692.253
DEX,ELEV,HOURLY,DEX.Elev-Forebay.Inst.1Hour.0.CBT-REV,14149500,2026-06-23 23:00:00,2026-06-24 05:00:00,7,-0.166,0.178,692.193,692.359
DEX,ELEV,HOURLY,DEX.Elev-Forebay.Inst.1Hour.0.CBT-REV,14149500,2026-06-24 07:00:00,2026-06-24 13:00:00,7,0.121,0.130,693.014,692.893
DEX,ELEV,HOURLY,DEX.Elev-Forebay.Inst.1Hour.0.CBT-REV,14149500,2026-06-24 15:00:00,2026-06-24 16:00:00,2,0.130,0.132,692.220,692.090
DEX,ELEV,HOURLY,DEX.Elev-Forebay.Inst.1Hour.0.CBT-REV,14149500,2026-06-24 18:00:00,2026-06-24 19:00:00,2,0.132,0.135,691.785,691.652
DEX,ELEV,HOURLY,DEX.Elev-Forebay.Inst.1Hour.0.CBT-REV,14149500,2026-06-24 21:00:00,2026-06-24 21:00:00,1,0.132,0.132,691.430,691.298
DEX,ELEV,HOURLY,DEX.Elev-Forebay.Inst.1Hour.0.CBT-REV,14149500,2026-06-24 23:00:00,2026-06-25 05:00:00,7,-0.154,0.167,692.226,692.380
DEX,ELEV,HOURLY,DEX.Elev-Forebay.Inst.1Hour.0.CBT-REV,14149500,2026-06-25 07:00:00,2026-06-25 16:00:00,10,0.130,0.137,692.813,692.683
DEX,ELEV,HOURLY,DEX.Elev-Forebay.Inst.1Hour.0.CBT-REV,14149500,2026-06-25 18:00:00,2026-06-25 21:00:00,4,0.131,0.138,691.655,691.524
DEX,ELEV,HOURLY,DEX.Elev-Forebay.Inst.1Hour.0.CBT-REV,14149500,2026-06-25 23:00:00,2026-06-26 05:00:00,7,-0.154,0.172,692.240,692.394
DEX,ELEV,HOURLY,DEX.Elev-Forebay.Inst.1Hour.0.CBT-REV,14149500,2026-06-26 07:00:00,2026-06-26 10:00:00,4,0.125,0.130,693.298,693.173
DEX,ELEV,HOURLY,DEX.Elev-Forebay.Inst.1Hour.0.CBT-REV,14149500,2026-06-26 18:00:00,2026-06-26 18:00:00,1,0.127,0.127,693.300,693.173
DEX,ELEV,HOURLY,DEX.Elev-Forebay.Inst.1Hour.0.CBT-REV,14149500,2026-06-27 04:00:00,2026-06-27 11:00:00,8,0.129,0.138,693.259,693.129
DEX,ELEV,HOURLY,DEX.Elev-Forebay.Inst.1Hour.0.CBT-REV,14149500,2026-06-27 18:00:00,2026-06-27 19:00:00,2,0.126,0.128,693.000,692.874
DEX,ELEV,HOURLY,DEX.Elev-Forebay.Inst.1Hour.0.CBT-REV,14149500,2026-06-28 04:00:00,2026-06-28 11:00:00,8,0.131,0.138,693.099,692.967
DEX,ELEV,HOURLY,DEX.Elev-Forebay.Inst.1Hour.0.CBT-REV,14149500,2026-06-28 19:00:00,2026-06-28 19:00:00,1,0.107,0.107,692.770,692.663
DEX,ELEV,HOURLY,DEX.Elev-Forebay.Inst.1Hour.0.CBT-REV,14149500,2026-06-29 04:00:00,2026-06-29 14:00:00,11,0.130,0.137,692.679,692.549
DEX,ELEV,HOURLY,DEX.Elev-Forebay.Inst.1Hour.0.CBT-REV,14149500,2026-06-29 16:00:00,2026-06-29 16:00:00,1,0.132,0.132,691.670,691.538
DEX,ELEV,HOURLY,DEX.Elev-Forebay.Inst.1Hour.0.CBT-REV,14149500,2026-06-30 06:00:00,2026-06-30 13:00:00,8,0.133,0.142,692.402,692.269
DEX,ELEV,HOURLY,DEX.Elev-Forebay.Inst.1Hour.0.CBT-REV,14149500,2026-06-30 15:00:00,2026-06-30 16:00:00,2,0.136,0.140,691.555,691.419
DEX,ELEV,HOURLY,DEX.Elev-Forebay.Inst.1Hour.0.CBT-REV,14149500,2026-07-01 06:00:00,2026-07-01 14:00:00,9,0.136,0.148,692.218,692.082
DEX,ELEV,HOURLY,DEX.Elev-Forebay.Inst.1Hour.0.CBT-REV,14149500,2026-07-01 17:00:00,2026-07-01 17:00:00,1,0.107,0.107,691.300,691.192
DEX,ELEV,HOURLY,DEX.Elev-Forebay.Inst.1Hour.0.CBT-REV,14149500,2026-07-02 06:00:00,2026-07-02 16:00:00,11,0.137,0.150,691.948,691.811
DEX,ELEV,HOURLY,DEX.Elev-Forebay.Inst.1Hour.0.CBT-REV,14149500,2026-07-03 06:00:00,2026-07-03 16:00:00,11,0.140,0.148,691.837,691.697
DEX,ELEV,HOURLY,DEX.Elev-Forebay.Inst.1Hour.0.CBT-REV,14149500,2026-07-03 21:00:00,2026-07-04 02:00:00,6,-0.178,0.218,692.423,692.601
DEX,ELEV,HOURLY,DEX.Elev-Forebay.Inst.1Hour.0.CBT-REV,14149500,2026-07-04 04:00:00,2026-07-04 19:00:00,16,0.137,0.148,692.513,692.376
DEX,ELEV,HOURLY,DEX.Elev-Forebay.Inst.1Hour.0.CBT-REV,14149500,2026-07-04 21:00:00,2026-07-05 02:00:00,6,-0.180,0.210,692.392,692.571
DEX,ELEV,HOURLY,DEX.Elev-Forebay.Inst.1Hour.0.CBT-REV,14149500,2026-07-05 04:00:00,2026-07-05 15:00:00,12,0.167,0.312,692.782,692.615
DEX,ELEV,HOURLY,DEX.Elev-Forebay.Inst.1Hour.0.CBT-REV,14149500,2026-07-05 17:00:00,2026-07-05 19:00:00,3,0.122,0.128,691.547,691.425
DEX,ELEV,HOURLY,DEX.Elev-Forebay.Inst.1Hour.0.CBT-REV,14149500,2026-07-05 23:00:00,2026-07-06 01:00:00,3,-0.194,0.203,692.567,692.761
DEX,ELEV,HOURLY,DEX.Elev-Forebay.Inst.1Hour.0.CBT-REV,14149500,2026-07-06 04:00:00,2026-07-06 13:00:00,10,0.144,0.155,692.873,692.729
DEX,ELEV,HOURLY,DEX.Elev-Forebay.Inst.1Hour.0.CBT-REV,14149500,2026-07-06 15:00:00,2026-07-06 19:00:00,5,0.140,0.152,691.680,691.540
DEX,ELEV,HOURLY,DEX.Elev-Forebay.Inst.1Hour.0.CBT-REV,14149500,2026-07-06 21:00:00,2026-07-07 02:00:00,6,-0.413,1.193,692.108,692.522
DEX,ELEV,HOURLY,DEX.Elev-Forebay.Inst.1Hour.0.CBT-REV,14149500,2026-07-07 04:00:00,2026-07-07 19:00:00,16,0.150,0.183,692.463,692.313
DEX,ELEV,HOURLY,DEX.Elev-Forebay.Inst.1Hour.0.CBT-REV,14149500,2026-07-07 21:00:00,2026-07-08 02:00:00,6,-0.188,0.202,692.337,692.525
DEX,ELEV,HOURLY,DEX.Elev-Forebay.Inst.1Hour.0.CBT-REV,14149500,2026-07-08 04:00:00,2026-07-08 04:00:00,1,-0.190,0.190,694.160,694.350
DEX,ELEV,HOURLY,DEX.Elev-Forebay.Inst.1Hour.0.CBT-REV,14149500,2026-07-08 06:00:00,2026-07-08 10:00:00,5,0.145,0.153,694.254,694.109
DEX,ELEV,HOURLY,DEX.Elev-Forebay.Inst.1Hour.0.CBT-REV,14149500,2026-07-08 19:00:00,2026-07-09 00:00:00,6,0.135,0.153,694.500,694.365
DEX,ELEV,HOURLY,DEX.Elev-Forebay.Inst.1Hour.0.CBT-REV,14149500,2026-07-09 06:00:00,2026-07-09 12:00:00,7,0.163,0.255,694.023,693.860
DEX,ELEV,HOURLY,DEX.Elev-Forebay.Inst.1Hour.0.CBT-REV,14149500,2026-07-09 14:00:00,2026-07-09 21:00:00,8,0.132,0.163,692.774,692.642
DEX,ELEV,HOURLY,DEX.Elev-Forebay.Inst.1Hour.0.CBT-REV,14149500,2026-07-10 06:00:00,2026-07-10 12:00:00,7,0.156,0.185,692.484,692.329
DEX,ELEV,HOURLY,DEX.Elev-Forebay.Inst.1Hour.0.CBT-REV,14149500,2026-07-10 20:00:00,2026-07-10 22:00:00,3,0.159,0.162,692.430,692.271
DEX,ELEV,HOURLY,DEX.Elev-Forebay.Inst.1Hour.0.CBT-REV,14149500,2026-07-11 05:00:00,2026-07-11 12:00:00,8,0.151,0.165,692.431,692.280
DEX,ELEV,HOURLY,DEX.Elev-Forebay.Inst.1Hour.0.CBT-REV,14149500,2026-07-11 20:00:00,2026-07-11 22:00:00,3,0.157,0.160,692.300,692.142
DEX,ELEV,HOURLY,DEX.Elev-Forebay.Inst.1Hour.0.CBT-REV,14149500,2026-07-12 06:00:00,2026-07-12 12:00:00,7,0.161,0.175,692.253,692.092
DEX,ELEV,HOURLY,DEX.Elev-Forebay.Inst.1Hour.0.CBT-REV,14149500,2026-07-12 20:00:00,2026-07-12 22:00:00,3,0.163,0.170,692.203,692.041
DEX,ELEV,HOURLY,DEX.Elev-Forebay.Inst.1Hour.0.CBT-REV,14149500,2026-07-13 05:00:00,2026-07-13 19:00:00,15,0.154,0.177,691.686,691.532
DEX,ELEV,HOURLY,DEX.Elev-Forebay.Inst.1Hour.0.CBT-REV,14149500,2026-07-13 21:00:00,2026-07-14 01:00:00,5,-0.187,0.200,691.380,691.567
DEX,ELEV,HOURLY,DEX.Elev-Forebay.Inst.1Hour.0.CBT-REV,14149500,2026-07-14 04:00:00,2026-07-14 19:00:00,16,0.153,0.170,691.773,691.619
DEX,ELEV,HOURLY,DEX.Elev-Forebay.Inst.1Hour.0.CBT-REV,14149500,2026-07-14 21:00:00,2026-07-15 02:00:00,6,-0.167,0.197,691.640,691.807
DEX,ELEV,HOURLY,DEX.Elev-Forebay.Inst.1Hour.0.CBT-REV,14149500,2026-07-15 04:00:00,2026-07-15 19:00:00,16,0.161,0.173,691.723,691.562
DEX,ELEV,HOURLY,DEX.Elev-Forebay.Inst.1Hour.0.CBT-REV,14149500,2026-07-15 21:00:00,2026-07-16 01:00:00,5,-0.173,0.200,691.342,691.514
DEX,ELEV,HOURLY,DEX.Elev-Forebay.Inst.1Hour.0.CBT-REV,14149500,2026-07-16 04:00:00,2026-07-16 13:00:00,10,0.171,0.210,692.316,692.145
DEX,ELEV,HOURLY,DEX.Elev-Forebay.Inst.1Hour.0.CBT-REV,14149500,2026-07-16 15:00:00,2026-07-16 19:00:00,5,0.164,0.175,691.070,690.906
DEX,ELEV,HOURLY,DEX.Elev-Forebay.Inst.1Hour.0.CBT-REV,14149500,2026-07-16 23:00:00,2026-07-16 23:00:00,1,-0.105,0.105,691.570,691.675
DEX,ELEV,HOURLY,DEX.Elev-Forebay.Inst.1Hour.0.CBT-REV,14149500,2026-07-17 01:00:00,2026-07-17 01:00:00,1,-0.113,0.113,692.390,692.503
DEX,ELEV,HOURLY,DEX.Elev-Forebay.Inst.1Hour.0.CBT-REV,14149500,2026-07-17 04:00:00,2026-07-17 18:00:00,15,0.155,0.183,692.111,691.955
DEX,ELEV,HOURLY,DEX.Elev-Forebay.Inst.1Hour.0.CBT-REV,14149500,2026-07-17 20:00:00,2026-07-17 20:00:00,1,0.170,0.170,690.810,690.640
DEX,ELEV,HOURLY,DEX.Elev-Forebay.Inst.1Hour.0.CBT-REV,14149500,2026-07-17 23:00:00,2026-07-18 04:00:00,6,-0.161,0.173,691.802,691.962
DEX,ELEV,HOURLY,DEX.Elev-Forebay.Inst.1Hour.0.CBT-REV,14149500,2026-07-18 06:00:00,2026-07-18 10:00:00,5,0.163,0.180,693.120,692.957
DEX,ELEV,HOURLY,DEX.Elev-Forebay.Inst.1Hour.0.CBT-REV,14149500,2026-07-18 12:00:00,2026-07-18 21:00:00,10,0.185,0.235,691.784,691.599
DEX,ELEV,HOURLY,DEX.Elev-Forebay.Inst.1Hour.0.CBT-REV,14149500,2026-07-18 23:00:00,2026-07-19 21:00:00,23,0.071,0.190,692.313,692.242
DEX,ELEV,HOURLY,DEX.Elev-Forebay.Inst.1Hour.0.CBT-REV,14149500,2026-07-19 23:00:00,2026-07-20 04:00:00,6,-0.160,0.173,692.112,692.272
DEX,ELEV,HOURLY,DEX.Elev-Forebay.Inst.1Hour.0.CBT-REV,14149500,2026-07-20 06:00:00,2026-07-20 21:00:00,16,0.172,0.190,692.584,692.412
DEX,ELEV,HOURLY,DEX.Elev-Forebay.Inst.1Hour.0.CBT-REV,14149500,2026-07-21 00:00:00,2026-07-21 04:00:00,5,-0.172,0.180,692.486,692.658
DEX,ELEV,HOURLY,DEX.Elev-Forebay.Inst.1Hour.0.CBT-REV,14149500,2026-07-21 06:00:00,2026-07-21 21:00:00,16,0.182,0.200,692.781,692.598
DEX,ELEV,HOURLY,DEX.Elev-Forebay.Inst.1Hour.0.CBT-REV,14149500,2026-07-21 23:00:00,2026-07-22 04:00:00,6,-0.148,0.163,692.470,692.618
DEX,ELEV,HOURLY,DEX.Elev-Forebay.Inst.1Hour.0.CBT-REV,14149500,2026-07-22 06:00:00,2026-07-22 14:00:00,9,0.171,0.195,693.454,693.283
DEX,ELEV,HOURLY,DEX.Elev-Forebay.Inst.1Hour.0.CBT-REV,14149500,2026-07-22 16:00:00,2026-07-22 21:00:00,6,0.169,0.197,692.115,691.946
DEX,ELEV,HOURLY,DEX.Elev-Forebay.Inst.1Hour.0.CBT-REV,14149500,2026-07-23 00:00:00,2026-07-23 04:00:00,5,-0.163,0.175,692.788,692.951
DEX,ELEV,HOURLY,DEX.Elev-Forebay.Inst.1Hour.0.CBT-REV,14149500,2026-07-23 06:00:00,2026-07-23 19:00:00,14,0.184,0.200,693.207,693.024
DEX,ELEV,HOURLY,DEX.Elev-Forebay.Inst.1Hour.0.CBT-REV,14149500,2026-07-23 21:00:00,2026-07-23 21:00:00,1,0.188,0.188,691.870,691.683
DEX,ELEV,HOURLY,DEX.Elev-Forebay.Inst.1Hour.0.CBT-REV,14149500,2026-07-23 23:00:00,2026-07-24 05:00:00,7,-0.229,0.260,692.846,693.075
DEX,ELEV,HOURLY,DEX.Elev-Forebay.Inst.1Hour.0.CBT-REV,14149500,2026-07-24 08:00:00,2026-07-24 09:00:00,2,0.104,0.105,693.920,693.816
DEX,ELEV,HOURLY,DEX.Elev-Forebay.Inst.1Hour.0.CBT-REV,14149500,2026-07-24 23:00:00,2026-07-25 03:00:00,5,-0.421,1.205,692.976,693.397
DEX,ELEV,HOURLY,DEX.Elev-Forebay.Inst.1Hour.0.CBT-REV,14149500,2026-07-25 12:00:00,2026-07-25 12:00:00,1,0.100,0.100,693.380,693.280
DEX,ELEV,HOURLY,DEX.Elev-Forebay.Inst.1Hour.0.CBT-REV,14149500,2026-07-25 17:00:00,2026-07-25 17:00:00,1,0.103,0.103,693.100,692.997
DEX,ELEV,HOURLY,DEX.Elev-Forebay.Inst.1Hour.0.CBT-REV,14149500,2026-07-25 23:00:00,2026-07-26 03:00:00,5,-0.233,0.272,693.262,693.495
DEX,ELEV,HOURLY,DEX.Elev-Forebay.Inst.1Hour.0.CBT-REV,14149500,2026-07-26 07:00:00,2026-07-26 07:00:00,1,0.100,0.100,694.220,694.120
DEX,ELEV,HOURLY,DEX.Elev-Forebay.Inst.1Hour.0.CBT-REV,14149500,2026-07-26 09:00:00,2026-07-26 09:00:00,1,0.185,0.185,694.010,693.825
DEX,ELEV,HOURLY,DEX.Elev-Forebay.Inst.1Hour.0.CBT-REV,14149500,2026-07-26 23:00:00,2026-07-27 03:00:00,5,-0.221,0.262,693.174,693.395
DEX,ELEV,HOURLY,DEX.Elev-Forebay.Inst.1Hour.0.CBT-REV,14149500,2026-07-27 18:00:00,2026-07-27 23:00:00,6,0.427,0.635,692.810,692.383
DEX,ELEV,HOURLY,DEX.Elev-Forebay.Inst.1Hour.0.CBT-REV,14149500,2026-07-28 01:00:00,2026-07-28 03:00:00,3,-0.198,0.235,693.257,693.454
DEX,ELEV,HOURLY,DEX.Elev-Forebay.Inst.1Hour.0.CBT-REV,14149500,2026-07-28 15:00:00,2026-07-28 15:00:00,1,0.103,0.103,693.200,693.097
DEX,ELEV,HOURLY,DEX.Elev-Forebay.Inst.1Hour.0.CBT-REV,14149500,2026-07-29 00:00:00,2026-07-29 03:00:00,4,-0.208,0.238,692.837,693.045
DEX,ELEV,HOURLY,DEX.Elev-Forebay.Inst.1Hour.0.CBT-REV,14149500,2026-07-29 23:00:00,2026-07-30 03:00:00,5,-0.146,0.247,692.702,692.848
DEX,ELEV,HOURLY,DEX.Elev-Forebay.Inst.1Hour.0.CBT-REV,14149500,2026-07-30 21:00:00,2026-07-30 21:00:00,1,0.123,0.123,692.220,692.097
DEX,ELEV,HOURLY,DEX.Elev-Forebay.Inst.1Hour.0.CBT-REV,14149500,2026-07-30 23:00:00,2026-07-31 03:00:00,5,-0.194,0.240,692.546,692.739
DEX,ELEV,HOURLY,DEX.Elev-Forebay.Inst.1Hour.0.CBT-REV,14149500,2026-08-01 00:00:00,2026-08-01 04:00:00,5,-0.219,0.232,692.510,692.728
DEX,ELEV,HOURLY,DEX.Elev-Forebay.Inst.1Hour.0.CBT-REV,14149500,2026-08-02 00:00:00,2026-08-02 04:00:00,5,-0.215,0.225,692.578,692.793
DEX,ELEV,HOURLY,DEX.Elev-Forebay.Inst.1Hour.0.CBT-REV,14149500,2026-08-03 00:00:00,2026-08-03 04:00:00,5,-0.219,0.230,692.668,692.886
DEX,ELEV,HOURLY,DEX.Elev-Forebay.Inst.1Hour.0.CBT-REV,14149500,2026-08-03 21:00:00,2026-08-03 21:00:00,1,-0.103,0.103,691.780,691.883
DEX,ELEV,HOURLY,DEX.Elev-Forebay.Inst.1Hour.0.CBT-REV,14149500,2026-08-04 00:00:00,2026-08-04 04:00:00,5,-0.199,0.225,692.804,693.002
DEX,ELEV,HOURLY,DEX.Elev-Forebay.Inst.1Hour.0.CBT-REV,14149500,2026-08-04 07:00:00,2026-08-04 08:00:00,2,0.104,0.105,693.550,693.446
DEX,ELEV,HOURLY,DEX.Elev-Forebay.Inst.1Hour.0.CBT-REV,14149500,2026-08-04 12:00:00,2026-08-04 13:00:00,2,0.106,0.110,692.745,692.639
DEX,ELEV,HOURLY,DEX.Elev-Forebay.Inst.1Hour.0.CBT-REV,14149500,2026-08-04 15:00:00,2026-08-04 18:00:00,4,0.104,0.107,692.097,691.993
DEX,ELEV,HOURLY,DEX.Elev-Forebay.Inst.1Hour.0.CBT-REV,14149500,2026-08-04 20:00:00,2026-08-04 22:00:00,3,-0.133,0.168,691.697,691.829
DEX,ELEV,HOURLY,DEX.Elev-Forebay.Inst.1Hour.0.CBT-REV,14149500,2026-08-05 00:00:00,2026-08-05 04:00:00,5,-0.181,0.223,692.944,693.125
DEX,ELEV,HOURLY,DEX.Elev-Forebay.Inst.1Hour.0.CBT-REV,14149500,2026-08-05 07:00:00,2026-08-05 07:00:00,1,0.107,0.107,693.750,693.643
DEX,ELEV,HOURLY,DEX.Elev-Forebay.Inst.1Hour.0.CBT-REV,14149500,2026-08-05 09:00:00,2026-08-05 12:00:00,4,0.125,0.170,693.205,693.080
DEX,ELEV,HOURLY,DEX.Elev-Forebay.Inst.1Hour.0.CBT-REV,14149500,2026-08-05 14:00:00,2026-08-05 14:00:00,1,0.102,0.102,692.620,692.518
DEX,ELEV,HOURLY,DEX.Elev-Forebay.Inst.1Hour.0.CBT-REV,14149500,2026-08-05 18:00:00,2026-08-05 19:00:00,2,0.103,0.103,691.900,691.798
DEX,ELEV,HOURLY,DEX.Elev-Forebay.Inst.1Hour.0.CBT-REV,14149500,2026-08-05 23:00:00,2026-08-06 04:00:00,6,-0.180,0.225,692.668,692.849
DEX,ELEV,HOURLY,DEX.Elev-Forebay.Inst.1Hour.0.CBT-REV,14149500,2026-08-06 07:00:00,2026-08-06 07:00:00,1,0.105,0.105,693.660,693.555
DEX,ELEV,HOURLY,DEX.Elev-Forebay.Inst.1Hour.0.CBT-REV,14149500,2026-08-06 11:00:00,2026-08-06 12:00:00,2,0.101,0.103,692.930,692.829
DEX,ELEV,HOURLY,DEX.Elev-Forebay.Inst.1Hour.0.CBT-REV,14149500,2026-08-06 16:00:00,2026-08-06 17:00:00,2,0.105,0.107,692.140,692.035
DEX,ELEV,HOURLY,DEX.Elev-Forebay.Inst.1Hour.0.CBT-REV,14149500,2026-08-06 19:00:00,2026-08-06 19:00:00,1,0.100,0.100,691.730,691.630
DEX,ELEV,HOURLY,DEX.Elev-Forebay.Inst.1Hour.0.CBT-REV,14149500,2026-08-06 21:00:00,2026-08-06 21:00:00,1,-0.125,0.125,691.660,691.785
DEX,ELEV,HOURLY,DEX.Elev-Forebay.Inst.1Hour.0.CBT-REV,14149500,2026-08-06 23:00:00,2026-08-07 04:00:00,6,-0.198,0.230,692.699,692.897
DEX,ELEV,HOURLY,DEX.Elev-Forebay.Inst.1Hour.0.CBT-REV,14149500,2026-08-07 07:00:00,2026-08-07 07:00:00,1,0.100,0.100,693.720,693.620
DEX,ELEV,HOURLY,DEX.Elev-Forebay.Inst.1Hour.0.CBT-REV,14149500,2026-08-07 13:00:00,2026-08-07 14:00:00,2,0.103,0.105,692.680,692.577
DEX,ELEV,HOURLY,DEX.Elev-Forebay.Inst.1Hour.0.CBT-REV,14149500,2026-08-07 21:00:00,2026-08-07 21:00:00,1,-0.115,0.115,691.740,691.855
DEX,ELEV,HOURLY,DEX.Elev-Forebay.Inst.1Hour.0.CBT-REV,14149500,2026-08-07 23:00:00,2026-08-08 04:00:00,6,-0.198,0.235,692.773,692.971
DEX,ELEV,HOURLY,DEX.Elev-Forebay.Inst.1Hour.0.CBT-REV,14149500,2026-08-08 07:00:00,2026-08-08 09:00:00,3,0.104,0.110,693.633,693.529
DEX,ELEV,HOURLY,DEX.Elev-Forebay.Inst.1Hour.0.CBT-REV,14149500,2026-08-08 11:00:00,2026-08-08 11:00:00,1,0.100,0.100,693.150,693.050
DEX,ELEV,HOURLY,DEX.Elev-Forebay.Inst.1Hour.0.CBT-REV,14149500,2026-08-08 15:00:00,2026-08-08 16:00:00,2,0.100,0.100,692.430,692.330
DEX,ELEV,HOURLY,DEX.Elev-Forebay.Inst.1Hour.0.CBT-REV,14149500,2026-08-08 18:00:00,2026-08-08 19:00:00,2,0.105,0.110,691.955,691.850
DEX,ELEV,HOURLY,DEX.Elev-Forebay.Inst.1Hour.0.CBT-REV,14149500,2026-08-08 22:00:00,2026-08-08 22:00:00,1,-0.115,0.115,691.890,692.005
DEX,ELEV,HOURLY,DEX.Elev-Forebay.Inst.1Hour.0.CBT-REV,14149500,2026-08-09 00:00:00,2026-08-09 04:00:00,5,-0.219,0.240,692.890,693.109
DEX,ELEV,HOURLY,DEX.Elev-Forebay.Inst.1Hour.0.CBT-REV,14149500,2026-08-09 07:00:00,2026-08-09 08:00:00,2,0.106,0.112,693.705,693.599
DEX,ELEV,HOURLY,DEX.Elev-Forebay.Inst.1Hour.0.CBT-REV,14149500,2026-08-09 12:00:00,2026-08-09 14:00:00,3,0.102,0.105,692.820,692.718
DEX,ELEV,HOURLY,DEX.Elev-Forebay.Inst.1Hour.0.CBT-REV,14149500,2026-08-09 18:00:00,2026-08-09 19:00:00,2,0.106,0.110,691.945,691.839
DEX,ELEV,HOURLY,DEX.Elev-Forebay.Inst.1Hour.0.CBT-REV,14149500,2026-08-09 22:00:00,2026-08-09 22:00:00,1,-0.115,0.115,691.880,691.995
DEX,ELEV,HOURLY,DEX.Elev-Forebay.Inst.1Hour.0.CBT-REV,14149500,2026-08-10 00:00:00,2026-08-10 04:00:00,5,-0.329,0.472,692.760,693.088
DEX,ELEV,HOURLY,DEX.Elev-Forebay.Inst.1Hour.0.CBT-REV,14149500,2026-08-10 07:00:00,2026-08-10 07:00:00,1,0.105,0.105,693.760,693.655
DEX,ELEV,HOURLY,DEX.Elev-Forebay.Inst.1Hour.0.CBT-REV,14149500,2026-08-10 09:00:00,2026-08-10 09:00:00,1,0.108,0.108,693.440,693.332
DEX,ELEV,HOURLY,DEX.Elev-Forebay.Inst.1Hour.0.CBT-REV,14149500,2026-08-10 12:00:00,2026-08-10 12:00:00,1,0.133,0.133,692.980,692.847
DEX,ELEV,HOURLY,DEX.Elev-Forebay.Inst.1Hour.0.CBT-REV,14149500,2026-08-10 14:00:00,2026-08-10 15:00:00,2,0.101,0.102,692.550,692.449
DEX,ELEV,HOURLY,DEX.Elev-Forebay.Inst.1Hour.0.CBT-REV,14149500,2026-08-10 17:00:00,2026-08-10 18:00:00,2,0.137,0.145,692.105,691.967
DEX,ELEV,HOURLY,DEX.Elev-Forebay.Inst.1Hour.0.CBT-REV,14149500,2026-08-10 23:00:00,2026-08-11 04:00:00,6,-0.318,0.508,692.682,693.000
DEX,ELEV,HOURLY,DEX.Elev-Forebay.Inst.1Hour.0.CBT-REV,14149500,2026-08-11 07:00:00,2026-08-11 07:00:00,1,0.105,0.105,693.840,693.735
DEX,ELEV,HOURLY,DEX.Elev-Forebay.Inst.1Hour.0.CBT-REV,14149500,2026-08-11 10:00:00,2026-08-11 13:00:00,4,0.111,0.125,693.122,693.012
DEX,ELEV,HOURLY,DEX.Elev-Forebay.Inst.1Hour.0.CBT-REV,14149500,2026-08-11 17:00:00,2026-08-11 17:00:00,1,0.102,0.102,692.240,692.138
DEX,ELEV,HOURLY,DEX.Elev-Forebay.Inst.1Hour.0.CBT-REV,14149500,2026-08-11 19:00:00,2026-08-11 19:00:00,1,0.100,0.100,691.910,691.810
DEX,ELEV,HOURLY,DEX.Elev-Forebay.Inst.1Hour.0.CBT-REV,14149500,2026-08-11 22:00:00,2026-08-12 04:00:00,7,-0.440,0.795,692.476,692.915
DEX,ELEV,HOURLY,DEX.Elev-Forebay.Inst.1Hour.0.CBT-REV,14149500,2026-08-12 07:00:00,2026-08-12 08:00:00,2,0.101,0.102,693.820,693.719
DEX,ELEV,HOURLY,DEX.Elev-Forebay.Inst.1Hour.0.CBT-REV,14149500,2026-08-12 10:00:00,2026-08-12 10:00:00,1,0.112,0.112,693.430,693.317
DEX,ELEV,HOURLY,DEX.Elev-Forebay.Inst.1Hour.0.CBT-REV,14149500,2026-08-12 12:00:00,2026-08-12 12:00:00,1,0.105,0.105,693.100,692.995
DEX,ELEV,HOURLY,DEX.Elev-Forebay.Inst.1Hour.0.CBT-REV,14149500,2026-08-12 14:00:00,2026-08-12 15:00:00,2,0.104,0.105,692.700,692.596
DEX,ELEV,HOURLY,DEX.Elev-Forebay.Inst.1Hour.0.CBT-REV,14149500,2026-08-12 18:00:00,2026-08-12 18:00:00,1,0.102,0.102,692.140,692.038
DEX,ELEV,HOURLY,DEX.Elev-Forebay.Inst.1Hour.0.CBT-REV,14149500,2026-08-12 22:00:00,2026-08-12 22:00:00,1,-0.103,0.103,692.020,692.122
DEX,ELEV,HOURLY,DEX.Elev-Forebay.Inst.1Hour.0.CBT-REV,14149500,2026-08-13 00:00:00,2026-08-13 04:00:00,5,-0.341,0.510,692.900,693.241
DEX,ELEV,HOURLY,DEX.Elev-Forebay.Inst.1Hour.0.CBT-REV,14149500,2026-08-13 07:00:00,2026-08-13 10:00:00,4,0.101,0.102,693.700,693.599
DEX,ELEV,HOURLY,DEX.Elev-Forebay.Inst.1Hour.0.CBT-REV,14149500,2026-08-13 12:00:00,2026-08-13 12:00:00,1,0.107,0.107,693.140,693.033
DEX,ELEV,HOURLY,DEX.Elev-Forebay.Inst.1Hour.0.CBT-REV,14149500,2026-08-13 14:00:00,2026-08-13 14:00:00,1,0.158,0.158,692.870,692.712
DEX,ELEV,HOURLY,DEX.Elev-Forebay.Inst.1Hour.0.CBT-REV,14149500,2026-08-13 18:00:00,2026-08-13 19:00:00,2,0.111,0.123,692.105,691.994
DEX,ELEV,HOURLY,DEX.Elev-Forebay.Inst.1Hour.0.CBT-REV,14149500,2026-08-13 22:00:00,2026-08-14 00:00:00,3,-0.343,0.538,691.990,692.333
DEX,ELEV,HOURLY,DEX.Elev-Forebay.Inst.1Hour.0.CBT-REV,14149500,2026-08-14 03:00:00,2026-08-14 04:00:00,2,-0.155,0.197,693.705,693.860
DEX,ELEV,HOURLY,DEX.Elev-Forebay.Inst.1Hour.0.CBT-REV,14149500,2026-08-14 07:00:00,2026-08-14 07:00:00,1,0.112,0.112,694.020,693.908
DEX,ELEV,HOURLY,DEX.Elev-Forebay.Inst.1Hour.0.CBT-REV,14149500,2026-08-14 15:00:00,2026-08-14 16:00:00,2,0.106,0.107,692.760,692.654
DEX,ELEV,HOURLY,DEX.Elev-Forebay.Inst.1Hour.0.CBT-REV,14149500,2026-08-14 19:00:00,2026-08-14 20:00:00,2,-0.109,0.110,692.810,692.919
DEX,ELEV,HOURLY,DEX.Elev-Forebay.Inst.1Hour.0.CBT-REV,14149500,2026-08-15 06:00:00,2026-08-15 06:00:00,1,0.200,0.200,693.970,693.770
DEX,ELEV,HOURLY,DEX.Elev-Forebay.Inst.1Hour.0.CBT-REV,14149500,2026-08-15 08:00:00,2026-08-15 08:00:00,1,0.110,0.110,693.560,693.450
DEX,ELEV,HOURLY,DEX.Elev-Forebay.Inst.1Hour.0.CBT-REV,14149500,2026-08-15 10:00:00,2026-08-15 14:00:00,5,0.102,0.108,692.910,692.808
DEX,ELEV,HOURLY,DEX.Elev-Forebay.Inst.1Hour.0.CBT-REV,14149500,2026-08-15 16:00:00,2026-08-15 16:00:00,1,0.100,0.100,692.260,692.160
DEX,ELEV,HOURLY,DEX.Elev-Forebay.Inst.1Hour.0.CBT-REV,14149500,2026-08-15 19:00:00,2026-08-15 20:00:00,2,-0.101,0.102,692.355,692.456
DEX,ELEV,HOURLY,DEX.Elev-Forebay.Inst.1Hour.0.CBT-REV,14149500,2026-08-16 06:00:00,2026-08-16 07:00:00,2,0.107,0.110,693.310,693.202
DEX,ELEV,HOURLY,DEX.Elev-Forebay.Inst.1Hour.0.CBT-REV,14149500,2026-08-16 10:00:00,2026-08-16 10:00:00,1,0.102,0.102,692.740,692.638
DEX,ELEV,HOURLY,DEX.Elev-Forebay.Inst.1Hour.0.CBT-REV,14149500,2026-08-16 12:00:00,2026-08-16 12:00:00,1,0.100,0.100,692.410,692.310
DEX,ELEV,HOURLY,DEX.Elev-Forebay.Inst.1Hour.0.CBT-REV,14149500,2026-08-16 14:00:00,2026-08-16 14:00:00,1,0.103,0.103,692.090,691.987
DEX,ELEV,HOURLY,DEX.Elev-Forebay.Inst.1Hour.0.CBT-REV,14149500,2026-08-16 17:00:00,2026-08-16 21:00:00,5,-0.106,0.110,692.180,692.286
DEX,ELEV,HOURLY,DEX.Elev-Forebay.Inst.1Hour.0.CBT-REV,14149500,2026-08-16 23:00:00,2026-08-16 23:00:00,1,-0.107,0.107,692.850,692.957
DEX,ELEV,HOURLY,DEX.Elev-Forebay.Inst.1Hour.0.CBT-REV,14149500,2026-08-17 01:00:00,2026-08-17 01:00:00,1,-0.155,0.155,693.190,693.345
DEX,ELEV,HOURLY,DEX.Elev-Forebay.Inst.1Hour.0.CBT-REV,14149500,2026-08-17 07:00:00,2026-08-17 08:00:00,2,0.107,0.110,693.435,693.327
DEX,ELEV,HOURLY,DEX.Elev-Forebay.Inst.1Hour.0.CBT-REV,14149500,2026-08-17 10:00:00,2026-08-17 10:00:00,1,0.110,0.110,693.030,692.920
DEX,ELEV,HOURLY,DEX.Elev-Forebay.Inst.1Hour.0.CBT-REV,14149500,2026-08-17 12:00:00,2026-08-17 12:00:00,1,0.100,0.100,692.700,692.600
DEX,ELEV,HOURLY,DEX.Elev-Forebay.Inst.1Hour.0.CBT-REV,14149500,2026-08-21 02:00:00,2026-08-21 02:00:00,1,-0.105,0.105,692.540,692.645
DEX,ELEV,HOURLY,DEX.Elev-Forebay.Inst.1Hour.0.CBT-REV,14149500,2026-08-21 17:00:00,2026-08-21 17:00:00,1,0.115,0.115,693.370,693.255
DEX,ELEV,HOURLY,DEX.Elev-Forebay.Inst.1Hour.0.CBT-REV,14149500,2026-08-21 22:00:00,2026-08-21 22:00:00,1,0.103,0.103,692.590,692.487
DEX,ELEV,HOURLY,DEX.Elev-Forebay.Inst.1Hour.0.CBT-REV,14149500,2026-08-22 08:00:00,2026-08-22 08:00:00,1,-0.113,0.113,692.610,692.722
DEX,ELEV,HOURLY,DEX.Elev-Forebay.Inst.1Hour.0.CBT-REV,14149500,2026-08-22 11:00:00,2026-08-22 11:00:00,1,-0.100,0.100,693.100,693.200
DEX,ELEV,HOURLY,DEX.Elev-Forebay.Inst.1Hour.0.CBT-REV,14149500,2026-08-22 13:00:00,2026-08-22 13:00:00,1,-0.100,0.100,693.420,693.520
DEX,ELEV,HOURLY,DEX.Elev-Forebay.Inst.1Hour.0.CBT-REV,14149500,2026-08-22 16:00:00,2026-08-22 16:00:00,1,0.107,0.107,693.680,693.572
DEX,ELEV,HOURLY,DEX.Elev-Forebay.Inst.1Hour.0.CBT-REV,14149500,2026-08-22 18:00:00,2026-08-22 18:00:00,1,0.102,0.102,693.370,693.268
DEX,ELEV,HOURLY,DEX.Elev-Forebay.Inst.1Hour.0.CBT-REV,14149500,2026-08-22 22:00:00,2026-08-22 23:00:00,2,0.101,0.102,692.680,692.579
DEX,ELEV,HOURLY,DEX.Elev-Forebay.Inst.1Hour.0.CBT-REV,14149500,2026-08-23 01:00:00,2026-08-23 01:00:00,1,-0.148,0.148,692.430,692.577
DEX,ELEV,HOURLY,DEX.Elev-Forebay.Inst.1Hour.0.CBT-REV,14149500,2026-08-23 08:00:00,2026-08-23 08:00:00,1,-0.100,0.100,692.780,692.880
DEX,ELEV,HOURLY,DEX.Elev-Forebay.Inst.1Hour.0.CBT-REV,14149500,2026-08-23 19:00:00,2026-08-23 19:00:00,1,0.105,0.105,693.190,693.085
DEX,ELEV,HOURLY,DEX.Elev-Forebay.Inst.1Hour.0.CBT-REV,14149500,2026-08-24 18:00:00,2026-08-24 18:00:00,1,0.105,0.105,693.230,693.125
DEX,ELEV,HOURLY,DEX.Elev-Forebay.Inst.1Hour.0.CBT-REV,14149500,2026-08-25 10:00:00,2026-08-25 10:00:00,1,-0.107,0.107,692.880,692.987
DEX,ELEV,HOURLY,DEX.Elev-Forebay.Inst.1Hour.0.CBT-REV,14149500,2026-08-25 13:00:00,2026-08-25 13:00:00,1,-0.102,0.102,693.320,693.423
DEX,ELEV,HOURLY,DEX.Elev-Forebay.Inst.1Hour.0.CBT-REV,14149500,2026-08-25 17:00:00,2026-08-25 17:00:00,1,0.102,0.102,693.420,693.317
DEX,ELEV,HOURLY,DEX.Elev-Forebay.Inst.1Hour.0.CBT-REV,14149500,2026-08-25 21:00:00,2026-08-25 21:00:00,1,0.102,0.102,692.800,692.697
DEX,ELEV,HOURLY,DEX.Elev-Forebay.Inst.1Hour.0.CBT-REV,14149500,2026-08-25 23:00:00,2026-08-25 23:00:00,1,0.107,0.107,692.490,692.382
DEX,ELEV,HOURLY,DEX.Elev-Forebay.Inst.1Hour.0.CBT-REV,14149500,2026-08-26 07:00:00,2026-08-26 07:00:00,1,0.103,0.103,692.590,692.487
DEX,ELEV,HOURLY,DEX.Elev-Forebay.Inst.1Hour.0.CBT-REV,14149500,2026-08-26 09:00:00,2026-08-26 10:00:00,2,-0.105,0.110,692.620,692.725
DEX,ELEV,HOURLY,DEX.Elev-Forebay.Inst.1Hour.0.CBT-REV,14149500,2026-08-26 17:00:00,2026-08-26 17:00:00,1,0.100,0.100,693.260,693.160
DEX,ELEV,HOURLY,DEX.Elev-Forebay.Inst.1Hour.0.CBT-REV,14149500,2026-08-27 09:00:00,2026-08-27 09:00:00,1,-0.110,0.110,692.640,692.750
DEX,ELEV,HOURLY,DEX.Elev-Forebay.Inst.1Hour.0.CBT-REV,14149500,2026-08-27 13:00:00,2026-08-27 13:00:00,1,-0.115,0.115,693.240,693.355
DEX,ELEV,HOURLY,DEX.Elev-Forebay.Inst.1Hour.0.CBT-REV,14149500,2026-08-27 19:00:00,2026-08-27 19:00:00,1,0.102,0.102,693.040,692.938
DEX,ELEV,HOURLY,DEX.Elev-Forebay.Inst.1Hour.0.CBT-REV,14149500,2026-08-27 22:00:00,2026-08-27 22:00:00,1,0.105,0.105,692.580,692.475
DEX,ELEV,HOURLY,DEX.Elev-Forebay.Inst.1Hour.0.CBT-REV,14149500,2026-08-29 05:00:00,2026-08-29 05:00:00,1,0.102,0.102,692.640,692.538
DEX,ELEV,HOURLY,DEX.Elev-Forebay.Inst.1Hour.0.CBT-REV,14149500,2026-08-30 01:00:00,2026-08-30 02:00:00,2,-0.116,0.133,691.970,692.086
DEX,ELEV,HOURLY,DEX.Elev-Forebay.Inst.1Hour.0.CBT-REV,14149500,2026-08-31 02:00:00,2026-08-31 02:00:00,1,-0.132,0.132,691.970,692.102
DEX,ELEV,HOURLY,DEX.Elev-Forebay.Inst.1Hour.0.CBT-REV,14149500,2026-08-31 17:00:00,2026-08-31 17:00:00,1,0.110,0.110,691.940,691.830
DEX,ELEV,HOURLY,DEX.Elev-Forebay.Inst.1Hour.0.CBT-REV,14149500,2026-09-01 02:00:00,2026-09-01 02:00:00,1,-0.145,0.145,691.840,691.985
DEX,ELEV,HOURLY,DEX.Elev-Forebay.Inst.1Hour.0.CBT-REV,14149500,2026-09-02 01:00:00,2026-09-02 02:00:00,2,-0.141,0.175,691.835,691.976
DEX,ELEV,HOURLY,DEX.Elev-Forebay.Inst.1Hour.0.CBT-REV,14149500,2026-09-15 15:00:00,2026-09-15 15:00:00,1,0.202,0.202,692.880,692.678
DEX,ELEV,HOURLY,DEX.Elev-Forebay.Inst.1Hour.0.CBT-REV,14149500,2026-09-15 19:00:00,2026-09-15 19:00:00,1,-0.105,0.105,692.580,692.685
DEX,ELEV,HOURLY,DEX.Elev-Forebay.Inst.1Hour.0.CBT-REV,14149500,2026-09-21 08:00:00,2026-09-21 08:00:00,1,0.100,0.100,692.470,692.370
DEX,ELEV,HOURLY,DEX.Elev-Forebay.Inst.1Hour.0.CBT-REV,14149500,2026-09-25 07:00:00,2026-09-25 07:00:00,1,0.105,0.105,693.440,693.335
DEX,FLOW,HOURLY,DEX.Flow-Out.Inst.0.0.MIXED-COMPUTED-REV,14150000,2025-11-28 17:00:00,2025-11-28 17:00:00,1,-66.130,66.130,1256.370,1322.500
DEX,FLOW,HOURLY,DEX.Flow-Out.Inst.0.0.MIXED-COMPUTED-REV,14150000,2025-11-29 10:00:00,2025-11-29 10:00:00,1,-66.130,66.130,1256.370,1322.500
DEX,FLOW,HOURLY,DEX.Flow-Out.Inst.0.0.MIXED-COMPUTED-REV,14150000,2025-12-03 07:00:00,2025-12-03 07:00:00,1,-66.161,66.161,1252.173,1318.333
DEX,FLOW,HOURLY,DEX.Flow-Out.Inst.0.0.MIXED-COMPUTED-REV,14150000,2025-12-04 10:00:00,2025-12-04 10:00:00,1,-66.347,66.347,1255.320,1321.667
DOR,ELEV,HOURLY,DOR.Elev-Forebay.Inst.0.0.MIXED-REV,14155000,2025-11-12 06:00:00,2025-11-12 06:00:00,1,-0.128,0.128,771.692,771.820
DOR,FLOW,HOURLY,DOR.Flow-Out.Inst.0.0.MIXED-COMPUTED-REV,14155500,2026-03-10 17:00:00,2026-03-11 21:00:00,29,-108.026,113.739,1616.370,1724.397
DOR,FLOW,HOURLY,DOR.Flow-Out.Inst.0.0.MIXED-COMPUTED-REV,14155500,2026-03-11 23:00:00,2026-03-16 14:00:00,112,376.264,427.760,1155.987,779.723
FAL,ELEV,HOURLY,FAL.Elev-Forebay.Inst.0.0.MIXED-REV,14150900,2025-11-04 14:00:00,2025-11-04 15:00:00,2,-0.115,0.126,682.188,682.304
FAL,ELEV,HOURLY,FAL.Elev-Forebay.Inst.0.0.MIXED-REV,14150900,2025-11-04 19:00:00,2025-11-04 19:00:00,1,0.118,0.118,681.273,681.155
FAL,ELEV,HOURLY,FAL.Elev-Forebay.Inst.0.0.MIXED-REV,14150900,2025-11-21 08:00:00,2025-11-21 09:00:00,2,-0.131,0.146,683.734,683.865
FAL,ELEV,HOURLY,FAL.Elev-Forebay.Inst.0.0.MIXED-REV,14150900,2025-11-21 20:00:00,2025-11-21 21:00:00,2,0.017,0.148,680.921,680.904
FAL,ELEV,HOURLY,FAL.Elev-Forebay.Inst.0.0.MIXED-REV,14150900,2025-11-22 00:00:00,2025-11-22 00:00:00,1,0.120,0.120,680.645,680.525
FAL,ELEV,HOURLY,FAL.Elev-Forebay.Inst.0.0.MIXED-REV,14150900,2026-08-13 18:00:00,2026-08-13 18:00:00,1,0.215,0.215,807.495,807.280
FOS,ELEV,HOURLY,FOS.Elev-Forebay.Inst.1Hour.0.CBT-REV,14186600,2025-10-02 09:00:00,2025-10-02 09:00:00,1,0.105,0.105,619.330,619.225
FOS,ELEV,HOURLY,FOS.Elev-Forebay.Inst.1Hour.0.CBT-REV,14186600,2025-10-28 20:00:00,2025-10-28 22:00:00,3,0.126,0.140,616.860,616.734
FOS,ELEV,HOURLY,FOS.Elev-Forebay.Inst.1Hour.0.CBT-REV,14186600,2025-10-30 20:00:00,2025-10-30 21:00:00,2,0.110,0.118,616.140,616.030
FOS,ELEV,HOURLY,FOS.Elev-Forebay.Inst.1Hour.0.CBT-REV,14186600,2025-12-06 00:00:00,2025-12-06 06:00:00,7,-0.166,0.210,617.110,617.276
FOS,ELEV,HOURLY,FOS.Elev-Forebay.Inst.1Hour.0.CBT-REV,14186600,2025-12-09 17:00:00,2025-12-10 14:00:00,22,-0.221,0.320,619.919,620.139
FOS,ELEV,HOURLY,FOS.Elev-Forebay.Inst.1Hour.0.CBT-REV,14186600,2025-12-10 17:00:00,2025-12-10 17:00:00,1,-0.105,0.105,625.300,625.405
FOS,ELEV,HOURLY,FOS.Elev-Forebay.Inst.1Hour.0.CBT-REV,14186600,2025-12-19 02:00:00,2025-12-20 05:00:00,28,-0.278,0.555,619.365,619.643
FOS,ELEV,HOURLY,FOS.Elev-Forebay.Inst.1Hour.0.CBT-REV,14186600,2025-12-20 15:00:00,2025-12-20 22:00:00,8,0.157,0.230,625.059,624.902
FOS,ELEV,HOURLY,FOS.Elev-Forebay.Inst.1Hour.0.CBT-REV,14186600,2026-01-05 19:00:00,2026-01-05 21:00:00,3,-0.104,0.108,617.607,617.711
FOS,ELEV,HOURLY,FOS.Elev-Forebay.Inst.1Hour.0.CBT-REV,14186600,2026-01-12 17:00:00,2026-01-12 18:00:00,2,0.120,0.130,618.820,618.700
FOS,ELEV,HOURLY,FOS.Elev-Forebay.Inst.1Hour.0.CBT-REV,14186600,2026-01-15 15:00:00,2026-01-15 15:00:00,1,-0.100,0.100,616.250,616.350
FOS,ELEV,HOURLY,FOS.Elev-Forebay.Inst.1Hour.0.CBT-REV,14186600,2026-01-17 03:00:00,2026-01-17 03:00:00,1,-0.110,0.110,617.390,617.500
FOS,ELEV,HOURLY,FOS.Elev-Forebay.Inst.1Hour.0.CBT-REV,14186600,2026-01-19 01:00:00,2026-01-19 01:00:00,1,-0.105,0.105,616.990,617.095
FOS,ELEV,HOURLY,FOS.Elev-Forebay.Inst.1Hour.0.CBT-REV,14186600,2026-01-20 22:00:00,2026-01-20 22:00:00,1,-0.163,0.163,616.660,616.822
FOS,ELEV,HOURLY,FOS.Elev-Forebay.Inst.1Hour.0.CBT-REV,14186600,2026-01-21 15:00:00,2026-01-21 15:00:00,1,-0.102,0.102,616.600,616.702
FOS,ELEV,HOURLY,FOS.Elev-Forebay.Inst.1Hour.0.CBT-REV,14186600,2026-01-22 02:00:00,2026-01-22 05:00:00,4,-0.106,0.113,617.053,617.158
FOS,ELEV,HOURLY,FOS.Elev-Forebay.Inst.1Hour.0.CBT-REV,14186600,2026-01-22 15:00:00,2026-01-22 15:00:00,1,-0.105,0.105,616.870,616.975
FOS,ELEV,HOURLY,FOS.Elev-Forebay.Inst.1Hour.0.CBT-REV,14186600,2026-01-23 03:00:00,2026-01-23 04:00:00,2,-0.108,0.110,617.425,617.533
FOS,ELEV,HOURLY,FOS.Elev-Forebay.Inst.1Hour.0.CBT-REV,14186600,2026-01-23 15:00:00,2026-01-23 18:00:00,4,-0.107,0.115,617.368,617.475
FOS,ELEV,HOURLY,FOS.Elev-Forebay.Inst.1Hour.0.CBT-REV,14186600,2026-02-01 11:00:00,2026-02-01 11:00:00,1,0.102,0.102,619.170,619.067
FOS,ELEV,HOURLY,FOS.Elev-Forebay.Inst.1Hour.0.CBT-REV,14186600,2026-02-19 01:00:00,2026-02-19 01:00:00,1,0.105,0.105,613.810,613.705
FOS,ELEV,HOURLY,FOS.Elev-Forebay.Inst.1Hour.0.CBT-REV,14186600,2026-02-19 04:00:00,2026-02-19 20:00:00,17,0.109,0.127,613.666,613.557
FOS,ELEV,HOURLY,FOS.Elev-Forebay.Inst.1Hour.0.CBT-REV,14186600,2026-02-19 22:00:00,2026-02-20 01:00:00,4,0.105,0.110,613.487,613.383
FOS,ELEV,HOURLY,FOS.Elev-Forebay.Inst.1Hour.0.CBT-REV,14186600,2026-02-20 04:00:00,2026-02-20 06:00:00,3,0.106,0.110,613.387,613.281
FOS,ELEV,HOURLY,FOS.Elev-Forebay.Inst.1Hour.0.CBT-REV,14186600,2026-02-20 08:00:00,2026-02-20 08:00:00,1,0.105,0.105,613.330,613.225
FOS,ELEV,HOURLY,FOS.Elev-Forebay.Inst.1Hour.0.CBT-REV,14186600,2026-02-20 10:00:00,2026-02-20 15:00:00,6,0.108,0.115,613.243,613.135
FOS,ELEV,HOURLY,FOS.Elev-Forebay.Inst.1Hour.0.CBT-REV,14186600,2026-02-22 14:00:00,2026-02-22 14:00:00,1,0.120,0.120,614.410,614.290
FOS,ELEV,HOURLY,FOS.Elev-Forebay.Inst.1Hour.0.CBT-REV,14186600,2026-02-23 17:00:00,2026-02-23 17:00:00,1,-0.100,0.100,615.020,615.120
FOS,ELEV,HOURLY,FOS.Elev-Forebay.Inst.1Hour.0.CBT-REV,14186600,2026-02-23 19:00:00,2026-02-23 20:00:00,2,-0.150,0.173,615.710,615.860
FOS,ELEV,HOURLY,FOS.Elev-Forebay.Inst.1Hour.0.CBT-REV,14186600,2026-02-23 22:00:00,2026-02-24 01:00:00,4,-0.176,0.225,617.120,617.296
FOS,ELEV,HOURLY,FOS.Elev-Forebay.Inst.1Hour.0.CBT-REV,14186600,2026-02-24 03:00:00,2026-02-24 06:00:00,4,-0.166,0.188,618.785,618.951
FOS,ELEV,HOURLY,FOS.Elev-Forebay.Inst.1Hour.0.CBT-REV,14186600,2026-02-24 08:00:00,2026-02-24 08:00:00,1,-0.200,0.200,619.870,620.070
FOS,ELEV,HOURLY,FOS.Elev-Forebay.Inst.1Hour.0.CBT-REV,14186600,2026-02-24 10:00:00,2026-02-24 19:00:00,10,-0.226,0.570,621.753,621.979
FOS,ELEV,HOURLY,FOS.Elev-Forebay.Inst.1Hour.0.CBT-REV,14186600,2026-02-24 21:00:00,2026-02-24 21:00:00,1,-0.150,0.150,623.650,623.800
FOS,ELEV,HOURLY,FOS.Elev-Forebay.Inst.1Hour.0.CBT-REV,14186600,2026-02-24 23:00:00,2026-02-24 23:00:00,1,-0.155,0.155,624.140,624.295
FOS,ELEV,HOURLY,FOS.Elev-Forebay.Inst.1Hour.0.CBT-REV,14186600,2026-02-25 01:00:00,2026-02-25 01:00:00,1,-0.140,0.140,624.590,624.730
FOS,ELEV,HOURLY,FOS.Elev-Forebay.Inst.1Hour.0.CBT-REV,14186600,2026-02-25 03:00:00,2026-02-25 05:00:00,3,-0.118,0.133,625.303,625.422
FOS,ELEV,HOURLY,FOS.Elev-Forebay.Inst.1Hour.0.CBT-REV,14186600,2026-02-25 07:00:00,2026-02-25 12:00:00,6,-0.130,0.138,626.732,626.862
FOS,ELEV,HOURLY,FOS.Elev-Forebay.Inst.1Hour.0.CBT-REV,14186600,2026-02-25 14:00:00,2026-02-25 16:00:00,3,-0.126,0.130,628.180,628.306
FOS,ELEV,HOURLY,FOS.Elev-Forebay.Inst.1Hour.0.CBT-REV,14186600,2026-02-25 18:00:00,2026-02-25 19:00:00,2,-0.104,0.105,628.940,629.044
FOS,ELEV,HOURLY,FOS.Elev-Forebay.Inst.1Hour.0.CBT-REV,14186600,2026-02-27 11:00:00,2026-02-27 20:00:00,10,0.111,0.120,629.313,629.201
FOS,ELEV,HOURLY,FOS.Elev-Forebay.Inst.1Hour.0.CBT-REV,14186600,2026-02-27 22:00:00,2026-02-27 22:00:00,1,0.133,0.133,628.600,628.467
FOS,ELEV,HOURLY,FOS.Elev-Forebay.Inst.1Hour.0.CBT-REV,14186600,2026-02-28 00:00:00,2026-02-28 00:00:00,1,0.105,0.105,628.330,628.225
FOS,ELEV,HOURLY,FOS.Elev-Forebay.Inst.1Hour.0.CBT-REV,14186600,2026-02-28 02:00:00,2026-03-01 15:00:00,38,0.125,0.147,625.748,625.623
FOS,ELEV,HOURLY,FOS.Elev-Forebay.Inst.1Hour.0.CBT-REV,14186600,2026-03-01 17:00:00,2026-03-01 17:00:00,1,0.105,0.105,623.170,623.065
FOS,ELEV,HOURLY,FOS.Elev-Forebay.Inst.1Hour.0.CBT-REV,14186600,2026-03-01 19:00:00,2026-03-01 19:00:00,1,0.115,0.115,622.930,622.815
FOS,ELEV,HOURLY,FOS.Elev-Forebay.Inst.1Hour.0.CBT-REV,14186600,2026-03-01 21:00:00,2026-03-02 03:00:00,7,0.131,0.158,622.281,622.150
FOS,ELEV,HOURLY,FOS.Elev-Forebay.Inst.1Hour.0.CBT-REV,14186600,2026-03-13 18:00:00,2026-03-13 21:00:00,4,-0.101,0.102,617.335,617.436
FOS,ELEV,HOURLY,FOS.Elev-Forebay.Inst.1Hour.0.CBT-REV,14186600,2026-03-14 12:00:00,2026-03-15 06:00:00,19,-0.140,0.215,621.130,621.270
FOS,ELEV,HOURLY,FOS.Elev-Forebay.Inst.1Hour.0.CBT-REV,14186600,2026-03-16 16:00:00,2026-03-16 16:00:00,1,0.128,0.128,623.460,623.332
FOS,ELEV,HOURLY,FOS.Elev-Forebay.Inst.1Hour.0.CBT-REV,14186600,2026-03-17 16:00:00,2026-03-17 16:00:00,1,0.138,0.138,622.590,622.452
FOS,ELEV,HOURLY,FOS.Elev-Forebay.Inst.1Hour.0.CBT-REV,14186600,2026-03-18 16:00:00,2026-03-18 16:00:00,1,0.110,0.110,621.540,621.430
FOS,ELEV,HOURLY,FOS.Elev-Forebay.Inst.1Hour.0.CBT-REV,14186600,2026-03-20 17:00:00,2026-03-20 19:00:00,3,0.115,0.117,620.113,619.998
FOS,ELEV,HOURLY,FOS.Elev-Forebay.Inst.1Hour.0.CBT-REV,14186600,2026-03-20 22:00:00,2026-03-20 22:00:00,1,0.110,0.110,619.430,619.320
FOS,ELEV,HOURLY,FOS.Elev-Forebay.Inst.1Hour.0.CBT-REV,14186600,2026-03-21 00:00:00,2026-03-21 00:00:00,1,0.215,0.215,619.230,619.015
FOS,ELEV,HOURLY,FOS.Elev-Forebay.Inst.1Hour.0.CBT-REV,14186600,2026-03-26 07:00:00,2026-03-26 07:00:00,1,-0.113,0.113,619.500,619.612
FOS,ELEV,HOURLY,FOS.Elev-Forebay.Inst.1Hour.0.CBT-REV,14186600,2026-04-07 00:00:00,2026-04-07 01:00:00,2,0.105,0.107,615.350,615.245
FOS,ELEV,HOURLY,FOS.Elev-Forebay.Inst.1Hour.0.CBT-REV,14186600,2026-04-07 03:00:00,2026-04-07 04:00:00,2,0.104,0.107,615.190,615.086
FOS,ELEV,HOURLY,FOS.Elev-Forebay.Inst.1Hour.0.CBT-REV,14186600,2026-04-14 16:00:00,2026-04-15 01:00:00,10,0.158,0.177,613.810,613.652
FOS,ELEV,HOURLY,FOS.Elev-Forebay.Inst.1Hour.0.CBT-REV,14186600,2026-04-15 17:00:00,2026-04-15 17:00:00,1,0.125,0.125,614.230,614.105
FOS,ELEV,HOURLY,FOS.Elev-Forebay.Inst.1Hour.0.CBT-REV,14186600,2026-04-15 20:00:00,2026-04-15 22:00:00,3,0.108,0.110,614.180,614.072
FOS,ELEV,HOURLY,FOS.Elev-Forebay.Inst.1Hour.0.CBT-REV,14186600,2026-04-16 00:00:00,2026-04-16 00:00:00,1,0.108,0.108,614.010,613.902
FOS,ELEV,HOURLY,FOS.Elev-Forebay.Inst.1Hour.0.CBT-REV,14186600,2026-04-16 16:00:00,2026-04-16 20:00:00,5,0.140,0.155,614.460,614.319
FOS,ELEV,HOURLY,FOS.Elev-Forebay.Inst.1Hour.0.CBT-REV,14186600,2026-04-17 16:00:00,2026-04-18 02:00:00,11,0.156,0.182,613.916,613.761
FOS,ELEV,HOURLY,FOS.Elev-Forebay.Inst.1Hour.0.CBT-REV,14186600,2026-04-18 17:00:00,2026-04-19 02:00:00,10,0.136,0.165,614.005,613.869
FOS,ELEV,HOURLY,FOS.Elev-Forebay.Inst.1Hour.0.CBT-REV,14186600,2026-04-19 17:00:00,2026-04-20 03:00:00,11,0.129,0.172,614.090,613.961
FOS,ELEV,HOURLY,FOS.Elev-Forebay.Inst.1Hour.0.CBT-REV,14186600,2026-04-20 17:00:00,2026-04-21 02:00:00,10,0.143,0.173,613.973,613.830
FOS,ELEV,HOURLY,FOS.Elev-Forebay.Inst.1Hour.0.CBT-REV,14186600,2026-04-21 17:00:00,2026-04-21 19:00:00,3,0.109,0.122,614.283,614.174
FOS,ELEV,HOURLY,FOS.Elev-Forebay.Inst.1Hour.0.CBT-REV,14186600,2026-04-21 21:00:00,2026-04-22 02:00:00,6,0.143,0.168,613.753,613.610
FOS,ELEV,HOURLY,FOS.Elev-Forebay.Inst.1Hour.0.CBT-REV,14186600,2026-04-22 17:00:00,2026-04-22 19:00:00,3,0.108,0.112,614.473,614.365
FOS,ELEV,HOURLY,FOS.Elev-Forebay.Inst.1Hour.0.CBT-REV,14186600,2026-04-22 23:00:00,2026-04-23 02:00:00,4,0.124,0.142,613.882,613.758
FOS,ELEV,HOURLY,FOS.Elev-Forebay.Inst.1Hour.0.CBT-REV,14186600,2026-04-23 17:00:00,2026-04-23 17:00:00,1,0.123,0.123,614.700,614.577
FOS,ELEV,HOURLY,FOS.Elev-Forebay.Inst.1Hour.0.CBT-REV,14186600,2026-04-23 19:00:00,2026-04-23 22:00:00,4,0.115,0.122,614.325,614.210
FOS,ELEV,HOURLY,FOS.Elev-Forebay.Inst.1Hour.0.CBT-REV,14186600,2026-04-24 00:00:00,2026-04-24 02:00:00,3,0.151,0.168,613.867,613.716
FOS,ELEV,HOURLY,FOS.Elev-Forebay.Inst.1Hour.0.CBT-REV,14186600,2026-04-24 18:00:00,2026-04-25 02:00:00,9,0.130,0.172,614.089,613.959
FOS,ELEV,HOURLY,FOS.Elev-Forebay.Inst.1Hour.0.CBT-REV,14186600,2026-04-25 17:00:00,2026-04-26 02:00:00,10,0.124,0.155,614.177,614.053
FOS,ELEV,HOURLY,FOS.Elev-Forebay.Inst.1Hour.0.CBT-REV,14186600,2026-04-26 17:00:00,2026-04-27 02:00:00,10,0.138,0.170,614.118,613.980
FOS,ELEV,HOURLY,FOS.Elev-Forebay.Inst.1Hour.0.CBT-REV,14186600,2026-05-15 16:00:00,2026-05-16 03:00:00,12,-0.124,0.168,615.934,616.058
FOS,ELEV,HOURLY,FOS.Elev-Forebay.Inst.1Hour.0.CBT-REV,14186600,2026-05-16 15:00:00,2026-05-17 03:00:00,13,-0.150,0.175,619.268,619.419
FOS,ELEV,HOURLY,FOS.Elev-Forebay.Inst.1Hour.0.CBT-REV,14186600,2026-05-17 15:00:00,2026-05-17 21:00:00,7,-0.167,0.178,622.203,622.370
FOS,ELEV,HOURLY,FOS.Elev-Forebay.Inst.1Hour.0.CBT-REV,14186600,2026-05-17 23:00:00,2026-05-17 23:00:00,1,-0.108,0.108,623.440,623.548
FOS,ELEV,HOURLY,FOS.Elev-Forebay.Inst.1Hour.0.CBT-REV,14186600,2026-05-18 01:00:00,2026-05-18 01:00:00,1,-0.107,0.107,623.890,623.997
FOS,ELEV,HOURLY,FOS.Elev-Forebay.Inst.1Hour.0.CBT-REV,14186600,2026-05-18 03:00:00,2026-05-18 03:00:00,1,-0.113,0.113,624.300,624.413
FOS,ELEV,HOURLY,FOS.Elev-Forebay.Inst.1Hour.0.CBT-REV,14186600,2026-05-18 16:00:00,2026-05-18 17:00:00,2,-0.109,0.115,625.235,625.344
FOS,ELEV,HOURLY,FOS.Elev-Forebay.Inst.1Hour.0.CBT-REV,14186600,2026-05-19 16:00:00,2026-05-19 16:00:00,1,-0.103,0.103,628.370,628.472
FOS,ELEV,HOURLY,FOS.Elev-Forebay.Inst.1Hour.0.CBT-REV,14186600,2026-05-19 19:00:00,2026-05-19 20:00:00,2,-0.108,0.115,629.115,629.223
FOS,ELEV,HOURLY,FOS.Elev-Forebay.Inst.1Hour.0.CBT-REV,14186600,2026-05-19 23:00:00,2026-05-19 23:00:00,1,-0.117,0.117,629.830,629.947
FOS,ELEV,HOURLY,FOS.Elev-Forebay.Inst.1Hour.0.CBT-REV,14186600,2026-05-20 02:00:00,2026-05-20 02:00:00,1,-0.123,0.123,630.430,630.553
FOS,ELEV,HOURLY,FOS.Elev-Forebay.Inst.1Hour.0.CBT-REV,14186600,2026-05-20 15:00:00,2026-05-21 03:00:00,13,-0.153,0.178,632.315,632.468
FOS,ELEV,HOURLY,FOS.Elev-Forebay.Inst.1Hour.0.CBT-REV,14186600,2026-05-21 15:00:00,2026-05-21 20:00:00,6,-0.155,0.178,634.237,634.391
FOS,ELEV,HOURLY,FOS.Elev-Forebay.Inst.1Hour.0.CBT-REV,14186600,2026-05-22 00:00:00,2026-05-22 06:00:00,7,-0.134,0.158,635.280,635.414
FOS,ELEV,HOURLY,FOS.Elev-Forebay.Inst.1Hour.0.CBT-REV,14186600,2026-05-22 17:00:00,2026-05-23 03:00:00,11,-0.147,0.165,636.232,636.378
FOS,ELEV,HOURLY,FOS.Elev-Forebay.Inst.1Hour.0.CBT-REV,14186600,2026-05-23 14:00:00,2026-05-23 15:00:00,2,-0.108,0.110,636.395,636.503
FOS,ELEV,HOURLY,FOS.Elev-Forebay.Inst.1Hour.0.CBT-REV,14186600,2026-05-24 01:00:00,2026-05-24 02:00:00,2,-0.118,0.123,636.095,636.213
FOS,ELEV,HOURLY,FOS.Elev-Forebay.Inst.1Hour.0.CBT-REV,14186600,2026-05-24 04:00:00,2026-05-24 04:00:00,1,-0.110,0.110,636.310,636.420
FOS,ELEV,HOURLY,FOS.Elev-Forebay.Inst.1Hour.0.CBT-REV,14186600,2026-05-24 14:00:00,2026-05-24 17:00:00,4,-0.111,0.125,636.110,636.221
FOS,ELEV,HOURLY,FOS.Elev-Forebay.Inst.1Hour.0.CBT-REV,14186600,2026-05-25 01:00:00,2026-05-25 04:00:00,4,-0.110,0.117,636.082,636.192
FOS,ELEV,HOURLY,FOS.Elev-Forebay.Inst.1Hour.0.CBT-REV,14186600,2026-05-25 14:00:00,2026-05-25 17:00:00,4,-0.114,0.120,635.990,636.104
FOS,ELEV,HOURLY,FOS.Elev-Forebay.Inst.1Hour.0.CBT-REV,14186600,2026-05-26 01:00:00,2026-05-26 05:00:00,5,-0.117,0.150,636.018,636.135
FOS,ELEV,HOURLY,FOS.Elev-Forebay.Inst.1Hour.0.CBT-REV,14186600,2026-05-26 14:00:00,2026-05-26 16:00:00,3,-0.114,0.123,636.007,636.121
FOS,ELEV,HOURLY,FOS.Elev-Forebay.Inst.1Hour.0.CBT-REV,14186600,2026-05-27 05:00:00,2026-05-27 07:00:00,3,-0.111,0.115,635.880,635.991
FOS,ELEV,HOURLY,FOS.Elev-Forebay.Inst.1Hour.0.CBT-REV,14186600,2026-05-27 13:00:00,2026-05-27 15:00:00,3,-0.132,0.168,636.013,636.145
FOS,ELEV,HOURLY,FOS.Elev-Forebay.Inst.1Hour.0.CBT-REV,14186600,2026-05-28 04:00:00,2026-05-28 06:00:00,3,-0.109,0.118,635.780,635.889
FOS,ELEV,HOURLY,FOS.Elev-Forebay.Inst.1Hour.0.CBT-REV,14186600,2026-05-30 03:00:00,2026-05-30 05:00:00,3,-0.118,0.123,635.890,636.008
FOS,ELEV,HOURLY,FOS.Elev-Forebay.Inst.1Hour.0.CBT-REV,14186600,2026-05-30 14:00:00,2026-05-30 14:00:00,1,-0.120,0.120,636.130,636.250
FOS,ELEV,HOURLY,FOS.Elev-Forebay.Inst.1Hour.0.CBT-REV,14186600,2026-05-31 03:00:00,2026-05-31 05:00:00,3,-0.112,0.115,636.340,636.452
FOS,ELEV,HOURLY,FOS.Elev-Forebay.Inst.1Hour.0.CBT-REV,14186600,2026-06-01 02:00:00,2026-06-01 05:00:00,4,-0.113,0.125,636.597,636.710
FOS,ELEV,HOURLY,FOS.Elev-Forebay.Inst.1Hour.0.CBT-REV,14186600,2026-06-01 14:00:00,2026-06-01 14:00:00,1,-0.115,0.115,636.860,636.975
FOS,ELEV,HOURLY,FOS.Elev-Forebay.Inst.1Hour.0.CBT-REV,14186600,2026-06-02 02:00:00,2026-06-02 05:00:00,4,-0.114,0.120,636.915,637.029
FOS,ELEV,HOURLY,FOS.Elev-Forebay.Inst.1Hour.0.CBT-REV,14186600,2026-07-03 04:00:00,2026-07-03 07:00:00,4,1.010,1.033,637.082,636.072
FOS,ELEV,HOURLY,FOS.Elev-Forebay.Inst.1Hour.0.CBT-REV,14186600,2026-07-29 11:00:00,2026-07-29 11:00:00,1,0.158,0.158,636.460,636.303
FOS,ELEV,HOURLY,FOS.Elev-Forebay.Inst.1Hour.0.CBT-REV,14186600,2026-08-08 06:00:00,2026-08-08 07:00:00,2,0.951,0.955,637.115,636.164
FOS,ELEV,HOURLY,FOS.Elev-Forebay.Inst.1Hour.0.CBT-REV,14186600,2026-08-18 07:00:00,2026-08-18 07:00:00,1,1.013,1.013,636.800,635.787
FOS,ELEV,HOURLY,FOS.Elev-Forebay.Inst.1Hour.0.CBT-REV,14186600,2026-09-04 22:00:00,2026-09-04 22:00:00,1,-0.110,0.110,634.870,634.980
FOS,ELEV,HOURLY,FOS.Elev-Forebay.Inst.1Hour.0.CBT-REV,14186600,2026-09-05 00:00:00,2026-09-05 00:00:00,1,-0.100,0.100,635.260,635.360
FOS,ELEV,HOURLY,FOS.Elev-Forebay.Inst.1Hour.0.CBT-REV,14186600,2026-09-05 02:00:00,2026-09-05 02:00:00,1,-0.117,0.117,635.610,635.727
FOS,ELEV,HOURLY,FOS.Elev-Forebay.Inst.1Hour.0.CBT-REV,14186600,2026-09-05 04:00:00,2026-09-05 04:00:00,1,-0.105,0.105,635.980,636.085
FOS,ELEV,HOURLY,FOS.Elev-Forebay.Inst.1Hour.0.CBT-REV,14186600,2026-09-06 00:00:00,2026-09-06 01:00:00,2,-0.103,0.105,635.375,635.477
FOS,ELEV,HOURLY,FOS.Elev-Forebay.Inst.1Hour.0.CBT-REV,14186600,2026-09-06 22:00:00,2026-09-06 22:00:00,1,-0.102,0.102,634.990,635.092
FOS,ELEV,HOURLY,FOS.Elev-Forebay.Inst.1Hour.0.CBT-REV,14186600,2026-09-07 01:00:00,2026-09-07 01:00:00,1,-0.102,0.102,635.520,635.622
FOS,ELEV,HOURLY,FOS.Elev-Forebay.Inst.1Hour.0.CBT-REV,14186600,2026-09-07 04:00:00,2026-09-07 04:00:00,1,-0.100,0.100,636.050,636.150
FOS,ELEV,HOURLY,FOS.Elev-Forebay.Inst.1Hour.0.CBT-REV,14186600,2026-09-08 04:00:00,2026-09-08 04:00:00,1,-0.100,0.100,636.050,636.150
FOS,ELEV,HOURLY,FOS.Elev-Forebay.Inst.1Hour.0.CBT-REV,14186600,2026-09-08 22:00:00,2026-09-08 22:00:00,1,-0.105,0.105,634.990,635.095
FOS,ELEV,HOURLY,FOS.Elev-Forebay.Inst.1Hour.0.CBT-REV,14186600,2026-09-09 04:00:00,2026-09-09 04:00:00,1,-0.143,0.143,636.010,636.153
FOS,ELEV,HOURLY,FOS.Elev-Forebay.Inst.1Hour.0.CBT-REV,14186600,2026-09-11 02:00:00,2026-09-11 03:00:00,2,-0.199,0.227,635.555,635.754
FOS,ELEV,HOURLY,FOS.Elev-Forebay.Inst.1Hour.0.CBT-REV,14186600,2026-09-12 00:00:00,2026-09-12 00:00:00,1,-0.100,0.100,635.120,635.220
FOS,ELEV,HOURLY,FOS.Elev-Forebay.Inst.1Hour.0.CBT-REV,14186600,2026-09-12 03:00:00,2026-09-12 03:00:00,1,-0.152,0.152,635.580,635.732
FOS,ELEV,HOURLY,FOS.Elev-Forebay.Inst.1Hour.0.CBT-REV,14186600,2026-09-13 01:00:00,2026-09-13 01:00:00,1,-0.110,0.110,634.930,635.040
FOS,ELEV,HOURLY,FOS.Elev-Forebay.Inst.1Hour.0.CBT-REV,14186600,2026-09-15 01:00:00,2026-09-15 02:00:00,2,-0.121,0.123,635.115,635.236
FOS,ELEV,HOURLY,FOS.Elev-Forebay.Inst.1Hour.0.CBT-REV,14186600,2026-09-16 03:00:00,2026-09-16 03:00:00,1,-0.113,0.113,635.040,635.153
FOS,ELEV,HOURLY,FOS.Elev-Forebay.Inst.1Hour.0.CBT-REV,14186600,2026-09-16 17:00:00,2026-09-16 17:00:00,1,0.120,0.120,635.190,635.070
FOS,ELEV,HOURLY,FOS.Elev-Forebay.Inst.1Hour.0.CBT-REV,14186600,2026-09-28 12:00:00,2026-09-28 12:00:00,1,0.240,0.240,622.870,622.630
FOS,FLOW,HOURLY,FOS.Flow-Out.Ave.1Hour.1Hour.CBT-REV,14187200,2025-10-02 01:00:00,2025-10-02 01:00:00,1,-122.500,122.500,1260.000,1382.500
FOS,FLOW,HOURLY,FOS.Flow-Out.Ave.1Hour.1Hour.CBT-REV,14187200,2025-10-03 01:00:00,2025-10-03 01:00:00,1,-75.833,75.833,1280.000,1355.833
FOS,FLOW,HOURLY,FOS.Flow-Out.Ave.1Hour.1Hour.CBT-REV,14187200,2025-10-04 01:00:00,2025-10-04 01:00:00,1,-103.333,103.333,1240.000,1343.333
FOS,FLOW,HOURLY,FOS.Flow-Out.Ave.1Hour.1Hour.CBT-REV,14187200,2025-10-05 01:00:00,2025-10-05 01:00:00,1,-75.000,75.000,1250.000,1325.000
FOS,FLOW,HOURLY,FOS.Flow-Out.Ave.1Hour.1Hour.CBT-REV,14187200,2025-10-13 03:00:00,2025-10-13 12:00:00,10,-91.833,116.667,1239.000,1330.833
FOS,FLOW,HOURLY,FOS.Flow-Out.Ave.1Hour.1Hour.CBT-REV,14187200,2025-10-13 19:00:00,2025-10-13 19:00:00,1,-66.667,66.667,1230.000,1296.667
FOS,FLOW,HOURLY,FOS.Flow-Out.Ave.1Hour.1Hour.CBT-REV,14187200,2025-10-13 21:00:00,2025-10-13 21:00:00,1,-68.333,68.333,1240.000,1308.333
FOS,FLOW,HOURLY,FOS.Flow-Out.Ave.1Hour.1Hour.CBT-REV,14187200,2025-10-14 01:00:00,2025-10-14 01:00:00,1,-80.000,80.000,1240.000,1320.000
FOS,FLOW,HOURLY,FOS.Flow-Out.Ave.1Hour.1Hour.CBT-REV,14187200,2025-10-15 01:00:00,2025-10-15 01:00:00,1,-66.667,66.667,1230.000,1296.667
FOS,FLOW,HOURLY,FOS.Flow-Out.Ave.1Hour.1Hour.CBT-REV,14187200,2025-10-22 01:00:00,2025-10-22 01:00:00,1,-74.167,74.167,1240.000,1314.167
FOS,FLOW,HOURLY,FOS.Flow-Out.Ave.1Hour.1Hour.CBT-REV,14187200,2025-10-25 17:00:00,2025-10-25 17:00:00,1,-90.833,90.833,1250.000,1340.833
FOS,FLOW,HOURLY,FOS.Flow-Out.Ave.1Hour.1Hour.CBT-REV,14187200,2025-10-25 19:00:00,2025-10-26 14:00:00,20,-130.375,199.167,1530.500,1660.875
FOS,FLOW,HOURLY,FOS.Flow-Out.Ave.1Hour.1Hour.CBT-REV,14187200,2025-10-26 16:00:00,2025-10-26 23:00:00,8,-126.250,160.833,1713.750,1840.000
FOS,FLOW,HOURLY,FOS.Flow-Out.Ave.1Hour.1Hour.CBT-REV,14187200,2025-10-27 01:00:00,2025-10-27 13:00:00,13,-121.795,210.000,1803.846,1925.641
FOS,FLOW,HOURLY,FOS.Flow-Out.Ave.1Hour.1Hour.CBT-REV,14187200,2025-10-27 16:00:00,2025-10-27 17:00:00,2,-148.750,187.500,1805.000,1953.750
FOS,FLOW,HOURLY,FOS.Flow-Out.Ave.1Hour.1Hour.CBT-REV,14187200,2025-10-27 19:00:00,2025-10-27 23:00:00,5,-177.833,310.000,1908.000,2085.833
FOS,FLOW,HOURLY,FOS.Flow-Out.Ave.1Hour.1Hour.CBT-REV,14187200,2025-10-28 01:00:00,2025-10-28 01:00:00,1,-250.000,250.000,2560.000,2810.000
FOS,FLOW,HOURLY,FOS.Flow-Out.Ave.1Hour.1Hour.CBT-REV,14187200,2025-10-28 06:00:00,2025-10-28 06:00:00,1,-142.500,142.500,2700.000,2842.500
FOS,FLOW,HOURLY,FOS.Flow-Out.Ave.1Hour.1Hour.CBT-REV,14187200,2025-10-28 11:00:00,2025-10-28 11:00:00,1,-173.333,173.333,2850.000,3023.333
FOS,FLOW,HOURLY,FOS.Flow-Out.Ave.1Hour.1Hour.CBT-REV,14187200,2025-10-28 16:00:00,2025-10-28 16:00:00,1,-250.833,250.833,2890.000,3140.833
FOS,FLOW,HOURLY,FOS.Flow-Out.Ave.1Hour.1Hour.CBT-REV,14187200,2025-11-01 15:00:00,2025-11-01 15:00:00,1,-160.000,160.000,2980.000,3140.000
FOS,FLOW,HOURLY,FOS.Flow-Out.Ave.1Hour.1Hour.CBT-REV,14187200,2025-11-02 03:00:00,2025-11-02 09:00:00,7,-195.238,225.000,2970.000,3165.238
FOS,FLOW,HOURLY,FOS.Flow-Out.Ave.1Hour.1Hour.CBT-REV,14187200,2025-11-02 11:00:00,2025-11-02 11:00:00,1,-163.333,163.333,3030.000,3193.333
FOS,FLOW,HOURLY,FOS.Flow-Out.Ave.1Hour.1Hour.CBT-REV,14187200,2025-11-02 13:00:00,2025-11-02 13:00:00,1,-178.333,178.333,3040.000,3218.333
FOS,FLOW,HOURLY,FOS.Flow-Out.Ave.1Hour.1Hour.CBT-REV,14187200,2025-11-02 16:00:00,2025-11-02 17:00:00,2,-199.167,208.333,3060.000,3259.167
FOS,FLOW,HOURLY,FOS.Flow-Out.Ave.1Hour.1Hour.CBT-REV,14187200,2025-11-03 01:00:00,2025-11-03 01:00:00,1,-178.333,178.333,3150.000,3328.333
FOS,FLOW,HOURLY,FOS.Flow-Out.Ave.1Hour.1Hour.CBT-REV,14187200,2025-11-04 23:00:00,2025-11-04 23:00:00,1,-173.333,173.333,3130.000,3303.333
FOS,FLOW,HOURLY,FOS.Flow-Out.Ave.1Hour.1Hour.CBT-REV,14187200,2025-11-06 05:00:00,2025-11-06 13:00:00,9,-193.704,211.667,3201.111,3394.815
FOS,FLOW,HOURLY,FOS.Flow-Out.Ave.1Hour.1Hour.CBT-REV,14187200,2025-11-06 16:00:00,2025-11-06 18:00:00,3,-186.667,195.000,3160.000,3346.667
FOS,FLOW,HOURLY,FOS.Flow-Out.Ave.1Hour.1Hour.CBT-REV,14187200,2025-11-06 22:00:00,2025-11-07 01:00:00,4,-189.583,218.333,3175.000,3364.583
FOS,FLOW,HOURLY,FOS.Flow-Out.Ave.1Hour.1Hour.CBT-REV,14187200,2025-11-07 06:00:00,2025-11-07 15:00:00,10,-191.333,216.667,3277.000,3468.333
FOS,FLOW,HOURLY,FOS.Flow-Out.Ave.1Hour.1Hour.CBT-REV,14187200,2025-11-07 17:00:00,2025-11-07 23:00:00,7,-229.762,276.667,3254.286,3484.048
FOS,FLOW,HOURLY,FOS.Flow-Out.Ave.1Hour.1Hour.CBT-REV,14187200,2025-11-08 02:00:00,2025-11-08 04:00:00,3,-246.389,307.500,3353.333,3599.722
FOS,FLOW,HOURLY,FOS.Flow-Out.Ave.1Hour.1Hour.CBT-REV,14187200,2025-11-10 17:00:00,2025-11-10 17:00:00,1,-170.833,170.833,2990.000,3160.833
FOS,FLOW,HOURLY,FOS.Flow-Out.Ave.1Hour.1Hour.CBT-REV,14187200,2025-11-14 16:00:00,2025-11-14 17:00:00,2,415.000,545.000,2590.000,2175.000
FOS,FLOW,HOURLY,FOS.Flow-Out.Ave.1Hour.1Hour.CBT-REV,14187200,2025-11-15 16:00:00,2025-11-15 16:00:00,1,-186.667,186.667,2150.000,2336.667
FOS,FLOW,HOURLY,FOS.Flow-Out.Ave.1Hour.1Hour.CBT-REV,14187200,2025-11-16 16:00:00,2025-11-16 16:00:00,1,-135.833,135.833,2090.000,2225.833
FOS,FLOW,HOURLY,FOS.Flow-Out.Ave.1Hour.1Hour.CBT-REV,14187200,2025-11-16 20:00:00,2025-11-16 20:00:00,1,-109.167,109.167,2030.000,2139.167
FOS,FLOW,HOURLY,FOS.Flow-Out.Ave.1Hour.1Hour.CBT-REV,14187200,2025-11-17 17:00:00,2025-11-17 20:00:00,4,-118.125,123.333,1987.500,2105.625
FOS,FLOW,HOURLY,FOS.Flow-Out.Ave.1Hour.1Hour.CBT-REV,14187200,2025-11-18 06:00:00,2025-11-18 06:00:00,1,-106.667,106.667,2020.000,2126.667
FOS,FLOW,HOURLY,FOS.Flow-Out.Ave.1Hour.1Hour.CBT-REV,14187200,2025-11-18 08:00:00,2025-11-18 08:00:00,1,-110.000,110.000,2020.000,2130.000
FOS,FLOW,HOURLY,FOS.Flow-Out.Ave.1Hour.1Hour.CBT-REV,14187200,2025-11-18 10:00:00,2025-11-18 10:00:00,1,-107.500,107.500,2030.000,2137.500
FOS,FLOW,HOURLY,FOS.Flow-Out.Ave.1Hour.1Hour.CBT-REV,14187200,2025-11-18 12:00:00,2025-11-18 12:00:00,1,-110.000,110.000,2010.000,2120.000
FOS,FLOW,HOURLY,FOS.Flow-Out.Ave.1Hour.1Hour.CBT-REV,14187200,2025-11-18 18:00:00,2025-11-18 18:00:00,1,-134.167,134.167,1980.000,2114.167
FOS,FLOW,HOURLY,FOS.Flow-Out.Ave.1Hour.1Hour.CBT-REV,14187200,2025-11-19 03:00:00,2025-11-19 03:00:00,1,-108.333,108.333,1970.000,2078.333
FOS,FLOW,HOURLY,FOS.Flow-Out.Ave.1Hour.1Hour.CBT-REV,14187200,2025-11-19 16:00:00,2025-11-19 16:00:00,1,-122.500,122.500,1820.000,1942.500
FOS,FLOW,HOURLY,FOS.Flow-Out.Ave.1Hour.1Hour.CBT-REV,14187200,2025-11-19 22:00:00,2025-11-19 22:00:00,1,-90.833,90.833,1680.000,1770.833
FOS,FLOW,HOURLY,FOS.Flow-Out.Ave.1Hour.1Hour.CBT-REV,14187200,2025-11-20 00:00:00,2025-11-20 00:00:00,1,-118.333,118.333,1620.000,1738.333
FOS,FLOW,HOURLY,FOS.Flow-Out.Ave.1Hour.1Hour.CBT-REV,14187200,2025-11-20 06:00:00,2025-11-20 06:00:00,1,-108.333,108.333,1620.000,1728.333
FOS,FLOW,HOURLY,FOS.Flow-Out.Ave.1Hour.1Hour.CBT-REV,14187200,2025-11-20 12:00:00,2025-11-20 12:00:00,1,-85.833,85.833,1570.000,1655.833
FOS,FLOW,HOURLY,FOS.Flow-Out.Ave.1Hour.1Hour.CBT-REV,14187200,2025-11-20 14:00:00,2025-11-20 14:00:00,1,-93.333,93.333,1500.000,1593.333
FOS,FLOW,HOURLY,FOS.Flow-Out.Ave.1Hour.1Hour.CBT-REV,14187200,2025-11-20 21:00:00,2025-11-20 21:00:00,1,-76.667,76.667,1150.000,1226.667
FOS,FLOW,HOURLY,FOS.Flow-Out.Ave.1Hour.1Hour.CBT-REV,14187200,2025-11-20 23:00:00,2025-11-21 00:00:00,2,-94.583,105.833,1115.000,1209.583
FOS,FLOW,HOURLY,FOS.Flow-Out.Ave.1Hour.1Hour.CBT-REV,14187200,2025-11-21 02:00:00,2025-11-21 15:00:00,14,-75.357,87.500,1139.286,1214.643
FOS,FLOW,HOURLY,FOS.Flow-Out.Ave.1Hour.1Hour.CBT-REV,14187200,2025-11-21 17:00:00,2025-11-21 17:00:00,1,-69.167,69.167,1110.000,1179.167
FOS,FLOW,HOURLY,FOS.Flow-Out.Ave.1Hour.1Hour.CBT-REV,14187200,2025-11-21 19:00:00,2025-11-22 00:00:00,6,-78.889,91.667,1085.000,1163.889
FOS,FLOW,HOURLY,FOS.Flow-Out.Ave.1Hour.1Hour.CBT-REV,14187200,2025-11-22 02:00:00,2025-11-22 21:00:00,20,-68.833,79.167,1114.500,1183.333
FOS,FLOW,HOURLY,FOS.Flow-Out.Ave.1Hour.1Hour.CBT-REV,14187200,2025-11-23 00:00:00,2025-11-23 16:00:00,17,-70.931,79.167,1095.294,1166.225
FOS,FLOW,HOURLY,FOS.Flow-Out.Ave.1Hour.1Hour.CBT-REV,14187200,2025-11-23 18:00:00,2025-12-06 23:00:00,318,-144.347,1231.667,1386.447,1530.794
FOS,FLOW,HOURLY,FOS.Flow-Out.Ave.1Hour.1Hour.CBT-REV,14187200,2025-12-07 01:00:00,2025-12-07 05:00:00,5,-330.833,346.667,5792.000,6122.833
FOS,FLOW,HOURLY,FOS.Flow-Out.Ave.1Hour.1Hour.CBT-REV,14187200,2025-12-07 08:00:00,2025-12-07 08:00:00,1,-318.333,318.333,5590.000,5908.333
FOS,FLOW,HOURLY,FOS.Flow-Out.Ave.1Hour.1Hour.CBT-REV,14187200,2025-12-07 13:00:00,2025-12-07 13:00:00,1,-298.333,298.333,5560.000,5858.333
FOS,FLOW,HOURLY,FOS.Flow-Out.Ave.1Hour.1Hour.CBT-REV,14187200,2025-12-07 16:00:00,2025-12-07 16:00:00,1,-436.667,436.667,5550.000,5986.667
FOS,FLOW,HOURLY,FOS.Flow-Out.Ave.1Hour.1Hour.CBT-REV,14187200,2025-12-07 22:00:00,2025-12-08 02:00:00,5,-284.167,301.667,4528.000,4812.167
FOS,FLOW,HOURLY,FOS.Flow-Out.Ave.1Hour.1Hour.CBT-REV,14187200,2025-12-08 05:00:00,2025-12-12 15:00:00,107,-635.592,1595.000,3909.533,4545.125
FOS,FLOW,HOURLY,FOS.Flow-Out.Ave.1Hour.1Hour.CBT-REV,14187200,2025-12-12 17:00:00,2025-12-12 23:00:00,7,-314.048,350.000,3498.571,3812.619
FOS,FLOW,HOURLY,FOS.Flow-Out.Ave.1Hour.1Hour.CBT-REV,14187200,2025-12-13 01:00:00,2025-12-13 18:00:00,18,-262.593,386.667,3227.778,3490.370
FOS,FLOW,HOURLY,FOS.Flow-Out.Ave.1Hour.1Hour.CBT-REV,14187200,2025-12-13 21:00:00,2025-12-14 00:00:00,4,-181.875,236.667,2512.500,2694.375
FOS,FLOW,HOURLY,FOS.Flow-Out.Ave.1Hour.1Hour.CBT-REV,14187200,2025-12-14 02:00:00,2025-12-14 23:00:00,22,-199.735,255.833,2149.545,2349.280
FOS,FLOW,HOURLY,FOS.Flow-Out.Ave.1Hour.1Hour.CBT-REV,14187200,2025-12-15 01:00:00,2025-12-15 23:00:00,23,-173.514,280.000,2028.696,2202.210
FOS,FLOW,HOURLY,FOS.Flow-Out.Ave.1Hour.1Hour.CBT-REV,14187200,2025-12-16 01:00:00,2025-12-16 18:00:00,18,-237.500,335.833,2210.556,2448.056
FOS,FLOW,HOURLY,FOS.Flow-Out.Ave.1Hour.1Hour.CBT-REV,14187200,2025-12-16 20:00:00,2025-12-16 22:00:00,3,-248.444,332.000,2856.667,3105.111
FOS,FLOW,HOURLY,FOS.Flow-Out.Ave.1Hour.1Hour.CBT-REV,14187200,2025-12-17 01:00:00,2025-12-20 23:00:00,95,-1197.544,4538.333,5067.263,6264.807
FOS,FLOW,HOURLY,FOS.Flow-Out.Ave.1Hour.1Hour.CBT-REV,14187200,2025-12-21 02:00:00,2025-12-21 04:00:00,3,-471.667,475.000,8223.333,8695.000
FOS,FLOW,HOURLY,FOS.Flow-Out.Ave.1Hour.1Hour.CBT-REV,14187200,2026-01-04 16:00:00,2026-01-04 16:00:00,1,-200.833,200.833,3740.000,3940.833
FOS,FLOW,HOURLY,FOS.Flow-Out.Ave.1Hour.1Hour.CBT-REV,14187200,2026-01-04 18:00:00,2026-01-04 18:00:00,1,-395.833,395.833,3900.000,4295.833
FOS,FLOW,HOURLY,FOS.Flow-Out.Ave.1Hour.1Hour.CBT-REV,14187200,2026-01-04 21:00:00,2026-01-04 21:00:00,1,-251.667,251.667,4270.000,4521.667
FOS,FLOW,HOURLY,FOS.Flow-Out.Ave.1Hour.1Hour.CBT-REV,14187200,2026-01-04 23:00:00,2026-01-04 23:00:00,1,-265.000,265.000,4510.000,4775.000
FOS,FLOW,HOURLY,FOS.Flow-Out.Ave.1Hour.1Hour.CBT-REV,14187200,2026-01-05 05:00:00,2026-01-05 10:00:00,6,-274.306,305.000,4733.333,5007.639
FOS,FLOW,HOURLY,FOS.Flow-Out.Ave.1Hour.1Hour.CBT-REV,14187200,2026-01-05 12:00:00,2026-01-05 13:00:00,2,-359.583,434.167,4965.000,5324.583
FOS,FLOW,HOURLY,FOS.Flow-Out.Ave.1Hour.1Hour.CBT-REV,14187200,2026-01-05 18:00:00,2026-01-05 18:00:00,1,-299.167,299.167,5170.000,5469.167
FOS,FLOW,HOURLY,FOS.Flow-Out.Ave.1Hour.1Hour.CBT-REV,14187200,2026-01-05 22:00:00,2026-01-05 22:00:00,1,-320.000,320.000,5480.000,5800.000
FOS,FLOW,HOURLY,FOS.Flow-Out.Ave.1Hour.1Hour.CBT-REV,14187200,2026-01-08 20:00:00,2026-01-10 11:00:00,40,-381.479,475.000,5825.250,6206.729
FOS,FLOW,HOURLY,FOS.Flow-Out.Ave.1Hour.1Hour.CBT-REV,14187200,2026-01-10 13:00:00,2026-01-10 23:00:00,11,-319.697,333.333,5732.727,6052.424
FOS,FLOW,HOURLY,FOS.Flow-Out.Ave.1Hour.1Hour.CBT-REV,14187200,2026-01-11 02:00:00,2026-01-11 08:00:00,7,-315.952,325.000,5728.571,6044.524
FOS,FLOW,HOURLY,FOS.Flow-Out.Ave.1Hour.1Hour.CBT-REV,14187200,2026-01-11 12:00:00,2026-01-11 13:00:00,2,-329.167,332.500,5710.000,6039.167
FOS,FLOW,HOURLY,FOS.Flow-Out.Ave.1Hour.1Hour.CBT-REV,14187200,2026-01-11 17:00:00,2026-01-11 17:00:00,1,-317.500,317.500,5730.000,6047.500
FOS,FLOW,HOURLY,FOS.Flow-Out.Ave.1Hour.1Hour.CBT-REV,14187200,2026-01-11 19:00:00,2026-01-11 19:00:00,1,-335.000,335.000,5720.000,6055.000
FOS,FLOW,HOURLY,FOS.Flow-Out.Ave.1Hour.1Hour.CBT-REV,14187200,2026-01-11 21:00:00,2026-01-11 22:00:00,2,-327.083,331.667,5710.000,6037.083
FOS,FLOW,HOURLY,FOS.Flow-Out.Ave.1Hour.1Hour.CBT-REV,14187200,2026-01-12 00:00:00,2026-01-12 00:00:00,1,-304.167,304.167,5710.000,6014.167
FOS,FLOW,HOURLY,FOS.Flow-Out.Ave.1Hour.1Hour.CBT-REV,14187200,2026-01-12 08:00:00,2026-01-12 08:00:00,1,-309.167,309.167,5700.000,6009.167
FOS,FLOW,HOURLY,FOS.Flow-Out.Ave.1Hour.1Hour.CBT-REV,14187200,2026-01-13 03:00:00,2026-01-13 15:00:00,13,-243.654,300.833,3591.538,3835.192
FOS,FLOW,HOURLY,FOS.Flow-Out.Ave.1Hour.1Hour.CBT-REV,14187200,2026-01-13 18:00:00,2026-01-13 18:00:00,1,-206.667,206.667,3210.000,3416.667
FOS,FLOW,HOURLY,FOS.Flow-Out.Ave.1Hour.1Hour.CBT-REV,14187200,2026-01-13 21:00:00,2026-01-13 22:00:00,2,-189.167,216.667,2940.000,3129.167
FOS,FLOW,HOURLY,FOS.Flow-Out.Ave.1Hour.1Hour.CBT-REV,14187200,2026-01-14 00:00:00,2026-01-14 21:00:00,22,-200.492,278.333,2586.818,2787.311
FOS,FLOW,HOURLY,FOS.Flow-Out.Ave.1Hour.1Hour.CBT-REV,14187200,2026-01-15 01:00:00,2026-01-16 14:00:00,38,-159.057,251.667,2146.579,2305.636
FOS,FLOW,HOURLY,FOS.Flow-Out.Ave.1Hour.1Hour.CBT-REV,14187200,2026-01-16 16:00:00,2026-01-16 18:00:00,3,-151.944,163.333,2230.000,2381.944
FOS,FLOW,HOURLY,FOS.Flow-Out.Ave.1Hour.1Hour.CBT-REV,14187200,2026-01-16 20:00:00,2026-01-16 23:00:00,4,-142.500,165.833,2230.000,2372.500
FOS,FLOW,HOURLY,FOS.Flow-Out.Ave.1Hour.1Hour.CBT-REV,14187200,2026-01-17 01:00:00,2026-01-17 20:00:00,20,-141.667,171.667,2218.000,2359.667
FOS,FLOW,HOURLY,FOS.Flow-Out.Ave.1Hour.1Hour.CBT-REV,14187200,2026-01-17 22:00:00,2026-01-18 00:00:00,3,-131.667,138.333,2243.333,2375.000
FOS,FLOW,HOURLY,FOS.Flow-Out.Ave.1Hour.1Hour.CBT-REV,14187200,2026-01-18 02:00:00,2026-01-18 10:00:00,9,-125.926,136.667,2205.556,2331.481
FOS,FLOW,HOURLY,FOS.Flow-Out.Ave.1Hour.1Hour.CBT-REV,14187200,2026-01-18 12:00:00,2026-01-18 13:00:00,2,-129.583,130.000,2245.000,2374.583
FOS,FLOW,HOURLY,FOS.Flow-Out.Ave.1Hour.1Hour.CBT-REV,14187200,2026-01-18 15:00:00,2026-01-18 23:00:00,9,-138.148,155.833,2226.667,2364.815
FOS,FLOW,HOURLY,FOS.Flow-Out.Ave.1Hour.1Hour.CBT-REV,14187200,2026-01-19 05:00:00,2026-01-19 06:00:00,2,-123.750,124.167,2180.000,2303.750
FOS,FLOW,HOURLY,FOS.Flow-Out.Ave.1Hour.1Hour.CBT-REV,14187200,2026-01-19 08:00:00,2026-01-19 08:00:00,1,-130.000,130.000,2130.000,2260.000
FOS,FLOW,HOURLY,FOS.Flow-Out.Ave.1Hour.1Hour.CBT-REV,14187200,2026-01-19 10:00:00,2026-01-19 15:00:00,6,-120.556,127.500,2093.333,2213.889
FOS,FLOW,HOURLY,FOS.Flow-Out.Ave.1Hour.1Hour.CBT-REV,14187200,2026-01-19 17:00:00,2026-01-19 18:00:00,2,-126.667,136.667,2035.000,2161.667
FOS,FLOW,HOURLY,FOS.Flow-Out.Ave.1Hour.1Hour.CBT-REV,14187200,2026-01-19 20:00:00,2026-01-19 23:00:00,4,-116.458,118.333,2050.000,2166.458
FOS,FLOW,HOURLY,FOS.Flow-Out.Ave.1Hour.1Hour.CBT-REV,14187200,2026-01-20 01:00:00,2026-01-20 01:00:00,1,-109.167,109.167,2040.000,2149.167
FOS,FLOW,HOURLY,FOS.Flow-Out.Ave.1Hour.1Hour.CBT-REV,14187200,2026-01-20 06:00:00,2026-01-20 06:00:00,1,-109.167,109.167,2010.000,2119.167
FOS,FLOW,HOURLY,FOS.Flow-Out.Ave.1Hour.1Hour.CBT-REV,14187200,2026-01-20 08:00:00,2026-01-20 11:00:00,4,-112.292,116.667,1997.500,2109.792
FOS,FLOW,HOURLY,FOS.Flow-Out.Ave.1Hour.1Hour.CBT-REV,14187200,2026-01-20 14:00:00,2026-01-20 15:00:00,2,-111.667,118.333,1965.000,2076.667
FOS,FLOW,HOURLY,FOS.Flow-Out.Ave.1Hour.1Hour.CBT-REV,14187200,2026-01-20 17:00:00,2026-01-20 17:00:00,1,-106.667,106.667,1960.000,2066.667
FOS,FLOW,HOURLY,FOS.Flow-Out.Ave.1Hour.1Hour.CBT-REV,14187200,2026-01-20 20:00:00,2026-01-20 20:00:00,1,-110.000,110.000,1940.000,2050.000
FOS,FLOW,HOURLY,FOS.Flow-Out.Ave.1Hour.1Hour.CBT-REV,14187200,2026-01-20 23:00:00,2026-01-20 23:00:00,1,-116.667,116.667,1870.000,1986.667
FOS,FLOW,HOURLY,FOS.Flow-Out.Ave.1Hour.1Hour.CBT-REV,14187200,2026-01-21 03:00:00,2026-01-21 08:00:00,6,-105.556,123.333,1840.000,1945.556
FOS,FLOW,HOURLY,FOS.Flow-Out.Ave.1Hour.1Hour.CBT-REV,14187200,2026-01-21 10:00:00,2026-01-21 14:00:00,5,-109.667,120.000,1850.000,1959.667
FOS,FLOW,HOURLY,FOS.Flow-Out.Ave.1Hour.1Hour.CBT-REV,14187200,2026-01-21 16:00:00,2026-01-21 16:00:00,1,-103.333,103.333,1810.000,1913.333
FOS,FLOW,HOURLY,FOS.Flow-Out.Ave.1Hour.1Hour.CBT-REV,14187200,2026-01-21 18:00:00,2026-01-21 18:00:00,1,-93.333,93.333,1660.000,1753.333
FOS,FLOW,HOURLY,FOS.Flow-Out.Ave.1Hour.1Hour.CBT-REV,14187200,2026-01-21 21:00:00,2026-01-21 22:00:00,2,-97.917,100.000,1520.000,1617.917
FOS,FLOW,HOURLY,FOS.Flow-Out.Ave.1Hour.1Hour.CBT-REV,14187200,2026-01-22 01:00:00,2026-01-23 16:00:00,40,-91.271,105.833,1436.750,1528.021
FOS,FLOW,HOURLY,FOS.Flow-Out.Ave.1Hour.1Hour.CBT-REV,14187200,2026-01-23 18:00:00,2026-01-24 01:00:00,8,-92.708,97.500,1430.000,1522.708
FOS,FLOW,HOURLY,FOS.Flow-Out.Ave.1Hour.1Hour.CBT-REV,14187200,2026-01-24 03:00:00,2026-01-24 14:00:00,12,-85.903,93.333,1425.000,1510.903
FOS,FLOW,HOURLY,FOS.Flow-Out.Ave.1Hour.1Hour.CBT-REV,14187200,2026-01-24 16:00:00,2026-01-24 16:00:00,1,-83.333,83.333,1420.000,1503.333
FOS,FLOW,HOURLY,FOS.Flow-Out.Ave.1Hour.1Hour.CBT-REV,14187200,2026-01-24 18:00:00,2026-01-24 20:00:00,3,-80.000,84.167,1413.333,1493.333
FOS,FLOW,HOURLY,FOS.Flow-Out.Ave.1Hour.1Hour.CBT-REV,14187200,2026-01-24 22:00:00,2026-01-24 23:00:00,2,-77.083,78.333,1430.000,1507.083
FOS,FLOW,HOURLY,FOS.Flow-Out.Ave.1Hour.1Hour.CBT-REV,14187200,2026-01-25 01:00:00,2026-01-25 01:00:00,1,-80.833,80.833,1440.000,1520.833
FOS,FLOW,HOURLY,FOS.Flow-Out.Ave.1Hour.1Hour.CBT-REV,14187200,2026-01-25 05:00:00,2026-01-25 05:00:00,1,-84.167,84.167,1410.000,1494.167
FOS,FLOW,HOURLY,FOS.Flow-Out.Ave.1Hour.1Hour.CBT-REV,14187200,2026-01-25 07:00:00,2026-01-25 08:00:00,2,-82.083,85.833,1410.000,1492.083
FOS,FLOW,HOURLY,FOS.Flow-Out.Ave.1Hour.1Hour.CBT-REV,14187200,2026-01-25 11:00:00,2026-01-25 11:00:00,1,-85.000,85.000,1410.000,1495.000
FOS,FLOW,HOURLY,FOS.Flow-Out.Ave.1Hour.1Hour.CBT-REV,14187200,2026-01-25 13:00:00,2026-01-25 13:00:00,1,-84.167,84.167,1410.000,1494.167
FOS,FLOW,HOURLY,FOS.Flow-Out.Ave.1Hour.1Hour.CBT-REV,14187200,2026-01-25 16:00:00,2026-01-25 16:00:00,1,-86.667,86.667,1400.000,1486.667
FOS,FLOW,HOURLY,FOS.Flow-Out.Ave.1Hour.1Hour.CBT-REV,14187200,2026-01-25 21:00:00,2026-01-25 23:00:00,3,-84.444,90.833,1406.667,1491.111
FOS,FLOW,HOURLY,FOS.Flow-Out.Ave.1Hour.1Hour.CBT-REV,14187200,2026-01-26 07:00:00,2026-01-26 07:00:00,1,-80.000,80.000,1400.000,1480.000
FOS,FLOW,HOURLY,FOS.Flow-Out.Ave.1Hour.1Hour.CBT-REV,14187200,2026-01-26 09:00:00,2026-01-26 10:00:00,2,-78.750,81.667,1410.000,1488.750
FOS,FLOW,HOURLY,FOS.Flow-Out.Ave.1Hour.1Hour.CBT-REV,14187200,2026-01-26 12:00:00,2026-01-26 12:00:00,1,-76.667,76.667,1420.000,1496.667
FOS,FLOW,HOURLY,FOS.Flow-Out.Ave.1Hour.1Hour.CBT-REV,14187200,2026-01-26 21:00:00,2026-01-26 22:00:00,2,-90.833,98.333,1390.000,1480.833
FOS,FLOW,HOURLY,FOS.Flow-Out.Ave.1Hour.1Hour.CBT-REV,14187200,2026-01-27 05:00:00,2026-01-27 05:00:00,1,-80.000,80.000,1410.000,1490.000
FOS,FLOW,HOURLY,FOS.Flow-Out.Ave.1Hour.1Hour.CBT-REV,14187200,2026-01-27 08:00:00,2026-01-27 08:00:00,1,-77.500,77.500,1410.000,1487.500
FOS,FLOW,HOURLY,FOS.Flow-Out.Ave.1Hour.1Hour.CBT-REV,14187200,2026-01-27 10:00:00,2026-01-27 10:00:00,1,-79.167,79.167,1410.000,1489.167
FOS,FLOW,HOURLY,FOS.Flow-Out.Ave.1Hour.1Hour.CBT-REV,14187200,2026-01-27 16:00:00,2026-01-27 19:00:00,4,-77.292,81.667,1402.500,1479.792
FOS,FLOW,HOURLY,FOS.Flow-Out.Ave.1Hour.1Hour.CBT-REV,14187200,2026-01-27 22:00:00,2026-01-27 22:00:00,1,-75.000,75.000,1410.000,1485.000
FOS,FLOW,HOURLY,FOS.Flow-Out.Ave.1Hour.1Hour.CBT-REV,14187200,2026-01-28 06:00:00,2026-01-28 06:00:00,1,-76.667,76.667,1400.000,1476.667
FOS,FLOW,HOURLY,FOS.Flow-Out.Ave.1Hour.1Hour.CBT-REV,14187200,2026-01-28 10:00:00,2026-01-28 10:00:00,1,-75.000,75.000,1410.000,1485.000
FOS,FLOW,HOURLY,FOS.Flow-Out.Ave.1Hour.1Hour.CBT-REV,14187200,2026-01-28 12:00:00,2026-01-28 12:00:00,1,-78.333,78.333,1410.000,1488.333
FOS,FLOW,HOURLY,FOS.Flow-Out.Ave.1Hour.1Hour.CBT-REV,14187200,2026-01-28 18:00:00,2026-01-28 18:00:00,1,-78.333,78.333,1400.000,1478.333
FOS,FLOW,HOURLY,FOS.Flow-Out.Ave.1Hour.1Hour.CBT-REV,14187200,2026-01-28 23:00:00,2026-01-28 23:00:00,1,-78.333,78.333,1400.000,1478.333
FOS,FLOW,HOURLY,FOS.Flow-Out.Ave.1Hour.1Hour.CBT-REV,14187200,2026-01-29 04:00:00,2026-01-29 04:00:00,1,-79.167,79.167,1390.000,1469.167
FOS,FLOW,HOURLY,FOS.Flow-Out.Ave.1Hour.1Hour.CBT-REV,14187200,2026-01-29 09:00:00,2026-01-29 09:00:00,1,-76.667,76.667,1390.000,1466.667
FOS,FLOW,HOURLY,FOS.Flow-Out.Ave.1Hour.1Hour.CBT-REV,14187200,2026-01-29 12:00:00,2026-01-29 12:00:00,1,-80.833,80.833,1400.000,1480.833
FOS,FLOW,HOURLY,FOS.Flow-Out.Ave.1Hour.1Hour.CBT-REV,14187200,2026-01-29 16:00:00,2026-01-29 17:00:00,2,-76.250,78.333,1390.000,1466.250
FOS,FLOW,HOURLY,FOS.Flow-Out.Ave.1Hour.1Hour.CBT-REV,14187200,2026-01-29 19:00:00,2026-01-29 19:00:00,1,-77.500,77.500,1400.000,1477.500
FOS,FLOW,HOURLY,FOS.Flow-Out.Ave.1Hour.1Hour.CBT-REV,14187200,2026-01-29 23:00:00,2026-01-29 23:00:00,1,-83.333,83.333,1390.000,1473.333
FOS,FLOW,HOURLY,FOS.Flow-Out.Ave.1Hour.1Hour.CBT-REV,14187200,2026-01-30 03:00:00,2026-01-30 03:00:00,1,-78.333,78.333,1400.000,1478.333
FOS,FLOW,HOURLY,FOS.Flow-Out.Ave.1Hour.1Hour.CBT-REV,14187200,2026-01-30 08:00:00,2026-01-30 08:00:00,1,-80.000,80.000,1390.000,1470.000
FOS,FLOW,HOURLY,FOS.Flow-Out.Ave.1Hour.1Hour.CBT-REV,14187200,2026-01-30 17:00:00,2026-01-30 17:00:00,1,-82.500,82.500,1390.000,1472.500
FOS,FLOW,HOURLY,FOS.Flow-Out.Ave.1Hour.1Hour.CBT-REV,14187200,2026-01-31 03:00:00,2026-01-31 03:00:00,1,-76.667,76.667,1390.000,1466.667
FOS,FLOW,HOURLY,FOS.Flow-Out.Ave.1Hour.1Hour.CBT-REV,14187200,2026-01-31 18:00:00,2026-01-31 18:00:00,1,-76.667,76.667,1380.000,1456.667
FOS,FLOW,HOURLY,FOS.Flow-Out.Ave.1Hour.1Hour.CBT-REV,14187200,2026-01-31 23:00:00,2026-01-31 23:00:00,1,-75.000,75.000,1400.000,1475.000
FOS,FLOW,HOURLY,FOS.Flow-Out.Ave.1Hour.1Hour.CBT-REV,14187200,2026-02-02 00:00:00,2026-02-02 00:00:00,1,-168.333,168.333,1030.000,1198.333
FOS,FLOW,HOURLY,FOS.Flow-Out.Ave.1Hour.1Hour.CBT-REV,14187200,2026-02-02 11:00:00,2026-02-02 11:00:00,1,-69.167,69.167,1150.000,1219.167
FOS,FLOW,HOURLY,FOS.Flow-Out.Ave.1Hour.1Hour.CBT-REV,14187200,2026-02-02 14:00:00,2026-02-02 15:00:00,2,-62.083,63.333,1150.000,1212.083
FOS,FLOW,HOURLY,FOS.Flow-Out.Ave.1Hour.1Hour.CBT-REV,14187200,2026-02-02 18:00:00,2026-02-02 18:00:00,1,-68.333,68.333,1090.000,1158.333
FOS,FLOW,HOURLY,FOS.Flow-Out.Ave.1Hour.1Hour.CBT-REV,14187200,2026-02-02 20:00:00,2026-02-03 00:00:00,5,-69.167,87.500,1080.000,1149.167
FOS,FLOW,HOURLY,FOS.Flow-Out.Ave.1Hour.1Hour.CBT-REV,14187200,2026-02-03 06:00:00,2026-02-03 06:00:00,1,-66.667,66.667,1130.000,1196.667
FOS,FLOW,HOURLY,FOS.Flow-Out.Ave.1Hour.1Hour.CBT-REV,14187200,2026-02-03 09:00:00,2026-02-03 09:00:00,1,-65.000,65.000,1130.000,1195.000
FOS,FLOW,HOURLY,FOS.Flow-Out.Ave.1Hour.1Hour.CBT-REV,14187200,2026-02-03 11:00:00,2026-02-03 11:00:00,1,-61.667,61.667,1130.000,1191.667
FOS,FLOW,HOURLY,FOS.Flow-Out.Ave.1Hour.1Hour.CBT-REV,14187200,2026-02-03 18:00:00,2026-02-03 18:00:00,1,-56.667,56.667,1030.000,1086.667
FOS,FLOW,HOURLY,FOS.Flow-Out.Ave.1Hour.1Hour.CBT-REV,14187200,2026-02-03 21:00:00,2026-02-03 22:00:00,2,-65.875,74.083,860.000,925.875
FOS,FLOW,HOURLY,FOS.Flow-Out.Ave.1Hour.1Hour.CBT-REV,14187200,2026-02-04 00:00:00,2026-02-04 00:00:00,1,-159.333,159.333,870.000,1029.333
FOS,FLOW,HOURLY,FOS.Flow-Out.Ave.1Hour.1Hour.CBT-REV,14187200,2026-02-04 13:00:00,2026-02-04 14:00:00,2,-51.250,51.667,960.000,1011.250
FOS,FLOW,HOURLY,FOS.Flow-Out.Ave.1Hour.1Hour.CBT-REV,14187200,2026-02-04 17:00:00,2026-02-04 18:00:00,2,-62.500,72.500,910.000,972.500
FOS,FLOW,HOURLY,FOS.Flow-Out.Ave.1Hour.1Hour.CBT-REV,14187200,2026-02-04 20:00:00,2026-02-05 00:00:00,5,-59.567,66.667,882.000,941.567
FOS,FLOW,HOURLY,FOS.Flow-Out.Ave.1Hour.1Hour.CBT-REV,14187200,2026-02-05 18:00:00,2026-02-05 18:00:00,1,-58.167,58.167,880.000,938.167
FOS,FLOW,HOURLY,FOS.Flow-Out.Ave.1Hour.1Hour.CBT-REV,14187200,2026-02-05 21:00:00,2026-02-05 21:00:00,1,-57.500,57.500,890.000,947.500
FOS,FLOW,HOURLY,FOS.Flow-Out.Ave.1Hour.1Hour.CBT-REV,14187200,2026-02-05 23:00:00,2026-02-05 23:00:00,1,-57.583,57.583,890.000,947.583
FOS,FLOW,HOURLY,FOS.Flow-Out.Ave.1Hour.1Hour.CBT-REV,14187200,2026-02-06 03:00:00,2026-02-06 03:00:00,1,-54.167,54.167,900.000,954.167
FOS,FLOW,HOURLY,FOS.Flow-Out.Ave.1Hour.1Hour.CBT-REV,14187200,2026-02-06 06:00:00,2026-02-06 06:00:00,1,-51.667,51.667,900.000,951.667
FOS,FLOW,HOURLY,FOS.Flow-Out.Ave.1Hour.1Hour.CBT-REV,14187200,2026-02-06 10:00:00,2026-02-06 11:00:00,2,-52.500,53.333,900.000,952.500
FOS,FLOW,HOURLY,FOS.Flow-Out.Ave.1Hour.1Hour.CBT-REV,14187200,2026-02-06 21:00:00,2026-02-06 21:00:00,1,-51.000,51.000,840.000,891.000
FOS,FLOW,HOURLY,FOS.Flow-Out.Ave.1Hour.1Hour.CBT-REV,14187200,2026-02-06 23:00:00,2026-02-07 00:00:00,2,-64.125,72.500,835.000,899.125
FOS,FLOW,HOURLY,FOS.Flow-Out.Ave.1Hour.1Hour.CBT-REV,14187200,2026-02-07 04:00:00,2026-02-07 04:00:00,1,-54.333,54.333,880.000,934.333
FOS,FLOW,HOURLY,FOS.Flow-Out.Ave.1Hour.1Hour.CBT-REV,14187200,2026-02-08 00:00:00,2026-02-08 00:00:00,1,-85.000,85.000,830.000,915.000
FOS,FLOW,HOURLY,FOS.Flow-Out.Ave.1Hour.1Hour.CBT-REV,14187200,2026-02-08 08:00:00,2026-03-04 00:00:00,569,-345.903,1791.667,1678.594,2024.498
FOS,FLOW,HOURLY,FOS.Flow-Out.Ave.1Hour.1Hour.CBT-REV,14187200,2026-03-04 02:00:00,2026-03-04 17:00:00,16,-222.292,355.000,1815.625,2037.917
FOS,FLOW,HOURLY,FOS.Flow-Out.Ave.1Hour.1Hour.CBT-REV,14187200,2026-03-04 19:00:00,2026-03-17 13:00:00,307,-387.635,997.500,2729.870,3117.505
FOS,FLOW,HOURLY,FOS.Flow-Out.Ave.1Hour.1Hour.CBT-REV,14187200,2026-03-17 16:00:00,2026-03-17 16:00:00,1,-446.667,446.667,4690.000,5136.667
FOS,FLOW,HOURLY,FOS.Flow-Out.Ave.1Hour.1Hour.CBT-REV,14187200,2026-03-17 18:00:00,2026-03-17 19:00:00,2,-304.583,330.000,4735.000,5039.583
FOS,FLOW,HOURLY,FOS.Flow-Out.Ave.1Hour.1Hour.CBT-REV,14187200,2026-03-17 22:00:00,2026-03-18 00:00:00,3,-336.389,353.333,4516.667,4853.056
FOS,FLOW,HOURLY,FOS.Flow-Out.Ave.1Hour.1Hour.CBT-REV,14187200,2026-03-18 02:00:00,2026-03-18 13:00:00,12,-289.514,367.500,4562.500,4852.014
FOS,FLOW,HOURLY,FOS.Flow-Out.Ave.1Hour.1Hour.CBT-REV,14187200,2026-03-18 18:00:00,2026-03-18 22:00:00,5,-253.167,265.833,4038.000,4291.167
FOS,FLOW,HOURLY,FOS.Flow-Out.Ave.1Hour.1Hour.CBT-REV,14187200,2026-03-19 00:00:00,2026-03-19 16:00:00,17,-232.598,304.167,3878.235,4110.833
FOS,FLOW,HOURLY,FOS.Flow-Out.Ave.1Hour.1Hour.CBT-REV,14187200,2026-03-19 18:00:00,2026-03-19 18:00:00,1,-214.167,214.167,3940.000,4154.167
FOS,FLOW,HOURLY,FOS.Flow-Out.Ave.1Hour.1Hour.CBT-REV,14187200,2026-03-19 20:00:00,2026-03-19 21:00:00,2,-270.000,306.667,3895.000,4165.000
FOS,FLOW,HOURLY,FOS.Flow-Out.Ave.1Hour.1Hour.CBT-REV,14187200,2026-03-19 23:00:00,2026-03-20 00:00:00,2,-229.583,241.667,3930.000,4159.583
FOS,FLOW,HOURLY,FOS.Flow-Out.Ave.1Hour.1Hour.CBT-REV,14187200,2026-03-20 02:00:00,2026-03-20 02:00:00,1,-210.000,210.000,3800.000,4010.000
FOS,FLOW,HOURLY,FOS.Flow-Out.Ave.1Hour.1Hour.CBT-REV,14187200,2026-03-20 04:00:00,2026-03-20 04:00:00,1,-211.667,211.667,3730.000,3941.667
FOS,FLOW,HOURLY,FOS.Flow-Out.Ave.1Hour.1Hour.CBT-REV,14187200,2026-03-20 06:00:00,2026-03-20 06:00:00,1,-206.667,206.667,3710.000,3916.667
FOS,FLOW,HOURLY,FOS.Flow-Out.Ave.1Hour.1Hour.CBT-REV,14187200,2026-03-20 09:00:00,2026-03-20 09:00:00,1,-193.333,193.333,3580.000,3773.333
FOS,FLOW,HOURLY,FOS.Flow-Out.Ave.1Hour.1Hour.CBT-REV,14187200,2026-03-20 12:00:00,2026-03-20 12:00:00,1,-200.000,200.000,3550.000,3750.000
FOS,FLOW,HOURLY,FOS.Flow-Out.Ave.1Hour.1Hour.CBT-REV,14187200,2026-03-20 14:00:00,2026-03-20 14:00:00,1,-190.000,190.000,3530.000,3720.000
FOS,FLOW,HOURLY,FOS.Flow-Out.Ave.1Hour.1Hour.CBT-REV,14187200,2026-03-20 16:00:00,2026-03-20 16:00:00,1,-195.000,195.000,3490.000,3685.000
FOS,FLOW,HOURLY,FOS.Flow-Out.Ave.1Hour.1Hour.CBT-REV,14187200,2026-03-20 22:00:00,2026-03-20 22:00:00,1,-211.667,211.667,3200.000,3411.667
FOS,FLOW,HOURLY,FOS.Flow-Out.Ave.1Hour.1Hour.CBT-REV,14187200,2026-03-21 00:00:00,2026-03-21 01:00:00,2,-217.083,244.167,3010.000,3227.083
FOS,FLOW,HOURLY,FOS.Flow-Out.Ave.1Hour.1Hour.CBT-REV,14187200,2026-03-21 06:00:00,2026-03-21 06:00:00,1,-183.333,183.333,2800.000,2983.333
FOS,FLOW,HOURLY,FOS.Flow-Out.Ave.1Hour.1Hour.CBT-REV,14187200,2026-03-21 08:00:00,2026-03-21 14:00:00,7,-188.333,203.333,2760.000,2948.333
FOS,FLOW,HOURLY,FOS.Flow-Out.Ave.1Hour.1Hour.CBT-REV,14187200,2026-03-21 16:00:00,2026-03-21 21:00:00,6,-172.500,190.000,2548.333,2720.833
FOS,FLOW,HOURLY,FOS.Flow-Out.Ave.1Hour.1Hour.CBT-REV,14187200,2026-03-22 00:00:00,2026-03-22 02:00:00,3,-179.167,270.000,2060.000,2239.167
FOS,FLOW,HOURLY,FOS.Flow-Out.Ave.1Hour.1Hour.CBT-REV,14187200,2026-03-22 04:00:00,2026-03-22 14:00:00,11,-150.227,169.167,1910.909,2061.136
FOS,FLOW,HOURLY,FOS.Flow-Out.Ave.1Hour.1Hour.CBT-REV,14187200,2026-03-22 16:00:00,2026-03-23 14:00:00,23,-144.964,180.000,1897.826,2042.790
FOS,FLOW,HOURLY,FOS.Flow-Out.Ave.1Hour.1Hour.CBT-REV,14187200,2026-03-23 16:00:00,2026-03-23 22:00:00,7,-163.095,205.833,1942.857,2105.952
FOS,FLOW,HOURLY,FOS.Flow-Out.Ave.1Hour.1Hour.CBT-REV,14187200,2026-03-24 00:00:00,2026-03-24 05:00:00,6,-153.056,241.667,2263.333,2416.389
FOS,FLOW,HOURLY,FOS.Flow-Out.Ave.1Hour.1Hour.CBT-REV,14187200,2026-03-24 08:00:00,2026-03-24 09:00:00,2,-135.833,136.667,2270.000,2405.833
FOS,FLOW,HOURLY,FOS.Flow-Out.Ave.1Hour.1Hour.CBT-REV,14187200,2026-03-24 11:00:00,2026-03-24 14:00:00,4,-138.958,174.167,2297.500,2436.458
FOS,FLOW,HOURLY,FOS.Flow-Out.Ave.1Hour.1Hour.CBT-REV,14187200,2026-03-24 16:00:00,2026-03-24 17:00:00,2,-143.750,150.000,2280.000,2423.750
FOS,FLOW,HOURLY,FOS.Flow-Out.Ave.1Hour.1Hour.CBT-REV,14187200,2026-03-24 20:00:00,2026-03-24 22:00:00,3,-131.111,148.333,2320.000,2451.111
FOS,FLOW,HOURLY,FOS.Flow-Out.Ave.1Hour.1Hour.CBT-REV,14187200,2026-03-25 00:00:00,2026-03-25 00:00:00,1,-170.833,170.833,2370.000,2540.833
FOS,FLOW,HOURLY,FOS.Flow-Out.Ave.1Hour.1Hour.CBT-REV,14187200,2026-03-25 02:00:00,2026-03-27 00:00:00,47,-327.411,493.333,2255.106,2582.518
FOS,FLOW,HOURLY,FOS.Flow-Out.Ave.1Hour.1Hour.CBT-REV,14187200,2026-03-27 02:00:00,2026-03-28 00:00:00,23,-163.623,195.000,2479.130,2642.754
FOS,FLOW,HOURLY,FOS.Flow-Out.Ave.1Hour.1Hour.CBT-REV,14187200,2026-03-28 02:00:00,2026-03-29 01:00:00,24,-156.424,209.167,2504.167,2660.590
FOS,FLOW,HOURLY,FOS.Flow-Out.Ave.1Hour.1Hour.CBT-REV,14187200,2026-03-29 19:00:00,2026-03-29 21:00:00,3,-150.833,157.500,2616.667,2767.500
FOS,FLOW,HOURLY,FOS.Flow-Out.Ave.1Hour.1Hour.CBT-REV,14187200,2026-03-30 05:00:00,2026-03-30 05:00:00,1,-141.667,141.667,2600.000,2741.667
FOS,FLOW,HOURLY,FOS.Flow-Out.Ave.1Hour.1Hour.CBT-REV,14187200,2026-03-30 08:00:00,2026-03-30 08:00:00,1,-138.333,138.333,2600.000,2738.333
FOS,FLOW,HOURLY,FOS.Flow-Out.Ave.1Hour.1Hour.CBT-REV,14187200,2026-03-31 04:00:00,2026-03-31 04:00:00,1,-130.000,130.000,2450.000,2580.000
FOS,FLOW,HOURLY,FOS.Flow-Out.Ave.1Hour.1Hour.CBT-REV,14187200,2026-03-31 14:00:00,2026-03-31 14:00:00,1,-188.333,188.333,2540.000,2728.333
FOS,FLOW,HOURLY,FOS.Flow-Out.Ave.1Hour.1Hour.CBT-REV,14187200,2026-03-31 20:00:00,2026-03-31 20:00:00,1,-141.667,141.667,2490.000,2631.667
FOS,FLOW,HOURLY,FOS.Flow-Out.Ave.1Hour.1Hour.CBT-REV,14187200,2026-04-01 05:00:00,2026-04-01 05:00:00,1,-135.000,135.000,2560.000,2695.000
FOS,FLOW,HOURLY,FOS.Flow-Out.Ave.1Hour.1Hour.CBT-REV,14187200,2026-04-01 16:00:00,2026-04-05 12:00:00,93,-255.654,410.833,3280.215,3535.869
FOS,FLOW,HOURLY,FOS.Flow-Out.Ave.1Hour.1Hour.CBT-REV,14187200,2026-04-05 14:00:00,2026-04-06 00:00:00,11,-196.061,232.500,3464.545,3660.606
FOS,FLOW,HOURLY,FOS.Flow-Out.Ave.1Hour.1Hour.CBT-REV,14187200,2026-04-06 02:00:00,2026-04-06 08:00:00,7,-189.524,208.333,3411.429,3600.952
FOS,FLOW,HOURLY,FOS.Flow-Out.Ave.1Hour.1Hour.CBT-REV,14187200,2026-04-06 11:00:00,2026-04-06 12:00:00,2,-189.167,191.667,3390.000,3579.167
FOS,FLOW,HOURLY,FOS.Flow-Out.Ave.1Hour.1Hour.CBT-REV,14187200,2026-04-06 17:00:00,2026-04-06 17:00:00,1,-210.000,210.000,3400.000,3610.000
FOS,FLOW,HOURLY,FOS.Flow-Out.Ave.1Hour.1Hour.CBT-REV,14187200,2026-04-07 14:00:00,2026-04-07 15:00:00,2,-157.917,158.333,2840.000,2997.917
FOS,FLOW,HOURLY,FOS.Flow-Out.Ave.1Hour.1Hour.CBT-REV,14187200,2026-04-07 17:00:00,2026-04-07 17:00:00,1,-170.000,170.000,2810.000,2980.000
FOS,FLOW,HOURLY,FOS.Flow-Out.Ave.1Hour.1Hour.CBT-REV,14187200,2026-04-07 21:00:00,2026-04-07 22:00:00,2,-149.583,151.667,2710.000,2859.583
FOS,FLOW,HOURLY,FOS.Flow-Out.Ave.1Hour.1Hour.CBT-REV,14187200,2026-04-08 00:00:00,2026-04-08 00:00:00,1,-146.667,146.667,2690.000,2836.667
FOS,FLOW,HOURLY,FOS.Flow-Out.Ave.1Hour.1Hour.CBT-REV,14187200,2026-04-08 03:00:00,2026-04-08 05:00:00,3,-141.111,141.667,2580.000,2721.111
FOS,FLOW,HOURLY,FOS.Flow-Out.Ave.1Hour.1Hour.CBT-REV,14187200,2026-04-08 07:00:00,2026-04-08 08:00:00,2,-140.833,141.667,2560.000,2700.833
FOS,FLOW,HOURLY,FOS.Flow-Out.Ave.1Hour.1Hour.CBT-REV,14187200,2026-04-08 10:00:00,2026-04-08 10:00:00,1,-139.167,139.167,2560.000,2699.167
FOS,FLOW,HOURLY,FOS.Flow-Out.Ave.1Hour.1Hour.CBT-REV,14187200,2026-04-08 12:00:00,2026-04-08 14:00:00,3,-142.222,145.000,2550.000,2692.222
FOS,FLOW,HOURLY,FOS.Flow-Out.Ave.1Hour.1Hour.CBT-REV,14187200,2026-04-08 19:00:00,2026-04-08 19:00:00,1,-143.333,143.333,2520.000,2663.333
FOS,FLOW,HOURLY,FOS.Flow-Out.Ave.1Hour.1Hour.CBT-REV,14187200,2026-04-08 22:00:00,2026-04-08 22:00:00,1,-136.667,136.667,2500.000,2636.667
FOS,FLOW,HOURLY,FOS.Flow-Out.Ave.1Hour.1Hour.CBT-REV,14187200,2026-04-09 01:00:00,2026-04-09 01:00:00,1,-150.000,150.000,2510.000,2660.000
FOS,FLOW,HOURLY,FOS.Flow-Out.Ave.1Hour.1Hour.CBT-REV,14187200,2026-04-09 07:00:00,2026-04-09 08:00:00,2,-132.500,133.333,2460.000,2592.500
FOS,FLOW,HOURLY,FOS.Flow-Out.Ave.1Hour.1Hour.CBT-REV,14187200,2026-04-09 16:00:00,2026-04-09 16:00:00,1,-140.000,140.000,2430.000,2570.000
FOS,FLOW,HOURLY,FOS.Flow-Out.Ave.1Hour.1Hour.CBT-REV,14187200,2026-04-09 18:00:00,2026-04-09 18:00:00,1,-131.667,131.667,2440.000,2571.667
FOS,FLOW,HOURLY,FOS.Flow-Out.Ave.1Hour.1Hour.CBT-REV,14187200,2026-04-09 20:00:00,2026-04-09 21:00:00,2,-135.000,138.333,2460.000,2595.000
FOS,FLOW,HOURLY,FOS.Flow-Out.Ave.1Hour.1Hour.CBT-REV,14187200,2026-04-10 07:00:00,2026-04-10 07:00:00,1,-146.667,146.667,2460.000,2606.667
FOS,FLOW,HOURLY,FOS.Flow-Out.Ave.1Hour.1Hour.CBT-REV,14187200,2026-04-10 18:00:00,2026-04-10 18:00:00,1,-138.333,138.333,2430.000,2568.333
FOS,FLOW,HOURLY,FOS.Flow-Out.Ave.1Hour.1Hour.CBT-REV,14187200,2026-04-10 22:00:00,2026-04-10 23:00:00,2,-133.750,138.333,2440.000,2573.750
FOS,FLOW,HOURLY,FOS.Flow-Out.Ave.1Hour.1Hour.CBT-REV,14187200,2026-04-11 04:00:00,2026-04-14 13:00:00,82,-255.000,378.333,2956.220,3211.220
FOS,FLOW,HOURLY,FOS.Flow-Out.Ave.1Hour.1Hour.CBT-REV,14187200,2026-04-14 15:00:00,2026-04-14 15:00:00,1,-631.667,631.667,3170.000,3801.667
FOS,FLOW,HOURLY,FOS.Flow-Out.Ave.1Hour.1Hour.CBT-REV,14187200,2026-04-14 18:00:00,2026-04-14 18:00:00,1,-161.667,161.667,2940.000,3101.667
FOS,FLOW,HOURLY,FOS.Flow-Out.Ave.1Hour.1Hour.CBT-REV,14187200,2026-04-14 20:00:00,2026-04-17 18:00:00,71,-434.331,745.833,3299.859,3734.190
FOS,FLOW,HOURLY,FOS.Flow-Out.Ave.1Hour.1Hour.CBT-REV,14187200,2026-04-17 20:00:00,2026-04-23 11:00:00,136,-245.710,401.667,2556.176,2801.887
FOS,FLOW,HOURLY,FOS.Flow-Out.Ave.1Hour.1Hour.CBT-REV,14187200,2026-04-23 13:00:00,2026-04-24 01:00:00,13,-205.000,293.333,2546.923,2751.923
FOS,FLOW,HOURLY,FOS.Flow-Out.Ave.1Hour.1Hour.CBT-REV,14187200,2026-04-24 03:00:00,2026-04-24 14:00:00,12,-189.792,205.000,2548.333,2738.125
FOS,FLOW,HOURLY,FOS.Flow-Out.Ave.1Hour.1Hour.CBT-REV,14187200,2026-04-24 16:00:00,2026-04-25 01:00:00,10,-183.333,196.667,2440.000,2623.333
FOS,FLOW,HOURLY,FOS.Flow-Out.Ave.1Hour.1Hour.CBT-REV,14187200,2026-04-25 03:00:00,2026-04-26 14:00:00,36,-153.935,187.500,2257.500,2411.435
FOS,FLOW,HOURLY,FOS.Flow-Out.Ave.1Hour.1Hour.CBT-REV,14187200,2026-04-26 16:00:00,2026-04-27 01:00:00,10,-141.917,163.333,2259.000,2400.917
FOS,FLOW,HOURLY,FOS.Flow-Out.Ave.1Hour.1Hour.CBT-REV,14187200,2026-04-27 03:00:00,2026-04-27 10:00:00,8,-131.979,143.333,2185.000,2316.979
FOS,FLOW,HOURLY,FOS.Flow-Out.Ave.1Hour.1Hour.CBT-REV,14187200,2026-04-27 13:00:00,2026-04-27 20:00:00,8,-143.854,227.500,2275.000,2418.854
FOS,FLOW,HOURLY,FOS.Flow-Out.Ave.1Hour.1Hour.CBT-REV,14187200,2026-04-27 22:00:00,2026-04-27 23:00:00,2,-196.250,223.333,2445.000,2641.250
FOS,FLOW,HOURLY,FOS.Flow-Out.Ave.1Hour.1Hour.CBT-REV,14187200,2026-04-28 01:00:00,2026-04-28 01:00:00,1,-198.333,198.333,2600.000,2798.333
FOS,FLOW,HOURLY,FOS.Flow-Out.Ave.1Hour.1Hour.CBT-REV,14187200,2026-04-28 19:00:00,2026-04-28 19:00:00,1,-192.500,192.500,2470.000,2662.500
FOS,FLOW,HOURLY,FOS.Flow-Out.Ave.1Hour.1Hour.CBT-REV,14187200,2026-05-01 02:00:00,2026-05-01 02:00:00,1,-141.667,141.667,2370.000,2511.667
FOS,FLOW,HOURLY,FOS.Flow-Out.Ave.1Hour.1Hour.CBT-REV,14187200,2026-05-03 00:00:00,2026-05-03 00:00:00,1,-114.167,114.167,2070.000,2184.167
FOS,FLOW,HOURLY,FOS.Flow-Out.Ave.1Hour.1Hour.CBT-REV,14187200,2026-05-03 04:00:00,2026-05-03 04:00:00,1,-123.333,123.333,2100.000,2223.333
FOS,FLOW,HOURLY,FOS.Flow-Out.Ave.1Hour.1Hour.CBT-REV,14187200,2026-05-03 11:00:00,2026-05-03 11:00:00,1,-115.833,115.833,2180.000,2295.833
FOS,FLOW,HOURLY,FOS.Flow-Out.Ave.1Hour.1Hour.CBT-REV,14187200,2026-05-04 14:00:00,2026-05-04 15:00:00,2,-150.417,155.833,2100.000,2250.417
FOS,FLOW,HOURLY,FOS.Flow-Out.Ave.1Hour.1Hour.CBT-REV,14187200,2026-05-05 14:00:00,2026-05-05 15:00:00,2,-155.833,191.667,2015.000,2170.833
FOS,FLOW,HOURLY,FOS.Flow-Out.Ave.1Hour.1Hour.CBT-REV,14187200,2026-05-06 14:00:00,2026-05-06 15:00:00,2,-153.333,173.333,1985.000,2138.333
FOS,FLOW,HOURLY,FOS.Flow-Out.Ave.1Hour.1Hour.CBT-REV,14187200,2026-05-07 14:00:00,2026-05-07 14:00:00,1,-217.500,217.500,1820.000,2037.500
FOS,FLOW,HOURLY,FOS.Flow-Out.Ave.1Hour.1Hour.CBT-REV,14187200,2026-05-08 14:00:00,2026-05-08 14:00:00,1,-108.333,108.333,1770.000,1878.333
FOS,FLOW,HOURLY,FOS.Flow-Out.Ave.1Hour.1Hour.CBT-REV,14187200,2026-05-09 14:00:00,2026-05-09 14:00:00,1,-143.333,143.333,1740.000,1883.333
FOS,FLOW,HOURLY,FOS.Flow-Out.Ave.1Hour.1Hour.CBT-REV,14187200,2026-05-10 14:00:00,2026-05-10 14:00:00,1,-123.333,123.333,1760.000,1883.333
FOS,FLOW,HOURLY,FOS.Flow-Out.Ave.1Hour.1Hour.CBT-REV,14187200,2026-05-11 14:00:00,2026-05-11 14:00:00,1,165.833,165.833,1740.000,1574.167
FOS,FLOW,HOURLY,FOS.Flow-Out.Ave.1Hour.1Hour.CBT-REV,14187200,2026-05-12 14:00:00,2026-05-12 14:00:00,1,-94.167,94.167,1490.000,1584.167
FOS,FLOW,HOURLY,FOS.Flow-Out.Ave.1Hour.1Hour.CBT-REV,14187200,2026-05-13 03:00:00,2026-05-13 03:00:00,1,-118.333,118.333,1480.000,1598.333
FOS,FLOW,HOURLY,FOS.Flow-Out.Ave.1Hour.1Hour.CBT-REV,14187200,2026-05-13 15:00:00,2026-05-13 15:00:00,1,-80.833,80.833,1470.000,1550.833
FOS,FLOW,HOURLY,FOS.Flow-Out.Ave.1Hour.1Hour.CBT-REV,14187200,2026-05-15 13:00:00,2026-05-15 13:00:00,1,-82.500,82.500,1480.000,1562.500
FOS,FLOW,HOURLY,FOS.Flow-Out.Ave.1Hour.1Hour.CBT-REV,14187200,2026-05-16 22:00:00,2026-05-16 22:00:00,1,-70.833,70.833,1160.000,1230.833
FOS,FLOW,HOURLY,FOS.Flow-Out.Ave.1Hour.1Hour.CBT-REV,14187200,2026-05-17 01:00:00,2026-05-17 03:00:00,3,-73.889,77.500,1223.333,1297.222
FOS,FLOW,HOURLY,FOS.Flow-Out.Ave.1Hour.1Hour.CBT-REV,14187200,2026-05-17 11:00:00,2026-05-17 13:00:00,3,-82.222,86.667,1326.667,1408.889
FOS,FLOW,HOURLY,FOS.Flow-Out.Ave.1Hour.1Hour.CBT-REV,14187200,2026-05-17 15:00:00,2026-05-17 15:00:00,1,-73.333,73.333,1190.000,1263.333
FOS,FLOW,HOURLY,FOS.Flow-Out.Ave.1Hour.1Hour.CBT-REV,14187200,2026-05-17 17:00:00,2026-05-17 17:00:00,1,-70.000,70.000,1150.000,1220.000
FOS,FLOW,HOURLY,FOS.Flow-Out.Ave.1Hour.1Hour.CBT-REV,14187200,2026-05-17 19:00:00,2026-05-17 21:00:00,3,-63.333,66.667,1106.667,1170.000
FOS,FLOW,HOURLY,FOS.Flow-Out.Ave.1Hour.1Hour.CBT-REV,14187200,2026-05-18 01:00:00,2026-05-18 01:00:00,1,-127.500,127.500,1090.000,1217.500
FOS,FLOW,HOURLY,FOS.Flow-Out.Ave.1Hour.1Hour.CBT-REV,14187200,2026-05-18 03:00:00,2026-05-18 03:00:00,1,-180.833,180.833,1180.000,1360.833
FOS,FLOW,HOURLY,FOS.Flow-Out.Ave.1Hour.1Hour.CBT-REV,14187200,2026-05-19 01:00:00,2026-05-19 01:00:00,1,-61.667,61.667,1100.000,1161.667
FOS,FLOW,HOURLY,FOS.Flow-Out.Ave.1Hour.1Hour.CBT-REV,14187200,2026-05-19 03:00:00,2026-05-19 03:00:00,1,-174.167,174.167,1100.000,1274.167
FOS,FLOW,HOURLY,FOS.Flow-Out.Ave.1Hour.1Hour.CBT-REV,14187200,2026-05-19 07:00:00,2026-05-19 07:00:00,1,-129.167,129.167,1300.000,1429.167
FOS,FLOW,HOURLY,FOS.Flow-Out.Ave.1Hour.1Hour.CBT-REV,14187200,2026-05-19 14:00:00,2026-05-19 14:00:00,1,127.500,127.500,1420.000,1292.500
FOS,FLOW,HOURLY,FOS.Flow-Out.Ave.1Hour.1Hour.CBT-REV,14187200,2026-05-20 03:00:00,2026-05-20 04:00:00,2,-155.000,166.667,1220.000,1375.000
FOS,FLOW,HOURLY,FOS.Flow-Out.Ave.1Hour.1Hour.CBT-REV,14187200,2026-05-20 20:00:00,2026-05-20 20:00:00,1,-94.167,94.167,1110.000,1204.167
FOS,FLOW,HOURLY,FOS.Flow-Out.Ave.1Hour.1Hour.CBT-REV,14187200,2026-05-21 03:00:00,2026-05-21 04:00:00,2,-147.500,221.667,1250.000,1397.500
FOS,FLOW,HOURLY,FOS.Flow-Out.Ave.1Hour.1Hour.CBT-REV,14187200,2026-05-22 02:00:00,2026-05-22 04:00:00,3,-112.500,132.500,1230.000,1342.500
FOS,FLOW,HOURLY,FOS.Flow-Out.Ave.1Hour.1Hour.CBT-REV,14187200,2026-05-22 14:00:00,2026-05-22 14:00:00,1,99.167,99.167,1450.000,1350.833
FOS,FLOW,HOURLY,FOS.Flow-Out.Ave.1Hour.1Hour.CBT-REV,14187200,2026-05-23 02:00:00,2026-05-23 03:00:00,2,-172.083,194.167,1150.000,1322.083
FOS,FLOW,HOURLY,FOS.Flow-Out.Ave.1Hour.1Hour.CBT-REV,14187200,2026-05-23 14:00:00,2026-05-23 14:00:00,1,84.167,84.167,1470.000,1385.833
FOS,FLOW,HOURLY,FOS.Flow-Out.Ave.1Hour.1Hour.CBT-REV,14187200,2026-05-24 02:00:00,2026-05-24 03:00:00,2,-153.750,162.500,1190.000,1343.750
FOS,FLOW,HOURLY,FOS.Flow-Out.Ave.1Hour.1Hour.CBT-REV,14187200,2026-05-24 14:00:00,2026-05-24 14:00:00,1,94.167,94.167,1460.000,1365.833
FOS,FLOW,HOURLY,FOS.Flow-Out.Ave.1Hour.1Hour.CBT-REV,14187200,2026-05-25 02:00:00,2026-05-25 03:00:00,2,-151.250,174.167,1195.000,1346.250
FOS,FLOW,HOURLY,FOS.Flow-Out.Ave.1Hour.1Hour.CBT-REV,14187200,2026-05-25 14:00:00,2026-05-25 14:00:00,1,137.500,137.500,1470.000,1332.500
FOS,FLOW,HOURLY,FOS.Flow-Out.Ave.1Hour.1Hour.CBT-REV,14187200,2026-05-26 02:00:00,2026-05-26 03:00:00,2,-149.583,172.500,1180.000,1329.583
FOS,FLOW,HOURLY,FOS.Flow-Out.Ave.1Hour.1Hour.CBT-REV,14187200,2026-05-26 14:00:00,2026-05-26 14:00:00,1,98.333,98.333,1460.000,1361.667
FOS,FLOW,HOURLY,FOS.Flow-Out.Ave.1Hour.1Hour.CBT-REV,14187200,2026-05-27 02:00:00,2026-05-27 03:00:00,2,-166.250,175.833,1170.000,1336.250
FOS,FLOW,HOURLY,FOS.Flow-Out.Ave.1Hour.1Hour.CBT-REV,14187200,2026-05-27 14:00:00,2026-05-27 14:00:00,1,116.667,116.667,1470.000,1353.333
FOS,FLOW,HOURLY,FOS.Flow-Out.Ave.1Hour.1Hour.CBT-REV,14187200,2026-05-28 03:00:00,2026-05-28 03:00:00,1,-286.667,286.667,1090.000,1376.667
FOS,FLOW,HOURLY,FOS.Flow-Out.Ave.1Hour.1Hour.CBT-REV,14187200,2026-05-28 14:00:00,2026-05-28 14:00:00,1,90.833,90.833,1460.000,1369.167
FOS,FLOW,HOURLY,FOS.Flow-Out.Ave.1Hour.1Hour.CBT-REV,14187200,2026-05-29 03:00:00,2026-05-29 03:00:00,1,-275.833,275.833,1110.000,1385.833
FOS,FLOW,HOURLY,FOS.Flow-Out.Ave.1Hour.1Hour.CBT-REV,14187200,2026-05-29 15:00:00,2026-05-29 15:00:00,1,-85.000,85.000,1500.000,1585.000
FOS,FLOW,HOURLY,FOS.Flow-Out.Ave.1Hour.1Hour.CBT-REV,14187200,2026-05-30 03:00:00,2026-05-30 03:00:00,1,-121.667,121.667,1560.000,1681.667
FOS,FLOW,HOURLY,FOS.Flow-Out.Ave.1Hour.1Hour.CBT-REV,14187200,2026-05-31 03:00:00,2026-05-31 03:00:00,1,-115.833,115.833,1550.000,1665.833
FOS,FLOW,HOURLY,FOS.Flow-Out.Ave.1Hour.1Hour.CBT-REV,14187200,2026-06-01 03:00:00,2026-06-01 03:00:00,1,-110.000,110.000,1530.000,1640.000
FOS,FLOW,HOURLY,FOS.Flow-Out.Ave.1Hour.1Hour.CBT-REV,14187200,2026-06-02 03:00:00,2026-06-02 03:00:00,1,-87.500,87.500,1580.000,1667.500
FOS,FLOW,HOURLY,FOS.Flow-Out.Ave.1Hour.1Hour.CBT-REV,14187200,2026-06-02 19:00:00,2026-06-02 19:00:00,1,-95.833,95.833,1210.000,1305.833
FOS,FLOW,HOURLY,FOS.Flow-Out.Ave.1Hour.1Hour.CBT-REV,14187200,2026-06-02 22:00:00,2026-06-02 22:00:00,1,-92.500,92.500,1410.000,1502.500
FOS,FLOW,HOURLY,FOS.Flow-Out.Ave.1Hour.1Hour.CBT-REV,14187200,2026-06-04 03:00:00,2026-06-04 03:00:00,1,-270.000,270.000,1140.000,1410.000
FOS,FLOW,HOURLY,FOS.Flow-Out.Ave.1Hour.1Hour.CBT-REV,14187200,2026-06-05 03:00:00,2026-06-05 03:00:00,1,-266.667,266.667,1130.000,1396.667
FOS,FLOW,HOURLY,FOS.Flow-Out.Ave.1Hour.1Hour.CBT-REV,14187200,2026-06-05 14:00:00,2026-06-05 14:00:00,1,95.000,95.000,1470.000,1375.000
FOS,FLOW,HOURLY,FOS.Flow-Out.Ave.1Hour.1Hour.CBT-REV,14187200,2026-06-06 03:00:00,2026-06-06 03:00:00,1,-270.833,270.833,1120.000,1390.833
FOS,FLOW,HOURLY,FOS.Flow-Out.Ave.1Hour.1Hour.CBT-REV,14187200,2026-06-06 15:00:00,2026-06-06 15:00:00,1,81.667,81.667,1450.000,1368.333
FOS,FLOW,HOURLY,FOS.Flow-Out.Ave.1Hour.1Hour.CBT-REV,14187200,2026-06-07 03:00:00,2026-06-07 03:00:00,1,-273.333,273.333,1130.000,1403.333
FOS,FLOW,HOURLY,FOS.Flow-Out.Ave.1Hour.1Hour.CBT-REV,14187200,2026-06-08 02:00:00,2026-06-08 03:00:00,2,-112.083,157.500,1175.000,1287.083
FOS,FLOW,HOURLY,FOS.Flow-Out.Ave.1Hour.1Hour.CBT-REV,14187200,2026-06-08 16:00:00,2026-06-08 16:00:00,1,68.333,68.333,1270.000,1201.667
FOS,FLOW,HOURLY,FOS.Flow-Out.Ave.1Hour.1Hour.CBT-REV,14187200,2026-06-09 03:00:00,2026-06-09 03:00:00,1,-195.833,195.833,1130.000,1325.833
FOS,FLOW,HOURLY,FOS.Flow-Out.Ave.1Hour.1Hour.CBT-REV,14187200,2026-06-09 13:00:00,2026-06-09 13:00:00,1,-77.500,77.500,1420.000,1497.500
FOS,FLOW,HOURLY,FOS.Flow-Out.Ave.1Hour.1Hour.CBT-REV,14187200,2026-06-09 17:00:00,2026-06-09 18:00:00,2,-66.667,70.000,1130.000,1196.667
FOS,FLOW,HOURLY,FOS.Flow-Out.Ave.1Hour.1Hour.CBT-REV,14187200,2026-06-10 02:00:00,2026-06-10 03:00:00,2,-115.833,145.833,1185.000,1300.833
FOS,FLOW,HOURLY,FOS.Flow-Out.Ave.1Hour.1Hour.CBT-REV,14187200,2026-06-11 02:00:00,2026-06-11 03:00:00,2,-119.167,140.000,1200.000,1319.167
FOS,FLOW,HOURLY,FOS.Flow-Out.Ave.1Hour.1Hour.CBT-REV,14187200,2026-06-12 02:00:00,2026-06-12 03:00:00,2,-115.833,156.667,1190.000,1305.833
FOS,FLOW,HOURLY,FOS.Flow-Out.Ave.1Hour.1Hour.CBT-REV,14187200,2026-06-12 15:00:00,2026-06-12 15:00:00,1,66.667,66.667,1350.000,1283.333
FOS,FLOW,HOURLY,FOS.Flow-Out.Ave.1Hour.1Hour.CBT-REV,14187200,2026-06-12 23:00:00,2026-06-13 00:00:00,2,-182.045,199.091,1310.000,1492.045
FOS,FLOW,HOURLY,FOS.Flow-Out.Ave.1Hour.1Hour.CBT-REV,14187200,2026-06-26 02:00:00,2026-06-26 02:00:00,1,-124.167,124.167,1130.000,1254.167
FOS,FLOW,HOURLY,FOS.Flow-Out.Ave.1Hour.1Hour.CBT-REV,14187200,2026-06-28 06:00:00,2026-06-28 16:00:00,11,-88.712,105.000,1226.364,1315.076
FOS,FLOW,HOURLY,FOS.Flow-Out.Ave.1Hour.1Hour.CBT-REV,14187200,2026-06-28 21:00:00,2026-06-28 21:00:00,1,-62.500,62.500,1170.000,1232.500
FOS,FLOW,HOURLY,FOS.Flow-Out.Ave.1Hour.1Hour.CBT-REV,14187200,2026-06-29 02:00:00,2026-06-29 02:00:00,1,-71.667,71.667,1150.000,1221.667
FOS,FLOW,HOURLY,FOS.Flow-Out.Ave.1Hour.1Hour.CBT-REV,14187200,2026-07-07 22:00:00,2026-07-07 22:00:00,1,64.750,64.750,1010.000,945.250
FOS,FLOW,HOURLY,FOS.Flow-Out.Ave.1Hour.1Hour.CBT-REV,14187200,2026-07-16 12:00:00,2026-07-16 12:00:00,1,58.333,58.333,1150.000,1091.667
FOS,FLOW,HOURLY,FOS.Flow-Out.Ave.1Hour.1Hour.CBT-REV,14187200,2026-07-16 16:00:00,2026-07-16 18:00:00,3,92.028,138.833,1026.667,934.639
FOS,FLOW,HOURLY,FOS.Flow-Out.Ave.1Hour.1Hour.CBT-REV,14187200,2026-07-20 10:00:00,2026-07-20 10:00:00,1,55.500,55.500,870.000,814.500
FOS,FLOW,HOURLY,FOS.Flow-Out.Ave.1Hour.1Hour.CBT-REV,14187200,2026-07-20 14:00:00,2026-07-20 17:00:00,4,31.083,149.583,962.500,931.417
FOS,FLOW,HOURLY,FOS.Flow-Out.Ave.1Hour.1Hour.CBT-REV,14187200,2026-07-21 20:00:00,2026-07-21 20:00:00,1,51.000,51.000,870.000,819.000
FOS,FLOW,HOURLY,FOS.Flow-Out.Ave.1Hour.1Hour.CBT-REV,14187200,2026-07-22 05:00:00,2026-07-22 05:00:00,1,50.500,50.500,870.000,819.500
FOS,FLOW,HOURLY,FOS.Flow-Out.Ave.1Hour.1Hour.CBT-REV,14187200,2026-07-22 14:00:00,2026-07-22 15:00:00,2,53.458,55.583,870.000,816.542
FOS,FLOW,HOURLY,FOS.Flow-Out.Ave.1Hour.1Hour.CBT-REV,14187200,2026-07-23 04:00:00,2026-07-23 05:00:00,2,51.000,51.750,870.000,819.000
FOS,FLOW,HOURLY,FOS.Flow-Out.Ave.1Hour.1Hour.CBT-REV,14187200,2026-07-23 17:00:00,2026-07-23 18:00:00,2,56.458,60.000,895.000,838.542
FOS,FLOW,HOURLY,FOS.Flow-Out.Ave.1Hour.1Hour.CBT-REV,14187200,2026-07-23 22:00:00,2026-07-23 22:00:00,1,57.250,57.250,870.000,812.750
FOS,FLOW,HOURLY,FOS.Flow-Out.Ave.1Hour.1Hour.CBT-REV,14187200,2026-07-24 00:00:00,2026-07-24 00:00:00,1,50.500,50.500,870.000,819.500
FOS,FLOW,HOURLY,FOS.Flow-Out.Ave.1Hour.1Hour.CBT-REV,14187200,2026-07-24 08:00:00,2026-07-24 10:00:00,3,54.750,58.250,870.000,815.250
FOS,FLOW,HOURLY,FOS.Flow-Out.Ave.1Hour.1Hour.CBT-REV,14187200,2026-07-24 14:00:00,2026-07-24 14:00:00,1,58.250,58.250,870.000,811.750
FOS,FLOW,HOURLY,FOS.Flow-Out.Ave.1Hour.1Hour.CBT-REV,14187200,2026-07-24 16:00:00,2026-07-24 16:00:00,1,55.667,55.667,870.000,814.333
FOS,FLOW,HOURLY,FOS.Flow-Out.Ave.1Hour.1Hour.CBT-REV,14187200,2026-07-24 18:00:00,2026-07-24 18:00:00,1,53.500,53.500,880.000,826.500
FOS,FLOW,HOURLY,FOS.Flow-Out.Ave.1Hour.1Hour.CBT-REV,14187200,2026-07-24 20:00:00,2026-07-24 23:00:00,4,54.125,62.500,875.000,820.875
FOS,FLOW,HOURLY,FOS.Flow-Out.Ave.1Hour.1Hour.CBT-REV,14187200,2026-07-25 02:00:00,2026-07-25 04:00:00,3,59.500,67.000,870.000,810.500
FOS,FLOW,HOURLY,FOS.Flow-Out.Ave.1Hour.1Hour.CBT-REV,14187200,2026-07-25 06:00:00,2026-07-25 09:00:00,4,53.312,57.250,862.500,809.188
FOS,FLOW,HOURLY,FOS.Flow-Out.Ave.1Hour.1Hour.CBT-REV,14187200,2026-07-25 11:00:00,2026-07-25 13:00:00,3,51.250,52.000,860.000,808.750
FOS,FLOW,HOURLY,FOS.Flow-Out.Ave.1Hour.1Hour.CBT-REV,14187200,2026-07-25 15:00:00,2026-07-25 15:00:00,1,50.100,50.100,860.000,809.900
FOS,FLOW,HOURLY,FOS.Flow-Out.Ave.1Hour.1Hour.CBT-REV,14187200,2026-07-25 17:00:00,2026-07-25 19:00:00,3,57.306,59.000,870.000,812.694
FOS,FLOW,HOURLY,FOS.Flow-Out.Ave.1Hour.1Hour.CBT-REV,14187200,2026-07-25 22:00:00,2026-07-26 04:00:00,7,55.786,59.750,870.000,814.214
FOS,FLOW,HOURLY,FOS.Flow-Out.Ave.1Hour.1Hour.CBT-REV,14187200,2026-07-26 06:00:00,2026-07-26 10:00:00,5,53.817,56.000,860.000,806.183
FOS,FLOW,HOURLY,FOS.Flow-Out.Ave.1Hour.1Hour.CBT-REV,14187200,2026-07-26 13:00:00,2026-07-26 14:00:00,2,63.250,64.500,865.000,801.750
FOS,FLOW,HOURLY,FOS.Flow-Out.Ave.1Hour.1Hour.CBT-REV,14187200,2026-07-26 16:00:00,2026-07-27 06:00:00,15,55.694,64.917,868.667,812.972
FOS,FLOW,HOURLY,FOS.Flow-Out.Ave.1Hour.1Hour.CBT-REV,14187200,2026-07-27 08:00:00,2026-07-27 11:00:00,4,55.438,63.000,852.500,797.062
FOS,FLOW,HOURLY,FOS.Flow-Out.Ave.1Hour.1Hour.CBT-REV,14187200,2026-07-27 13:00:00,2026-07-27 14:00:00,2,55.250,56.500,855.000,799.750
FOS,FLOW,HOURLY,FOS.Flow-Out.Ave.1Hour.1Hour.CBT-REV,14187200,2026-07-27 16:00:00,2026-07-27 20:00:00,5,58.033,62.750,862.000,803.967
FOS,FLOW,HOURLY,FOS.Flow-Out.Ave.1Hour.1Hour.CBT-REV,14187200,2026-07-27 22:00:00,2026-07-28 06:00:00,9,60.778,67.000,867.778,807.000
FOS,FLOW,HOURLY,FOS.Flow-Out.Ave.1Hour.1Hour.CBT-REV,14187200,2026-07-28 08:00:00,2026-07-28 21:00:00,14,56.929,63.750,858.571,801.643
FOS,FLOW,HOURLY,FOS.Flow-Out.Ave.1Hour.1Hour.CBT-REV,14187200,2026-07-28 23:00:00,2026-07-30 08:00:00,34,59.385,72.000,859.412,800.027
FOS,FLOW,HOURLY,FOS.Flow-Out.Ave.1Hour.1Hour.CBT-REV,14187200,2026-07-30 10:00:00,2026-07-30 13:00:00,4,61.333,69.250,852.500,791.167
FOS,FLOW,HOURLY,FOS.Flow-Out.Ave.1Hour.1Hour.CBT-REV,14187200,2026-07-30 15:00:00,2026-07-31 15:00:00,25,61.820,72.583,860.000,798.180
FOS,FLOW,HOURLY,FOS.Flow-Out.Ave.1Hour.1Hour.CBT-REV,14187200,2026-08-03 15:00:00,2026-08-03 16:00:00,2,77.125,78.000,915.000,837.875
FOS,FLOW,HOURLY,FOS.Flow-Out.Ave.1Hour.1Hour.CBT-REV,14187200,2026-09-02 15:00:00,2026-09-02 15:00:00,1,80.833,80.833,1600.000,1519.167
GPR,ELEV,HOURLY,GPR.Elev-Forebay.Inst.1Hour.0.CBT-REV,14186100,2025-10-01 00:00:00,2025-10-01 03:00:00,4,0.106,0.110,900.607,900.502
GPR,ELEV,HOURLY,GPR.Elev-Forebay.Inst.1Hour.0.CBT-REV,14186100,2025-10-01 17:00:00,2025-10-01 21:00:00,5,0.113,0.118,900.234,900.121
GPR,ELEV,HOURLY,GPR.Elev-Forebay.Inst.1Hour.0.CBT-REV,14186100,2025-10-01 23:00:00,2025-10-02 03:00:00,5,0.118,0.124,899.742,899.624
GPR,ELEV,HOURLY,GPR.Elev-Forebay.Inst.1Hour.0.CBT-REV,14186100,2025-10-02 17:00:00,2025-10-02 17:00:00,1,0.112,0.112,899.500,899.387
GPR,ELEV,HOURLY,GPR.Elev-Forebay.Inst.1Hour.0.CBT-REV,14186100,2025-10-02 19:00:00,2025-10-03 03:00:00,9,0.120,0.127,899.006,898.886
GPR,ELEV,HOURLY,GPR.Elev-Forebay.Inst.1Hour.0.CBT-REV,14186100,2025-10-03 16:00:00,2025-10-04 11:00:00,20,0.112,0.122,898.053,897.941
GPR,ELEV,HOURLY,GPR.Elev-Forebay.Inst.1Hour.0.CBT-REV,14186100,2025-10-04 13:00:00,2025-10-04 13:00:00,1,0.109,0.109,897.530,897.421
GPR,ELEV,HOURLY,GPR.Elev-Forebay.Inst.1Hour.0.CBT-REV,14186100,2025-10-04 15:00:00,2025-10-04 16:00:00,2,0.105,0.108,897.420,897.315
GPR,ELEV,HOURLY,GPR.Elev-Forebay.Inst.1Hour.0.CBT-REV,14186100,2025-10-04 18:00:00,2025-10-04 18:00:00,1,0.108,0.108,897.300,897.192
GPR,ELEV,HOURLY,GPR.Elev-Forebay.Inst.1Hour.0.CBT-REV,14186100,2025-10-04 20:00:00,2025-10-05 03:00:00,8,0.111,0.119,897.022,896.912
GPR,ELEV,HOURLY,GPR.Elev-Forebay.Inst.1Hour.0.CBT-REV,14186100,2025-10-05 05:00:00,2025-10-06 16:00:00,36,0.120,0.138,895.830,895.709
GPR,ELEV,HOURLY,GPR.Elev-Forebay.Inst.1Hour.0.CBT-REV,14186100,2025-10-06 18:00:00,2025-10-13 00:00:00,151,0.129,0.160,890.877,890.748
GPR,ELEV,HOURLY,GPR.Elev-Forebay.Inst.1Hour.0.CBT-REV,14186100,2025-10-13 03:00:00,2025-10-13 03:00:00,1,0.102,0.102,887.160,887.058
GPR,ELEV,HOURLY,GPR.Elev-Forebay.Inst.1Hour.0.CBT-REV,14186100,2025-10-13 07:00:00,2025-10-13 07:00:00,1,0.110,0.110,887.090,886.980
GPR,ELEV,HOURLY,GPR.Elev-Forebay.Inst.1Hour.0.CBT-REV,14186100,2025-10-13 09:00:00,2025-10-13 13:00:00,5,0.107,0.114,886.996,886.889
GPR,ELEV,HOURLY,GPR.Elev-Forebay.Inst.1Hour.0.CBT-REV,14186100,2025-10-13 16:00:00,2025-10-13 16:00:00,1,0.103,0.103,886.880,886.777
GPR,ELEV,HOURLY,GPR.Elev-Forebay.Inst.1Hour.0.CBT-REV,14186100,2025-10-13 19:00:00,2025-10-13 19:00:00,1,0.102,0.102,886.800,886.698
GPR,ELEV,HOURLY,GPR.Elev-Forebay.Inst.1Hour.0.CBT-REV,14186100,2025-10-14 05:00:00,2025-10-14 05:00:00,1,0.117,0.117,886.490,886.373
GPR,ELEV,HOURLY,GPR.Elev-Forebay.Inst.1Hour.0.CBT-REV,14186100,2025-10-14 09:00:00,2025-10-14 09:00:00,1,0.102,0.102,886.320,886.218
GPR,ELEV,HOURLY,GPR.Elev-Forebay.Inst.1Hour.0.CBT-REV,14186100,2025-10-14 13:00:00,2025-10-14 14:00:00,2,0.102,0.103,886.130,886.028
GPR,ELEV,HOURLY,GPR.Elev-Forebay.Inst.1Hour.0.CBT-REV,14186100,2025-10-15 05:00:00,2025-10-15 05:00:00,1,0.110,0.110,885.440,885.330
GPR,ELEV,HOURLY,GPR.Elev-Forebay.Inst.1Hour.0.CBT-REV,14186100,2025-10-15 07:00:00,2025-10-15 07:00:00,1,0.112,0.112,885.340,885.227
GPR,ELEV,HOURLY,GPR.Elev-Forebay.Inst.1Hour.0.CBT-REV,14186100,2025-10-15 12:00:00,2025-10-15 12:00:00,1,0.104,0.104,885.090,884.986
GPR,ELEV,HOURLY,GPR.Elev-Forebay.Inst.1Hour.0.CBT-REV,14186100,2025-10-15 14:00:00,2025-11-02 09:00:00,428,0.218,0.484,874.833,874.615
GPR,ELEV,HOURLY,GPR.Elev-Forebay.Inst.1Hour.0.CBT-REV,14186100,2025-11-02 11:00:00,2025-11-25 22:00:00,564,0.372,0.593,820.878,820.506
GPR,ELEV,HOURLY,GPR.Elev-Forebay.Inst.1Hour.0.CBT-REV,14186100,2025-11-27 14:00:00,2025-11-27 14:00:00,1,-0.140,0.140,783.230,783.370
GPR,ELEV,HOURLY,GPR.Elev-Forebay.Inst.1Hour.0.CBT-REV,14186100,2025-12-05 16:00:00,2025-12-06 13:00:00,22,-0.458,1.504,788.019,788.477
GPR,ELEV,HOURLY,GPR.Elev-Forebay.Inst.1Hour.0.CBT-REV,14186100,2025-12-07 00:00:00,2025-12-07 00:00:00,1,0.251,0.251,795.070,794.819
GPR,ELEV,HOURLY,GPR.Elev-Forebay.Inst.1Hour.0.CBT-REV,14186100,2025-12-07 02:00:00,2025-12-07 06:00:00,5,0.138,0.158,793.952,793.814
GPR,ELEV,HOURLY,GPR.Elev-Forebay.Inst.1Hour.0.CBT-REV,14186100,2025-12-07 22:00:00,2025-12-16 05:00:00,200,-0.343,1.158,856.421,856.764
GPR,ELEV,HOURLY,GPR.Elev-Forebay.Inst.1Hour.0.CBT-REV,14186100,2025-12-16 15:00:00,2025-12-16 15:00:00,1,0.188,0.188,886.730,886.542
GPR,ELEV,HOURLY,GPR.Elev-Forebay.Inst.1Hour.0.CBT-REV,14186100,2025-12-17 21:00:00,2025-12-17 21:00:00,1,-0.192,0.192,889.440,889.632
GPR,ELEV,HOURLY,GPR.Elev-Forebay.Inst.1Hour.0.CBT-REV,14186100,2025-12-17 23:00:00,2025-12-18 09:00:00,11,-0.111,0.127,890.823,890.934
GPR,ELEV,HOURLY,GPR.Elev-Forebay.Inst.1Hour.0.CBT-REV,14186100,2025-12-18 15:00:00,2025-12-24 04:00:00,134,-0.328,2.291,926.863,927.191
GPR,ELEV,HOURLY,GPR.Elev-Forebay.Inst.1Hour.0.CBT-REV,14186100,2025-12-24 06:00:00,2025-12-24 06:00:00,1,-0.111,0.111,933.930,934.041
GPR,ELEV,HOURLY,GPR.Elev-Forebay.Inst.1Hour.0.CBT-REV,14186100,2025-12-24 08:00:00,2025-12-24 09:00:00,2,-0.117,0.118,933.840,933.957
GPR,ELEV,HOURLY,GPR.Elev-Forebay.Inst.1Hour.0.CBT-REV,14186100,2025-12-24 11:00:00,2025-12-24 11:00:00,1,-0.117,0.117,933.740,933.857
GPR,ELEV,HOURLY,GPR.Elev-Forebay.Inst.1Hour.0.CBT-REV,14186100,2025-12-24 13:00:00,2025-12-24 13:00:00,1,-0.120,0.120,933.650,933.770
GPR,ELEV,HOURLY,GPR.Elev-Forebay.Inst.1Hour.0.CBT-REV,14186100,2025-12-24 15:00:00,2025-12-24 20:00:00,6,-0.105,0.112,933.492,933.597
GPR,ELEV,HOURLY,GPR.Elev-Forebay.Inst.1Hour.0.CBT-REV,14186100,2025-12-24 22:00:00,2025-12-24 22:00:00,1,-0.101,0.101,933.300,933.401
GPR,ELEV,HOURLY,GPR.Elev-Forebay.Inst.1Hour.0.CBT-REV,14186100,2025-12-25 05:00:00,2025-12-25 05:00:00,1,-0.110,0.110,932.960,933.070
GPR,ELEV,HOURLY,GPR.Elev-Forebay.Inst.1Hour.0.CBT-REV,14186100,2025-12-25 17:00:00,2026-01-01 14:00:00,166,-0.131,0.153,932.438,932.569
GPR,ELEV,HOURLY,GPR.Elev-Forebay.Inst.1Hour.0.CBT-REV,14186100,2026-01-01 16:00:00,2026-01-10 23:00:00,224,-0.154,0.234,932.093,932.247
GPR,ELEV,HOURLY,GPR.Elev-Forebay.Inst.1Hour.0.CBT-REV,14186100,2026-01-11 01:00:00,2026-01-11 19:00:00,19,-0.119,0.146,928.695,928.814
GPR,ELEV,HOURLY,GPR.Elev-Forebay.Inst.1Hour.0.CBT-REV,14186100,2026-01-11 21:00:00,2026-01-12 12:00:00,16,-0.115,0.137,927.341,927.456
GPR,ELEV,HOURLY,GPR.Elev-Forebay.Inst.1Hour.0.CBT-REV,14186100,2026-01-12 14:00:00,2026-01-28 01:00:00,372,-0.180,0.230,926.465,926.645
GPR,ELEV,HOURLY,GPR.Elev-Forebay.Inst.1Hour.0.CBT-REV,14186100,2026-02-09 04:00:00,2026-02-09 10:00:00,7,-0.117,0.127,925.951,926.068
GPR,ELEV,HOURLY,GPR.Elev-Forebay.Inst.1Hour.0.CBT-REV,14186100,2026-02-09 12:00:00,2026-02-09 14:00:00,3,-0.108,0.115,926.773,926.881
GPR,ELEV,HOURLY,GPR.Elev-Forebay.Inst.1Hour.0.CBT-REV,14186100,2026-02-09 16:00:00,2026-02-09 16:00:00,1,-0.104,0.104,927.140,927.244
GPR,ELEV,HOURLY,GPR.Elev-Forebay.Inst.1Hour.0.CBT-REV,14186100,2026-02-09 19:00:00,2026-02-09 19:00:00,1,-0.102,0.102,927.470,927.572
GPR,ELEV,HOURLY,GPR.Elev-Forebay.Inst.1Hour.0.CBT-REV,14186100,2026-02-12 01:00:00,2026-02-12 01:00:00,1,0.108,0.108,931.200,931.092
GPR,ELEV,HOURLY,GPR.Elev-Forebay.Inst.1Hour.0.CBT-REV,14186100,2026-02-23 14:00:00,2026-02-23 15:00:00,2,-0.116,0.121,940.710,940.826
GPR,ELEV,HOURLY,GPR.Elev-Forebay.Inst.1Hour.0.CBT-REV,14186100,2026-02-23 17:00:00,2026-02-23 17:00:00,1,-0.126,0.126,941.170,941.296
GPR,ELEV,HOURLY,GPR.Elev-Forebay.Inst.1Hour.0.CBT-REV,14186100,2026-02-23 19:00:00,2026-02-23 20:00:00,2,-0.123,0.139,941.730,941.852
GPR,ELEV,HOURLY,GPR.Elev-Forebay.Inst.1Hour.0.CBT-REV,14186100,2026-02-23 22:00:00,2026-02-23 23:00:00,2,-0.137,0.143,942.375,942.512
GPR,ELEV,HOURLY,GPR.Elev-Forebay.Inst.1Hour.0.CBT-REV,14186100,2026-02-24 03:00:00,2026-02-24 06:00:00,4,-0.140,0.156,943.672,943.812
GPR,ELEV,HOURLY,GPR.Elev-Forebay.Inst.1Hour.0.CBT-REV,14186100,2026-02-24 08:00:00,2026-02-24 11:00:00,4,-0.121,0.141,944.878,944.999
GPR,ELEV,HOURLY,GPR.Elev-Forebay.Inst.1Hour.0.CBT-REV,14186100,2026-02-24 13:00:00,2026-02-24 23:00:00,11,-0.174,0.415,946.838,947.012
GPR,ELEV,HOURLY,GPR.Elev-Forebay.Inst.1Hour.0.CBT-REV,14186100,2026-02-25 01:00:00,2026-02-25 01:00:00,1,-0.107,0.107,948.480,948.587
GPR,ELEV,HOURLY,GPR.Elev-Forebay.Inst.1Hour.0.CBT-REV,14186100,2026-02-25 03:00:00,2026-02-25 05:00:00,3,-0.149,0.159,949.157,949.306
GPR,ELEV,HOURLY,GPR.Elev-Forebay.Inst.1Hour.0.CBT-REV,14186100,2026-02-25 07:00:00,2026-02-25 16:00:00,10,-0.150,0.170,951.012,951.162
GPR,ELEV,HOURLY,GPR.Elev-Forebay.Inst.1Hour.0.CBT-REV,14186100,2026-02-25 18:00:00,2026-02-25 23:00:00,6,-0.119,0.129,952.923,953.043
GPR,ELEV,HOURLY,GPR.Elev-Forebay.Inst.1Hour.0.CBT-REV,14186100,2026-02-26 02:00:00,2026-02-26 02:00:00,1,-0.104,0.104,953.880,953.984
GPR,ELEV,HOURLY,GPR.Elev-Forebay.Inst.1Hour.0.CBT-REV,14186100,2026-02-26 10:00:00,2026-02-26 10:00:00,1,-0.141,0.141,954.990,955.131
GPR,ELEV,HOURLY,GPR.Elev-Forebay.Inst.1Hour.0.CBT-REV,14186100,2026-02-26 12:00:00,2026-02-26 12:00:00,1,-0.114,0.114,955.270,955.384
GPR,ELEV,HOURLY,GPR.Elev-Forebay.Inst.1Hour.0.CBT-REV,14186100,2026-03-02 23:00:00,2026-03-02 23:00:00,1,-0.107,0.107,962.240,962.347
GPR,ELEV,HOURLY,GPR.Elev-Forebay.Inst.1Hour.0.CBT-REV,14186100,2026-03-12 04:00:00,2026-03-12 04:00:00,1,-0.177,0.177,972.720,972.897
GPR,ELEV,HOURLY,GPR.Elev-Forebay.Inst.1Hour.0.CBT-REV,14186100,2026-03-12 06:00:00,2026-03-12 06:00:00,1,-0.104,0.104,973.010,973.114
GPR,ELEV,HOURLY,GPR.Elev-Forebay.Inst.1Hour.0.CBT-REV,14186100,2026-03-12 11:00:00,2026-03-13 15:00:00,29,-0.149,0.203,977.075,977.224
GPR,ELEV,HOURLY,GPR.Elev-Forebay.Inst.1Hour.0.CBT-REV,14186100,2026-03-14 08:00:00,2026-03-14 08:00:00,1,-0.107,0.107,982.500,982.607
GPR,ELEV,HOURLY,GPR.Elev-Forebay.Inst.1Hour.0.CBT-REV,14186100,2026-03-14 10:00:00,2026-03-14 23:00:00,14,-0.191,0.535,984.694,984.885
GPR,ELEV,HOURLY,GPR.Elev-Forebay.Inst.1Hour.0.CBT-REV,14186100,2026-03-15 01:00:00,2026-03-15 04:00:00,4,-0.122,0.148,987.145,987.267
GPR,ELEV,HOURLY,GPR.Elev-Forebay.Inst.1Hour.0.CBT-REV,14186100,2026-03-15 06:00:00,2026-03-15 06:00:00,1,-0.101,0.101,987.710,987.811
GPR,ELEV,HOURLY,GPR.Elev-Forebay.Inst.1Hour.0.CBT-REV,14186100,2026-03-15 18:00:00,2026-03-15 18:00:00,1,-0.103,0.103,989.050,989.153
GPR,ELEV,HOURLY,GPR.Elev-Forebay.Inst.1Hour.0.CBT-REV,14186100,2026-03-22 17:00:00,2026-03-22 17:00:00,1,1.480,1.480,992.540,991.060
GPR,ELEV,HOURLY,GPR.Elev-Forebay.Inst.1Hour.0.CBT-REV,14186100,2026-04-23 21:00:00,2026-04-23 21:00:00,1,-0.230,0.230,991.120,991.350
GPR,ELEV,HOURLY,GPR.Elev-Forebay.Inst.1Hour.0.CBT-REV,14186100,2026-05-20 22:00:00,2026-05-20 22:00:00,1,0.102,0.102,974.250,974.148
GPR,ELEV,HOURLY,GPR.Elev-Forebay.Inst.1Hour.0.CBT-REV,14186100,2026-06-10 17:00:00,2026-06-10 19:00:00,3,-0.523,0.978,962.113,962.636
GPR,ELEV,HOURLY,GPR.Elev-Forebay.Inst.1Hour.0.CBT-REV,14186100,2026-07-03 03:00:00,2026-07-03 03:00:00,1,0.100,0.100,952.240,952.140
GPR,ELEV,HOURLY,GPR.Elev-Forebay.Inst.1Hour.0.CBT-REV,14186100,2026-07-03 20:00:00,2026-07-03 20:00:00,1,0.108,0.108,952.200,952.092
GPR,ELEV,HOURLY,GPR.Elev-Forebay.Inst.1Hour.0.CBT-REV,14186100,2026-07-04 22:00:00,2026-07-04 22:00:00,1,0.102,0.102,951.600,951.498
GPR,ELEV,HOURLY,GPR.Elev-Forebay.Inst.1Hour.0.CBT-REV,14186100,2026-07-05 00:00:00,2026-07-05 02:00:00,3,0.106,0.107,951.430,951.324
GPR,ELEV,HOURLY,GPR.Elev-Forebay.Inst.1Hour.0.CBT-REV,14186100,2026-07-05 20:00:00,2026-07-06 03:00:00,8,0.104,0.110,951.026,950.922
GPR,ELEV,HOURLY,GPR.Elev-Forebay.Inst.1Hour.0.CBT-REV,14186100,2026-07-06 20:00:00,2026-07-06 20:00:00,1,0.103,0.103,950.750,950.647
GPR,ELEV,HOURLY,GPR.Elev-Forebay.Inst.1Hour.0.CBT-REV,14186100,2026-07-06 22:00:00,2026-07-07 03:00:00,6,0.105,0.107,950.492,950.387
GPR,ELEV,HOURLY,GPR.Elev-Forebay.Inst.1Hour.0.CBT-REV,14186100,2026-07-07 20:00:00,2026-07-08 03:00:00,8,0.105,0.112,950.070,949.965
GPR,ELEV,HOURLY,GPR.Elev-Forebay.Inst.1Hour.0.CBT-REV,14186100,2026-07-08 21:00:00,2026-07-08 21:00:00,1,0.101,0.101,949.730,949.629
GPR,ELEV,HOURLY,GPR.Elev-Forebay.Inst.1Hour.0.CBT-REV,14186100,2026-07-09 19:00:00,2026-07-09 19:00:00,1,0.102,0.102,949.350,949.248
GPR,ELEV,HOURLY,GPR.Elev-Forebay.Inst.1Hour.0.CBT-REV,14186100,2026-07-09 21:00:00,2026-07-10 01:00:00,5,0.107,0.113,949.124,949.017
GPR,ELEV,HOURLY,GPR.Elev-Forebay.Inst.1Hour.0.CBT-REV,14186100,2026-07-10 03:00:00,2026-07-10 03:00:00,1,0.105,0.105,948.880,948.775
GPR,ELEV,HOURLY,GPR.Elev-Forebay.Inst.1Hour.0.CBT-REV,14186100,2026-07-10 22:00:00,2026-07-11 04:00:00,7,0.115,0.123,948.630,948.515
GPR,ELEV,HOURLY,GPR.Elev-Forebay.Inst.1Hour.0.CBT-REV,14186100,2026-07-11 21:00:00,2026-07-12 04:00:00,8,0.114,0.119,948.230,948.116
GPR,ELEV,HOURLY,GPR.Elev-Forebay.Inst.1Hour.0.CBT-REV,14186100,2026-07-12 21:00:00,2026-07-13 04:00:00,8,0.114,0.120,947.806,947.692
GPR,ELEV,HOURLY,GPR.Elev-Forebay.Inst.1Hour.0.CBT-REV,14186100,2026-07-13 21:00:00,2026-07-14 04:00:00,8,0.112,0.118,947.380,947.268
GPR,ELEV,HOURLY,GPR.Elev-Forebay.Inst.1Hour.0.CBT-REV,14186100,2026-07-14 21:00:00,2026-07-15 03:00:00,7,0.113,0.117,946.984,946.871
GPR,ELEV,HOURLY,GPR.Elev-Forebay.Inst.1Hour.0.CBT-REV,14186100,2026-07-15 21:00:00,2026-07-16 01:00:00,5,0.115,0.122,946.626,946.511
GPR,ELEV,HOURLY,GPR.Elev-Forebay.Inst.1Hour.0.CBT-REV,14186100,2026-07-16 03:00:00,2026-07-16 04:00:00,2,0.109,0.109,946.360,946.251
GPR,ELEV,HOURLY,GPR.Elev-Forebay.Inst.1Hour.0.CBT-REV,14186100,2026-07-16 21:00:00,2026-07-17 04:00:00,8,0.123,0.132,946.105,945.982
GPR,ELEV,HOURLY,GPR.Elev-Forebay.Inst.1Hour.0.CBT-REV,14186100,2026-07-17 20:00:00,2026-07-18 04:00:00,9,0.124,0.137,945.641,945.517
GPR,ELEV,HOURLY,GPR.Elev-Forebay.Inst.1Hour.0.CBT-REV,14186100,2026-07-18 20:00:00,2026-07-19 04:00:00,9,0.125,0.133,945.141,945.016
GPR,ELEV,HOURLY,GPR.Elev-Forebay.Inst.1Hour.0.CBT-REV,14186100,2026-07-19 20:00:00,2026-07-20 04:00:00,9,0.128,0.152,944.638,944.510
GPR,ELEV,HOURLY,GPR.Elev-Forebay.Inst.1Hour.0.CBT-REV,14186100,2026-07-20 20:00:00,2026-07-21 04:00:00,9,0.122,0.132,944.178,944.056
GPR,ELEV,HOURLY,GPR.Elev-Forebay.Inst.1Hour.0.CBT-REV,14186100,2026-07-21 21:00:00,2026-07-22 04:00:00,8,0.126,0.131,943.711,943.586
GPR,ELEV,HOURLY,GPR.Elev-Forebay.Inst.1Hour.0.CBT-REV,14186100,2026-07-22 21:00:00,2026-07-23 05:00:00,9,0.136,0.169,943.196,943.060
GPR,ELEV,HOURLY,GPR.Elev-Forebay.Inst.1Hour.0.CBT-REV,14186100,2026-07-23 07:00:00,2026-07-23 07:00:00,1,0.105,0.105,942.930,942.825
GPR,ELEV,HOURLY,GPR.Elev-Forebay.Inst.1Hour.0.CBT-REV,14186100,2026-07-23 10:00:00,2026-07-23 10:00:00,1,0.105,0.105,942.930,942.825
GPR,ELEV,HOURLY,GPR.Elev-Forebay.Inst.1Hour.0.CBT-REV,14186100,2026-07-23 16:00:00,2026-07-23 18:00:00,3,0.106,0.109,942.940,942.834
GPR,ELEV,HOURLY,GPR.Elev-Forebay.Inst.1Hour.0.CBT-REV,14186100,2026-07-23 21:00:00,2026-07-24 08:00:00,12,0.124,0.149,942.636,942.511
GPR,ELEV,HOURLY,GPR.Elev-Forebay.Inst.1Hour.0.CBT-REV,14186100,2026-07-24 14:00:00,2026-07-24 16:00:00,3,0.100,0.100,942.440,942.340
GPR,ELEV,HOURLY,GPR.Elev-Forebay.Inst.1Hour.0.CBT-REV,14186100,2026-07-24 20:00:00,2026-07-25 06:00:00,11,0.128,0.144,942.253,942.125
GPR,ELEV,HOURLY,GPR.Elev-Forebay.Inst.1Hour.0.CBT-REV,14186100,2026-07-25 08:00:00,2026-07-25 08:00:00,1,0.101,0.101,941.950,941.849
GPR,ELEV,HOURLY,GPR.Elev-Forebay.Inst.1Hour.0.CBT-REV,14186100,2026-07-25 10:00:00,2026-07-25 10:00:00,1,0.107,0.107,941.950,941.843
GPR,ELEV,HOURLY,GPR.Elev-Forebay.Inst.1Hour.0.CBT-REV,14186100,2026-07-25 12:00:00,2026-07-25 15:00:00,4,0.100,0.101,941.950,941.850
GPR,ELEV,HOURLY,GPR.Elev-Forebay.Inst.1Hour.0.CBT-REV,14186100,2026-07-25 18:00:00,2026-07-26 06:00:00,13,0.123,0.147,941.789,941.666
GPR,ELEV,HOURLY,GPR.Elev-Forebay.Inst.1Hour.0.CBT-REV,14186100,2026-07-26 13:00:00,2026-07-26 15:00:00,3,0.100,0.101,941.460,941.360
GPR,ELEV,HOURLY,GPR.Elev-Forebay.Inst.1Hour.0.CBT-REV,14186100,2026-07-26 17:00:00,2026-07-26 19:00:00,3,0.100,0.100,941.460,941.360
GPR,ELEV,HOURLY,GPR.Elev-Forebay.Inst.1Hour.0.CBT-REV,14186100,2026-07-26 21:00:00,2026-07-27 08:00:00,12,0.124,0.144,941.188,941.065
GPR,ELEV,HOURLY,GPR.Elev-Forebay.Inst.1Hour.0.CBT-REV,14186100,2026-07-27 12:00:00,2026-07-27 13:00:00,2,0.100,0.100,940.940,940.840
GPR,ELEV,HOURLY,GPR.Elev-Forebay.Inst.1Hour.0.CBT-REV,14186100,2026-07-27 15:00:00,2026-07-28 02:00:00,12,0.117,0.150,940.894,940.777
GPR,ELEV,HOURLY,GPR.Elev-Forebay.Inst.1Hour.0.CBT-REV,14186100,2026-07-28 04:00:00,2026-07-28 06:00:00,3,0.131,0.147,940.513,940.382
GPR,ELEV,HOURLY,GPR.Elev-Forebay.Inst.1Hour.0.CBT-REV,14186100,2026-07-28 08:00:00,2026-07-28 13:00:00,6,0.101,0.102,940.440,940.339
GPR,ELEV,HOURLY,GPR.Elev-Forebay.Inst.1Hour.0.CBT-REV,14186100,2026-07-28 15:00:00,2026-07-31 20:00:00,78,0.121,0.158,939.624,939.503
GPR,ELEV,HOURLY,GPR.Elev-Forebay.Inst.1Hour.0.CBT-REV,14186100,2026-09-04 22:00:00,2026-09-04 22:00:00,1,0.110,0.110,914.980,914.870
GPR,ELEV,HOURLY,GPR.Elev-Forebay.Inst.1Hour.0.CBT-REV,14186100,2026-09-06 22:00:00,2026-09-06 22:00:00,1,0.100,0.100,912.470,912.370
GPR,ELEV,HOURLY,GPR.Elev-Forebay.Inst.1Hour.0.CBT-REV,14186100,2026-09-07 00:00:00,2026-09-07 00:00:00,1,0.104,0.104,912.160,912.056
GPR,ELEV,HOURLY,GPR.Elev-Forebay.Inst.1Hour.0.CBT-REV,14186100,2026-09-07 22:00:00,2026-09-08 03:00:00,6,0.105,0.113,910.762,910.657
GPR,ELEV,HOURLY,GPR.Elev-Forebay.Inst.1Hour.0.CBT-REV,14186100,2026-09-08 23:00:00,2026-09-09 01:00:00,3,0.104,0.107,909.470,909.366
GPR,ELEV,HOURLY,GPR.Elev-Forebay.Inst.1Hour.0.CBT-REV,14186100,2026-09-09 03:00:00,2026-09-09 03:00:00,1,0.117,0.117,909.000,908.883
GPR,ELEV,HOURLY,GPR.Elev-Forebay.Inst.1Hour.0.CBT-REV,14186100,2026-09-09 22:00:00,2026-09-09 22:00:00,1,0.132,0.132,908.440,908.308
GPR,ELEV,HOURLY,GPR.Elev-Forebay.Inst.1Hour.0.CBT-REV,14186100,2026-09-10 03:00:00,2026-09-10 03:00:00,1,0.113,0.113,907.610,907.497
GPR,ELEV,HOURLY,GPR.Elev-Forebay.Inst.1Hour.0.CBT-REV,14186100,2026-09-10 22:00:00,2026-09-10 23:00:00,2,0.154,0.207,907.020,906.866
GPR,ELEV,HOURLY,GPR.Elev-Forebay.Inst.1Hour.0.CBT-REV,14186100,2026-09-11 02:00:00,2026-09-11 04:00:00,3,0.174,0.240,906.273,906.100
GPR,ELEV,HOURLY,GPR.Elev-Forebay.Inst.1Hour.0.CBT-REV,14186100,2026-09-11 22:00:00,2026-09-11 22:00:00,1,0.109,0.109,905.640,905.531
GPR,ELEV,HOURLY,GPR.Elev-Forebay.Inst.1Hour.0.CBT-REV,14186100,2026-09-12 00:00:00,2026-09-12 05:00:00,6,0.114,0.158,904.888,904.774
GPR,ELEV,HOURLY,GPR.Elev-Forebay.Inst.1Hour.0.CBT-REV,14186100,2026-09-13 00:00:00,2026-09-13 01:00:00,2,0.101,0.103,904.040,903.939
GPR,ELEV,HOURLY,GPR.Elev-Forebay.Inst.1Hour.0.CBT-REV,14186100,2026-09-13 03:00:00,2026-09-13 06:00:00,4,0.106,0.111,903.400,903.294
GPR,ELEV,HOURLY,GPR.Elev-Forebay.Inst.1Hour.0.CBT-REV,14186100,2026-09-14 02:00:00,2026-09-14 06:00:00,5,0.105,0.107,902.194,902.089
GPR,ELEV,HOURLY,GPR.Elev-Forebay.Inst.1Hour.0.CBT-REV,14186100,2026-09-15 01:00:00,2026-09-15 04:00:00,4,0.105,0.112,901.130,901.025
GPR,ELEV,HOURLY,GPR.Elev-Forebay.Inst.1Hour.0.CBT-REV,14186100,2026-09-16 06:00:00,2026-09-16 06:00:00,1,0.101,0.101,899.460,899.359
HCR,ELEV,HOURLY,HCR.Elev-Forebay.Inst.1Hour.0.CBT-REV,14145100,2025-10-07 09:00:00,2025-10-07 09:00:00,1,0.102,0.102,1463.380,1463.278
HCR,ELEV,HOURLY,HCR.Elev-Forebay.Inst.1Hour.0.CBT-REV,14145100,2025-10-10 22:00:00,2025-10-10 23:00:00,2,0.105,0.109,1462.420,1462.315
HCR,ELEV,HOURLY,HCR.Elev-Forebay.Inst.1Hour.0.CBT-REV,14145100,2025-10-24 19:00:00,2025-10-24 19:00:00,1,0.109,0.109,1458.880,1458.771
HCR,ELEV,HOURLY,HCR.Elev-Forebay.Inst.1Hour.0.CBT-REV,14145100,2025-10-25 04:00:00,2025-10-25 04:00:00,1,0.110,0.110,1458.560,1458.450
HCR,ELEV,HOURLY,HCR.Elev-Forebay.Inst.1Hour.0.CBT-REV,14145100,2025-10-28 14:00:00,2025-10-28 14:00:00,1,0.100,0.100,1456.180,1456.080
HCR,ELEV,HOURLY,HCR.Elev-Forebay.Inst.1Hour.0.CBT-REV,14145100,2025-10-28 23:00:00,2025-10-28 23:00:00,1,0.102,0.102,1455.860,1455.757
HCR,ELEV,HOURLY,HCR.Elev-Forebay.Inst.1Hour.0.CBT-REV,14145100,2025-10-29 09:00:00,2025-10-29 09:00:00,1,0.102,0.102,1455.490,1455.388
HCR,ELEV,HOURLY,HCR.Elev-Forebay.Inst.1Hour.0.CBT-REV,14145100,2025-10-29 12:00:00,2025-10-29 12:00:00,1,0.101,0.101,1455.380,1455.279
HCR,ELEV,HOURLY,HCR.Elev-Forebay.Inst.1Hour.0.CBT-REV,14145100,2025-10-29 17:00:00,2025-10-29 17:00:00,1,0.101,0.101,1455.190,1455.089
HCR,ELEV,HOURLY,HCR.Elev-Forebay.Inst.1Hour.0.CBT-REV,14145100,2025-10-29 19:00:00,2025-10-29 19:00:00,1,0.102,0.102,1455.130,1455.028
HCR,ELEV,HOURLY,HCR.Elev-Forebay.Inst.1Hour.0.CBT-REV,14145100,2025-10-29 21:00:00,2025-10-29 23:00:00,3,0.102,0.104,1455.020,1454.918
HCR,ELEV,HOURLY,HCR.Elev-Forebay.Inst.1Hour.0.CBT-REV,14145100,2025-10-30 01:00:00,2025-10-30 03:00:00,3,0.106,0.109,1454.880,1454.774
HCR,ELEV,HOURLY,HCR.Elev-Forebay.Inst.1Hour.0.CBT-REV,14145100,2025-10-30 05:00:00,2025-10-30 06:00:00,2,0.103,0.104,1454.750,1454.647
HCR,ELEV,HOURLY,HCR.Elev-Forebay.Inst.1Hour.0.CBT-REV,14145100,2025-10-30 10:00:00,2025-10-30 11:00:00,2,0.103,0.105,1454.570,1454.467
HCR,ELEV,HOURLY,HCR.Elev-Forebay.Inst.1Hour.0.CBT-REV,14145100,2025-10-30 13:00:00,2025-10-30 13:00:00,1,0.103,0.103,1454.480,1454.377
HCR,ELEV,HOURLY,HCR.Elev-Forebay.Inst.1Hour.0.CBT-REV,14145100,2025-10-30 15:00:00,2025-10-30 16:00:00,2,0.107,0.107,1454.390,1454.283
HCR,ELEV,HOURLY,HCR.Elev-Forebay.Inst.1Hour.0.CBT-REV,14145100,2025-10-30 18:00:00,2025-10-30 18:00:00,1,0.108,0.108,1454.290,1454.182
HCR,ELEV,HOURLY,HCR.Elev-Forebay.Inst.1Hour.0.CBT-REV,14145100,2025-10-30 20:00:00,2025-10-30 20:00:00,1,0.109,0.109,1454.210,1454.101
HCR,ELEV,HOURLY,HCR.Elev-Forebay.Inst.1Hour.0.CBT-REV,14145100,2025-10-30 22:00:00,2025-10-30 22:00:00,1,0.108,0.108,1454.130,1454.023
HCR,ELEV,HOURLY,HCR.Elev-Forebay.Inst.1Hour.0.CBT-REV,14145100,2025-10-31 02:00:00,2025-10-31 02:00:00,1,0.109,0.109,1453.990,1453.881
HCR,ELEV,HOURLY,HCR.Elev-Forebay.Inst.1Hour.0.CBT-REV,14145100,2025-10-31 04:00:00,2025-10-31 06:00:00,3,0.103,0.104,1453.870,1453.767
HCR,ELEV,HOURLY,HCR.Elev-Forebay.Inst.1Hour.0.CBT-REV,14145100,2025-10-31 08:00:00,2025-10-31 10:00:00,3,0.103,0.105,1453.720,1453.617
HCR,ELEV,HOURLY,HCR.Elev-Forebay.Inst.1Hour.0.CBT-REV,14145100,2025-10-31 12:00:00,2025-11-01 20:00:00,33,0.106,0.114,1452.972,1452.866
HCR,ELEV,HOURLY,HCR.Elev-Forebay.Inst.1Hour.0.CBT-REV,14145100,2025-11-01 22:00:00,2025-11-02 00:00:00,3,0.107,0.112,1452.207,1452.100
HCR,ELEV,HOURLY,HCR.Elev-Forebay.Inst.1Hour.0.CBT-REV,14145100,2025-11-02 02:00:00,2025-11-02 05:00:00,4,0.104,0.107,1452.040,1451.936
HCR,ELEV,HOURLY,HCR.Elev-Forebay.Inst.1Hour.0.CBT-REV,14145100,2025-11-02 07:00:00,2025-11-02 08:00:00,2,0.110,0.111,1451.890,1451.780
HCR,ELEV,HOURLY,HCR.Elev-Forebay.Inst.1Hour.0.CBT-REV,14145100,2025-11-02 11:00:00,2025-11-02 11:00:00,1,0.102,0.102,1451.760,1451.658
HCR,ELEV,HOURLY,HCR.Elev-Forebay.Inst.1Hour.0.CBT-REV,14145100,2025-11-02 13:00:00,2025-11-02 16:00:00,4,0.104,0.107,1451.635,1451.531
HCR,ELEV,HOURLY,HCR.Elev-Forebay.Inst.1Hour.0.CBT-REV,14145100,2025-11-02 18:00:00,2025-11-02 18:00:00,1,0.103,0.103,1451.510,1451.407
HCR,ELEV,HOURLY,HCR.Elev-Forebay.Inst.1Hour.0.CBT-REV,14145100,2025-11-02 20:00:00,2025-11-02 20:00:00,1,0.102,0.102,1451.440,1451.338
HCR,ELEV,HOURLY,HCR.Elev-Forebay.Inst.1Hour.0.CBT-REV,14145100,2025-11-02 22:00:00,2025-11-02 23:00:00,2,0.109,0.110,1451.350,1451.241
HCR,ELEV,HOURLY,HCR.Elev-Forebay.Inst.1Hour.0.CBT-REV,14145100,2025-11-03 02:00:00,2025-11-03 03:00:00,2,0.102,0.104,1451.205,1451.102
HCR,ELEV,HOURLY,HCR.Elev-Forebay.Inst.1Hour.0.CBT-REV,14145100,2025-11-03 05:00:00,2025-11-03 11:00:00,7,0.105,0.113,1451.001,1450.897
HCR,ELEV,HOURLY,HCR.Elev-Forebay.Inst.1Hour.0.CBT-REV,14145100,2025-11-03 13:00:00,2025-11-03 22:00:00,10,0.107,0.122,1450.625,1450.518
HCR,ELEV,HOURLY,HCR.Elev-Forebay.Inst.1Hour.0.CBT-REV,14145100,2025-11-04 00:00:00,2025-11-04 00:00:00,1,0.102,0.102,1450.360,1450.257
HCR,ELEV,HOURLY,HCR.Elev-Forebay.Inst.1Hour.0.CBT-REV,14145100,2025-11-04 04:00:00,2025-11-04 12:00:00,9,0.107,0.123,1450.046,1449.938
HCR,ELEV,HOURLY,HCR.Elev-Forebay.Inst.1Hour.0.CBT-REV,14145100,2025-11-04 14:00:00,2025-11-04 15:00:00,2,0.105,0.106,1449.780,1449.675
HCR,ELEV,HOURLY,HCR.Elev-Forebay.Inst.1Hour.0.CBT-REV,14145100,2025-11-04 17:00:00,2025-11-04 18:00:00,2,0.106,0.111,1449.665,1449.559
HCR,ELEV,HOURLY,HCR.Elev-Forebay.Inst.1Hour.0.CBT-REV,14145100,2025-11-04 21:00:00,2025-11-04 22:00:00,2,0.120,0.128,1449.510,1449.390
HCR,ELEV,HOURLY,HCR.Elev-Forebay.Inst.1Hour.0.CBT-REV,14145100,2025-11-05 00:00:00,2025-11-05 00:00:00,1,0.105,0.105,1449.400,1449.295
HCR,ELEV,HOURLY,HCR.Elev-Forebay.Inst.1Hour.0.CBT-REV,14145100,2025-11-05 02:00:00,2025-11-05 02:00:00,1,0.102,0.102,1449.330,1449.227
HCR,ELEV,HOURLY,HCR.Elev-Forebay.Inst.1Hour.0.CBT-REV,14145100,2025-11-05 04:00:00,2025-11-05 04:00:00,1,0.102,0.102,1449.260,1449.158
HCR,ELEV,HOURLY,HCR.Elev-Forebay.Inst.1Hour.0.CBT-REV,14145100,2025-11-05 07:00:00,2025-11-05 11:00:00,5,0.106,0.110,1449.078,1448.972
HCR,ELEV,HOURLY,HCR.Elev-Forebay.Inst.1Hour.0.CBT-REV,14145100,2025-11-05 14:00:00,2025-11-05 14:00:00,1,0.104,0.104,1448.900,1448.796
HCR,ELEV,HOURLY,HCR.Elev-Forebay.Inst.1Hour.0.CBT-REV,14145100,2025-11-05 16:00:00,2025-11-05 16:00:00,1,0.102,0.102,1448.820,1448.718
HCR,ELEV,HOURLY,HCR.Elev-Forebay.Inst.1Hour.0.CBT-REV,14145100,2025-11-05 18:00:00,2025-11-05 22:00:00,5,0.104,0.109,1448.682,1448.578
HCR,ELEV,HOURLY,HCR.Elev-Forebay.Inst.1Hour.0.CBT-REV,14145100,2025-11-06 00:00:00,2025-11-06 00:00:00,1,0.105,0.105,1448.550,1448.445
HCR,ELEV,HOURLY,HCR.Elev-Forebay.Inst.1Hour.0.CBT-REV,14145100,2025-11-06 02:00:00,2025-11-06 02:00:00,1,0.101,0.101,1448.480,1448.379
HCR,ELEV,HOURLY,HCR.Elev-Forebay.Inst.1Hour.0.CBT-REV,14145100,2025-11-06 04:00:00,2025-11-06 06:00:00,3,0.106,0.110,1448.397,1448.291
HCR,ELEV,HOURLY,HCR.Elev-Forebay.Inst.1Hour.0.CBT-REV,14145100,2025-11-06 11:00:00,2025-11-06 11:00:00,1,0.157,0.157,1448.290,1448.133
HCR,ELEV,HOURLY,HCR.Elev-Forebay.Inst.1Hour.0.CBT-REV,14145100,2025-11-06 14:00:00,2025-11-06 14:00:00,1,0.102,0.102,1448.170,1448.068
HCR,ELEV,HOURLY,HCR.Elev-Forebay.Inst.1Hour.0.CBT-REV,14145100,2025-11-06 23:00:00,2025-11-06 23:00:00,1,0.102,0.102,1447.960,1447.858
HCR,ELEV,HOURLY,HCR.Elev-Forebay.Inst.1Hour.0.CBT-REV,14145100,2025-11-09 01:00:00,2025-11-09 01:00:00,1,0.100,0.100,1447.680,1447.580
HCR,ELEV,HOURLY,HCR.Elev-Forebay.Inst.1Hour.0.CBT-REV,14145100,2025-11-09 08:00:00,2025-11-09 08:00:00,1,0.100,0.100,1447.640,1447.540
HCR,ELEV,HOURLY,HCR.Elev-Forebay.Inst.1Hour.0.CBT-REV,14145100,2025-11-09 11:00:00,2025-11-09 11:00:00,1,0.100,0.100,1447.620,1447.520
HCR,ELEV,HOURLY,HCR.Elev-Forebay.Inst.1Hour.0.CBT-REV,14145100,2025-11-09 18:00:00,2025-11-09 20:00:00,3,0.101,0.102,1447.550,1447.449
HCR,ELEV,HOURLY,HCR.Elev-Forebay.Inst.1Hour.0.CBT-REV,14145100,2025-11-09 23:00:00,2025-11-09 23:00:00,1,0.101,0.101,1447.510,1447.409
HCR,ELEV,HOURLY,HCR.Elev-Forebay.Inst.1Hour.0.CBT-REV,14145100,2025-11-10 05:00:00,2025-11-10 05:00:00,1,0.100,0.100,1447.450,1447.350
HCR,ELEV,HOURLY,HCR.Elev-Forebay.Inst.1Hour.0.CBT-REV,14145100,2025-11-10 12:00:00,2025-11-10 13:00:00,2,0.102,0.103,1447.375,1447.273
HCR,ELEV,HOURLY,HCR.Elev-Forebay.Inst.1Hour.0.CBT-REV,14145100,2025-11-10 17:00:00,2025-11-10 17:00:00,1,0.103,0.103,1447.320,1447.217
HCR,ELEV,HOURLY,HCR.Elev-Forebay.Inst.1Hour.0.CBT-REV,14145100,2025-11-11 13:00:00,2025-11-11 13:00:00,1,0.100,0.100,1447.180,1447.080
HCR,ELEV,HOURLY,HCR.Elev-Forebay.Inst.1Hour.0.CBT-REV,14145100,2025-11-11 17:00:00,2025-11-11 17:00:00,1,0.100,0.100,1447.150,1447.050
HCR,ELEV,HOURLY,HCR.Elev-Forebay.Inst.1Hour.0.CBT-REV,14145100,2025-11-13 17:00:00,2025-11-13 17:00:00,1,0.102,0.102,1446.950,1446.848
HCR,ELEV,HOURLY,HCR.Elev-Forebay.Inst.1Hour.0.CBT-REV,14145100,2025-11-13 22:00:00,2025-11-13 22:00:00,1,0.103,0.103,1446.920,1446.817
HCR,ELEV,HOURLY,HCR.Elev-Forebay.Inst.1Hour.0.CBT-REV,14145100,2025-11-14 04:00:00,2025-11-14 04:00:00,1,0.102,0.102,1446.920,1446.818
HCR,ELEV,HOURLY,HCR.Elev-Forebay.Inst.1Hour.0.CBT-REV,14145100,2025-11-15 13:00:00,2025-11-15 13:00:00,1,0.100,0.100,1446.790,1446.690
HCR,ELEV,HOURLY,HCR.Elev-Forebay.Inst.1Hour.0.CBT-REV,14145100,2025-11-16 08:00:00,2025-11-16 08:00:00,1,0.100,0.100,1446.700,1446.600
HCR,ELEV,HOURLY,HCR.Elev-Forebay.Inst.1Hour.0.CBT-REV,14145100,2025-11-16 14:00:00,2025-11-16 14:00:00,1,0.103,0.103,1446.670,1446.567
HCR,ELEV,HOURLY,HCR.Elev-Forebay.Inst.1Hour.0.CBT-REV,14145100,2025-11-17 10:00:00,2025-11-17 10:00:00,1,0.107,0.107,1446.570,1446.463
HCR,ELEV,HOURLY,HCR.Elev-Forebay.Inst.1Hour.0.CBT-REV,14145100,2025-11-17 12:00:00,2025-11-17 12:00:00,1,0.107,0.107,1446.560,1446.453
HCR,ELEV,HOURLY,HCR.Elev-Forebay.Inst.1Hour.0.CBT-REV,14145100,2025-11-17 14:00:00,2025-11-17 14:00:00,1,0.102,0.102,1446.550,1446.448
HCR,ELEV,HOURLY,HCR.Elev-Forebay.Inst.1Hour.0.CBT-REV,14145100,2025-11-17 16:00:00,2025-11-17 23:00:00,8,0.106,0.110,1446.531,1446.425
HCR,ELEV,HOURLY,HCR.Elev-Forebay.Inst.1Hour.0.CBT-REV,14145100,2025-11-18 02:00:00,2025-11-18 02:00:00,1,0.108,0.108,1446.500,1446.392
HCR,ELEV,HOURLY,HCR.Elev-Forebay.Inst.1Hour.0.CBT-REV,14145100,2025-11-18 04:00:00,2025-11-18 04:00:00,1,0.106,0.106,1446.490,1446.384
HCR,ELEV,HOURLY,HCR.Elev-Forebay.Inst.1Hour.0.CBT-REV,14145100,2025-11-18 06:00:00,2025-11-18 08:00:00,3,0.103,0.104,1446.473,1446.371
HCR,ELEV,HOURLY,HCR.Elev-Forebay.Inst.1Hour.0.CBT-REV,14145100,2025-11-18 10:00:00,2025-11-18 16:00:00,7,0.106,0.120,1446.446,1446.339
HCR,ELEV,HOURLY,HCR.Elev-Forebay.Inst.1Hour.0.CBT-REV,14145100,2025-11-18 20:00:00,2025-11-19 00:00:00,5,0.103,0.108,1446.392,1446.289
HCR,ELEV,HOURLY,HCR.Elev-Forebay.Inst.1Hour.0.CBT-REV,14145100,2025-11-19 02:00:00,2025-11-19 02:00:00,1,0.102,0.102,1446.370,1446.268
HCR,ELEV,HOURLY,HCR.Elev-Forebay.Inst.1Hour.0.CBT-REV,14145100,2025-11-19 05:00:00,2025-11-19 06:00:00,2,0.106,0.109,1446.355,1446.249
HCR,ELEV,HOURLY,HCR.Elev-Forebay.Inst.1Hour.0.CBT-REV,14145100,2025-11-19 08:00:00,2025-11-19 08:00:00,1,0.110,0.110,1446.340,1446.230
HCR,ELEV,HOURLY,HCR.Elev-Forebay.Inst.1Hour.0.CBT-REV,14145100,2025-11-19 10:00:00,2025-11-19 11:00:00,2,0.107,0.109,1446.325,1446.218
HCR,ELEV,HOURLY,HCR.Elev-Forebay.Inst.1Hour.0.CBT-REV,14145100,2025-11-19 13:00:00,2025-11-19 13:00:00,1,0.102,0.102,1446.310,1446.208
HCR,ELEV,HOURLY,HCR.Elev-Forebay.Inst.1Hour.0.CBT-REV,14145100,2025-11-19 16:00:00,2025-11-19 19:00:00,4,0.105,0.109,1446.290,1446.185
HCR,ELEV,HOURLY,HCR.Elev-Forebay.Inst.1Hour.0.CBT-REV,14145100,2025-11-19 21:00:00,2025-11-19 21:00:00,1,0.107,0.107,1446.270,1446.163
HCR,ELEV,HOURLY,HCR.Elev-Forebay.Inst.1Hour.0.CBT-REV,14145100,2025-11-19 23:00:00,2025-11-20 00:00:00,2,0.106,0.108,1446.255,1446.149
HCR,ELEV,HOURLY,HCR.Elev-Forebay.Inst.1Hour.0.CBT-REV,14145100,2025-11-20 03:00:00,2025-11-20 04:00:00,2,0.107,0.110,1446.240,1446.133
HCR,ELEV,HOURLY,HCR.Elev-Forebay.Inst.1Hour.0.CBT-REV,14145100,2025-11-20 06:00:00,2025-11-20 06:00:00,1,0.104,0.104,1446.230,1446.126
HCR,ELEV,HOURLY,HCR.Elev-Forebay.Inst.1Hour.0.CBT-REV,14145100,2025-11-20 10:00:00,2025-11-20 16:00:00,7,0.105,0.110,1446.210,1446.105
HCR,ELEV,HOURLY,HCR.Elev-Forebay.Inst.1Hour.0.CBT-REV,14145100,2025-11-20 18:00:00,2025-11-20 19:00:00,2,0.106,0.109,1446.185,1446.079
HCR,ELEV,HOURLY,HCR.Elev-Forebay.Inst.1Hour.0.CBT-REV,14145100,2025-11-20 21:00:00,2025-11-20 22:00:00,2,0.108,0.110,1446.175,1446.067
HCR,ELEV,HOURLY,HCR.Elev-Forebay.Inst.1Hour.0.CBT-REV,14145100,2025-11-21 00:00:00,2025-11-21 15:00:00,16,0.103,0.110,1446.136,1446.033
HCR,ELEV,HOURLY,HCR.Elev-Forebay.Inst.1Hour.0.CBT-REV,14145100,2025-11-21 17:00:00,2025-11-21 19:00:00,3,0.111,0.120,1446.100,1445.989
HCR,ELEV,HOURLY,HCR.Elev-Forebay.Inst.1Hour.0.CBT-REV,14145100,2025-11-21 21:00:00,2025-11-21 21:00:00,1,0.108,0.108,1446.080,1445.972
HCR,ELEV,HOURLY,HCR.Elev-Forebay.Inst.1Hour.0.CBT-REV,14145100,2025-11-21 23:00:00,2025-11-22 00:00:00,2,0.102,0.102,1446.065,1445.963
HCR,ELEV,HOURLY,HCR.Elev-Forebay.Inst.1Hour.0.CBT-REV,14145100,2025-12-09 08:00:00,2025-12-09 08:00:00,1,0.296,0.296,1442.730,1442.434
HCR,ELEV,HOURLY,HCR.Elev-Forebay.Inst.1Hour.0.CBT-REV,14145100,2025-12-18 17:00:00,2025-12-18 17:00:00,1,-0.127,0.127,1443.630,1443.757
HCR,ELEV,HOURLY,HCR.Elev-Forebay.Inst.1Hour.0.CBT-REV,14145100,2025-12-19 10:00:00,2025-12-20 10:00:00,25,-0.164,0.235,1448.551,1448.715
HCR,ELEV,HOURLY,HCR.Elev-Forebay.Inst.1Hour.0.CBT-REV,14145100,2025-12-22 19:00:00,2025-12-22 19:00:00,1,-0.119,0.119,1457.760,1457.879
HCR,ELEV,HOURLY,HCR.Elev-Forebay.Inst.1Hour.0.CBT-REV,14145100,2026-01-28 22:00:00,2026-01-28 22:00:00,1,0.225,0.225,1448.860,1448.635
HCR,ELEV,HOURLY,HCR.Elev-Forebay.Inst.1Hour.0.CBT-REV,14145100,2026-02-24 15:00:00,2026-02-26 01:00:00,35,-0.160,0.252,1450.497,1450.657
HCR,ELEV,HOURLY,HCR.Elev-Forebay.Inst.1Hour.0.CBT-REV,14145100,2026-02-26 04:00:00,2026-02-26 04:00:00,1,-0.116,0.116,1454.500,1454.616
HCR,ELEV,HOURLY,HCR.Elev-Forebay.Inst.1Hour.0.CBT-REV,14145100,2026-02-26 06:00:00,2026-02-26 20:00:00,15,-0.120,0.155,1455.731,1455.851
HCR,ELEV,HOURLY,HCR.Elev-Forebay.Inst.1Hour.0.CBT-REV,14145100,2026-02-27 00:00:00,2026-02-27 00:00:00,1,-0.101,0.101,1456.960,1457.061
HCR,ELEV,HOURLY,HCR.Elev-Forebay.Inst.1Hour.0.CBT-REV,14145100,2026-02-27 11:00:00,2026-02-27 11:00:00,1,-0.102,0.102,1457.850,1457.952
HCR,ELEV,HOURLY,HCR.Elev-Forebay.Inst.1Hour.0.CBT-REV,14145100,2026-04-02 06:00:00,2026-04-02 06:00:00,1,-0.103,0.103,1464.230,1464.333
HCR,ELEV,HOURLY,HCR.Elev-Forebay.Inst.1Hour.0.CBT-REV,14145100,2026-04-02 10:00:00,2026-04-02 10:00:00,1,-0.119,0.119,1464.460,1464.579
HCR,ELEV,HOURLY,HCR.Elev-Forebay.Inst.1Hour.0.CBT-REV,14145100,2026-04-02 12:00:00,2026-04-02 12:00:00,1,-0.110,0.110,1464.600,1464.710
HCR,ELEV,HOURLY,HCR.Elev-Forebay.Inst.1Hour.0.CBT-REV,14145100,2026-04-02 15:00:00,2026-04-02 17:00:00,3,-0.106,0.108,1464.827,1464.933
HCR,ELEV,HOURLY,HCR.Elev-Forebay.Inst.1Hour.0.CBT-REV,14145100,2026-04-02 23:00:00,2026-04-03 00:00:00,2,-0.106,0.107,1465.215,1465.321
HCR,ELEV,HOURLY,HCR.Elev-Forebay.Inst.1Hour.0.CBT-REV,14145100,2026-04-03 02:00:00,2026-04-03 05:00:00,4,-0.102,0.105,1465.415,1465.517
HCR,ELEV,HOURLY,HCR.Elev-Forebay.Inst.1Hour.0.CBT-REV,14145100,2026-04-03 07:00:00,2026-04-03 07:00:00,1,-0.108,0.108,1465.580,1465.688
HCR,ELEV,HOURLY,HCR.Elev-Forebay.Inst.1Hour.0.CBT-REV,14145100,2026-04-03 09:00:00,2026-04-03 09:00:00,1,-0.102,0.102,1465.680,1465.783
HCR,ELEV,HOURLY,HCR.Elev-Forebay.Inst.1Hour.0.CBT-REV,14145100,2026-04-03 12:00:00,2026-04-03 12:00:00,1,-0.103,0.103,1465.820,1465.923
HCR,ELEV,HOURLY,HCR.Elev-Forebay.Inst.1Hour.0.CBT-REV,14145100,2026-04-03 17:00:00,2026-04-03 17:00:00,1,-0.102,0.102,1466.040,1466.142
HCR,ELEV,HOURLY,HCR.Elev-Forebay.Inst.1Hour.0.CBT-REV,14145100,2026-04-04 05:00:00,2026-04-04 05:00:00,1,-0.100,0.100,1466.530,1466.630
HCR,ELEV,HOURLY,HCR.Elev-Forebay.Inst.1Hour.0.CBT-REV,14145100,2026-04-04 11:00:00,2026-04-04 12:00:00,2,-0.104,0.108,1466.785,1466.889
HCR,ELEV,HOURLY,HCR.Elev-Forebay.Inst.1Hour.0.CBT-REV,14145100,2026-04-12 00:00:00,2026-04-12 00:00:00,1,-0.108,0.108,1470.830,1470.938
HCR,ELEV,HOURLY,HCR.Elev-Forebay.Inst.1Hour.0.CBT-REV,14145100,2026-04-15 21:00:00,2026-04-15 21:00:00,1,-0.102,0.102,1472.640,1472.742
HCR,ELEV,HOURLY,HCR.Elev-Forebay.Inst.1Hour.0.CBT-REV,14145100,2026-04-16 00:00:00,2026-04-16 00:00:00,1,-0.107,0.107,1472.750,1472.857
HCR,ELEV,HOURLY,HCR.Elev-Forebay.Inst.1Hour.0.CBT-REV,14145100,2026-04-16 08:00:00,2026-04-16 10:00:00,3,-0.109,0.115,1473.147,1473.255
HCR,ELEV,HOURLY,HCR.Elev-Forebay.Inst.1Hour.0.CBT-REV,14145100,2026-04-16 12:00:00,2026-04-16 16:00:00,5,-0.106,0.112,1473.356,1473.462
HCR,ELEV,HOURLY,HCR.Elev-Forebay.Inst.1Hour.0.CBT-REV,14145100,2026-04-16 18:00:00,2026-04-16 18:00:00,1,-0.112,0.112,1473.510,1473.622
HCR,ELEV,HOURLY,HCR.Elev-Forebay.Inst.1Hour.0.CBT-REV,14145100,2026-04-16 21:00:00,2026-04-16 22:00:00,2,-0.107,0.108,1473.640,1473.747
HCR,ELEV,HOURLY,HCR.Elev-Forebay.Inst.1Hour.0.CBT-REV,14145100,2026-04-17 00:00:00,2026-04-17 07:00:00,8,-0.105,0.110,1473.860,1473.965
HCR,ELEV,HOURLY,HCR.Elev-Forebay.Inst.1Hour.0.CBT-REV,14145100,2026-04-17 09:00:00,2026-04-17 11:00:00,3,-0.103,0.105,1474.110,1474.213
HCR,ELEV,HOURLY,HCR.Elev-Forebay.Inst.1Hour.0.CBT-REV,14145100,2026-04-17 13:00:00,2026-04-17 14:00:00,2,-0.103,0.106,1474.240,1474.343
HCR,ELEV,HOURLY,HCR.Elev-Forebay.Inst.1Hour.0.CBT-REV,14145100,2026-04-17 16:00:00,2026-04-17 16:00:00,1,-0.102,0.102,1474.330,1474.432
HCR,ELEV,HOURLY,HCR.Elev-Forebay.Inst.1Hour.0.CBT-REV,14145100,2026-04-17 20:00:00,2026-04-17 20:00:00,1,-0.101,0.101,1474.470,1474.571
HCR,ELEV,HOURLY,HCR.Elev-Forebay.Inst.1Hour.0.CBT-REV,14145100,2026-04-17 22:00:00,2026-04-17 23:00:00,2,-0.101,0.102,1474.555,1474.656
HCR,ELEV,HOURLY,HCR.Elev-Forebay.Inst.1Hour.0.CBT-REV,14145100,2026-04-18 02:00:00,2026-04-18 02:00:00,1,-0.103,0.103,1474.670,1474.773
HCR,ELEV,HOURLY,HCR.Elev-Forebay.Inst.1Hour.0.CBT-REV,14145100,2026-04-18 04:00:00,2026-04-18 06:00:00,3,-0.103,0.105,1474.773,1474.876
HCR,ELEV,HOURLY,HCR.Elev-Forebay.Inst.1Hour.0.CBT-REV,14145100,2026-04-18 10:00:00,2026-04-18 10:00:00,1,-0.104,0.104,1474.950,1475.054
HCR,ELEV,HOURLY,HCR.Elev-Forebay.Inst.1Hour.0.CBT-REV,14145100,2026-04-18 12:00:00,2026-04-18 12:00:00,1,-0.104,0.104,1475.020,1475.124
HCR,ELEV,HOURLY,HCR.Elev-Forebay.Inst.1Hour.0.CBT-REV,14145100,2026-04-18 14:00:00,2026-04-18 16:00:00,3,-0.110,0.123,1475.113,1475.223
HCR,ELEV,HOURLY,HCR.Elev-Forebay.Inst.1Hour.0.CBT-REV,14145100,2026-04-18 20:00:00,2026-04-18 20:00:00,1,-0.107,0.107,1475.270,1475.377
HCR,ELEV,HOURLY,HCR.Elev-Forebay.Inst.1Hour.0.CBT-REV,14145100,2026-04-18 22:00:00,2026-04-19 01:00:00,4,-0.101,0.102,1475.385,1475.486
HCR,ELEV,HOURLY,HCR.Elev-Forebay.Inst.1Hour.0.CBT-REV,14145100,2026-04-19 05:00:00,2026-04-19 08:00:00,4,-0.104,0.105,1475.595,1475.699
HCR,ELEV,HOURLY,HCR.Elev-Forebay.Inst.1Hour.0.CBT-REV,14145100,2026-04-19 20:00:00,2026-04-19 20:00:00,1,-0.102,0.102,1476.000,1476.102
HCR,ELEV,HOURLY,HCR.Elev-Forebay.Inst.1Hour.0.CBT-REV,14145100,2026-04-19 22:00:00,2026-04-20 00:00:00,3,-0.101,0.103,1476.090,1476.191
HCR,ELEV,HOURLY,HCR.Elev-Forebay.Inst.1Hour.0.CBT-REV,14145100,2026-04-20 07:00:00,2026-04-20 07:00:00,1,-0.109,0.109,1476.310,1476.419
HCR,ELEV,HOURLY,HCR.Elev-Forebay.Inst.1Hour.0.CBT-REV,14145100,2026-04-20 11:00:00,2026-04-20 16:00:00,6,-0.141,0.201,1476.462,1476.602
HCR,ELEV,HOURLY,HCR.Elev-Forebay.Inst.1Hour.0.CBT-REV,14145100,2026-04-20 18:00:00,2026-04-20 18:00:00,1,-0.101,0.101,1476.620,1476.721
HCR,ELEV,HOURLY,HCR.Elev-Forebay.Inst.1Hour.0.CBT-REV,14145100,2026-04-20 21:00:00,2026-04-20 21:00:00,1,-0.102,0.102,1476.700,1476.802
HCR,ELEV,HOURLY,HCR.Elev-Forebay.Inst.1Hour.0.CBT-REV,14145100,2026-04-21 20:00:00,2026-04-21 21:00:00,2,-0.103,0.104,1477.345,1477.448
HCR,ELEV,HOURLY,HCR.Elev-Forebay.Inst.1Hour.0.CBT-REV,14145100,2026-04-21 23:00:00,2026-04-21 23:00:00,1,-0.100,0.100,1477.430,1477.530
HCR,ELEV,HOURLY,HCR.Elev-Forebay.Inst.1Hour.0.CBT-REV,14145100,2026-04-22 03:00:00,2026-04-22 03:00:00,1,-0.102,0.102,1477.540,1477.642
HCR,ELEV,HOURLY,HCR.Elev-Forebay.Inst.1Hour.0.CBT-REV,14145100,2026-04-22 05:00:00,2026-04-22 06:00:00,2,-0.105,0.105,1477.615,1477.720
HCR,ELEV,HOURLY,HCR.Elev-Forebay.Inst.1Hour.0.CBT-REV,14145100,2026-04-22 12:00:00,2026-04-22 12:00:00,1,-0.103,0.103,1477.840,1477.943
HCR,ELEV,HOURLY,HCR.Elev-Forebay.Inst.1Hour.0.CBT-REV,14145100,2026-04-22 14:00:00,2026-04-22 14:00:00,1,-0.102,0.102,1477.910,1478.013
HCR,ELEV,HOURLY,HCR.Elev-Forebay.Inst.1Hour.0.CBT-REV,14145100,2026-04-22 16:00:00,2026-04-22 20:00:00,5,-0.106,0.108,1478.060,1478.165
HCR,ELEV,HOURLY,HCR.Elev-Forebay.Inst.1Hour.0.CBT-REV,14145100,2026-04-22 22:00:00,2026-04-23 01:00:00,4,-0.107,0.111,1478.282,1478.390
HCR,ELEV,HOURLY,HCR.Elev-Forebay.Inst.1Hour.0.CBT-REV,14145100,2026-04-23 03:00:00,2026-04-23 06:00:00,4,-0.106,0.111,1478.505,1478.611
HCR,ELEV,HOURLY,HCR.Elev-Forebay.Inst.1Hour.0.CBT-REV,14145100,2026-04-23 08:00:00,2026-04-23 21:00:00,14,-0.106,0.114,1478.961,1479.067
HCR,ELEV,HOURLY,HCR.Elev-Forebay.Inst.1Hour.0.CBT-REV,14145100,2026-04-23 23:00:00,2026-04-24 00:00:00,2,-0.109,0.113,1479.355,1479.464
HCR,ELEV,HOURLY,HCR.Elev-Forebay.Inst.1Hour.0.CBT-REV,14145100,2026-04-24 04:00:00,2026-04-24 11:00:00,8,-0.107,0.112,1479.689,1479.795
HCR,ELEV,HOURLY,HCR.Elev-Forebay.Inst.1Hour.0.CBT-REV,14145100,2026-04-24 13:00:00,2026-04-24 19:00:00,7,-0.103,0.106,1480.030,1480.133
HCR,ELEV,HOURLY,HCR.Elev-Forebay.Inst.1Hour.0.CBT-REV,14145100,2026-04-24 21:00:00,2026-04-25 04:00:00,8,-0.104,0.108,1480.345,1480.449
HCR,ELEV,HOURLY,HCR.Elev-Forebay.Inst.1Hour.0.CBT-REV,14145100,2026-04-25 06:00:00,2026-04-25 06:00:00,1,-0.103,0.103,1480.530,1480.633
HCR,ELEV,HOURLY,HCR.Elev-Forebay.Inst.1Hour.0.CBT-REV,14145100,2026-04-25 08:00:00,2026-04-25 08:00:00,1,-0.100,0.100,1480.600,1480.700
HCR,ELEV,HOURLY,HCR.Elev-Forebay.Inst.1Hour.0.CBT-REV,14145100,2026-04-25 18:00:00,2026-04-25 18:00:00,1,-0.102,0.102,1480.910,1481.012
HCR,ELEV,HOURLY,HCR.Elev-Forebay.Inst.1Hour.0.CBT-REV,14145100,2026-04-25 20:00:00,2026-04-25 21:00:00,2,-0.104,0.105,1480.985,1481.089
HCR,ELEV,HOURLY,HCR.Elev-Forebay.Inst.1Hour.0.CBT-REV,14145100,2026-04-25 23:00:00,2026-04-25 23:00:00,1,-0.104,0.104,1481.060,1481.164
HCR,ELEV,HOURLY,HCR.Elev-Forebay.Inst.1Hour.0.CBT-REV,14145100,2026-04-26 02:00:00,2026-04-26 02:00:00,1,-0.102,0.102,1481.150,1481.252
HCR,ELEV,HOURLY,HCR.Elev-Forebay.Inst.1Hour.0.CBT-REV,14145100,2026-04-26 09:00:00,2026-04-26 09:00:00,1,-0.101,0.101,1481.330,1481.431
HCR,ELEV,HOURLY,HCR.Elev-Forebay.Inst.1Hour.0.CBT-REV,14145100,2026-04-26 19:00:00,2026-04-26 20:00:00,2,-0.103,0.104,1481.595,1481.698
HCR,ELEV,HOURLY,HCR.Elev-Forebay.Inst.1Hour.0.CBT-REV,14145100,2026-04-26 22:00:00,2026-04-26 23:00:00,2,-0.103,0.104,1481.665,1481.768
HCR,ELEV,HOURLY,HCR.Elev-Forebay.Inst.1Hour.0.CBT-REV,14145100,2026-04-30 03:00:00,2026-04-30 03:00:00,1,-0.104,0.104,1482.900,1483.004
HCR,ELEV,HOURLY,HCR.Elev-Forebay.Inst.1Hour.0.CBT-REV,14145100,2026-04-30 06:00:00,2026-04-30 06:00:00,1,-0.102,0.102,1482.940,1483.042
HCR,ELEV,HOURLY,HCR.Elev-Forebay.Inst.1Hour.0.CBT-REV,14145100,2026-04-30 13:00:00,2026-04-30 15:00:00,3,-0.100,0.100,1483.030,1483.130
HCR,ELEV,HOURLY,HCR.Elev-Forebay.Inst.1Hour.0.CBT-REV,14145100,2026-05-01 03:00:00,2026-05-01 03:00:00,1,-0.102,0.102,1483.150,1483.252
HCR,ELEV,HOURLY,HCR.Elev-Forebay.Inst.1Hour.0.CBT-REV,14145100,2026-05-01 11:00:00,2026-05-01 11:00:00,1,-0.100,0.100,1483.230,1483.330
HCR,ELEV,HOURLY,HCR.Elev-Forebay.Inst.1Hour.0.CBT-REV,14145100,2026-05-01 21:00:00,2026-05-01 21:00:00,1,-0.105,0.105,1483.300,1483.405
HCR,ELEV,HOURLY,HCR.Elev-Forebay.Inst.1Hour.0.CBT-REV,14145100,2026-05-01 23:00:00,2026-05-02 00:00:00,2,-0.100,0.101,1483.325,1483.425
HCR,ELEV,HOURLY,HCR.Elev-Forebay.Inst.1Hour.0.CBT-REV,14145100,2026-05-02 02:00:00,2026-05-02 02:00:00,1,-0.100,0.100,1483.350,1483.450
HCR,ELEV,HOURLY,HCR.Elev-Forebay.Inst.1Hour.0.CBT-REV,14145100,2026-05-02 10:00:00,2026-05-02 10:00:00,1,-0.106,0.106,1483.400,1483.506
HCR,ELEV,HOURLY,HCR.Elev-Forebay.Inst.1Hour.0.CBT-REV,14145100,2026-05-03 04:00:00,2026-05-03 05:00:00,2,-0.107,0.108,1483.525,1483.632
HCR,ELEV,HOURLY,HCR.Elev-Forebay.Inst.1Hour.0.CBT-REV,14145100,2026-05-03 08:00:00,2026-05-03 08:00:00,1,-0.106,0.106,1483.550,1483.656
HCR,ELEV,HOURLY,HCR.Elev-Forebay.Inst.1Hour.0.CBT-REV,14145100,2026-05-03 12:00:00,2026-05-03 12:00:00,1,-0.101,0.101,1483.580,1483.681
HCR,ELEV,HOURLY,HCR.Elev-Forebay.Inst.1Hour.0.CBT-REV,14145100,2026-05-03 20:00:00,2026-05-03 20:00:00,1,-0.133,0.133,1483.590,1483.723
HCR,ELEV,HOURLY,HCR.Elev-Forebay.Inst.1Hour.0.CBT-REV,14145100,2026-05-04 00:00:00,2026-05-04 00:00:00,1,-0.102,0.102,1483.650,1483.752
HCR,ELEV,HOURLY,HCR.Elev-Forebay.Inst.1Hour.0.CBT-REV,14145100,2026-05-04 03:00:00,2026-05-04 03:00:00,1,-0.105,0.105,1483.660,1483.765
HCR,ELEV,HOURLY,HCR.Elev-Forebay.Inst.1Hour.0.CBT-REV,14145100,2026-05-04 06:00:00,2026-05-04 06:00:00,1,-0.101,0.101,1483.680,1483.781
HCR,ELEV,HOURLY,HCR.Elev-Forebay.Inst.1Hour.0.CBT-REV,14145100,2026-05-06 23:00:00,2026-05-06 23:00:00,1,-0.100,0.100,1483.930,1484.030
HCR,ELEV,HOURLY,HCR.Elev-Forebay.Inst.1Hour.0.CBT-REV,14145100,2026-07-16 07:00:00,2026-07-16 07:00:00,1,0.108,0.108,1473.910,1473.802
HCR,ELEV,HOURLY,HCR.Elev-Forebay.Inst.1Hour.0.CBT-REV,14145100,2026-08-11 11:00:00,2026-08-11 11:00:00,1,0.204,0.204,1466.660,1466.456
HCR,ELEV,HOURLY,HCR.Elev-Forebay.Inst.1Hour.0.CBT-REV,14145100,2026-09-19 18:00:00,2026-09-19 18:00:00,1,-0.267,0.267,1456.580,1456.847
HCR,FLOW,HOURLY,HCR.Flow-Out.Ave.1Hour.1Hour.CBT-REV,14145500,2025-10-08 17:00:00,2025-10-08 17:00:00,1,91.250,91.250,680.000,588.750
HCR,FLOW,HOURLY,HCR.Flow-Out.Ave.1Hour.1Hour.CBT-REV,14145500,2025-10-24 14:00:00,2025-10-24 15:00:00,2,-153.083,198.000,735.000,888.083
HCR,FLOW,HOURLY,HCR.Flow-Out.Ave.1Hour.1Hour.CBT-REV,14145500,2025-10-24 17:00:00,2025-10-24 17:00:00,1,-154.500,154.500,1000.000,1154.500
HCR,FLOW,HOURLY,HCR.Flow-Out.Ave.1Hour.1Hour.CBT-REV,14145500,2025-10-25 01:00:00,2025-10-25 01:00:00,1,75.833,75.833,1270.000,1194.167
HCR,FLOW,HOURLY,HCR.Flow-Out.Ave.1Hour.1Hour.CBT-REV,14145500,2025-10-29 04:00:00,2025-10-29 04:00:00,1,-69.167,69.167,1180.000,1249.167
HCR,FLOW,HOURLY,HCR.Flow-Out.Ave.1Hour.1Hour.CBT-REV,14145500,2025-10-31 00:00:00,2025-10-31 00:00:00,1,73.333,73.333,1220.000,1146.667
HCR,FLOW,HOURLY,HCR.Flow-Out.Ave.1Hour.1Hour.CBT-REV,14145500,2025-10-31 04:00:00,2025-10-31 04:00:00,1,-63.333,63.333,1140.000,1203.333
HCR,FLOW,HOURLY,HCR.Flow-Out.Ave.1Hour.1Hour.CBT-REV,14145500,2025-11-01 00:00:00,2025-11-01 00:00:00,1,61.667,61.667,1220.000,1158.333
HCR,FLOW,HOURLY,HCR.Flow-Out.Ave.1Hour.1Hour.CBT-REV,14145500,2025-11-01 04:00:00,2025-11-01 04:00:00,1,-60.833,60.833,1150.000,1210.833
HCR,FLOW,HOURLY,HCR.Flow-Out.Ave.1Hour.1Hour.CBT-REV,14145500,2025-11-04 05:00:00,2025-11-04 05:00:00,1,-83.333,83.333,1200.000,1283.333
HCR,FLOW,HOURLY,HCR.Flow-Out.Ave.1Hour.1Hour.CBT-REV,14145500,2025-11-07 01:00:00,2025-11-07 01:00:00,1,60.833,60.833,1180.000,1119.167
HCR,FLOW,HOURLY,HCR.Flow-Out.Ave.1Hour.1Hour.CBT-REV,14145500,2025-11-07 05:00:00,2025-11-07 05:00:00,1,175.583,175.583,1130.000,954.417
HCR,FLOW,HOURLY,HCR.Flow-Out.Ave.1Hour.1Hour.CBT-REV,14145500,2025-11-08 01:00:00,2025-11-08 01:00:00,1,97.833,97.833,800.000,702.167
HCR,FLOW,HOURLY,HCR.Flow-Out.Ave.1Hour.1Hour.CBT-REV,14145500,2025-11-08 05:00:00,2025-11-08 05:00:00,1,-52.750,52.750,710.000,762.750
HCR,FLOW,HOURLY,HCR.Flow-Out.Ave.1Hour.1Hour.CBT-REV,14145500,2025-11-09 01:00:00,2025-11-09 01:00:00,1,87.083,87.083,750.000,662.917
HCR,FLOW,HOURLY,HCR.Flow-Out.Ave.1Hour.1Hour.CBT-REV,14145500,2025-11-10 20:00:00,2025-11-10 20:00:00,1,113.917,113.917,680.000,566.083
HCR,FLOW,HOURLY,HCR.Flow-Out.Ave.1Hour.1Hour.CBT-REV,14145500,2025-11-11 19:00:00,2025-11-11 19:00:00,1,60.333,60.333,580.000,519.667
HCR,FLOW,HOURLY,HCR.Flow-Out.Ave.1Hour.1Hour.CBT-REV,14145500,2025-11-26 05:00:00,2025-11-26 05:00:00,1,-61.583,61.583,410.000,471.583
HCR,FLOW,HOURLY,HCR.Flow-Out.Ave.1Hour.1Hour.CBT-REV,14145500,2025-11-26 18:00:00,2025-11-26 18:00:00,1,-64.333,64.333,430.000,494.333
HCR,FLOW,HOURLY,HCR.Flow-Out.Ave.1Hour.1Hour.CBT-REV,14145500,2025-11-27 05:00:00,2025-11-27 05:00:00,1,-51.167,51.167,420.000,471.167
HCR,FLOW,HOURLY,HCR.Flow-Out.Ave.1Hour.1Hour.CBT-REV,14145500,2025-11-28 05:00:00,2025-11-28 05:00:00,1,-52.750,52.750,420.000,472.750
HCR,FLOW,HOURLY,HCR.Flow-Out.Ave.1Hour.1Hour.CBT-REV,14145500,2025-12-01 05:00:00,2025-12-01 05:00:00,1,-54.167,54.167,440.000,494.167
HCR,FLOW,HOURLY,HCR.Flow-Out.Ave.1Hour.1Hour.CBT-REV,14145500,2025-12-02 18:00:00,2025-12-02 21:00:00,4,-85.062,107.333,585.000,670.062
HCR,FLOW,HOURLY,HCR.Flow-Out.Ave.1Hour.1Hour.CBT-REV,14145500,2025-12-03 05:00:00,2025-12-03 05:00:00,1,-76.750,76.750,810.000,886.750
HCR,FLOW,HOURLY,HCR.Flow-Out.Ave.1Hour.1Hour.CBT-REV,14145500,2025-12-03 14:00:00,2025-12-03 14:00:00,1,-55.750,55.750,830.000,885.750
HCR,FLOW,HOURLY,HCR.Flow-Out.Ave.1Hour.1Hour.CBT-REV,14145500,2025-12-04 05:00:00,2025-12-04 05:00:00,1,-93.917,93.917,790.000,883.917
HCR,FLOW,HOURLY,HCR.Flow-Out.Ave.1Hour.1Hour.CBT-REV,14145500,2025-12-04 18:00:00,2025-12-04 18:00:00,1,-54.667,54.667,820.000,874.667
HCR,FLOW,HOURLY,HCR.Flow-Out.Ave.1Hour.1Hour.CBT-REV,14145500,2025-12-05 05:00:00,2025-12-05 05:00:00,1,-97.167,97.167,780.000,877.167
HCR,FLOW,HOURLY,HCR.Flow-Out.Ave.1Hour.1Hour.CBT-REV,14145500,2025-12-06 05:00:00,2025-12-06 05:00:00,1,-53.417,53.417,840.000,893.417
HCR,FLOW,HOURLY,HCR.Flow-Out.Ave.1Hour.1Hour.CBT-REV,14145500,2025-12-07 01:00:00,2025-12-07 01:00:00,1,134.250,134.250,800.000,665.750
HCR,FLOW,HOURLY,HCR.Flow-Out.Ave.1Hour.1Hour.CBT-REV,14145500,2025-12-08 01:00:00,2025-12-08 01:00:00,1,-68.500,68.500,430.000,498.500
HCR,FLOW,HOURLY,HCR.Flow-Out.Ave.1Hour.1Hour.CBT-REV,14145500,2025-12-10 01:00:00,2025-12-10 01:00:00,1,-53.417,53.417,430.000,483.417
HCR,FLOW,HOURLY,HCR.Flow-Out.Ave.1Hour.1Hour.CBT-REV,14145500,2025-12-13 02:00:00,2025-12-13 02:00:00,1,-50.667,50.667,440.000,490.667
HCR,FLOW,HOURLY,HCR.Flow-Out.Ave.1Hour.1Hour.CBT-REV,14145500,2025-12-13 05:00:00,2025-12-13 05:00:00,1,-76.083,76.083,460.000,536.083
HCR,FLOW,HOURLY,HCR.Flow-Out.Ave.1Hour.1Hour.CBT-REV,14145500,2025-12-14 05:00:00,2025-12-14 05:00:00,1,-53.833,53.833,500.000,553.833
HCR,FLOW,HOURLY,HCR.Flow-Out.Ave.1Hour.1Hour.CBT-REV,14145500,2025-12-15 02:00:00,2025-12-15 02:00:00,1,-50.417,50.417,490.000,540.417
HCR,FLOW,HOURLY,HCR.Flow-Out.Ave.1Hour.1Hour.CBT-REV,14145500,2025-12-15 05:00:00,2025-12-15 05:00:00,1,-54.000,54.000,500.000,554.000
HCR,FLOW,HOURLY,HCR.Flow-Out.Ave.1Hour.1Hour.CBT-REV,14145500,2025-12-16 02:00:00,2025-12-16 02:00:00,1,-59.583,59.583,510.000,569.583
HCR,FLOW,HOURLY,HCR.Flow-Out.Ave.1Hour.1Hour.CBT-REV,14145500,2025-12-17 05:00:00,2025-12-17 05:00:00,1,-68.417,68.417,480.000,548.417
HCR,FLOW,HOURLY,HCR.Flow-Out.Ave.1Hour.1Hour.CBT-REV,14145500,2025-12-18 02:00:00,2025-12-18 03:00:00,2,-79.583,80.000,460.000,539.583
HCR,FLOW,HOURLY,HCR.Flow-Out.Ave.1Hour.1Hour.CBT-REV,14145500,2025-12-20 02:00:00,2025-12-20 02:00:00,1,-51.000,51.000,520.000,571.000
HCR,FLOW,HOURLY,HCR.Flow-Out.Ave.1Hour.1Hour.CBT-REV,14145500,2025-12-22 08:00:00,2025-12-22 08:00:00,1,-51.000,51.000,480.000,531.000
HCR,FLOW,HOURLY,HCR.Flow-Out.Ave.1Hour.1Hour.CBT-REV,14145500,2025-12-23 01:00:00,2025-12-23 02:00:00,2,-64.375,75.750,540.000,604.375
HCR,FLOW,HOURLY,HCR.Flow-Out.Ave.1Hour.1Hour.CBT-REV,14145500,2025-12-24 00:00:00,2025-12-24 00:00:00,1,-775.333,775.333,470.000,1245.333
HCR,FLOW,HOURLY,HCR.Flow-Out.Ave.1Hour.1Hour.CBT-REV,14145500,2025-12-24 16:00:00,2025-12-24 16:00:00,1,-332.500,332.500,1760.000,2092.500
HCR,FLOW,HOURLY,HCR.Flow-Out.Ave.1Hour.1Hour.CBT-REV,14145500,2025-12-29 20:00:00,2025-12-29 20:00:00,1,-124.167,124.167,2030.000,2154.167
HCR,FLOW,HOURLY,HCR.Flow-Out.Ave.1Hour.1Hour.CBT-REV,14145500,2025-12-31 17:00:00,2025-12-31 17:00:00,1,85.833,85.833,1740.000,1654.167
HCR,FLOW,HOURLY,HCR.Flow-Out.Ave.1Hour.1Hour.CBT-REV,14145500,2026-01-04 01:00:00,2026-01-04 01:00:00,1,-139.167,139.167,1570.000,1709.167
HCR,FLOW,HOURLY,HCR.Flow-Out.Ave.1Hour.1Hour.CBT-REV,14145500,2026-01-06 01:00:00,2026-01-06 01:00:00,1,70.833,70.833,1400.000,1329.167
HCR,FLOW,HOURLY,HCR.Flow-Out.Ave.1Hour.1Hour.CBT-REV,14145500,2026-01-06 05:00:00,2026-01-06 05:00:00,1,-65.833,65.833,1250.000,1315.833
HCR,FLOW,HOURLY,HCR.Flow-Out.Ave.1Hour.1Hour.CBT-REV,14145500,2026-01-08 05:00:00,2026-01-08 05:00:00,1,-159.167,159.167,1130.000,1289.167
HCR,FLOW,HOURLY,HCR.Flow-Out.Ave.1Hour.1Hour.CBT-REV,14145500,2026-01-09 05:00:00,2026-01-09 05:00:00,1,-119.167,119.167,1140.000,1259.167
HCR,FLOW,HOURLY,HCR.Flow-Out.Ave.1Hour.1Hour.CBT-REV,14145500,2026-01-10 01:00:00,2026-01-10 01:00:00,1,70.000,70.000,1250.000,1180.000
HCR,FLOW,HOURLY,HCR.Flow-Out.Ave.1Hour.1Hour.CBT-REV,14145500,2026-01-10 05:00:00,2026-01-10 05:00:00,1,-113.333,113.333,1150.000,1263.333
HCR,FLOW,HOURLY,HCR.Flow-Out.Ave.1Hour.1Hour.CBT-REV,14145500,2026-01-11 01:00:00,2026-01-11 01:00:00,1,67.500,67.500,1250.000,1182.500
HCR,FLOW,HOURLY,HCR.Flow-Out.Ave.1Hour.1Hour.CBT-REV,14145500,2026-01-11 05:00:00,2026-01-11 05:00:00,1,-100.833,100.833,1150.000,1250.833
HCR,FLOW,HOURLY,HCR.Flow-Out.Ave.1Hour.1Hour.CBT-REV,14145500,2026-01-12 01:00:00,2026-01-12 01:00:00,1,137.167,137.167,900.000,762.833
HCR,FLOW,HOURLY,HCR.Flow-Out.Ave.1Hour.1Hour.CBT-REV,14145500,2026-01-12 05:00:00,2026-01-12 05:00:00,1,-204.917,204.917,640.000,844.917
HCR,FLOW,HOURLY,HCR.Flow-Out.Ave.1Hour.1Hour.CBT-REV,14145500,2026-01-12 08:00:00,2026-01-12 08:00:00,1,-53.917,53.917,870.000,923.917
HCR,FLOW,HOURLY,HCR.Flow-Out.Ave.1Hour.1Hour.CBT-REV,14145500,2026-01-12 18:00:00,2026-01-12 18:00:00,1,162.833,162.833,880.000,717.167
HCR,FLOW,HOURLY,HCR.Flow-Out.Ave.1Hour.1Hour.CBT-REV,14145500,2026-01-12 21:00:00,2026-01-12 22:00:00,2,-57.083,61.250,770.000,827.083
HCR,FLOW,HOURLY,HCR.Flow-Out.Ave.1Hour.1Hour.CBT-REV,14145500,2026-01-13 05:00:00,2026-01-13 05:00:00,1,-97.667,97.667,870.000,967.667
HCR,FLOW,HOURLY,HCR.Flow-Out.Ave.1Hour.1Hour.CBT-REV,14145500,2026-01-29 19:00:00,2026-01-29 19:00:00,1,-74.250,74.250,620.000,694.250
HCR,FLOW,HOURLY,HCR.Flow-Out.Ave.1Hour.1Hour.CBT-REV,14145500,2026-01-29 22:00:00,2026-01-29 22:00:00,1,54.417,54.417,720.000,665.583
HCR,FLOW,HOURLY,HCR.Flow-Out.Ave.1Hour.1Hour.CBT-REV,14145500,2026-01-30 01:00:00,2026-01-30 01:00:00,1,59.417,59.417,660.000,600.583
HCR,FLOW,HOURLY,HCR.Flow-Out.Ave.1Hour.1Hour.CBT-REV,14145500,2026-01-30 05:00:00,2026-01-30 05:00:00,1,-50.500,50.500,610.000,660.500
HCR,FLOW,HOURLY,HCR.Flow-Out.Ave.1Hour.1Hour.CBT-REV,14145500,2026-01-31 01:00:00,2026-01-31 01:00:00,1,59.250,59.250,660.000,600.750
HCR,FLOW,HOURLY,HCR.Flow-Out.Ave.1Hour.1Hour.CBT-REV,14145500,2026-02-01 01:00:00,2026-02-01 01:00:00,1,50.750,50.750,660.000,609.250
HCR,FLOW,HOURLY,HCR.Flow-Out.Ave.1Hour.1Hour.CBT-REV,14145500,2026-02-02 03:00:00,2026-02-02 03:00:00,1,68.583,68.583,710.000,641.417
HCR,FLOW,HOURLY,HCR.Flow-Out.Ave.1Hour.1Hour.CBT-REV,14145500,2026-02-05 01:00:00,2026-02-05 02:00:00,2,12.542,115.833,580.000,567.458
HCR,FLOW,HOURLY,HCR.Flow-Out.Ave.1Hour.1Hour.CBT-REV,14145500,2026-02-09 01:00:00,2026-02-09 01:00:00,1,75.667,75.667,660.000,584.333
HCR,FLOW,HOURLY,HCR.Flow-Out.Ave.1Hour.1Hour.CBT-REV,14145500,2026-02-09 05:00:00,2026-02-09 05:00:00,1,-90.667,90.667,570.000,660.667
HCR,FLOW,HOURLY,HCR.Flow-Out.Ave.1Hour.1Hour.CBT-REV,14145500,2026-02-12 01:00:00,2026-02-12 01:00:00,1,54.250,54.250,670.000,615.750
HCR,FLOW,HOURLY,HCR.Flow-Out.Ave.1Hour.1Hour.CBT-REV,14145500,2026-02-12 05:00:00,2026-02-12 05:00:00,1,-63.667,63.667,600.000,663.667
HCR,FLOW,HOURLY,HCR.Flow-Out.Ave.1Hour.1Hour.CBT-REV,14145500,2026-02-13 01:00:00,2026-02-13 01:00:00,1,67.917,67.917,670.000,602.083
HCR,FLOW,HOURLY,HCR.Flow-Out.Ave.1Hour.1Hour.CBT-REV,14145500,2026-02-13 19:00:00,2026-02-13 19:00:00,1,-66.667,66.667,660.000,726.667
HCR,FLOW,HOURLY,HCR.Flow-Out.Ave.1Hour.1Hour.CBT-REV,14145500,2026-02-14 05:00:00,2026-02-14 05:00:00,1,-51.667,51.667,790.000,841.667
HCR,FLOW,HOURLY,HCR.Flow-Out.Ave.1Hour.1Hour.CBT-REV,14145500,2026-02-15 01:00:00,2026-02-15 01:00:00,1,93.250,93.250,850.000,756.750
HCR,FLOW,HOURLY,HCR.Flow-Out.Ave.1Hour.1Hour.CBT-REV,14145500,2026-02-15 05:00:00,2026-02-15 05:00:00,1,-70.750,70.750,760.000,830.750
HCR,FLOW,HOURLY,HCR.Flow-Out.Ave.1Hour.1Hour.CBT-REV,14145500,2026-02-16 05:00:00,2026-02-16 05:00:00,1,-67.833,67.833,810.000,877.833
HCR,FLOW,HOURLY,HCR.Flow-Out.Ave.1Hour.1Hour.CBT-REV,14145500,2026-02-17 05:00:00,2026-02-17 05:00:00,1,-58.333,58.333,790.000,848.333
HCR,FLOW,HOURLY,HCR.Flow-Out.Ave.1Hour.1Hour.CBT-REV,14145500,2026-02-18 01:00:00,2026-02-18 01:00:00,1,66.667,66.667,870.000,803.333
HCR,FLOW,HOURLY,HCR.Flow-Out.Ave.1Hour.1Hour.CBT-REV,14145500,2026-02-19 01:00:00,2026-02-19 01:00:00,1,91.000,91.000,860.000,769.000
HCR,FLOW,HOURLY,HCR.Flow-Out.Ave.1Hour.1Hour.CBT-REV,14145500,2026-02-19 05:00:00,2026-02-19 05:00:00,1,-80.417,80.417,750.000,830.417
HCR,FLOW,HOURLY,HCR.Flow-Out.Ave.1Hour.1Hour.CBT-REV,14145500,2026-02-20 01:00:00,2026-02-20 01:00:00,1,65.250,65.250,850.000,784.750
HCR,FLOW,HOURLY,HCR.Flow-Out.Ave.1Hour.1Hour.CBT-REV,14145500,2026-02-20 05:00:00,2026-02-20 05:00:00,1,-82.083,82.083,760.000,842.083
HCR,FLOW,HOURLY,HCR.Flow-Out.Ave.1Hour.1Hour.CBT-REV,14145500,2026-02-21 05:00:00,2026-02-21 05:00:00,1,-51.833,51.833,800.000,851.833
HCR,FLOW,HOURLY,HCR.Flow-Out.Ave.1Hour.1Hour.CBT-REV,14145500,2026-02-22 01:00:00,2026-02-22 01:00:00,1,73.417,73.417,850.000,776.583
HCR,FLOW,HOURLY,HCR.Flow-Out.Ave.1Hour.1Hour.CBT-REV,14145500,2026-02-22 05:00:00,2026-02-22 05:00:00,1,-82.667,82.667,750.000,832.667
HCR,FLOW,HOURLY,HCR.Flow-Out.Ave.1Hour.1Hour.CBT-REV,14145500,2026-02-23 01:00:00,2026-02-23 01:00:00,1,62.167,62.167,850.000,787.833
HCR,FLOW,HOURLY,HCR.Flow-Out.Ave.1Hour.1Hour.CBT-REV,14145500,2026-02-23 05:00:00,2026-02-23 05:00:00,1,-84.333,84.333,760.000,844.333
HCR,FLOW,HOURLY,HCR.Flow-Out.Ave.1Hour.1Hour.CBT-REV,14145500,2026-02-24 01:00:00,2026-02-24 01:00:00,1,77.417,77.417,860.000,782.583
HCR,FLOW,HOURLY,HCR.Flow-Out.Ave.1Hour.1Hour.CBT-REV,14145500,2026-02-26 05:00:00,2026-02-26 05:00:00,1,78.250,78.250,960.000,881.750
HCR,FLOW,HOURLY,HCR.Flow-Out.Ave.1Hour.1Hour.CBT-REV,14145500,2026-02-27 20:00:00,2026-02-27 20:00:00,1,192.417,192.417,820.000,627.583
HCR,FLOW,HOURLY,HCR.Flow-Out.Ave.1Hour.1Hour.CBT-REV,14145500,2026-03-02 00:00:00,2026-03-02 01:00:00,2,-119.375,132.167,690.000,809.375
HCR,FLOW,HOURLY,HCR.Flow-Out.Ave.1Hour.1Hour.CBT-REV,14145500,2026-03-04 03:00:00,2026-03-04 04:00:00,2,-224.583,244.167,1100.000,1324.583
HCR,FLOW,HOURLY,HCR.Flow-Out.Ave.1Hour.1Hour.CBT-REV,14145500,2026-03-06 21:00:00,2026-03-06 21:00:00,1,86.667,86.667,1230.000,1143.333
HCR,FLOW,HOURLY,HCR.Flow-Out.Ave.1Hour.1Hour.CBT-REV,14145500,2026-03-08 03:00:00,2026-03-08 03:00:00,1,-123.333,123.333,1100.000,1223.333
HCR,FLOW,HOURLY,HCR.Flow-Out.Ave.1Hour.1Hour.CBT-REV,14145500,2026-03-16 17:00:00,2026-03-16 17:00:00,1,-112.500,112.500,1220.000,1332.500
HCR,FLOW,HOURLY,HCR.Flow-Out.Ave.1Hour.1Hour.CBT-REV,14145500,2026-03-16 22:00:00,2026-03-16 22:00:00,1,65.000,65.000,1280.000,1215.000
HCR,FLOW,HOURLY,HCR.Flow-Out.Ave.1Hour.1Hour.CBT-REV,14145500,2026-03-17 19:00:00,2026-03-17 20:00:00,2,115.250,118.083,1100.000,984.750
HCR,FLOW,HOURLY,HCR.Flow-Out.Ave.1Hour.1Hour.CBT-REV,14145500,2026-03-23 16:00:00,2026-03-23 16:00:00,1,-64.250,64.250,550.000,614.250
HCR,FLOW,HOURLY,HCR.Flow-Out.Ave.1Hour.1Hour.CBT-REV,14145500,2026-03-30 14:00:00,2026-03-30 14:00:00,1,-92.417,92.417,440.000,532.417
HCR,FLOW,HOURLY,HCR.Flow-Out.Ave.1Hour.1Hour.CBT-REV,14145500,2026-03-30 16:00:00,2026-03-30 16:00:00,1,-64.250,64.250,490.000,554.250
HCR,FLOW,HOURLY,HCR.Flow-Out.Ave.1Hour.1Hour.CBT-REV,14145500,2026-04-08 16:00:00,2026-04-08 16:00:00,1,119.833,119.833,680.000,560.167
HCR,FLOW,HOURLY,HCR.Flow-Out.Ave.1Hour.1Hour.CBT-REV,14145500,2026-04-08 20:00:00,2026-04-08 20:00:00,1,-179.667,179.667,540.000,719.667
HCR,FLOW,HOURLY,HCR.Flow-Out.Ave.1Hour.1Hour.CBT-REV,14145500,2026-04-08 22:00:00,2026-04-08 22:00:00,1,81.917,81.917,630.000,548.083
HCR,FLOW,HOURLY,HCR.Flow-Out.Ave.1Hour.1Hour.CBT-REV,14145500,2026-04-16 19:00:00,2026-04-16 19:00:00,1,-82.333,82.333,550.000,632.333
HCR,FLOW,HOURLY,HCR.Flow-Out.Ave.1Hour.1Hour.CBT-REV,14145500,2026-04-16 21:00:00,2026-04-16 21:00:00,1,62.250,62.250,630.000,567.750
HCR,FLOW,HOURLY,HCR.Flow-Out.Ave.1Hour.1Hour.CBT-REV,14145500,2026-06-12 23:00:00,2026-06-12 23:00:00,1,-152.500,152.500,690.000,842.500
HCR,FLOW,HOURLY,HCR.Flow-Out.Ave.1Hour.1Hour.CBT-REV,14145500,2026-06-16 22:00:00,2026-06-16 23:00:00,2,112.417,116.083,875.000,762.583
HCR,FLOW,HOURLY,HCR.Flow-Out.Ave.1Hour.1Hour.CBT-REV,14145500,2026-08-03 15:00:00,2026-08-03 15:00:00,1,-77.833,77.833,520.000,597.833
HCR,FLOW,HOURLY,HCR.Flow-Out.Ave.1Hour.1Hour.CBT-REV,14145500,2026-08-17 15:00:00,2026-08-17 15:00:00,1,-129.500,129.500,560.000,689.500
HCR,FLOW,HOURLY,HCR.Flow-Out.Ave.1Hour.1Hour.CBT-REV,14145500,2026-08-17 17:00:00,2026-08-17 17:00:00,1,95.583,95.583,760.000,664.417
HCR,FLOW,HOURLY,HCR.Flow-Out.Ave.1Hour.1Hour.CBT-REV,14145500,2026-09-10 17:00:00,2026-09-10 17:00:00,1,-75.417,75.417,450.000,525.417
HCR,FLOW,HOURLY,HCR.Flow-Out.Ave.1Hour.1Hour.CBT-REV,14145500,2026-09-30 15:00:00,2026-09-30 17:00:00,3,-91.000,130.583,653.333,744.333
HCR,FLOW,HOURLY,HCR.Flow-Out.Ave.1Hour.1Hour.CBT-REV,14145500,2026-09-30 20:00:00,2026-09-30 20:00:00,1,111.500,111.500,910.000,798.500
LOP,ELEV,HOURLY,LOP.Elev-Forebay.Inst.1Hour.0.CBT-REV,14149000,2025-10-01 00:00:00,2025-11-12 20:00:00,1029,0.837,1.375,813.362,812.526
LOP,ELEV,HOURLY,LOP.Elev-Forebay.Inst.1Hour.0.CBT-REV,14149000,2025-11-13 06:00:00,2025-11-13 06:00:00,1,0.110,0.110,773.470,773.360
LOP,ELEV,HOURLY,LOP.Elev-Forebay.Inst.1Hour.0.CBT-REV,14149000,2025-11-13 08:00:00,2025-11-13 08:00:00,1,0.102,0.102,773.130,773.028
LOP,ELEV,HOURLY,LOP.Elev-Forebay.Inst.1Hour.0.CBT-REV,14149000,2025-11-13 12:00:00,2025-11-13 12:00:00,1,0.107,0.107,772.480,772.372
LOP,ELEV,HOURLY,LOP.Elev-Forebay.Inst.1Hour.0.CBT-REV,14149000,2025-11-13 16:00:00,2025-11-13 17:00:00,2,0.114,0.115,771.730,771.616
LOP,ELEV,HOURLY,LOP.Elev-Forebay.Inst.1Hour.0.CBT-REV,14149000,2025-11-13 19:00:00,2025-11-13 19:00:00,1,0.105,0.105,771.410,771.305
LOP,ELEV,HOURLY,LOP.Elev-Forebay.Inst.1Hour.0.CBT-REV,14149000,2025-11-14 21:00:00,2025-11-14 21:00:00,1,0.422,0.422,769.380,768.957
LOP,ELEV,HOURLY,LOP.Elev-Forebay.Inst.1Hour.0.CBT-REV,14149000,2025-11-21 18:00:00,2025-11-21 19:00:00,2,0.137,0.170,762.140,762.003
LOP,ELEV,HOURLY,LOP.Elev-Forebay.Inst.1Hour.0.CBT-REV,14149000,2025-11-24 10:00:00,2025-11-24 12:00:00,3,0.185,0.250,757.840,757.655
LOP,ELEV,HOURLY,LOP.Elev-Forebay.Inst.1Hour.0.CBT-REV,14149000,2025-11-26 19:00:00,2025-11-26 19:00:00,1,-0.110,0.110,754.690,754.800
LOP,ELEV,HOURLY,LOP.Elev-Forebay.Inst.1Hour.0.CBT-REV,14149000,2025-11-26 21:00:00,2025-11-27 02:00:00,6,-0.102,0.105,754.568,754.670
LOP,ELEV,HOURLY,LOP.Elev-Forebay.Inst.1Hour.0.CBT-REV,14149000,2025-11-27 04:00:00,2025-11-27 04:00:00,1,-0.103,0.103,754.430,754.533
LOP,ELEV,HOURLY,LOP.Elev-Forebay.Inst.1Hour.0.CBT-REV,14149000,2025-11-27 06:00:00,2025-11-27 06:00:00,1,-0.107,0.107,754.370,754.477
LOP,ELEV,HOURLY,LOP.Elev-Forebay.Inst.1Hour.0.CBT-REV,14149000,2025-11-27 16:00:00,2025-11-27 16:00:00,1,-0.100,0.100,754.100,754.200
LOP,ELEV,HOURLY,LOP.Elev-Forebay.Inst.1Hour.0.CBT-REV,14149000,2025-11-27 19:00:00,2025-11-28 08:00:00,14,-0.116,0.148,753.819,753.935
LOP,ELEV,HOURLY,LOP.Elev-Forebay.Inst.1Hour.0.CBT-REV,14149000,2025-11-28 10:00:00,2025-11-28 10:00:00,1,-0.130,0.130,753.570,753.700
LOP,ELEV,HOURLY,LOP.Elev-Forebay.Inst.1Hour.0.CBT-REV,14149000,2025-11-28 12:00:00,2025-11-28 12:00:00,1,-0.110,0.110,753.530,753.640
LOP,ELEV,HOURLY,LOP.Elev-Forebay.Inst.1Hour.0.CBT-REV,14149000,2025-11-28 14:00:00,2025-11-28 15:00:00,2,-0.118,0.120,753.460,753.578
LOP,ELEV,HOURLY,LOP.Elev-Forebay.Inst.1Hour.0.CBT-REV,14149000,2025-11-28 17:00:00,2025-11-28 19:00:00,3,-0.127,0.135,753.370,753.497
LOP,ELEV,HOURLY,LOP.Elev-Forebay.Inst.1Hour.0.CBT-REV,14149000,2025-11-28 21:00:00,2025-11-29 06:00:00,10,-0.118,0.128,753.171,753.289
LOP,ELEV,HOURLY,LOP.Elev-Forebay.Inst.1Hour.0.CBT-REV,14149000,2025-11-29 08:00:00,2025-11-29 08:00:00,1,-0.115,0.115,752.990,753.105
LOP,ELEV,HOURLY,LOP.Elev-Forebay.Inst.1Hour.0.CBT-REV,14149000,2025-11-29 10:00:00,2025-11-29 16:00:00,7,-0.104,0.112,752.861,752.965
LOP,ELEV,HOURLY,LOP.Elev-Forebay.Inst.1Hour.0.CBT-REV,14149000,2025-11-29 18:00:00,2025-11-29 20:00:00,3,-0.106,0.112,752.697,752.802
LOP,ELEV,HOURLY,LOP.Elev-Forebay.Inst.1Hour.0.CBT-REV,14149000,2025-11-29 22:00:00,2025-11-29 23:00:00,2,-0.100,0.100,752.600,752.700
LOP,ELEV,HOURLY,LOP.Elev-Forebay.Inst.1Hour.0.CBT-REV,14149000,2025-11-30 01:00:00,2025-11-30 01:00:00,1,-0.100,0.100,752.540,752.640
LOP,ELEV,HOURLY,LOP.Elev-Forebay.Inst.1Hour.0.CBT-REV,14149000,2025-11-30 05:00:00,2025-11-30 06:00:00,2,-0.100,0.100,752.420,752.520
LOP,ELEV,HOURLY,LOP.Elev-Forebay.Inst.1Hour.0.CBT-REV,14149000,2025-11-30 13:00:00,2025-11-30 13:00:00,1,-0.100,0.100,752.220,752.320
LOP,ELEV,HOURLY,LOP.Elev-Forebay.Inst.1Hour.0.CBT-REV,14149000,2025-11-30 15:00:00,2025-11-30 16:00:00,2,-0.101,0.103,752.145,752.246
LOP,ELEV,HOURLY,LOP.Elev-Forebay.Inst.1Hour.0.CBT-REV,14149000,2025-11-30 18:00:00,2025-11-30 20:00:00,3,-0.123,0.135,752.040,752.163
LOP,ELEV,HOURLY,LOP.Elev-Forebay.Inst.1Hour.0.CBT-REV,14149000,2025-11-30 22:00:00,2025-12-01 03:00:00,6,-0.109,0.115,751.878,751.987
LOP,ELEV,HOURLY,LOP.Elev-Forebay.Inst.1Hour.0.CBT-REV,14149000,2025-12-06 09:00:00,2025-12-06 11:00:00,3,-0.115,0.120,749.123,749.238
LOP,ELEV,HOURLY,LOP.Elev-Forebay.Inst.1Hour.0.CBT-REV,14149000,2025-12-06 13:00:00,2025-12-06 13:00:00,1,-0.100,0.100,749.670,749.770
LOP,ELEV,HOURLY,LOP.Elev-Forebay.Inst.1Hour.0.CBT-REV,14149000,2025-12-06 19:00:00,2025-12-06 19:00:00,1,-0.110,0.110,750.430,750.540
LOP,ELEV,HOURLY,LOP.Elev-Forebay.Inst.1Hour.0.CBT-REV,14149000,2025-12-06 23:00:00,2025-12-06 23:00:00,1,-0.132,0.132,750.750,750.882
LOP,ELEV,HOURLY,LOP.Elev-Forebay.Inst.1Hour.0.CBT-REV,14149000,2025-12-10 15:00:00,2025-12-10 15:00:00,1,-0.115,0.115,750.370,750.485
LOP,ELEV,HOURLY,LOP.Elev-Forebay.Inst.1Hour.0.CBT-REV,14149000,2025-12-15 17:00:00,2025-12-15 17:00:00,1,0.118,0.118,747.470,747.352
LOP,ELEV,HOURLY,LOP.Elev-Forebay.Inst.1Hour.0.CBT-REV,14149000,2025-12-17 18:00:00,2025-12-17 19:00:00,2,-0.131,0.138,751.110,751.241
LOP,ELEV,HOURLY,LOP.Elev-Forebay.Inst.1Hour.0.CBT-REV,14149000,2025-12-17 22:00:00,2025-12-29 20:00:00,287,-0.616,0.910,798.498,799.114
LOP,ELEV,HOURLY,LOP.Elev-Forebay.Inst.1Hour.0.CBT-REV,14149000,2025-12-31 13:00:00,2025-12-31 13:00:00,1,-0.103,0.103,827.930,828.033
LOP,ELEV,HOURLY,LOP.Elev-Forebay.Inst.1Hour.0.CBT-REV,14149000,2025-12-31 22:00:00,2025-12-31 22:00:00,1,0.165,0.165,827.650,827.485
LOP,ELEV,HOURLY,LOP.Elev-Forebay.Inst.1Hour.0.CBT-REV,14149000,2026-01-02 10:00:00,2026-01-02 10:00:00,1,-0.110,0.110,827.650,827.760
LOP,ELEV,HOURLY,LOP.Elev-Forebay.Inst.1Hour.0.CBT-REV,14149000,2026-01-03 12:00:00,2026-01-03 12:00:00,1,-0.103,0.103,828.050,828.153
LOP,ELEV,HOURLY,LOP.Elev-Forebay.Inst.1Hour.0.CBT-REV,14149000,2026-01-09 04:00:00,2026-01-09 04:00:00,1,-0.233,0.233,828.460,828.692
LOP,ELEV,HOURLY,LOP.Elev-Forebay.Inst.1Hour.0.CBT-REV,14149000,2026-01-09 07:00:00,2026-01-09 07:00:00,1,-0.100,0.100,828.960,829.060
LOP,ELEV,HOURLY,LOP.Elev-Forebay.Inst.1Hour.0.CBT-REV,14149000,2026-01-09 22:00:00,2026-01-09 22:00:00,1,0.140,0.140,829.390,829.250
LOP,ELEV,HOURLY,LOP.Elev-Forebay.Inst.1Hour.0.CBT-REV,14149000,2026-01-10 13:00:00,2026-01-10 13:00:00,1,-0.108,0.108,829.810,829.918
LOP,ELEV,HOURLY,LOP.Elev-Forebay.Inst.1Hour.0.CBT-REV,14149000,2026-01-11 07:00:00,2026-01-11 07:00:00,1,-0.100,0.100,829.060,829.160
LOP,ELEV,HOURLY,LOP.Elev-Forebay.Inst.1Hour.0.CBT-REV,14149000,2026-01-11 13:00:00,2026-01-11 13:00:00,1,-0.105,0.105,829.740,829.845
LOP,ELEV,HOURLY,LOP.Elev-Forebay.Inst.1Hour.0.CBT-REV,14149000,2026-01-12 05:00:00,2026-01-12 05:00:00,1,-0.103,0.103,828.640,828.743
LOP,ELEV,HOURLY,LOP.Elev-Forebay.Inst.1Hour.0.CBT-REV,14149000,2026-01-13 10:00:00,2026-01-13 10:00:00,1,-0.105,0.105,828.570,828.675
LOP,ELEV,HOURLY,LOP.Elev-Forebay.Inst.1Hour.0.CBT-REV,14149000,2026-01-13 12:00:00,2026-01-13 13:00:00,2,-0.104,0.108,828.815,828.919
LOP,ELEV,HOURLY,LOP.Elev-Forebay.Inst.1Hour.0.CBT-REV,14149000,2026-01-14 05:00:00,2026-01-14 08:00:00,4,-0.106,0.110,827.700,827.806
LOP,ELEV,HOURLY,LOP.Elev-Forebay.Inst.1Hour.0.CBT-REV,14149000,2026-01-14 10:00:00,2026-01-14 12:00:00,3,-0.108,0.115,828.140,828.248
LOP,ELEV,HOURLY,LOP.Elev-Forebay.Inst.1Hour.0.CBT-REV,14149000,2026-01-15 04:00:00,2026-01-15 13:00:00,10,-0.113,0.130,827.340,827.453
LOP,ELEV,HOURLY,LOP.Elev-Forebay.Inst.1Hour.0.CBT-REV,14149000,2026-01-16 05:00:00,2026-01-16 06:00:00,2,-0.111,0.118,826.465,826.576
LOP,ELEV,HOURLY,LOP.Elev-Forebay.Inst.1Hour.0.CBT-REV,14149000,2026-01-16 08:00:00,2026-01-16 14:00:00,7,-0.117,0.148,826.987,827.104
LOP,ELEV,HOURLY,LOP.Elev-Forebay.Inst.1Hour.0.CBT-REV,14149000,2026-01-17 05:00:00,2026-01-17 14:00:00,10,-0.120,0.138,826.399,826.519
LOP,ELEV,HOURLY,LOP.Elev-Forebay.Inst.1Hour.0.CBT-REV,14149000,2026-01-18 05:00:00,2026-01-18 14:00:00,10,-0.129,0.135,825.864,825.993
LOP,ELEV,HOURLY,LOP.Elev-Forebay.Inst.1Hour.0.CBT-REV,14149000,2026-01-19 05:00:00,2026-01-19 13:00:00,9,-0.129,0.145,824.954,825.084
LOP,ELEV,HOURLY,LOP.Elev-Forebay.Inst.1Hour.0.CBT-REV,14149000,2026-01-20 06:00:00,2026-01-20 14:00:00,9,-0.140,0.155,824.820,824.960
LOP,ELEV,HOURLY,LOP.Elev-Forebay.Inst.1Hour.0.CBT-REV,14149000,2026-01-21 05:00:00,2026-01-21 12:00:00,8,-0.134,0.147,824.405,824.539
LOP,ELEV,HOURLY,LOP.Elev-Forebay.Inst.1Hour.0.CBT-REV,14149000,2026-01-21 17:00:00,2026-01-22 00:00:00,8,-0.142,0.160,824.524,824.666
LOP,ELEV,HOURLY,LOP.Elev-Forebay.Inst.1Hour.0.CBT-REV,14149000,2026-01-22 06:00:00,2026-01-22 12:00:00,7,-0.145,0.153,824.594,824.740
LOP,ELEV,HOURLY,LOP.Elev-Forebay.Inst.1Hour.0.CBT-REV,14149000,2026-01-22 17:00:00,2026-01-23 01:00:00,9,-0.137,0.150,824.540,824.677
LOP,ELEV,HOURLY,LOP.Elev-Forebay.Inst.1Hour.0.CBT-REV,14149000,2026-01-23 05:00:00,2026-01-23 12:00:00,8,-0.144,0.153,824.749,824.893
LOP,ELEV,HOURLY,LOP.Elev-Forebay.Inst.1Hour.0.CBT-REV,14149000,2026-01-23 17:00:00,2026-01-24 01:00:00,9,-0.145,0.160,824.792,824.937
LOP,ELEV,HOURLY,LOP.Elev-Forebay.Inst.1Hour.0.CBT-REV,14149000,2026-01-24 05:00:00,2026-01-24 12:00:00,8,-0.146,0.158,824.786,824.932
LOP,ELEV,HOURLY,LOP.Elev-Forebay.Inst.1Hour.0.CBT-REV,14149000,2026-01-24 17:00:00,2026-01-25 01:00:00,9,-0.147,0.158,824.786,824.933
LOP,ELEV,HOURLY,LOP.Elev-Forebay.Inst.1Hour.0.CBT-REV,14149000,2026-01-25 05:00:00,2026-01-25 13:00:00,9,-0.149,0.173,824.806,824.955
LOP,ELEV,HOURLY,LOP.Elev-Forebay.Inst.1Hour.0.CBT-REV,14149000,2026-01-25 17:00:00,2026-01-26 01:00:00,9,-0.152,0.165,824.764,824.917
LOP,ELEV,HOURLY,LOP.Elev-Forebay.Inst.1Hour.0.CBT-REV,14149000,2026-01-26 05:00:00,2026-01-26 12:00:00,8,-0.153,0.170,824.727,824.880
LOP,ELEV,HOURLY,LOP.Elev-Forebay.Inst.1Hour.0.CBT-REV,14149000,2026-01-26 17:00:00,2026-01-27 02:00:00,10,-0.156,0.175,824.728,824.884
LOP,ELEV,HOURLY,LOP.Elev-Forebay.Inst.1Hour.0.CBT-REV,14149000,2026-01-27 05:00:00,2026-01-27 12:00:00,8,-0.161,0.175,824.666,824.827
LOP,ELEV,HOURLY,LOP.Elev-Forebay.Inst.1Hour.0.CBT-REV,14149000,2026-01-27 16:00:00,2026-01-28 01:00:00,10,-0.146,0.175,824.616,824.762
LOP,ELEV,HOURLY,LOP.Elev-Forebay.Inst.1Hour.0.CBT-REV,14149000,2026-01-28 05:00:00,2026-01-28 13:00:00,9,-0.173,0.195,824.556,824.729
LOP,ELEV,HOURLY,LOP.Elev-Forebay.Inst.1Hour.0.CBT-REV,14149000,2026-01-28 16:00:00,2026-01-29 00:00:00,9,-0.174,0.188,824.549,824.723
LOP,ELEV,HOURLY,LOP.Elev-Forebay.Inst.1Hour.0.CBT-REV,14149000,2026-01-29 03:00:00,2026-01-29 13:00:00,11,-0.164,0.183,824.697,824.862
LOP,ELEV,HOURLY,LOP.Elev-Forebay.Inst.1Hour.0.CBT-REV,14149000,2026-01-29 16:00:00,2026-01-30 01:00:00,10,-0.178,0.195,824.749,824.927
LOP,ELEV,HOURLY,LOP.Elev-Forebay.Inst.1Hour.0.CBT-REV,14149000,2026-01-30 03:00:00,2026-01-30 13:00:00,11,-0.172,0.195,824.884,825.055
LOP,ELEV,HOURLY,LOP.Elev-Forebay.Inst.1Hour.0.CBT-REV,14149000,2026-01-30 17:00:00,2026-01-31 13:00:00,21,-0.176,0.200,824.999,825.175
LOP,ELEV,HOURLY,LOP.Elev-Forebay.Inst.1Hour.0.CBT-REV,14149000,2026-01-31 16:00:00,2026-02-01 01:00:00,10,-0.186,0.210,825.090,825.276
LOP,ELEV,HOURLY,LOP.Elev-Forebay.Inst.1Hour.0.CBT-REV,14149000,2026-02-01 03:00:00,2026-02-01 15:00:00,13,-0.163,0.208,825.214,825.377
LOP,ELEV,HOURLY,LOP.Elev-Forebay.Inst.1Hour.0.CBT-REV,14149000,2026-02-01 17:00:00,2026-02-02 13:00:00,21,-0.194,0.220,825.309,825.502
LOP,ELEV,HOURLY,LOP.Elev-Forebay.Inst.1Hour.0.CBT-REV,14149000,2026-02-02 15:00:00,2026-03-04 16:00:00,722,-0.307,0.555,835.387,835.694
LOP,ELEV,HOURLY,LOP.Elev-Forebay.Inst.1Hour.0.CBT-REV,14149000,2026-03-04 19:00:00,2026-05-07 19:00:00,1537,-0.619,0.853,886.198,886.818
LOP,ELEV,HOURLY,LOP.Elev-Forebay.Inst.1Hour.0.CBT-REV,14149000,2026-05-17 11:00:00,2026-05-17 11:00:00,1,0.103,0.103,901.690,901.587
LOP,ELEV,HOURLY,LOP.Elev-Forebay.Inst.1Hour.0.CBT-REV,14149000,2026-05-17 13:00:00,2026-05-17 13:00:00,1,0.158,0.158,901.600,901.442
LOP,ELEV,HOURLY,LOP.Elev-Forebay.Inst.1Hour.0.CBT-REV,14149000,2026-05-18 03:00:00,2026-05-18 03:00:00,1,0.112,0.112,901.400,901.288
LOP,ELEV,HOURLY,LOP.Elev-Forebay.Inst.1Hour.0.CBT-REV,14149000,2026-05-18 11:00:00,2026-05-18 11:00:00,1,0.100,0.100,901.090,900.990
LOP,ELEV,HOURLY,LOP.Elev-Forebay.Inst.1Hour.0.CBT-REV,14149000,2026-05-18 13:00:00,2026-05-18 13:00:00,1,0.115,0.115,900.950,900.835
LOP,ELEV,HOURLY,LOP.Elev-Forebay.Inst.1Hour.0.CBT-REV,14149000,2026-05-19 04:00:00,2026-05-19 04:00:00,1,0.115,0.115,900.700,900.585
LOP,ELEV,HOURLY,LOP.Elev-Forebay.Inst.1Hour.0.CBT-REV,14149000,2026-05-19 11:00:00,2026-05-19 14:00:00,4,0.114,0.120,900.375,900.261
LOP,ELEV,HOURLY,LOP.Elev-Forebay.Inst.1Hour.0.CBT-REV,14149000,2026-05-20 02:00:00,2026-05-20 03:00:00,2,0.107,0.112,900.190,900.082
LOP,ELEV,HOURLY,LOP.Elev-Forebay.Inst.1Hour.0.CBT-REV,14149000,2026-05-20 12:00:00,2026-05-20 14:00:00,3,0.109,0.112,899.717,899.608
LOP,ELEV,HOURLY,LOP.Elev-Forebay.Inst.1Hour.0.CBT-REV,14149000,2026-05-21 02:00:00,2026-05-21 03:00:00,2,0.118,0.122,899.580,899.462
LOP,ELEV,HOURLY,LOP.Elev-Forebay.Inst.1Hour.0.CBT-REV,14149000,2026-05-21 11:00:00,2026-05-21 14:00:00,4,0.119,0.130,899.130,899.011
LOP,ELEV,HOURLY,LOP.Elev-Forebay.Inst.1Hour.0.CBT-REV,14149000,2026-05-22 02:00:00,2026-05-22 05:00:00,4,0.114,0.125,898.920,898.806
LOP,ELEV,HOURLY,LOP.Elev-Forebay.Inst.1Hour.0.CBT-REV,14149000,2026-05-22 10:00:00,2026-05-22 15:00:00,6,0.125,0.132,898.460,898.335
LOP,ELEV,HOURLY,LOP.Elev-Forebay.Inst.1Hour.0.CBT-REV,14149000,2026-05-22 23:00:00,2026-05-23 08:00:00,10,0.121,0.130,898.134,898.013
LOP,ELEV,HOURLY,LOP.Elev-Forebay.Inst.1Hour.0.CBT-REV,14149000,2026-05-23 11:00:00,2026-05-23 15:00:00,5,0.127,0.142,897.594,897.467
LOP,ELEV,HOURLY,LOP.Elev-Forebay.Inst.1Hour.0.CBT-REV,14149000,2026-05-24 00:00:00,2026-05-24 10:00:00,11,0.127,0.152,897.239,897.112
LOP,ELEV,HOURLY,LOP.Elev-Forebay.Inst.1Hour.0.CBT-REV,14149000,2026-05-24 12:00:00,2026-05-24 15:00:00,4,0.137,0.145,896.688,896.550
LOP,ELEV,HOURLY,LOP.Elev-Forebay.Inst.1Hour.0.CBT-REV,14149000,2026-05-24 23:00:00,2026-05-25 15:00:00,17,0.134,0.158,896.227,896.093
LOP,ELEV,HOURLY,LOP.Elev-Forebay.Inst.1Hour.0.CBT-REV,14149000,2026-05-25 19:00:00,2026-05-25 19:00:00,1,0.107,0.107,895.660,895.553
LOP,ELEV,HOURLY,LOP.Elev-Forebay.Inst.1Hour.0.CBT-REV,14149000,2026-05-25 23:00:00,2026-05-26 16:00:00,18,0.167,0.380,895.308,895.141
LOP,ELEV,HOURLY,LOP.Elev-Forebay.Inst.1Hour.0.CBT-REV,14149000,2026-05-26 22:00:00,2026-05-28 18:00:00,45,0.143,0.182,893.764,893.621
LOP,ELEV,HOURLY,LOP.Elev-Forebay.Inst.1Hour.0.CBT-REV,14149000,2026-05-28 20:00:00,2026-05-29 20:00:00,25,0.146,0.220,892.470,892.325
LOP,ELEV,HOURLY,LOP.Elev-Forebay.Inst.1Hour.0.CBT-REV,14149000,2026-05-29 22:00:00,2026-06-05 20:00:00,167,0.160,0.230,890.711,890.551
LOP,ELEV,HOURLY,LOP.Elev-Forebay.Inst.1Hour.0.CBT-REV,14149000,2026-06-07 04:00:00,2026-06-07 04:00:00,1,0.107,0.107,888.560,888.452
LOP,ELEV,HOURLY,LOP.Elev-Forebay.Inst.1Hour.0.CBT-REV,14149000,2026-06-10 14:00:00,2026-06-10 14:00:00,1,0.110,0.110,886.740,886.630
LOP,ELEV,HOURLY,LOP.Elev-Forebay.Inst.1Hour.0.CBT-REV,14149000,2026-06-17 00:00:00,2026-06-17 00:00:00,1,0.122,0.122,883.900,883.777
LOP,ELEV,HOURLY,LOP.Elev-Forebay.Inst.1Hour.0.CBT-REV,14149000,2026-06-17 06:00:00,2026-06-17 06:00:00,1,0.103,0.103,883.350,883.247
LOP,ELEV,HOURLY,LOP.Elev-Forebay.Inst.1Hour.0.CBT-REV,14149000,2026-06-18 01:00:00,2026-06-18 01:00:00,1,0.115,0.115,883.450,883.335
LOP,ELEV,HOURLY,LOP.Elev-Forebay.Inst.1Hour.0.CBT-REV,14149000,2026-06-18 03:00:00,2026-06-18 03:00:00,1,0.110,0.110,883.260,883.150
LOP,ELEV,HOURLY,LOP.Elev-Forebay.Inst.1Hour.0.CBT-REV,14149000,2026-06-19 01:00:00,2026-06-19 05:00:00,5,0.113,0.125,882.920,882.807
LOP,ELEV,HOURLY,LOP.Elev-Forebay.Inst.1Hour.0.CBT-REV,14149000,2026-06-19 23:00:00,2026-06-20 05:00:00,7,0.115,0.132,882.604,882.489
LOP,ELEV,HOURLY,LOP.Elev-Forebay.Inst.1Hour.0.CBT-REV,14149000,2026-06-21 01:00:00,2026-06-21 03:00:00,3,0.119,0.140,882.263,882.144
LOP,ELEV,HOURLY,LOP.Elev-Forebay.Inst.1Hour.0.CBT-REV,14149000,2026-06-21 05:00:00,2026-06-21 05:00:00,1,0.110,0.110,881.950,881.840
LOP,ELEV,HOURLY,LOP.Elev-Forebay.Inst.1Hour.0.CBT-REV,14149000,2026-06-21 23:00:00,2026-06-22 05:00:00,7,0.119,0.125,881.871,881.753
LOP,ELEV,HOURLY,LOP.Elev-Forebay.Inst.1Hour.0.CBT-REV,14149000,2026-06-22 23:00:00,2026-06-23 06:00:00,8,0.115,0.125,881.450,881.335
LOP,ELEV,HOURLY,LOP.Elev-Forebay.Inst.1Hour.0.CBT-REV,14149000,2026-06-23 23:00:00,2026-06-24 05:00:00,7,0.135,0.167,881.121,880.986
LOP,ELEV,HOURLY,LOP.Elev-Forebay.Inst.1Hour.0.CBT-REV,14149000,2026-06-24 23:00:00,2026-06-25 05:00:00,7,0.130,0.143,880.700,880.570
LOP,ELEV,HOURLY,LOP.Elev-Forebay.Inst.1Hour.0.CBT-REV,14149000,2026-06-25 23:00:00,2026-06-26 05:00:00,7,0.139,0.158,880.290,880.151
LOP,ELEV,HOURLY,LOP.Elev-Forebay.Inst.1Hour.0.CBT-REV,14149000,2026-06-26 12:00:00,2026-06-26 16:00:00,5,0.113,0.117,879.922,879.809
LOP,ELEV,HOURLY,LOP.Elev-Forebay.Inst.1Hour.0.CBT-REV,14149000,2026-06-26 21:00:00,2026-06-27 02:00:00,6,0.116,0.122,879.695,879.579
LOP,ELEV,HOURLY,LOP.Elev-Forebay.Inst.1Hour.0.CBT-REV,14149000,2026-06-27 13:00:00,2026-06-27 16:00:00,4,0.120,0.127,879.630,879.510
LOP,ELEV,HOURLY,LOP.Elev-Forebay.Inst.1Hour.0.CBT-REV,14149000,2026-06-27 20:00:00,2026-06-27 23:00:00,4,0.117,0.142,879.533,879.415
LOP,ELEV,HOURLY,LOP.Elev-Forebay.Inst.1Hour.0.CBT-REV,14149000,2026-06-28 02:00:00,2026-06-28 02:00:00,1,0.107,0.107,879.340,879.233
LOP,ELEV,HOURLY,LOP.Elev-Forebay.Inst.1Hour.0.CBT-REV,14149000,2026-06-28 13:00:00,2026-06-28 16:00:00,4,0.112,0.120,879.450,879.338
LOP,ELEV,HOURLY,LOP.Elev-Forebay.Inst.1Hour.0.CBT-REV,14149000,2026-06-28 20:00:00,2026-06-29 02:00:00,7,0.118,0.128,879.316,879.197
LOP,ELEV,HOURLY,LOP.Elev-Forebay.Inst.1Hour.0.CBT-REV,14149000,2026-06-29 18:00:00,2026-06-30 04:00:00,11,0.125,0.135,879.288,879.163
LOP,ELEV,HOURLY,LOP.Elev-Forebay.Inst.1Hour.0.CBT-REV,14149000,2026-06-30 17:00:00,2026-07-01 05:00:00,13,0.127,0.143,879.036,878.909
LOP,ELEV,HOURLY,LOP.Elev-Forebay.Inst.1Hour.0.CBT-REV,14149000,2026-07-01 10:00:00,2026-07-01 10:00:00,1,0.100,0.100,878.870,878.770
LOP,ELEV,HOURLY,LOP.Elev-Forebay.Inst.1Hour.0.CBT-REV,14149000,2026-07-01 12:00:00,2026-07-01 12:00:00,1,0.102,0.102,878.920,878.817
LOP,ELEV,HOURLY,LOP.Elev-Forebay.Inst.1Hour.0.CBT-REV,14149000,2026-07-01 16:00:00,2026-07-01 19:00:00,4,0.119,0.137,878.997,878.878
LOP,ELEV,HOURLY,LOP.Elev-Forebay.Inst.1Hour.0.CBT-REV,14149000,2026-07-01 22:00:00,2026-07-02 05:00:00,8,0.131,0.143,878.636,878.506
LOP,ELEV,HOURLY,LOP.Elev-Forebay.Inst.1Hour.0.CBT-REV,14149000,2026-07-02 12:00:00,2026-07-02 12:00:00,1,0.107,0.107,878.640,878.533
LOP,ELEV,HOURLY,LOP.Elev-Forebay.Inst.1Hour.0.CBT-REV,14149000,2026-07-02 14:00:00,2026-07-02 14:00:00,1,0.102,0.102,878.680,878.578
LOP,ELEV,HOURLY,LOP.Elev-Forebay.Inst.1Hour.0.CBT-REV,14149000,2026-07-02 16:00:00,2026-07-03 06:00:00,15,0.130,0.142,878.459,878.329
LOP,ELEV,HOURLY,LOP.Elev-Forebay.Inst.1Hour.0.CBT-REV,14149000,2026-07-03 10:00:00,2026-07-03 10:00:00,1,0.102,0.102,878.280,878.178
LOP,ELEV,HOURLY,LOP.Elev-Forebay.Inst.1Hour.0.CBT-REV,14149000,2026-07-03 12:00:00,2026-07-04 11:00:00,24,0.132,0.195,877.993,877.861
LOP,ELEV,HOURLY,LOP.Elev-Forebay.Inst.1Hour.0.CBT-REV,14149000,2026-07-04 13:00:00,2026-07-05 12:00:00,24,0.127,0.190,877.574,877.446
LOP,ELEV,HOURLY,LOP.Elev-Forebay.Inst.1Hour.0.CBT-REV,14149000,2026-07-05 14:00:00,2026-07-05 17:00:00,4,0.112,0.117,877.505,877.392
LOP,ELEV,HOURLY,LOP.Elev-Forebay.Inst.1Hour.0.CBT-REV,14149000,2026-07-05 19:00:00,2026-07-21 04:00:00,370,0.168,0.275,874.065,873.897
LOP,ELEV,HOURLY,LOP.Elev-Forebay.Inst.1Hour.0.CBT-REV,14149000,2026-07-21 06:00:00,2026-07-23 21:00:00,64,0.204,0.300,869.307,869.103
LOP,ELEV,HOURLY,LOP.Elev-Forebay.Inst.1Hour.0.CBT-REV,14149000,2026-07-23 23:00:00,2026-07-23 23:00:00,1,0.107,0.107,868.620,868.513
LOP,ELEV,HOURLY,LOP.Elev-Forebay.Inst.1Hour.0.CBT-REV,14149000,2026-07-26 00:00:00,2026-07-26 00:00:00,1,0.115,0.115,867.110,866.995
LOP,ELEV,HOURLY,LOP.Elev-Forebay.Inst.1Hour.0.CBT-REV,14149000,2026-07-27 00:00:00,2026-07-27 00:00:00,1,0.103,0.103,866.580,866.477
LOP,ELEV,HOURLY,LOP.Elev-Forebay.Inst.1Hour.0.CBT-REV,14149000,2026-07-27 02:00:00,2026-07-27 02:00:00,1,0.105,0.105,866.280,866.175
LOP,ELEV,HOURLY,LOP.Elev-Forebay.Inst.1Hour.0.CBT-REV,14149000,2026-07-28 00:00:00,2026-07-28 02:00:00,3,0.129,0.162,865.997,865.867
LOP,ELEV,HOURLY,LOP.Elev-Forebay.Inst.1Hour.0.CBT-REV,14149000,2026-07-29 01:00:00,2026-07-29 02:00:00,2,0.105,0.107,865.430,865.325
LOP,ELEV,HOURLY,LOP.Elev-Forebay.Inst.1Hour.0.CBT-REV,14149000,2026-07-29 23:00:00,2026-07-30 02:00:00,4,0.112,0.125,865.025,864.913
LOP,ELEV,HOURLY,LOP.Elev-Forebay.Inst.1Hour.0.CBT-REV,14149000,2026-07-30 13:00:00,2026-07-30 13:00:00,1,0.107,0.107,864.610,864.503
LOP,ELEV,HOURLY,LOP.Elev-Forebay.Inst.1Hour.0.CBT-REV,14149000,2026-07-31 00:00:00,2026-07-31 02:00:00,3,0.130,0.145,864.450,864.320
LOP,ELEV,HOURLY,LOP.Elev-Forebay.Inst.1Hour.0.CBT-REV,14149000,2026-08-01 00:00:00,2026-08-01 04:00:00,5,0.119,0.135,863.878,863.759
LOP,ELEV,HOURLY,LOP.Elev-Forebay.Inst.1Hour.0.CBT-REV,14149000,2026-08-02 01:00:00,2026-08-02 04:00:00,4,0.124,0.135,863.230,863.106
LOP,ELEV,HOURLY,LOP.Elev-Forebay.Inst.1Hour.0.CBT-REV,14149000,2026-08-02 21:00:00,2026-08-02 22:00:00,2,0.109,0.115,863.145,863.036
LOP,ELEV,HOURLY,LOP.Elev-Forebay.Inst.1Hour.0.CBT-REV,14149000,2026-08-03 00:00:00,2026-08-03 04:00:00,5,0.149,0.168,862.724,862.574
LOP,ELEV,HOURLY,LOP.Elev-Forebay.Inst.1Hour.0.CBT-REV,14149000,2026-08-03 20:00:00,2026-08-03 20:00:00,1,0.110,0.110,862.590,862.480
LOP,ELEV,HOURLY,LOP.Elev-Forebay.Inst.1Hour.0.CBT-REV,14149000,2026-08-03 22:00:00,2026-08-03 23:00:00,2,-0.044,0.195,862.295,862.339
LOP,ELEV,HOURLY,LOP.Elev-Forebay.Inst.1Hour.0.CBT-REV,14149000,2026-08-04 01:00:00,2026-08-04 04:00:00,4,0.138,0.150,862.025,861.887
LOP,ELEV,HOURLY,LOP.Elev-Forebay.Inst.1Hour.0.CBT-REV,14149000,2026-08-04 20:00:00,2026-08-05 04:00:00,9,0.143,0.190,861.621,861.478
LOP,ELEV,HOURLY,LOP.Elev-Forebay.Inst.1Hour.0.CBT-REV,14149000,2026-08-05 21:00:00,2026-08-06 05:00:00,9,0.142,0.172,860.888,860.746
LOP,ELEV,HOURLY,LOP.Elev-Forebay.Inst.1Hour.0.CBT-REV,14149000,2026-08-06 20:00:00,2026-08-07 04:00:00,9,0.146,0.192,860.319,860.173
LOP,ELEV,HOURLY,LOP.Elev-Forebay.Inst.1Hour.0.CBT-REV,14149000,2026-08-07 20:00:00,2026-08-08 05:00:00,10,0.158,0.210,859.565,859.407
LOP,ELEV,HOURLY,LOP.Elev-Forebay.Inst.1Hour.0.CBT-REV,14149000,2026-08-08 20:00:00,2026-08-09 05:00:00,10,0.163,0.192,858.878,858.715
LOP,ELEV,HOURLY,LOP.Elev-Forebay.Inst.1Hour.0.CBT-REV,14149000,2026-08-09 09:00:00,2026-08-09 09:00:00,1,0.105,0.105,858.360,858.255
LOP,ELEV,HOURLY,LOP.Elev-Forebay.Inst.1Hour.0.CBT-REV,14149000,2026-08-09 13:00:00,2026-08-09 13:00:00,1,0.102,0.102,858.450,858.348
LOP,ELEV,HOURLY,LOP.Elev-Forebay.Inst.1Hour.0.CBT-REV,14149000,2026-08-09 15:00:00,2026-08-09 15:00:00,1,0.102,0.102,858.490,858.388
LOP,ELEV,HOURLY,LOP.Elev-Forebay.Inst.1Hour.0.CBT-REV,14149000,2026-08-09 17:00:00,2026-08-09 17:00:00,1,0.102,0.102,858.530,858.428
LOP,ELEV,HOURLY,LOP.Elev-Forebay.Inst.1Hour.0.CBT-REV,14149000,2026-08-09 19:00:00,2026-08-10 06:00:00,12,0.153,0.212,858.168,858.016
LOP,ELEV,HOURLY,LOP.Elev-Forebay.Inst.1Hour.0.CBT-REV,14149000,2026-08-10 08:00:00,2026-08-10 15:00:00,8,0.107,0.112,857.721,857.614
LOP,ELEV,HOURLY,LOP.Elev-Forebay.Inst.1Hour.0.CBT-REV,14149000,2026-08-10 17:00:00,2026-08-11 11:00:00,19,0.148,0.240,857.355,857.207
LOP,ELEV,HOURLY,LOP.Elev-Forebay.Inst.1Hour.0.CBT-REV,14149000,2026-08-11 14:00:00,2026-08-12 06:00:00,17,0.151,0.233,856.822,856.671
LOP,ELEV,HOURLY,LOP.Elev-Forebay.Inst.1Hour.0.CBT-REV,14149000,2026-08-12 08:00:00,2026-08-21 19:00:00,228,0.176,0.402,853.036,852.860
LOP,ELEV,HOURLY,LOP.Elev-Forebay.Inst.1Hour.0.CBT-REV,14149000,2026-08-21 21:00:00,2026-09-10 21:00:00,481,0.271,0.350,842.552,842.282
LOP,FLOW,DAILY,LOP.Flow-Out.Ave.1Hour.1Hour.CBT-REV,14150000,2025-10-02 00:00:00,2025-10-02 00:00:00,1,-190.243,190.243,2495.417,2685.660
LOP,FLOW,DAILY,LOP.Flow-Out.Ave.1Hour.1Hour.CBT-REV,14150000,2025-10-04 00:00:00,2025-10-05 00:00:00,2,-263.924,282.569,2419.792,2683.715
LOP,FLOW,DAILY,LOP.Flow-Out.Ave.1Hour.1Hour.CBT-REV,14150000,2025-10-07 00:00:00,2025-10-08 00:00:00,2,-249.410,263.889,2431.458,2680.868
LOP,FLOW,DAILY,LOP.Flow-Out.Ave.1Hour.1Hour.CBT-REV,14150000,2025-10-10 00:00:00,2025-11-12 00:00:00,34,-251.875,395.243,2480.723,2732.598
LOP,FLOW,DAILY,LOP.Flow-Out.Ave.1Hour.1Hour.CBT-REV,14150000,2025-11-15 00:00:00,2025-12-05 00:00:00,21,-135.162,273.403,1331.448,1466.610
LOP,FLOW,DAILY,LOP.Flow-Out.Ave.1Hour.1Hour.CBT-REV,14150000,2025-12-17 00:00:00,2025-12-30 00:00:00,14,-116.788,455.938,1315.089,1431.877
LOP,FLOW,DAILY,LOP.Flow-Out.Ave.1Hour.1Hour.CBT-REV,14150000,2026-01-08 00:00:00,2026-01-12 00:00:00,5,-243.118,362.049,3114.000,3357.118
LOP,FLOW,DAILY,LOP.Flow-Out.Ave.1Hour.1Hour.CBT-REV,14150000,2026-01-16 00:00:00,2026-01-16 00:00:00,1,-298.958,298.958,2810.417,3109.375
LOP,FLOW,DAILY,LOP.Flow-Out.Ave.1Hour.1Hour.CBT-REV,14150000,2026-01-19 00:00:00,2026-01-19 00:00:00,1,-414.062,414.062,2317.500,2731.562
LOP,FLOW,DAILY,LOP.Flow-Out.Ave.1Hour.1Hour.CBT-REV,14150000,2026-01-22 00:00:00,2026-01-27 00:00:00,6,-274.728,498.229,1450.694,1725.422
LOP,FLOW,DAILY,LOP.Flow-Out.Ave.1Hour.1Hour.CBT-REV,14150000,2026-01-29 00:00:00,2026-02-12 00:00:00,15,-130.153,155.729,1126.500,1256.653
LOP,FLOW,DAILY,LOP.Flow-Out.Ave.1Hour.1Hour.CBT-REV,14150000,2026-02-14 00:00:00,2026-03-07 00:00:00,22,-121.029,510.729,1153.452,1274.481
LOP,FLOW,DAILY,LOP.Flow-Out.Ave.1Hour.1Hour.CBT-REV,14150000,2026-03-10 00:00:00,2026-03-20 00:00:00,11,-235.966,779.306,1055.000,1290.966
LOP,FLOW,DAILY,LOP.Flow-Out.Ave.1Hour.1Hour.CBT-REV,14150000,2026-03-24 00:00:00,2026-03-28 00:00:00,5,-107.646,231.215,1192.250,1299.896
LOP,FLOW,DAILY,LOP.Flow-Out.Ave.1Hour.1Hour.CBT-REV,14150000,2026-03-30 00:00:00,2026-04-17 00:00:00,19,-101.348,442.847,1181.754,1283.102
LOP,FLOW,DAILY,LOP.Flow-Out.Ave.1Hour.1Hour.CBT-REV,14150000,2026-04-19 00:00:00,2026-04-19 00:00:00,1,70.199,70.199,1322.917,1252.718
LOP,FLOW,DAILY,LOP.Flow-Out.Ave.1Hour.1Hour.CBT-REV,14150000,2026-04-21 00:00:00,2026-04-26 00:00:00,6,-182.471,402.083,1066.528,1248.999
LOP,FLOW,DAILY,LOP.Flow-Out.Ave.1Hour.1Hour.CBT-REV,14150000,2026-04-28 00:00:00,2026-04-28 00:00:00,1,264.792,264.792,1510.000,1245.208
LOP,FLOW,DAILY,LOP.Flow-Out.Ave.1Hour.1Hour.CBT-REV,14150000,2026-05-05 00:00:00,2026-05-15 00:00:00,11,-293.946,597.743,1565.152,1859.097
LOP,FLOW,DAILY,LOP.Flow-Out.Ave.1Hour.1Hour.CBT-REV,14150000,2026-05-17 00:00:00,2026-05-22 00:00:00,6,-248.137,324.097,2362.153,2610.289
LOP,FLOW,DAILY,LOP.Flow-Out.Ave.1Hour.1Hour.CBT-REV,14150000,2026-05-24 00:00:00,2026-05-27 00:00:00,4,-198.464,255.417,2857.083,3055.547
LOP,FLOW,DAILY,LOP.Flow-Out.Ave.1Hour.1Hour.CBT-REV,14150000,2026-05-29 00:00:00,2026-05-31 00:00:00,3,-189.444,646.528,2436.806,2626.250
LOP,FLOW,DAILY,LOP.Flow-Out.Ave.1Hour.1Hour.CBT-REV,14150000,2026-06-02 00:00:00,2026-06-11 00:00:00,10,-215.473,391.389,1932.667,2148.140
LOP,FLOW,DAILY,LOP.Flow-Out.Ave.1Hour.1Hour.CBT-REV,14150000,2026-06-13 00:00:00,2026-06-13 00:00:00,1,-932.396,932.396,1568.750,2501.146
LOP,FLOW,DAILY,LOP.Flow-Out.Ave.1Hour.1Hour.CBT-REV,14150000,2026-06-16 00:00:00,2026-07-02 00:00:00,17,-175.458,752.937,1652.504,1827.962
LOP,FLOW,DAILY,LOP.Flow-Out.Ave.1Hour.1Hour.CBT-REV,14150000,2026-07-04 00:00:00,2026-07-15 00:00:00,12,-150.409,1053.715,1529.479,1679.888
LOP,FLOW,DAILY,LOP.Flow-Out.Ave.1Hour.1Hour.CBT-REV,14150000,2026-07-17 00:00:00,2026-07-17 00:00:00,1,-431.354,431.354,1283.750,1715.104
LOP,FLOW,DAILY,LOP.Flow-Out.Ave.1Hour.1Hour.CBT-REV,14150000,2026-07-24 00:00:00,2026-07-24 00:00:00,1,224.514,224.514,2053.333,1828.819
LOP,FLOW,DAILY,LOP.Flow-Out.Ave.1Hour.1Hour.CBT-REV,14150000,2026-07-28 00:00:00,2026-07-31 00:00:00,4,-133.351,147.188,1596.146,1729.497
LOP,FLOW,DAILY,LOP.Flow-Out.Ave.1Hour.1Hour.CBT-REV,14150000,2026-08-04 00:00:00,2026-08-05 00:00:00,2,-107.271,115.271,1792.500,1899.771
LOP,FLOW,DAILY,LOP.Flow-Out.Ave.1Hour.1Hour.CBT-REV,14150000,2026-08-07 00:00:00,2026-08-08 00:00:00,2,-105.799,106.111,1784.583,1890.382
LOP,FLOW,DAILY,LOP.Flow-Out.Ave.1Hour.1Hour.CBT-REV,14150000,2026-08-14 00:00:00,2026-08-15 00:00:00,2,124.080,432.951,2007.708,1883.628
LOP,FLOW,DAILY,LOP.Flow-Out.Ave.1Hour.1Hour.CBT-REV,14150000,2026-08-17 00:00:00,2026-08-17 00:00:00,1,-313.819,313.819,1605.833,1919.653
LOP,FLOW,DAILY,LOP.Flow-Out.Ave.1Hour.1Hour.CBT-REV,14150000,2026-08-23 00:00:00,2026-08-23 00:00:00,1,-171.076,171.076,1630.833,1801.910
LOP,FLOW,DAILY,LOP.Flow-Out.Ave.1Hour.1Hour.CBT-REV,14150000,2026-08-28 00:00:00,2026-08-31 00:00:00,4,-115.554,394.271,1586.250,1701.804
LOP,FLOW,DAILY,LOP.Flow-Out.Ave.1Hour.1Hour.CBT-REV,14150000,2026-09-02 00:00:00,2026-09-02 00:00:00,1,304.479,304.479,1929.167,1624.688
LOP,FLOW,DAILY,LOP.Flow-Out.Ave.1Hour.1Hour.CBT-REV,14150000,2026-09-05 00:00:00,2026-09-11 00:00:00,7,-135.016,186.602,1500.000,1635.016
LOP,FLOW,DAILY,LOP.Flow-Out.Ave.1Hour.1Hour.CBT-REV,14150000,2026-09-15 00:00:00,2026-09-15 00:00:00,1,-103.854,103.854,1900.000,2003.854
LOP,FLOW,DAILY,LOP.Flow-Out.Ave.1Hour.1Hour.CBT-REV,14150000,2026-09-18 00:00:00,2026-09-20 00:00:00,3,-88.368,89.167,1500.000,1588.368
LOP,FLOW,DAILY,LOP.Flow-Out.Ave.1Hour.1Hour.CBT-REV,14150000,2026-09-25 00:00:00,2026-09-25 00:00:00,1,-92.882,92.882,1483.333,1576.215
LOP,FLOW,DAILY,LOP.Flow-Out.Ave.1Hour.1Hour.CBT-REV,14150000,2026-09-30 00:00:00,2026-09-30 00:00:00,1,-165.802,165.802,1415.238,1581.040
